{
    "name": "002d256b",
    "x": -6.741662502288818,
    "y": 32.26689910888672,
    "loudness": 0.99068403244,
    "raspiness": 0.0599365234375,
    "color": 10.6135644913,
    "location": 966.037902832,
    "stability": 0.534047961235,
    "tonality": 0.466202318668
}