{
    "name": "0033e230",
    "x": -13.519835472106934,
    "y": -22.446044921875,
    "loudness": 0.00522925239056,
    "raspiness": 0.1327983886,
    "color": 28.917098999,
    "location": 46.47033401386308,
    "stability": 0.275351852179,
    "tonality": 0.343792945147
}