{
    "name": "003b91e8",
    "x": -48.82783508300781,
    "y": 11.001797676086426,
    "loudness": 0.935120582581,
    "raspiness": 0.0110949771479,
    "color": 11.5841207504,
    "location": 280.109222412,
    "stability": 0.604545652866,
    "tonality": 0.314328342676
}