{
    "name": "003b91e8",
    "x": -40.804012298583984,
    "y": 16.231590270996094,
    "loudness": 0.935120582581,
    "raspiness": 0.0110949771479,
    "color": 11.5841207504,
    "location": 16.736463856263068,
    "stability": 0.604545652866,
    "tonality": 0.314328342676
}