{
    "name": "003da8e5",
    "x": 18.50331687927246,
    "y": 13.719907760620117,
    "loudness": 0.99068403244,
    "raspiness": 0.170043945312,
    "color": 2.97749352455,
    "location": 42.892544640531646,
    "stability": 0.502472162247,
    "tonality": 0.471293836832
}