{
    "name": "003da8e5",
    "x": 17.689510345458984,
    "y": 18.906200408935547,
    "loudness": 0.99068403244,
    "raspiness": 0.170043945312,
    "color": 2.97749352455,
    "location": 1839.77038574,
    "stability": 0.502472162247,
    "tonality": 0.471293836832
}