{
    "name": "0048fd00",
    "x": 1.7985968589782715,
    "y": 9.907642364501953,
    "loudness": 0.99068403244,
    "raspiness": 0.0436480976641,
    "color": 6.66801929474,
    "location": 901.855407715,
    "stability": 0.57328826189,
    "tonality": 0.457253843546
}