{
    "name": "004ad66f",
    "x": -21.750057220458984,
    "y": 5.875856876373291,
    "loudness": 0.921276807785,
    "raspiness": 0.0373317599297,
    "color": 14.5617809296,
    "location": 1266.21704102,
    "stability": 0.360763609409,
    "tonality": 0.400596022606
}