{
    "name": "004ad66f",
    "x": -1.6332844495773315,
    "y": 7.1297173500061035,
    "loudness": 0.921276807785,
    "raspiness": 0.0373317599297,
    "color": 14.5617809296,
    "location": 1266.21704102,
    "stability": 0.360763609409,
    "tonality": 0.400596022606
}