{
    "name": "0063ab88",
    "x": 45.12138366699219,
    "y": 14.270161628723145,
    "loudness": 0.85897320509,
    "raspiness": 0.18866224587,
    "color": 70.1802597046,
    "location": 3315.62133789,
    "stability": 0.714292943478,
    "tonality": 0.4898429811
}