{
    "name": "0063ab88",
    "x": 41.55974197387695,
    "y": 11.160133361816406,
    "loudness": 0.85897320509,
    "raspiness": 0.18866224587,
    "color": 70.1802597046,
    "location": 57.581432232013825,
    "stability": 0.714292943478,
    "tonality": 0.4898429811
}