{
    "name": "006f2f32",
    "x": 10.226572036743164,
    "y": 7.398059368133545,
    "loudness": 0.99068403244,
    "raspiness": 0.336603939533,
    "color": 58.6123428345,
    "location": 3847.13842773,
    "stability": 0.721192717552,
    "tonality": 0.495657801628
}