{
    "name": "006f2f32",
    "x": 51.13896942138672,
    "y": -7.8414483070373535,
    "loudness": 0.99068403244,
    "raspiness": 0.336603939533,
    "color": 58.6123428345,
    "location": 3847.13842773,
    "stability": 0.721192717552,
    "tonality": 0.495657801628
}