{
    "name": "0075d39c",
    "x": 25.33380699157715,
    "y": -9.842864036560059,
    "loudness": 0.339229106903,
    "raspiness": 0.184071600437,
    "color": 18.6183929443,
    "location": 58.840968053559415,
    "stability": 0.664541184902,
    "tonality": 0.495642155409
}