{
    "name": "0079d310",
    "x": 27.079011917114258,
    "y": 36.883113861083984,
    "loudness": 0.923827588558,
    "raspiness": 0.096790663898,
    "color": 14.6252355576,
    "location": 2067.65917969,
    "stability": 0.69682097435,
    "tonality": 0.480683833361
}