{
    "name": "0079d310",
    "x": 6.197032451629639,
    "y": 10.826699256896973,
    "loudness": 0.923827588558,
    "raspiness": 0.096790663898,
    "color": 14.6252355576,
    "location": 2067.65917969,
    "stability": 0.69682097435,
    "tonality": 0.480683833361
}