{
    "name": "010aa387",
    "x": 5.504017353057861,
    "y": 54.4918212890625,
    "loudness": 0.99068403244,
    "raspiness": 0.0269990805537,
    "color": 20.5702495575,
    "location": 1242.15698242,
    "stability": 0.74699229002,
    "tonality": 0.456965595484
}