{
    "name": "011a2185",
    "x": -20.79157829284668,
    "y": -0.5770792961120605,
    "loudness": 0.542709290981,
    "raspiness": 0.013427734375,
    "color": 6.5044426918,
    "location": 18.251125353248767,
    "stability": 0.54220277071,
    "tonality": 0.357440590858
}