{
    "name": "0120d246",
    "x": 1.4801996946334839,
    "y": -15.832809448242188,
    "loudness": 0.220554634929,
    "raspiness": 0.0309677831829,
    "color": 7.86729240417,
    "location": 33.75917482359425,
    "stability": 0.452216237783,
    "tonality": 0.480464309454
}