{
    "name": "01257aad",
    "x": 39.03657531738281,
    "y": 11.195357322692871,
    "loudness": 0.761778831482,
    "raspiness": 0.219521835446,
    "color": 57.0551605225,
    "location": 51.03910734446676,
    "stability": 0.765445768833,
    "tonality": 0.48668000102
}