{
    "name": "01257aad",
    "x": 40.3504638671875,
    "y": 8.966787338256836,
    "loudness": 0.761778831482,
    "raspiness": 0.219521835446,
    "color": 57.0551605225,
    "location": 2604.99047852,
    "stability": 0.765445768833,
    "tonality": 0.48668000102
}