{
    "name": "013c3135",
    "x": -41.11031723022461,
    "y": -3.721385955810547,
    "loudness": 0.969083964825,
    "raspiness": 0.021363331005,
    "color": 22.4219493866,
    "location": 890.222961426,
    "stability": 0.396782785654,
    "tonality": 0.32990321517
}