{
    "name": "013c3135",
    "x": -35.15776062011719,
    "y": 3.192666530609131,
    "loudness": 0.969083964825,
    "raspiness": 0.021363331005,
    "color": 22.4219493866,
    "location": 29.83660438833481,
    "stability": 0.396782785654,
    "tonality": 0.32990321517
}