{
    "name": "01506d76",
    "x": 34.48119354248047,
    "y": 15.844908714294434,
    "loudness": 0.941458523273,
    "raspiness": 0.200649872422,
    "color": 71.6529464722,
    "location": 45.64449765327689,
    "stability": 0.68224966526,
    "tonality": 0.478347569704
}