{
    "name": "01506d76",
    "x": 7.6391921043396,
    "y": 9.789855003356934,
    "loudness": 0.941458523273,
    "raspiness": 0.200649872422,
    "color": 71.6529464722,
    "location": 2083.42016602,
    "stability": 0.68224966526,
    "tonality": 0.478347569704
}