{
    "name": "015cf474",
    "x": 6.815049648284912,
    "y": 3.5280067920684814,
    "loudness": 0.941409111023,
    "raspiness": 0.0776564255357,
    "color": 40.2296676636,
    "location": 2397.01733398,
    "stability": 0.329149901867,
    "tonality": 0.487825334072
}