{
    "name": "015cf474",
    "x": 5.870067119598389,
    "y": 1.6849395036697388,
    "loudness": 0.941409111023,
    "raspiness": 0.0776564255357,
    "color": 40.2296676636,
    "location": 48.95934368412224,
    "stability": 0.329149901867,
    "tonality": 0.487825334072
}