{
    "name": "015cf474",
    "x": 3.303239583969116,
    "y": 6.512526988983154,
    "loudness": 0.941409111023,
    "raspiness": 0.0776564255357,
    "color": 40.2296676636,
    "location": 2397.01733398,
    "stability": 0.329149901867,
    "tonality": 0.487825334072
}