{
    "name": "0160d55e",
    "x": -5.984718322753906,
    "y": -22.90998649597168,
    "loudness": 0.39136043191,
    "raspiness": 0.0274993553758,
    "color": 8.22646903992,
    "location": 582.650695801,
    "stability": 0.265913099051,
    "tonality": 0.44594219327
}