{
    "name": "0160d55e",
    "x": -7.660964012145996,
    "y": -13.136946678161621,
    "loudness": 0.39136043191,
    "raspiness": 0.0274993553758,
    "color": 8.22646903992,
    "location": 24.13815850061889,
    "stability": 0.265913099051,
    "tonality": 0.44594219327
}