{
    "name": "01638f61",
    "x": 8.009940147399902,
    "y": 9.893041610717773,
    "loudness": 0.99068403244,
    "raspiness": 0.21571329236,
    "color": 17.7299919128,
    "location": 2001.76794434,
    "stability": 0.780563771725,
    "tonality": 0.480344057083
}