{
    "name": "01638f61",
    "x": 37.9443244934082,
    "y": 18.06557273864746,
    "loudness": 0.99068403244,
    "raspiness": 0.21571329236,
    "color": 17.7299919128,
    "location": 44.741121402352,
    "stability": 0.780563771725,
    "tonality": 0.480344057083
}