{
    "name": "0172a2a5",
    "x": 26.015872955322266,
    "y": -0.7958735823631287,
    "loudness": 0.99068403244,
    "raspiness": 0.205341801047,
    "color": 134.334625244,
    "location": 3147.49438477,
    "stability": 0.349710285664,
    "tonality": 0.489285439253
}