{
    "name": "0172a2a5",
    "x": 25.186534881591797,
    "y": 0.5088244080543518,
    "loudness": 0.99068403244,
    "raspiness": 0.205341801047,
    "color": 134.334625244,
    "location": 56.1025345663634,
    "stability": 0.349710285664,
    "tonality": 0.489285439253
}