{
    "name": "017ea24e",
    "x": 9.927273750305176,
    "y": 27.768619537353516,
    "loudness": 0.99068403244,
    "raspiness": 0.0696451812983,
    "color": 14.472653389,
    "location": 1927.74682617,
    "stability": 0.538524508476,
    "tonality": 0.480515092611
}