{
    "name": "01811e48",
    "x": 1.993850588798523,
    "y": 9.945423126220703,
    "loudness": 0.99068403244,
    "raspiness": 0.0343644432724,
    "color": 27.6271629333,
    "location": 888.827392578,
    "stability": 0.5811393857,
    "tonality": 0.477918982506
}