{
    "name": "01811e48",
    "x": -3.4450137615203857,
    "y": 30.082029342651367,
    "loudness": 0.99068403244,
    "raspiness": 0.0343644432724,
    "color": 27.6271629333,
    "location": 29.81320835767261,
    "stability": 0.5811393857,
    "tonality": 0.477918982506
}