{
    "name": "01811e48",
    "x": -7.030669212341309,
    "y": 39.96418380737305,
    "loudness": 0.99068403244,
    "raspiness": 0.0343644432724,
    "color": 27.6271629333,
    "location": 888.827392578,
    "stability": 0.5811393857,
    "tonality": 0.477918982506
}