{
    "name": "0184c390",
    "x": -25.66196632385254,
    "y": 5.719381809234619,
    "loudness": 0.631343066692,
    "raspiness": 0.0344658717513,
    "color": 11.2701253891,
    "location": 648.323791504,
    "stability": 0.551104724407,
    "tonality": 0.372249156237
}