{
    "name": "0184c390",
    "x": -23.07836151123047,
    "y": 11.038820266723633,
    "loudness": 0.631343066692,
    "raspiness": 0.0344658717513,
    "color": 11.2701253891,
    "location": 25.462203194224966,
    "stability": 0.551104724407,
    "tonality": 0.372249156237
}