{
    "name": "018a10bb",
    "x": 3.8851053714752197,
    "y": 1.5646953582763672,
    "loudness": 0.0569900237024,
    "raspiness": 0.0333844870329,
    "color": 29.5211715698,
    "location": 561.765014648,
    "stability": 0.459901720285,
    "tonality": 0.450778931379
}