{
    "name": "018a10bb",
    "x": -1.8335760831832886,
    "y": -22.30986785888672,
    "loudness": 0.0569900237024,
    "raspiness": 0.0333844870329,
    "color": 29.5211715698,
    "location": 23.70158253467477,
    "stability": 0.459901720285,
    "tonality": 0.450778931379
}