{
    "name": "018b1df6",
    "x": 7.445122241973877,
    "y": 9.510784149169922,
    "loudness": 0.677465796471,
    "raspiness": 0.149386629462,
    "color": 28.0993213654,
    "location": 3068.52270508,
    "stability": 0.650514900684,
    "tonality": 0.493112117052
}