{
    "name": "018b1df6",
    "x": 29.05076789855957,
    "y": 9.32577133178711,
    "loudness": 0.677465796471,
    "raspiness": 0.149386629462,
    "color": 28.0993213654,
    "location": 55.39424794218259,
    "stability": 0.650514900684,
    "tonality": 0.493112117052
}