{
    "name": "018d1dc4",
    "x": 10.952387809753418,
    "y": 6.828316688537598,
    "loudness": 0.99068403244,
    "raspiness": 0.36368021369,
    "color": 160.042800903,
    "location": 4970.97119141,
    "stability": 0.727708518505,
    "tonality": 0.493143349886
}