{
    "name": "018d1dc4",
    "x": 49.16189956665039,
    "y": -12.536370277404785,
    "loudness": 0.99068403244,
    "raspiness": 0.36368021369,
    "color": 160.042800903,
    "location": 70.50511464716584,
    "stability": 0.727708518505,
    "tonality": 0.493143349886
}