{
    "name": "018d1dc4",
    "x": 50.379310607910156,
    "y": -19.388669967651367,
    "loudness": 0.99068403244,
    "raspiness": 0.36368021369,
    "color": 160.042800903,
    "location": 4970.97119141,
    "stability": 0.727708518505,
    "tonality": 0.493143349886
}