{
    "name": "01974c7c",
    "x": 39.26350784301758,
    "y": -8.054411888122559,
    "loudness": 0.99068403244,
    "raspiness": 0.289247244596,
    "color": 179.8644104,
    "location": 64.6625971086841,
    "stability": 0.501219153404,
    "tonality": 0.493253916502
}