{
    "name": "01974c7c",
    "x": 10.273360252380371,
    "y": 6.635336875915527,
    "loudness": 0.99068403244,
    "raspiness": 0.289247244596,
    "color": 179.8644104,
    "location": 4181.25146484,
    "stability": 0.501219153404,
    "tonality": 0.493253916502
}