{
    "name": "019aae9d",
    "x": 4.63737678527832,
    "y": 36.365928649902344,
    "loudness": 0.81272649765,
    "raspiness": 0.0455691032112,
    "color": 6.44282436371,
    "location": 29.62874119310505,
    "stability": 0.727074384689,
    "tonality": 0.466935276985
}