{
    "name": "019d2a2c",
    "x": 1.6632755994796753,
    "y": 7.641242980957031,
    "loudness": 0.933786094189,
    "raspiness": 0.0403931997716,
    "color": 9.16465091705,
    "location": 1173.84875488,
    "stability": 0.463081330061,
    "tonality": 0.470665514469
}