{
    "name": "019d2a2c",
    "x": -3.827723503112793,
    "y": 14.784460067749023,
    "loudness": 0.933786094189,
    "raspiness": 0.0403931997716,
    "color": 9.16465091705,
    "location": 34.26147625073969,
    "stability": 0.463081330061,
    "tonality": 0.470665514469
}