{
    "name": "020eb9f6",
    "x": -9.891886711120605,
    "y": 38.644287109375,
    "loudness": 0.99068403244,
    "raspiness": 0.0682491213083,
    "color": 7.9959654808,
    "location": 736.886657715,
    "stability": 0.572100698948,
    "tonality": 0.453307896852
}