{
    "name": "021f8009",
    "x": 8.377720832824707,
    "y": 51.543174743652344,
    "loudness": 0.891848683357,
    "raspiness": 0.044907797128,
    "color": 12.3424053192,
    "location": 1141.67443848,
    "stability": 0.775933623314,
    "tonality": 0.461502224207
}