{
    "name": "02267a1a",
    "x": 3.48861026763916,
    "y": 10.922262191772461,
    "loudness": 0.623313009739,
    "raspiness": 0.0705659911036,
    "color": 4.63782978058,
    "location": 1396.73046875,
    "stability": 0.649664819241,
    "tonality": 0.47890484333
}