{
    "name": "02267a1a",
    "x": 9.430127143859863,
    "y": 18.306793212890625,
    "loudness": 0.623313009739,
    "raspiness": 0.0705659911036,
    "color": 4.63782978058,
    "location": 1396.73046875,
    "stability": 0.649664819241,
    "tonality": 0.47890484333
}