{
    "name": "02274ee8",
    "x": -16.127605438232422,
    "y": 7.240506649017334,
    "loudness": 0.99068403244,
    "raspiness": 0.0235640909523,
    "color": 10.6760864258,
    "location": 680.636169434,
    "stability": 0.367710739374,
    "tonality": 0.455216348171
}