{
    "name": "02274ee8",
    "x": -11.511348724365234,
    "y": 6.793330669403076,
    "loudness": 0.99068403244,
    "raspiness": 0.0235640909523,
    "color": 10.6760864258,
    "location": 26.089004761278265,
    "stability": 0.367710739374,
    "tonality": 0.455216348171
}