{
    "name": "02274ee8",
    "x": 0.2333022654056549,
    "y": 6.656848907470703,
    "loudness": 0.99068403244,
    "raspiness": 0.0235640909523,
    "color": 10.6760864258,
    "location": 680.636169434,
    "stability": 0.367710739374,
    "tonality": 0.455216348171
}