{
    "name": "022a3507",
    "x": 3.7814364433288574,
    "y": 9.412331581115723,
    "loudness": 0.970822155476,
    "raspiness": 0.0779845789075,
    "color": 20.699804306,
    "location": 1989.05029297,
    "stability": 0.57808637619,
    "tonality": 0.48270046711
}