{
    "name": "022cc908",
    "x": 20.484621047973633,
    "y": 11.267854690551758,
    "loudness": 0.99068403244,
    "raspiness": 0.186884894967,
    "color": 2.66412758827,
    "location": 43.76910018334853,
    "stability": 0.490462720394,
    "tonality": 0.469525188208
}