{
    "name": "0231b9f3",
    "x": -10.909500122070312,
    "y": -25.266441345214844,
    "loudness": 0.00145939807408,
    "raspiness": 0.0197480544448,
    "color": 5.87250804901,
    "location": 18.255550846769868,
    "stability": 0.269734084606,
    "tonality": 0.400335997343
}