{
    "name": "02328c03",
    "x": 10.641599655151367,
    "y": -12.76012134552002,
    "loudness": 0.318241208792,
    "raspiness": 0.110065363348,
    "color": 60.1126594543,
    "location": 1395.51818848,
    "stability": 0.53308314085,
    "tonality": 0.480387449265
}