{
    "name": "02328c03",
    "x": 4.97027063369751,
    "y": 3.362398147583008,
    "loudness": 0.318241208792,
    "raspiness": 0.110065363348,
    "color": 60.1126594543,
    "location": 1395.51818848,
    "stability": 0.53308314085,
    "tonality": 0.480387449265
}