{
    "name": "0236dccb",
    "x": -7.865694522857666,
    "y": 4.683258056640625,
    "loudness": 0.658240437508,
    "raspiness": 0.104209750891,
    "color": 21.1739063263,
    "location": 31.605911706277357,
    "stability": 0.357635200024,
    "tonality": 0.424992471933
}