{
    "name": "023d3434",
    "x": -20.328641891479492,
    "y": 39.170310974121094,
    "loudness": 0.930374026299,
    "raspiness": 0.0300671812147,
    "color": 15.8529253006,
    "location": 637.570251465,
    "stability": 0.600251019001,
    "tonality": 0.427724570036
}