{
    "name": "0244bb9e",
    "x": 7.866138935089111,
    "y": 40.25283432006836,
    "loudness": 0.99068403244,
    "raspiness": 0.0535777695477,
    "color": 15.2162456512,
    "location": 34.90631119897948,
    "stability": 0.685074329376,
    "tonality": 0.478976219893
}