{
    "name": "0244bb9e",
    "x": 7.755941867828369,
    "y": 52.78083038330078,
    "loudness": 0.99068403244,
    "raspiness": 0.0535777695477,
    "color": 15.2162456512,
    "location": 1218.45056152,
    "stability": 0.685074329376,
    "tonality": 0.478976219893
}