{
    "name": "024a193f",
    "x": -10.025765419006348,
    "y": 27.71088409423828,
    "loudness": 0.99068403244,
    "raspiness": 0.0627369582653,
    "color": 6.04246520996,
    "location": 1090.67016602,
    "stability": 0.514219641685,
    "tonality": 0.447520464659
}