{
    "name": "024a193f",
    "x": -6.006260871887207,
    "y": 21.79695701599121,
    "loudness": 0.99068403244,
    "raspiness": 0.0627369582653,
    "color": 6.04246520996,
    "location": 33.02529585060518,
    "stability": 0.514219641685,
    "tonality": 0.447520464659
}