{
    "name": "024c4c6d",
    "x": 0.2243235856294632,
    "y": -2.138335943222046,
    "loudness": 0.99068403244,
    "raspiness": 0.019333107397,
    "color": 8.45217514038,
    "location": 52.67190512825599,
    "stability": 0.193243995309,
    "tonality": 0.490085333586
}