{
    "name": "0256c2f2",
    "x": 34.60352325439453,
    "y": -10.915465354919434,
    "loudness": 0.99068403244,
    "raspiness": 0.147732198238,
    "color": 544.534973145,
    "location": 65.27526974161042,
    "stability": 0.394428789616,
    "tonality": 0.488299995661
}