{
    "name": "0256c2f2",
    "x": 30.95051383972168,
    "y": -14.74480152130127,
    "loudness": 0.99068403244,
    "raspiness": 0.147732198238,
    "color": 544.534973145,
    "location": 4260.86083984,
    "stability": 0.394428789616,
    "tonality": 0.488299995661
}