{
    "name": "0259e5d2",
    "x": 10.771383285522461,
    "y": 6.878547191619873,
    "loudness": 0.99068403244,
    "raspiness": 0.393179088831,
    "color": 172.663604736,
    "location": 4483.74755859,
    "stability": 0.684124469757,
    "tonality": 0.493999868631
}