{
    "name": "025f7eac",
    "x": -24.9102840423584,
    "y": 6.299551010131836,
    "loudness": 0.99068403244,
    "raspiness": 0.0222925655544,
    "color": 6.54140806198,
    "location": 631.292053223,
    "stability": 0.365760803223,
    "tonality": 0.404724299908
}