{
    "name": "027aee2a",
    "x": 4.455524921417236,
    "y": 11.16248893737793,
    "loudness": 0.99068403244,
    "raspiness": 0.113203570247,
    "color": 2.77796626091,
    "location": 1219.87902832,
    "stability": 0.688609004021,
    "tonality": 0.475017428398
}