{
    "name": "027aa77c",
    "x": -38.12320327758789,
    "y": -11.570486068725586,
    "loudness": 0.846915006638,
    "raspiness": 0.0329298898578,
    "color": 10.4623823166,
    "location": 680.518920898,
    "stability": 0.356303244829,
    "tonality": 0.308289259672
}