{
    "name": "027aa77c",
    "x": -36.19261932373047,
    "y": -1.741308331489563,
    "loudness": 0.846915006638,
    "raspiness": 0.0329298898578,
    "color": 10.4623823166,
    "location": 26.086757577322636,
    "stability": 0.356303244829,
    "tonality": 0.308289259672
}