{
    "name": "027cd3fd",
    "x": 16.485631942749023,
    "y": 20.287485122680664,
    "loudness": 0.73120200634,
    "raspiness": 0.120572179556,
    "color": 14.1659669876,
    "location": 1524.42504883,
    "stability": 0.62608397007,
    "tonality": 0.471671670675
}