{
    "name": "029b22f3",
    "x": 4.899143218994141,
    "y": 41.17271041870117,
    "loudness": 0.937704086304,
    "raspiness": 0.071037247777,
    "color": 14.9319515228,
    "location": 29.636711284520082,
    "stability": 0.704577744007,
    "tonality": 0.457858145237
}