{
    "name": "029b22f3",
    "x": 3.050063133239746,
    "y": 11.615463256835938,
    "loudness": 0.937704086304,
    "raspiness": 0.071037247777,
    "color": 14.9319515228,
    "location": 878.334655762,
    "stability": 0.704577744007,
    "tonality": 0.457858145237
}