{
    "name": "029ee867",
    "x": 0.5247173309326172,
    "y": 43.64719009399414,
    "loudness": 0.99068403244,
    "raspiness": 0.0487695299089,
    "color": 9.89562225342,
    "location": 26.957127193805352,
    "stability": 0.710559368134,
    "tonality": 0.453023612499
}