{
    "name": "029ee867",
    "x": 2.6319923400878906,
    "y": 11.805610656738281,
    "loudness": 0.99068403244,
    "raspiness": 0.0487695299089,
    "color": 9.89562225342,
    "location": 726.686706543,
    "stability": 0.710559368134,
    "tonality": 0.453023612499
}