{
    "name": "02c095b4",
    "x": 4.262214660644531,
    "y": 4.682895183563232,
    "loudness": 0.345360934734,
    "raspiness": 0.139785990119,
    "color": 85.4814300537,
    "location": 3793.71533203,
    "stability": 0.319671392441,
    "tonality": 0.495678216219
}