{
    "name": "02c9a1f1",
    "x": 20.542110443115234,
    "y": 21.032245635986328,
    "loudness": 0.948375582695,
    "raspiness": 0.135052844882,
    "color": 11.2387599945,
    "location": 2216.24145508,
    "stability": 0.556228041649,
    "tonality": 0.466207325459
}