{
    "name": "02d367e4",
    "x": -3.4065675735473633,
    "y": 8.570591926574707,
    "loudness": 0.927503526211,
    "raspiness": 0.032222930342,
    "color": 13.0554504395,
    "location": 563.555847168,
    "stability": 0.437400013208,
    "tonality": 0.34467124939
}