{
    "name": "02d367e4",
    "x": -34.40129470825195,
    "y": 7.651049613952637,
    "loudness": 0.927503526211,
    "raspiness": 0.032222930342,
    "color": 13.0554504395,
    "location": 23.739331228322335,
    "stability": 0.437400013208,
    "tonality": 0.34467124939
}