{
    "name": "02d6b747",
    "x": -10.313925743103027,
    "y": 12.84627628326416,
    "loudness": 0.961309075356,
    "raspiness": 0.0452611036599,
    "color": 10.666852951,
    "location": 908.429992676,
    "stability": 0.398949921131,
    "tonality": 0.463716447353
}