{
    "name": "02d6b747",
    "x": -8.15066909790039,
    "y": 9.85088062286377,
    "loudness": 0.961309075356,
    "raspiness": 0.0452611036599,
    "color": 10.666852951,
    "location": 30.14017240620896,
    "stability": 0.398949921131,
    "tonality": 0.463716447353
}