{
    "name": "02d7fba3",
    "x": -33.614112854003906,
    "y": 18.751237869262695,
    "loudness": 0.981282651424,
    "raspiness": 0.0201585553586,
    "color": 14.8990106583,
    "location": 20.954928759291928,
    "stability": 0.534744858742,
    "tonality": 0.354587733746
}