{
    "name": "02d7fba3",
    "x": -41.109825134277344,
    "y": 16.19232749938965,
    "loudness": 0.981282651424,
    "raspiness": 0.0201585553586,
    "color": 14.8990106583,
    "location": 439.109039307,
    "stability": 0.534744858742,
    "tonality": 0.354587733746
}