{
    "name": "02e9392e",
    "x": 47.31784439086914,
    "y": -10.718111991882324,
    "loudness": 0.99068403244,
    "raspiness": 0.282423436642,
    "color": 134.189804077,
    "location": 4314.64697266,
    "stability": 0.637933731079,
    "tonality": 0.49439150095
}