{
    "name": "02eed858",
    "x": 3.820895195007324,
    "y": 7.7571282386779785,
    "loudness": 0.958199799061,
    "raspiness": 0.119767919183,
    "color": 46.0275001526,
    "location": 1984.32067871,
    "stability": 0.445422023535,
    "tonality": 0.441159546375
}