{
    "name": "02f8e94d",
    "x": -41.70096206665039,
    "y": 15.741737365722656,
    "loudness": 0.950008273125,
    "raspiness": 0.0416092202067,
    "color": 20.4580535889,
    "location": 841.890136719,
    "stability": 0.534208238125,
    "tonality": 0.34493380785
}