{
    "name": "0313ea1a",
    "x": -32.79216384887695,
    "y": -23.849687576293945,
    "loudness": 0.830013930798,
    "raspiness": 0.0154253989458,
    "color": 5.56018543243,
    "location": 401.566711426,
    "stability": 0.134156748652,
    "tonality": 0.269552320242
}