{
    "name": "032f7280",
    "x": 2.0731704235076904,
    "y": 11.090827941894531,
    "loudness": 0.99068403244,
    "raspiness": 0.0497170463204,
    "color": 11.4691419601,
    "location": 708.218139648,
    "stability": 0.64765381813,
    "tonality": 0.46106377244
}