{
    "name": "03320f05",
    "x": 9.22091293334961,
    "y": 27.5606689453125,
    "loudness": 0.798165142536,
    "raspiness": 0.0726327896118,
    "color": 21.5365104675,
    "location": 37.537796707318876,
    "stability": 0.651816368103,
    "tonality": 0.470654964447
}