{
    "name": "0338f669",
    "x": -12.515205383300781,
    "y": -16.18170738220215,
    "loudness": 0.183513581753,
    "raspiness": 0.0570669323206,
    "color": 12.1684083939,
    "location": 30.79989719125699,
    "stability": 0.54920810461,
    "tonality": 0.346426457167
}