{
    "name": "034beca1",
    "x": 3.842848062515259,
    "y": 2.131627321243286,
    "loudness": 0.0713451430202,
    "raspiness": 0.0129215186462,
    "color": 3.69260501862,
    "location": 326.868743896,
    "stability": 0.563762307167,
    "tonality": 0.443420410156
}