{
    "name": "034e4ffa",
    "x": 7.955111980438232,
    "y": 31.544828414916992,
    "loudness": 0.676577925682,
    "raspiness": 0.0632642656565,
    "color": 10.0104188919,
    "location": 41.52596784976841,
    "stability": 0.735832810402,
    "tonality": 0.441173762083
}