{
    "name": "034e4ffa",
    "x": 0.33780282735824585,
    "y": 11.413355827331543,
    "loudness": 0.676577925682,
    "raspiness": 0.0632642656565,
    "color": 10.0104188919,
    "location": 1724.40600586,
    "stability": 0.735832810402,
    "tonality": 0.441173762083
}