{
    "name": "034e4ffa",
    "x": -4.619146823883057,
    "y": 38.509944915771484,
    "loudness": 0.676577925682,
    "raspiness": 0.0632642656565,
    "color": 10.0104188919,
    "location": 1724.40600586,
    "stability": 0.735832810402,
    "tonality": 0.441173762083
}