{
    "name": "0356dec7",
    "x": -14.291248321533203,
    "y": -17.94581413269043,
    "loudness": 0.00466187857091,
    "raspiness": 0.0241572391242,
    "color": 6.71581411362,
    "location": 22.851860307883033,
    "stability": 0.491798698902,
    "tonality": 0.350848585367
}