{
    "name": "0356f2ab",
    "x": -41.26420211791992,
    "y": 2.6245954036712646,
    "loudness": 0.99068403244,
    "raspiness": 0.0446346513927,
    "color": 30.9085521698,
    "location": 27.890562631237827,
    "stability": 0.429690748453,
    "tonality": 0.299572169781
}