{
    "name": "0356f2ab",
    "x": -46.99900817871094,
    "y": -6.840304374694824,
    "loudness": 0.99068403244,
    "raspiness": 0.0446346513927,
    "color": 30.9085521698,
    "location": 777.883483887,
    "stability": 0.429690748453,
    "tonality": 0.299572169781
}