{
    "name": "0356dec7",
    "x": 2.578747510910034,
    "y": 1.193987250328064,
    "loudness": 0.00466187857091,
    "raspiness": 0.0241572391242,
    "color": 6.71581411362,
    "location": 522.207519531,
    "stability": 0.491798698902,
    "tonality": 0.350848585367
}