{
    "name": "03586ad9",
    "x": 5.678559303283691,
    "y": 8.293862342834473,
    "loudness": 0.99068403244,
    "raspiness": 0.171852469444,
    "color": 7.50973892212,
    "location": 1870.88061523,
    "stability": 0.467292964458,
    "tonality": 0.455134421587
}