{
    "name": "0383c69d",
    "x": 2.953620433807373,
    "y": 6.845046043395996,
    "loudness": 0.863412737846,
    "raspiness": 0.0678112730384,
    "color": 48.3568649292,
    "location": 1683.87011719,
    "stability": 0.418632417917,
    "tonality": 0.477054923773
}