{
    "name": "0383c69d",
    "x": 2.996551275253296,
    "y": 8.493724822998047,
    "loudness": 0.863412737846,
    "raspiness": 0.0678112730384,
    "color": 48.3568649292,
    "location": 41.03498650164272,
    "stability": 0.418632417917,
    "tonality": 0.477054923773
}