{
    "name": "0383c69d",
    "x": 3.0052504539489746,
    "y": 9.447033882141113,
    "loudness": 0.863412737846,
    "raspiness": 0.0678112730384,
    "color": 48.3568649292,
    "location": 1683.87011719,
    "stability": 0.418632417917,
    "tonality": 0.477054923773
}