{
    "name": "0395ba61",
    "x": -22.79119873046875,
    "y": 0.7236008048057556,
    "loudness": 0.984180033207,
    "raspiness": 0.050855986774,
    "color": 40.505531311,
    "location": 39.24244957479082,
    "stability": 0.29535317421,
    "tonality": 0.370105475187
}