{
    "name": "0395ba61",
    "x": -22.791690826416016,
    "y": 0.4685564637184143,
    "loudness": 0.984180033207,
    "raspiness": 0.050855986774,
    "color": 40.505531311,
    "location": 1539.96984863,
    "stability": 0.29535317421,
    "tonality": 0.370105475187
}