{
    "name": "03a01285",
    "x": -9.464629173278809,
    "y": 0.3040984272956848,
    "loudness": 0.707497060299,
    "raspiness": 0.0344773083925,
    "color": 2.59116220474,
    "location": 25.396313064793482,
    "stability": 0.337400913239,
    "tonality": 0.44717168808
}