{
    "name": "03b4aca1",
    "x": 4.7769317626953125,
    "y": 3.790179967880249,
    "loudness": 0.368369460106,
    "raspiness": 0.150020718575,
    "color": 12.3703155518,
    "location": 2171.85083008,
    "stability": 0.537557423115,
    "tonality": 0.429144144058
}