{
    "name": "03bb1c33",
    "x": 2.62739896774292,
    "y": 0.17575205862522125,
    "loudness": 0.0405391566455,
    "raspiness": 0.0940544903278,
    "color": 31.5873031616,
    "location": 1581.99853516,
    "stability": 0.23745366931,
    "tonality": 0.364383101463
}