{
    "name": "03bb1c33",
    "x": -15.092840194702148,
    "y": -23.728439331054688,
    "loudness": 0.0405391566455,
    "raspiness": 0.0940544903278,
    "color": 31.5873031616,
    "location": 39.774345188324595,
    "stability": 0.23745366931,
    "tonality": 0.364383101463
}