{
    "name": "03bc8fbc",
    "x": 41.083553314208984,
    "y": -12.737292289733887,
    "loudness": 0.768244624138,
    "raspiness": 0.333376407623,
    "color": 189.831680298,
    "location": 4256.97021484,
    "stability": 0.608483612537,
    "tonality": 0.489842057228
}