{
    "name": "03bc8fbc",
    "x": 10.169909477233887,
    "y": 6.9369049072265625,
    "loudness": 0.768244624138,
    "raspiness": 0.333376407623,
    "color": 189.831680298,
    "location": 4256.97021484,
    "stability": 0.608483612537,
    "tonality": 0.489842057228
}