{
    "name": "03bc8fbc",
    "x": 41.30801010131836,
    "y": -9.806488037109375,
    "loudness": 0.768244624138,
    "raspiness": 0.333376407623,
    "color": 189.831680298,
    "location": 65.24546125854273,
    "stability": 0.608483612537,
    "tonality": 0.489842057228
}