{
    "name": "03cd971f",
    "x": -37.56302261352539,
    "y": -3.889779806137085,
    "loudness": 0.99068403244,
    "raspiness": 0.0482177734375,
    "color": 6.57757282257,
    "location": 901.528503418,
    "stability": 0.372712999582,
    "tonality": 0.332760512829
}