{
    "name": "03cd971f",
    "x": -3.694794178009033,
    "y": 8.083979606628418,
    "loudness": 0.99068403244,
    "raspiness": 0.0482177734375,
    "color": 6.57757282257,
    "location": 901.528503418,
    "stability": 0.372712999582,
    "tonality": 0.332760512829
}