{
    "name": "03d00f38",
    "x": 20.283803939819336,
    "y": 29.604408264160156,
    "loudness": 0.947622358799,
    "raspiness": 0.10896679759,
    "color": 18.3232765198,
    "location": 41.716252558685085,
    "stability": 0.655148923397,
    "tonality": 0.479078829288
}