{
    "name": "03d42e2e",
    "x": 1.0919394493103027,
    "y": 9.474570274353027,
    "loudness": 0.99068403244,
    "raspiness": 0.0307083129883,
    "color": 9.61995697021,
    "location": 543.596862793,
    "stability": 0.547720968723,
    "tonality": 0.442639887333
}