{
    "name": "03d42e2e",
    "x": -13.204057693481445,
    "y": 26.443450927734375,
    "loudness": 0.99068403244,
    "raspiness": 0.0307083129883,
    "color": 9.61995697021,
    "location": 23.315163795114113,
    "stability": 0.547720968723,
    "tonality": 0.442639887333
}