{
    "name": "03e13ae7",
    "x": 8.933923721313477,
    "y": -7.166862487792969,
    "loudness": 0.455371499062,
    "raspiness": 0.108146466315,
    "color": 15.4880409241,
    "location": 1958.64404297,
    "stability": 0.561390936375,
    "tonality": 0.428846806288
}