{
    "name": "03e13ae7",
    "x": 9.85058879852295,
    "y": -5.3843560218811035,
    "loudness": 0.455371499062,
    "raspiness": 0.108146466315,
    "color": 15.4880409241,
    "location": 44.25657061917473,
    "stability": 0.561390936375,
    "tonality": 0.428846806288
}