{
    "name": "03e88255",
    "x": -3.803338050842285,
    "y": -41.34273147583008,
    "loudness": 0.00055447005434,
    "raspiness": 0.0104823792353,
    "color": 4.64986467361,
    "location": 179.891830444,
    "stability": 0.105608224869,
    "tonality": 0.427537232637
}