{
    "name": "03e9765d",
    "x": 18.258474349975586,
    "y": 38.838932037353516,
    "loudness": 0.855248510838,
    "raspiness": 0.0956205800176,
    "color": 16.7346687317,
    "location": 1577.31091309,
    "stability": 0.688720881939,
    "tonality": 0.478881180286
}