{
    "name": "03ed9ba8",
    "x": 0.46058279275894165,
    "y": 10.355274200439453,
    "loudness": 0.99068403244,
    "raspiness": 0.063720703125,
    "color": 23.9913043976,
    "location": 1694.77404785,
    "stability": 0.623560547829,
    "tonality": 0.437113106251
}