{
    "name": "03f38c68",
    "x": 37.778316497802734,
    "y": 7.558061599731445,
    "loudness": 0.99068403244,
    "raspiness": 0.205001026392,
    "color": 107.96434021,
    "location": 53.684166623782104,
    "stability": 0.648055195808,
    "tonality": 0.477316558361
}