{
    "name": "03f38c68",
    "x": 39.085052490234375,
    "y": 8.336206436157227,
    "loudness": 0.99068403244,
    "raspiness": 0.205001026392,
    "color": 107.96434021,
    "location": 2881.98974609,
    "stability": 0.648055195808,
    "tonality": 0.477316558361
}