{
    "name": "03fc1f96",
    "x": -9.689558982849121,
    "y": 25.457950592041016,
    "loudness": 0.99068403244,
    "raspiness": 0.0489595867693,
    "color": 10.3177680969,
    "location": 27.05375237518818,
    "stability": 0.53569227457,
    "tonality": 0.448256164789
}