{
    "name": "03fc1f96",
    "x": 1.179768443107605,
    "y": 9.2152681350708,
    "loudness": 0.99068403244,
    "raspiness": 0.0489595867693,
    "color": 10.3177680969,
    "location": 731.905517578,
    "stability": 0.53569227457,
    "tonality": 0.448256164789
}