{
    "name": "04092b14",
    "x": -17.75350570678711,
    "y": -19.22813606262207,
    "loudness": 0.00361024145968,
    "raspiness": 0.0191809609532,
    "color": 6.01450872421,
    "location": 20.952128751489667,
    "stability": 0.393044441938,
    "tonality": 0.333062797785
}