{
    "name": "04186a03",
    "x": 33.502166748046875,
    "y": 16.06357192993164,
    "loudness": 0.773760974407,
    "raspiness": 0.155199989676,
    "color": 15.0644989014,
    "location": 2852.18286133,
    "stability": 0.692214071751,
    "tonality": 0.48462241888
}