{
    "name": "04186a03",
    "x": 31.29621124267578,
    "y": 14.32098388671875,
    "loudness": 0.773760974407,
    "raspiness": 0.155199989676,
    "color": 15.0644989014,
    "location": 53.40583171648954,
    "stability": 0.692214071751,
    "tonality": 0.48462241888
}