{
    "name": "04330b10",
    "x": 4.526439189910889,
    "y": 14.243831634521484,
    "loudness": 0.584808170795,
    "raspiness": 0.0448404960334,
    "color": 12.8089265823,
    "location": 1071.01196289,
    "stability": 0.645617306232,
    "tonality": 0.463212072849
}