{
    "name": "043a5393",
    "x": -38.99829864501953,
    "y": 11.140253067016602,
    "loudness": 0.933190822601,
    "raspiness": 0.0162889044732,
    "color": 12.645734787,
    "location": 19.33144755319684,
    "stability": 0.51240748167,
    "tonality": 0.324678689241
}