{
    "name": "043a5393",
    "x": -47.02458190917969,
    "y": 5.242030143737793,
    "loudness": 0.933190822601,
    "raspiness": 0.0162889044732,
    "color": 12.645734787,
    "location": 373.704864502,
    "stability": 0.51240748167,
    "tonality": 0.324678689241
}