{
    "name": "0446a487",
    "x": 21.374135971069336,
    "y": 21.68844985961914,
    "loudness": 0.99068403244,
    "raspiness": 0.167308464646,
    "color": 4.68810462952,
    "location": 2016.75512695,
    "stability": 0.570025384426,
    "tonality": 0.460698962212
}