{
    "name": "0446a487",
    "x": 21.336111068725586,
    "y": 15.972082138061523,
    "loudness": 0.99068403244,
    "raspiness": 0.167308464646,
    "color": 4.68810462952,
    "location": 44.90829686093651,
    "stability": 0.570025384426,
    "tonality": 0.460698962212
}