{
    "name": "0447d04d",
    "x": -10.343718528747559,
    "y": 24.279315948486328,
    "loudness": 0.862354159355,
    "raspiness": 0.0534496232867,
    "color": 11.5592365265,
    "location": 1224.33056641,
    "stability": 0.518179833889,
    "tonality": 0.442612677813
}