{
    "name": "0447d04d",
    "x": 1.132088303565979,
    "y": 8.701591491699219,
    "loudness": 0.862354159355,
    "raspiness": 0.0534496232867,
    "color": 11.5592365265,
    "location": 1224.33056641,
    "stability": 0.518179833889,
    "tonality": 0.442612677813
}