{
    "name": "044be615",
    "x": 0.07196345180273056,
    "y": 10.683416366577148,
    "loudness": 0.99068403244,
    "raspiness": 0.126159667969,
    "color": 7.87101793289,
    "location": 1792.02563477,
    "stability": 0.657340943813,
    "tonality": 0.399879306555
}