{
    "name": "0450e72b",
    "x": 1.783164620399475,
    "y": 19.656787872314453,
    "loudness": 0.99068403244,
    "raspiness": 0.0828588455915,
    "color": 21.3411121368,
    "location": 43.971649746740226,
    "stability": 0.52163875103,
    "tonality": 0.434432178736
}