{
    "name": "0450e72b",
    "x": -0.12491144239902496,
    "y": 23.90169906616211,
    "loudness": 0.99068403244,
    "raspiness": 0.0828588455915,
    "color": 21.3411121368,
    "location": 1933.50598145,
    "stability": 0.52163875103,
    "tonality": 0.434432178736
}