{
    "name": "04562f7d",
    "x": -14.722489356994629,
    "y": -11.473118782043457,
    "loudness": 0.446070820093,
    "raspiness": 0.0372704267502,
    "color": 10.8961763382,
    "location": 783.235778809,
    "stability": 0.630712509155,
    "tonality": 0.359498590231
}