{
    "name": "04562f7d",
    "x": 2.602092742919922,
    "y": 1.8654026985168457,
    "loudness": 0.446070820093,
    "raspiness": 0.0372704267502,
    "color": 10.8961763382,
    "location": 783.235778809,
    "stability": 0.630712509155,
    "tonality": 0.359498590231
}