{
    "name": "0457d8bc",
    "x": 3.8129420280456543,
    "y": 6.833369255065918,
    "loudness": 0.81924277544,
    "raspiness": 0.058994051069,
    "color": 12.4634637833,
    "location": 2213.98974609,
    "stability": 0.452987760305,
    "tonality": 0.482320278883
}