{
    "name": "0457d8bc",
    "x": 8.036882400512695,
    "y": 7.790809631347656,
    "loudness": 0.81924277544,
    "raspiness": 0.058994051069,
    "color": 12.4634637833,
    "location": 2213.98974609,
    "stability": 0.452987760305,
    "tonality": 0.482320278883
}