{
    "name": "0459f90f",
    "x": 0.7951775789260864,
    "y": 4.9701409339904785,
    "loudness": 0.99068403244,
    "raspiness": 0.0230319779366,
    "color": 8.77115917206,
    "location": 1745.43566895,
    "stability": 0.176411181688,
    "tonality": 0.483446985483
}