{
    "name": "0459f90f",
    "x": -5.938154220581055,
    "y": -4.761054515838623,
    "loudness": 0.99068403244,
    "raspiness": 0.0230319779366,
    "color": 8.77115917206,
    "location": 41.7784115177923,
    "stability": 0.176411181688,
    "tonality": 0.483446985483
}