{
    "name": "04646cce",
    "x": 14.84124755859375,
    "y": -20.664522171020508,
    "loudness": 0.00048471376067,
    "raspiness": 0.134188562632,
    "color": 143.688491821,
    "location": 1357.98620605,
    "stability": 0.618172168732,
    "tonality": 0.459852725267
}