{
    "name": "047b3d34",
    "x": 9.395576477050781,
    "y": -16.173044204711914,
    "loudness": 0.00600267760456,
    "raspiness": 0.101834759116,
    "color": 21.308965683,
    "location": 47.12760582153522,
    "stability": 0.403611510992,
    "tonality": 0.486546814442
}