{
    "name": "047f5b83",
    "x": -22.56694984436035,
    "y": -34.55551528930664,
    "loudness": 0.00498545402661,
    "raspiness": 0.00859914906323,
    "color": 2.43358898163,
    "location": 222.340774536,
    "stability": 0.275186240673,
    "tonality": 0.246371775866
}