{
    "name": "047f5b83",
    "x": -25.918926239013672,
    "y": -23.01951026916504,
    "loudness": 0.00498545402661,
    "raspiness": 0.00859914906323,
    "color": 2.43358898163,
    "location": 14.911095685294223,
    "stability": 0.275186240673,
    "tonality": 0.246371775866
}