{
    "name": "0482a372",
    "x": -15.87066650390625,
    "y": 38.028663635253906,
    "loudness": 0.873149573803,
    "raspiness": 0.0473588034511,
    "color": 11.1546974182,
    "location": 986.205078125,
    "stability": 0.619555771351,
    "tonality": 0.422016382217
}