{
    "name": "04a19a27",
    "x": -16.251543045043945,
    "y": 43.05372619628906,
    "loudness": 0.967380166054,
    "raspiness": 0.036472864449,
    "color": 9.12947940826,
    "location": 508.421661377,
    "stability": 0.650918960571,
    "tonality": 0.426076740026
}