{
    "name": "04a7003c",
    "x": 3.5855984687805176,
    "y": 10.546095848083496,
    "loudness": 0.970745325089,
    "raspiness": 0.0741967558861,
    "color": 5.98663187027,
    "location": 1381.46179199,
    "stability": 0.62923771143,
    "tonality": 0.467742204666
}