{
    "name": "04a7003c",
    "x": 7.437191486358643,
    "y": 33.73875045776367,
    "loudness": 0.970745325089,
    "raspiness": 0.0741967558861,
    "color": 5.98663187027,
    "location": 37.168021093273175,
    "stability": 0.62923771143,
    "tonality": 0.467742204666
}