{
    "name": "04ab05a7",
    "x": -10.544240951538086,
    "y": -10.598047256469727,
    "loudness": 0.797658085823,
    "raspiness": 0.00778575055301,
    "color": 16.5264778137,
    "location": 30.399295838884164,
    "stability": 0.119717210531,
    "tonality": 0.477910101414
}