{
    "name": "04ab05a7",
    "x": -10.570080757141113,
    "y": -12.677862167358398,
    "loudness": 0.797658085823,
    "raspiness": 0.00778575055301,
    "color": 16.5264778137,
    "location": 924.1171875,
    "stability": 0.119717210531,
    "tonality": 0.477910101414
}