{
    "name": "04ad9aa5",
    "x": 15.90483283996582,
    "y": 29.35895538330078,
    "loudness": 0.99068403244,
    "raspiness": 0.111636511981,
    "color": 22.9313411713,
    "location": 39.70838525273975,
    "stability": 0.638195216656,
    "tonality": 0.465370625257
}