{
    "name": "04b4009f",
    "x": 42.96049118041992,
    "y": 0.9298533201217651,
    "loudness": 0.99068403244,
    "raspiness": 0.247918382287,
    "color": 21.6011600494,
    "location": 3460.09057617,
    "stability": 0.620688021183,
    "tonality": 0.486001908779
}