{
    "name": "04b4009f",
    "x": 40.39235305786133,
    "y": 2.751807451248169,
    "loudness": 0.99068403244,
    "raspiness": 0.247918382287,
    "color": 21.6011600494,
    "location": 58.82253459491524,
    "stability": 0.620688021183,
    "tonality": 0.486001908779
}