{
    "name": "04b9a79a",
    "x": -1.3925433158874512,
    "y": 6.175743579864502,
    "loudness": 0.972265541553,
    "raspiness": 0.0207314174622,
    "color": 17.2542190552,
    "location": 618.189025879,
    "stability": 0.240482583642,
    "tonality": 0.403402835131
}