{
    "name": "04cce777",
    "x": 3.7209231853485107,
    "y": 10.575310707092285,
    "loudness": 0.99068403244,
    "raspiness": 0.0882486999035,
    "color": 7.2459230423,
    "location": 1318.56628418,
    "stability": 0.634148061275,
    "tonality": 0.460840374231
}