{
    "name": "04d0cae4",
    "x": 3.7009005546569824,
    "y": 10.275635719299316,
    "loudness": 0.673654675484,
    "raspiness": 0.0796989277005,
    "color": 6.92623949051,
    "location": 1313.640625,
    "stability": 0.604315161705,
    "tonality": 0.46838593483
}