{
    "name": "04d0cae4",
    "x": 6.7076873779296875,
    "y": 14.871955871582031,
    "loudness": 0.673654675484,
    "raspiness": 0.0796989277005,
    "color": 6.92623949051,
    "location": 36.24418056736833,
    "stability": 0.604315161705,
    "tonality": 0.46838593483
}