{
    "name": "04d33fe7",
    "x": 19.986913681030273,
    "y": -16.172271728515625,
    "loudness": 0.101337246597,
    "raspiness": 0.161380365491,
    "color": 29.5680141449,
    "location": 53.66676422172293,
    "stability": 0.549408197403,
    "tonality": 0.48587039113
}