{
    "name": "04d33fe7",
    "x": 20.071983337402344,
    "y": -21.446491241455078,
    "loudness": 0.101337246597,
    "raspiness": 0.161380365491,
    "color": 29.5680141449,
    "location": 2880.12158203,
    "stability": 0.549408197403,
    "tonality": 0.48587039113
}