{
    "name": "04e82f46",
    "x": 20.381317138671875,
    "y": 8.251065254211426,
    "loudness": 0.981966853142,
    "raspiness": 0.147828564048,
    "color": 30.8279724121,
    "location": 2749.18481445,
    "stability": 0.467844426632,
    "tonality": 0.486389040947
}