{
    "name": "04e82f46",
    "x": 20.245285034179688,
    "y": 6.369410991668701,
    "loudness": 0.981966853142,
    "raspiness": 0.147828564048,
    "color": 30.8279724121,
    "location": 52.4326693431681,
    "stability": 0.467844426632,
    "tonality": 0.486389040947
}