{
    "name": "04e8596a",
    "x": 26.431974411010742,
    "y": 27.702342987060547,
    "loudness": 0.99068403244,
    "raspiness": 0.100495517254,
    "color": 12.3209905624,
    "location": 2717.46655273,
    "stability": 0.639172494411,
    "tonality": 0.463030636311
}