{
    "name": "04e8596a",
    "x": 6.5142340660095215,
    "y": 9.384469032287598,
    "loudness": 0.99068403244,
    "raspiness": 0.100495517254,
    "color": 12.3209905624,
    "location": 2717.46655273,
    "stability": 0.639172494411,
    "tonality": 0.463030636311
}