{
    "name": "0513cbfc",
    "x": 24.900293350219727,
    "y": 7.652549743652344,
    "loudness": 0.664982616901,
    "raspiness": 0.135731339455,
    "color": 28.5525588989,
    "location": 3088.41064453,
    "stability": 0.570614516735,
    "tonality": 0.491991430521
}