{
    "name": "05173c4d",
    "x": -10.898040771484375,
    "y": 29.46693229675293,
    "loudness": 0.99068403244,
    "raspiness": 0.0469726547599,
    "color": 3.22478604317,
    "location": 1038.9309082,
    "stability": 0.523353219032,
    "tonality": 0.450253814459
}