{
    "name": "05173c4d",
    "x": -6.544870853424072,
    "y": 23.28584098815918,
    "loudness": 0.99068403244,
    "raspiness": 0.0469726547599,
    "color": 3.22478604317,
    "location": 32.23245116648748,
    "stability": 0.523353219032,
    "tonality": 0.450253814459
}