{
    "name": "051f9935",
    "x": 27.50767707824707,
    "y": -7.090840816497803,
    "loudness": 0.465020209551,
    "raspiness": 0.195707038045,
    "color": 22.369052887,
    "location": 3076.26855469,
    "stability": 0.688590466976,
    "tonality": 0.488230884075
}