{
    "name": "051f9935",
    "x": 6.862772464752197,
    "y": 3.749513626098633,
    "loudness": 0.465020209551,
    "raspiness": 0.195707038045,
    "color": 22.369052887,
    "location": 3076.26855469,
    "stability": 0.688590466976,
    "tonality": 0.488230884075
}