{
    "name": "0526ac41",
    "x": -21.270353317260742,
    "y": -18.943862915039062,
    "loudness": 0.00302939768881,
    "raspiness": 0.0388130806386,
    "color": 4.61767625809,
    "location": 23.069501604867845,
    "stability": 0.439018696547,
    "tonality": 0.290705472231
}