{
    "name": "0526ac41",
    "x": 1.9882924556732178,
    "y": 0.8201066851615906,
    "loudness": 0.00302939768881,
    "raspiness": 0.0388130806386,
    "color": 4.61767625809,
    "location": 532.201904297,
    "stability": 0.439018696547,
    "tonality": 0.290705472231
}