{
    "name": "05309a38",
    "x": 8.803391456604004,
    "y": 16.503847122192383,
    "loudness": 0.99068403244,
    "raspiness": 0.073486328125,
    "color": 1.84555244446,
    "location": 45.22402326496395,
    "stability": 0.505152523518,
    "tonality": 0.480591624975
}