{
    "name": "05309a38",
    "x": 10.6261568069458,
    "y": 23.31529426574707,
    "loudness": 0.99068403244,
    "raspiness": 0.073486328125,
    "color": 1.84555244446,
    "location": 2045.21228027,
    "stability": 0.505152523518,
    "tonality": 0.480591624975
}