{
    "name": "05388f6c",
    "x": 10.674558639526367,
    "y": -24.57340431213379,
    "loudness": 0.023018669337,
    "raspiness": 0.0667673125863,
    "color": 11.6360263824,
    "location": 36.43240912388309,
    "stability": 0.689521968365,
    "tonality": 0.472449809313
}