{
    "name": "05388f6c",
    "x": 9.71285343170166,
    "y": -18.47955894470215,
    "loudness": 0.023018669337,
    "raspiness": 0.0667673125863,
    "color": 11.6360263824,
    "location": 1327.32043457,
    "stability": 0.689521968365,
    "tonality": 0.472449809313
}