{
    "name": "0556be76",
    "x": -1.338744044303894,
    "y": 8.960959434509277,
    "loudness": 0.884854018688,
    "raspiness": 0.051650736481,
    "color": 17.9002017975,
    "location": 1310.54907227,
    "stability": 0.503121852875,
    "tonality": 0.391227632761
}