{
    "name": "0563ab6e",
    "x": 4.114365100860596,
    "y": 7.458784103393555,
    "loudness": 0.955181181431,
    "raspiness": 0.109849795699,
    "color": 76.0922546387,
    "location": 1681.28552246,
    "stability": 0.411443799734,
    "tonality": 0.466576129198
}