{
    "name": "0563ab6e",
    "x": 7.6859450340271,
    "y": 12.574129104614258,
    "loudness": 0.955181181431,
    "raspiness": 0.109849795699,
    "color": 76.0922546387,
    "location": 1681.28552246,
    "stability": 0.411443799734,
    "tonality": 0.466576129198
}