{
    "name": "0563ab6e",
    "x": 5.518672943115234,
    "y": 10.546463966369629,
    "loudness": 0.955181181431,
    "raspiness": 0.109849795699,
    "color": 76.0922546387,
    "location": 41.00348183337606,
    "stability": 0.411443799734,
    "tonality": 0.466576129198
}