{
    "name": "058b98f0",
    "x": 5.483083724975586,
    "y": 1.7542084455490112,
    "loudness": 0.000236915569985,
    "raspiness": 0.0877992734313,
    "color": 148.646728516,
    "location": 2710.71679688,
    "stability": 0.295862257481,
    "tonality": 0.482664346695
}