{
    "name": "058b98f0",
    "x": 6.522951126098633,
    "y": -15.006138801574707,
    "loudness": 0.000236915569985,
    "raspiness": 0.0877992734313,
    "color": 148.646728516,
    "location": 52.06454452773019,
    "stability": 0.295862257481,
    "tonality": 0.482664346695
}