{
    "name": "05a0ca60",
    "x": 2.0614383220672607,
    "y": 1.0660086870193481,
    "loudness": 0.189996749163,
    "raspiness": 0.0178838185966,
    "color": 4.14666223526,
    "location": 361.554168701,
    "stability": 0.543124675751,
    "tonality": 0.296104162931
}