{
    "name": "05a3154f",
    "x": -1.2297816276550293,
    "y": 8.41073226928711,
    "loudness": 0.910481154919,
    "raspiness": 0.0606003180146,
    "color": 29.931646347,
    "location": 1518.30322266,
    "stability": 0.424184590578,
    "tonality": 0.391724050045
}