{
    "name": "05a3154f",
    "x": -19.770246505737305,
    "y": 11.880452156066895,
    "loudness": 0.910481154919,
    "raspiness": 0.0606003180146,
    "color": 29.931646347,
    "location": 38.96541059272955,
    "stability": 0.424184590578,
    "tonality": 0.391724050045
}