{
    "name": "05a458a7",
    "x": 6.125421524047852,
    "y": 16.102554321289062,
    "loudness": 0.634786725044,
    "raspiness": 0.0654918551445,
    "color": 11.2282323837,
    "location": 32.680685759022865,
    "stability": 0.650559127331,
    "tonality": 0.475142806768
}