{
    "name": "05a458a7",
    "x": 3.172419548034668,
    "y": 11.063474655151367,
    "loudness": 0.634786725044,
    "raspiness": 0.0654918551445,
    "color": 11.2282323837,
    "location": 1068.02722168,
    "stability": 0.650559127331,
    "tonality": 0.475142806768
}