{
    "name": "05b76c07",
    "x": -12.962364196777344,
    "y": 25.969022750854492,
    "loudness": 0.923691928387,
    "raspiness": 0.0336090140045,
    "color": 14.2742977142,
    "location": 28.006761007103265,
    "stability": 0.545839071274,
    "tonality": 0.431050807238
}