{
    "name": "05b76c07",
    "x": -21.410429000854492,
    "y": 30.379196166992188,
    "loudness": 0.923691928387,
    "raspiness": 0.0336090140045,
    "color": 14.2742977142,
    "location": 784.378662109,
    "stability": 0.545839071274,
    "tonality": 0.431050807238
}