{
    "name": "05bc162b",
    "x": 4.341728687286377,
    "y": 44.47960662841797,
    "loudness": 0.99068403244,
    "raspiness": 0.061053019017,
    "color": 15.1668272018,
    "location": 31.144260559852757,
    "stability": 0.775853395462,
    "tonality": 0.446057349443
}