{
    "name": "05c5ab94",
    "x": 22.16751480102539,
    "y": -21.020174026489258,
    "loudness": 0.00415046978742,
    "raspiness": 0.204567104578,
    "color": 30.9287052155,
    "location": 2706.17407227,
    "stability": 0.655524194241,
    "tonality": 0.488446682692
}