{
    "name": "05cc4425",
    "x": 41.552188873291016,
    "y": 1.5155900716781616,
    "loudness": 0.99068403244,
    "raspiness": 0.247094124556,
    "color": 50.5083618164,
    "location": 3285.72216797,
    "stability": 0.596831321716,
    "tonality": 0.492146849632
}