{
    "name": "05cc4425",
    "x": 38.94108581542969,
    "y": 2.1947081089019775,
    "loudness": 0.99068403244,
    "raspiness": 0.247094124556,
    "color": 50.5083618164,
    "location": 57.32121917728199,
    "stability": 0.596831321716,
    "tonality": 0.492146849632
}