{
    "name": "05d0dfa7",
    "x": 3.6240499019622803,
    "y": 7.836930751800537,
    "loudness": 0.977980613708,
    "raspiness": 0.0670690387487,
    "color": 32.4293365479,
    "location": 1950.58459473,
    "stability": 0.471443206072,
    "tonality": 0.430883944035
}