{
    "name": "05d54a68",
    "x": 0.6697502732276917,
    "y": 49.9478645324707,
    "loudness": 0.882400333881,
    "raspiness": 0.0592768229544,
    "color": 25.1801376343,
    "location": 1205.72802734,
    "stability": 0.741036057472,
    "tonality": 0.447345048189
}