{
    "name": "05d81cdf",
    "x": 1.8378239870071411,
    "y": 0.8855486512184143,
    "loudness": 0.379061669111,
    "raspiness": 0.0699904412031,
    "color": 3.12702560425,
    "location": 761.745849609,
    "stability": 0.485412120819,
    "tonality": 0.272585451603
}