{
    "name": "05d81cdf",
    "x": -24.282835006713867,
    "y": -13.958600044250488,
    "loudness": 0.379061669111,
    "raspiness": 0.0699904412031,
    "color": 3.12702560425,
    "location": 27.599743651146472,
    "stability": 0.485412120819,
    "tonality": 0.272585451603
}