{
    "name": "05e4028a",
    "x": -27.77838706970215,
    "y": 35.20363235473633,
    "loudness": 0.980588436127,
    "raspiness": 0.0545559488237,
    "color": 48.0783042908,
    "location": 1226.86303711,
    "stability": 0.602334141731,
    "tonality": 0.391846746206
}