{
    "name": "05ecefbe",
    "x": 14.231855392456055,
    "y": 25.50187110900879,
    "loudness": 0.960184216499,
    "raspiness": 0.0992102846503,
    "color": 25.8255710602,
    "location": 2296.52661133,
    "stability": 0.558122456074,
    "tonality": 0.456784188747
}