{
    "name": "05ecefbe",
    "x": 15.429368019104004,
    "y": 19.293704986572266,
    "loudness": 0.960184216499,
    "raspiness": 0.0992102846503,
    "color": 25.8255710602,
    "location": 47.92208897084934,
    "stability": 0.558122456074,
    "tonality": 0.456784188747
}