{
    "name": "05ecefbe",
    "x": 4.357722759246826,
    "y": 9.260153770446777,
    "loudness": 0.960184216499,
    "raspiness": 0.0992102846503,
    "color": 25.8255710602,
    "location": 2296.52661133,
    "stability": 0.558122456074,
    "tonality": 0.456784188747
}