{
    "name": "05ef46ec",
    "x": -12.003419876098633,
    "y": -42.865074157714844,
    "loudness": 0.0188845973462,
    "raspiness": 0.0171478129923,
    "color": 8.42297744751,
    "location": 315.607513428,
    "stability": 0.149928301573,
    "tonality": 0.356986612082
}