{
    "name": "05ef46ec",
    "x": -15.579366683959961,
    "y": -28.814735412597656,
    "loudness": 0.0188845973462,
    "raspiness": 0.0171478129923,
    "color": 8.42297744751,
    "location": 17.76534585725817,
    "stability": 0.149928301573,
    "tonality": 0.356986612082
}