{
    "name": "05f2c2a6",
    "x": 6.519184112548828,
    "y": 2.978516101837158,
    "loudness": 0.975414097309,
    "raspiness": 0.0811572670937,
    "color": 25.4905147552,
    "location": 49.55120605474704,
    "stability": 0.334856361151,
    "tonality": 0.489084094763
}