{
    "name": "05f2c2a6",
    "x": 8.10281753540039,
    "y": 2.3729097843170166,
    "loudness": 0.975414097309,
    "raspiness": 0.0811572670937,
    "color": 25.4905147552,
    "location": 2455.32202148,
    "stability": 0.334856361151,
    "tonality": 0.489084094763
}