{
    "name": "06006fca",
    "x": 17.499101638793945,
    "y": -28.31516456604004,
    "loudness": 0.157304659486,
    "raspiness": 0.161913320422,
    "color": 24.3822307587,
    "location": 1988.63781738,
    "stability": 0.389000415802,
    "tonality": 0.479551285505
}