{
    "name": "06006fca",
    "x": 11.353781700134277,
    "y": -13.839753150939941,
    "loudness": 0.157304659486,
    "raspiness": 0.161913320422,
    "color": 24.3822307587,
    "location": 44.594145550509204,
    "stability": 0.389000415802,
    "tonality": 0.479551285505
}