{
    "name": "060b8c30",
    "x": 3.83229660987854,
    "y": 47.56141662597656,
    "loudness": 0.964643597603,
    "raspiness": 0.0474475584924,
    "color": 26.095949173,
    "location": 1252.4654541,
    "stability": 0.649650216103,
    "tonality": 0.475782543421
}