{
    "name": "060ba089",
    "x": 46.36142349243164,
    "y": 8.369616508483887,
    "loudness": 0.99068403244,
    "raspiness": 0.227395445108,
    "color": 32.0207061768,
    "location": 57.71716167614274,
    "stability": 0.724283695221,
    "tonality": 0.489756643772
}