{
    "name": "060ca755",
    "x": 32.78451156616211,
    "y": 13.304774284362793,
    "loudness": 0.754275083542,
    "raspiness": 0.175037115812,
    "color": 46.9098510742,
    "location": 50.28856913404874,
    "stability": 0.699900329113,
    "tonality": 0.48527354002
}