{
    "name": "060e13d6",
    "x": -10.910265922546387,
    "y": 42.88496398925781,
    "loudness": 0.851907193661,
    "raspiness": 0.0675819814205,
    "color": 17.9619865417,
    "location": 37.881545303881154,
    "stability": 0.860977709293,
    "tonality": 0.36567440629
}