{
    "name": "060e13d6",
    "x": -18.27308464050293,
    "y": 47.044498443603516,
    "loudness": 0.851907193661,
    "raspiness": 0.0675819814205,
    "color": 17.9619865417,
    "location": 1435.01147461,
    "stability": 0.860977709293,
    "tonality": 0.36567440629
}