{
    "name": "060fab76",
    "x": -34.92049789428711,
    "y": -1.015803337097168,
    "loudness": 0.99068403244,
    "raspiness": 0.0660955235362,
    "color": 4.07788658142,
    "location": 14.167048430424737,
    "stability": 0.354944646358,
    "tonality": 0.324957102537
}