{
    "name": "060fab76",
    "x": -39.22442626953125,
    "y": -7.9480156898498535,
    "loudness": 0.99068403244,
    "raspiness": 0.0660955235362,
    "color": 4.07788658142,
    "location": 200.70526123,
    "stability": 0.354944646358,
    "tonality": 0.324957102537
}