{
    "name": "061cf689",
    "x": 8.175814628601074,
    "y": 14.606484413146973,
    "loudness": 0.658622086048,
    "raspiness": 0.109844259918,
    "color": 14.0821590424,
    "location": 38.907418719956226,
    "stability": 0.663489758968,
    "tonality": 0.431196004152
}