{
    "name": "061cf689",
    "x": 6.401663780212402,
    "y": 13.875494956970215,
    "loudness": 0.658622086048,
    "raspiness": 0.109844259918,
    "color": 14.0821590424,
    "location": 1513.78723145,
    "stability": 0.663489758968,
    "tonality": 0.431196004152
}