{
    "name": "0627acfa",
    "x": -24.875728607177734,
    "y": 3.1677744388580322,
    "loudness": 0.833662033081,
    "raspiness": 0.0286507513374,
    "color": 8.43049716949,
    "location": 462.085266113,
    "stability": 0.378905594349,
    "tonality": 0.39354160428
}