{
    "name": "0632d921",
    "x": 48.34862518310547,
    "y": -5.013205528259277,
    "loudness": 0.938067734241,
    "raspiness": 0.346088767052,
    "color": 12.7554178238,
    "location": 3214.38769531,
    "stability": 0.698429226875,
    "tonality": 0.483845502138
}