{
    "name": "0640c787",
    "x": 25.804407119750977,
    "y": 41.04480743408203,
    "loudness": 0.985073924065,
    "raspiness": 0.0750427246094,
    "color": 37.5660400391,
    "location": 40.7103745343862,
    "stability": 0.810178101063,
    "tonality": 0.490415096283
}