{
    "name": "064cfad3",
    "x": -26.131389617919922,
    "y": -0.6840877532958984,
    "loudness": 0.976982116699,
    "raspiness": 0.0208973083645,
    "color": 22.7228946686,
    "location": 28.562132451131866,
    "stability": 0.318287730217,
    "tonality": 0.364291012287
}