{
    "name": "065e7bb4",
    "x": 24.927396774291992,
    "y": 26.192501068115234,
    "loudness": 0.767959237099,
    "raspiness": 0.10427942127,
    "color": 25.4395771027,
    "location": 2093.57641602,
    "stability": 0.705365419388,
    "tonality": 0.473545670509
}