{
    "name": "06a1dfc0",
    "x": 48.04988098144531,
    "y": 22.32913589477539,
    "loudness": 0.99068403244,
    "raspiness": 0.169792622328,
    "color": 5.39635658264,
    "location": 2937.70092773,
    "stability": 0.756862998009,
    "tonality": 0.493174105883
}