{
    "name": "06a76756",
    "x": -10.214925765991211,
    "y": 42.96949768066406,
    "loudness": 0.99068403244,
    "raspiness": 0.0592854805291,
    "color": 3.86276316643,
    "location": 804.121520996,
    "stability": 0.617265999317,
    "tonality": 0.443276166916
}