{
    "name": "06b278f7",
    "x": 8.813508987426758,
    "y": 18.591907501220703,
    "loudness": 0.862374424934,
    "raspiness": 0.0692418143153,
    "color": 20.0000782013,
    "location": 44.43117730378073,
    "stability": 0.538467347622,
    "tonality": 0.474694669247
}