{
    "name": "06b89bf9",
    "x": -1.330265760421753,
    "y": 9.081778526306152,
    "loudness": 0.800093650818,
    "raspiness": 0.0413735359907,
    "color": 12.5638685226,
    "location": 1218.63903809,
    "stability": 0.499279409647,
    "tonality": 0.402709543705
}