{
    "name": "06b89bf9",
    "x": -18.88075828552246,
    "y": 16.996173858642578,
    "loudness": 0.800093650818,
    "raspiness": 0.0413735359907,
    "color": 12.5638685226,
    "location": 34.90901084376353,
    "stability": 0.499279409647,
    "tonality": 0.402709543705
}