{
    "name": "06b89bf9",
    "x": -22.905004501342773,
    "y": 16.149946212768555,
    "loudness": 0.800093650818,
    "raspiness": 0.0413735359907,
    "color": 12.5638685226,
    "location": 1218.63903809,
    "stability": 0.499279409647,
    "tonality": 0.402709543705
}