{
    "name": "06b9dc31",
    "x": 1.8512520790100098,
    "y": -2.647955894470215,
    "loudness": 0.99068403244,
    "raspiness": 0.0593118108809,
    "color": 15.0817079544,
    "location": 2209.92041016,
    "stability": 0.227051213384,
    "tonality": 0.485796928406
}