{
    "name": "06c1c5c3",
    "x": 39.321022033691406,
    "y": 2.437225103378296,
    "loudness": 0.956828594208,
    "raspiness": 0.259669750929,
    "color": 153.618270874,
    "location": 53.98507597225366,
    "stability": 0.642454922199,
    "tonality": 0.464598029852
}