{
    "name": "06c1c5c3",
    "x": 8.890761375427246,
    "y": 7.988192558288574,
    "loudness": 0.956828594208,
    "raspiness": 0.259669750929,
    "color": 153.618270874,
    "location": 2914.38842773,
    "stability": 0.642454922199,
    "tonality": 0.464598029852
}