{
    "name": "06c1c5c3",
    "x": 40.052162170410156,
    "y": 2.3006198406219482,
    "loudness": 0.956828594208,
    "raspiness": 0.259669750929,
    "color": 153.618270874,
    "location": 2914.38842773,
    "stability": 0.642454922199,
    "tonality": 0.464598029852
}