{
    "name": "06c48eab",
    "x": 20.76334571838379,
    "y": -18.408479690551758,
    "loudness": 0.0671493783593,
    "raspiness": 0.159273594618,
    "color": 24.9705257416,
    "location": 2869.16577148,
    "stability": 0.647375822067,
    "tonality": 0.493411123753
}