{
    "name": "06c48eab",
    "x": 22.398847579956055,
    "y": -18.089004516601562,
    "loudness": 0.0671493783593,
    "raspiness": 0.159273594618,
    "color": 24.9705257416,
    "location": 53.564594383603804,
    "stability": 0.647375822067,
    "tonality": 0.493411123753
}