{
    "name": "06d0d6e4",
    "x": 39.909873962402344,
    "y": 34.56307601928711,
    "loudness": 0.980450510979,
    "raspiness": 0.118008047342,
    "color": 17.1210746765,
    "location": 2475.86230469,
    "stability": 0.742439746857,
    "tonality": 0.489456117153
}