{
    "name": "06d0d6e4",
    "x": 7.041933536529541,
    "y": 10.946581840515137,
    "loudness": 0.980450510979,
    "raspiness": 0.118008047342,
    "color": 17.1210746765,
    "location": 2475.86230469,
    "stability": 0.742439746857,
    "tonality": 0.489456117153
}