{
    "name": "06d164df",
    "x": -3.5183255672454834,
    "y": 7.081397533416748,
    "loudness": 0.972609579563,
    "raspiness": 0.0292070321739,
    "color": 16.5426330566,
    "location": 787.384460449,
    "stability": 0.278023570776,
    "tonality": 0.333375602961
}