{
    "name": "06d164df",
    "x": -31.147323608398438,
    "y": -5.032351016998291,
    "loudness": 0.972609579563,
    "raspiness": 0.0292070321739,
    "color": 16.5426330566,
    "location": 28.060371709031227,
    "stability": 0.278023570776,
    "tonality": 0.333375602961
}