{
    "name": "06d2b52b",
    "x": 5.926701545715332,
    "y": 5.755640983581543,
    "loudness": 0.657801568508,
    "raspiness": 0.180729165673,
    "color": 17.9500751495,
    "location": 2714.67993164,
    "stability": 0.53791052103,
    "tonality": 0.478994190693
}