{
    "name": "06dbf664",
    "x": 4.695241451263428,
    "y": 2.616488218307495,
    "loudness": 0.113183967769,
    "raspiness": 0.0516676194966,
    "color": 9.02129364014,
    "location": 1345.10314941,
    "stability": 0.649767279625,
    "tonality": 0.469958215952
}