{
    "name": "06dd3b18",
    "x": -13.225284576416016,
    "y": -6.780228614807129,
    "loudness": 0.935052752495,
    "raspiness": 0.0156677365303,
    "color": 33.4636955261,
    "location": 950.503234863,
    "stability": 0.210108593106,
    "tonality": 0.475340276957
}