{
    "name": "06e15d8e",
    "x": -0.47068101167678833,
    "y": 4.956645488739014,
    "loudness": 0.99068403244,
    "raspiness": 0.00860595703125,
    "color": 30.3169689178,
    "location": 224.75138855,
    "stability": 0.0621877126396,
    "tonality": 0.4526951015
}