{
    "name": "06e87b61",
    "x": 3.1245315074920654,
    "y": -23.713167190551758,
    "loudness": 0.0561195723712,
    "raspiness": 0.040762167424,
    "color": 22.8803787231,
    "location": 29.512126951593984,
    "stability": 0.568838953972,
    "tonality": 0.449300706387
}