{
    "name": "06e87b61",
    "x": 1.6378943920135498,
    "y": -23.47872543334961,
    "loudness": 0.0561195723712,
    "raspiness": 0.040762167424,
    "color": 22.8803787231,
    "location": 870.965637207,
    "stability": 0.568838953972,
    "tonality": 0.449300706387
}