{
    "name": "06ed75a7",
    "x": 3.9105756282806396,
    "y": 6.804967403411865,
    "loudness": 0.99068403244,
    "raspiness": 0.0739048570395,
    "color": 12.7399082184,
    "location": 2806.17993164,
    "stability": 0.366472482681,
    "tonality": 0.487481206656
}