{
    "name": "06ed75a7",
    "x": 11.029363632202148,
    "y": 4.770625591278076,
    "loudness": 0.99068403244,
    "raspiness": 0.0739048570395,
    "color": 12.7399082184,
    "location": 2806.17993164,
    "stability": 0.366472482681,
    "tonality": 0.487481206656
}