{
    "name": "06ed75a7",
    "x": 9.421382904052734,
    "y": 4.877201557159424,
    "loudness": 0.99068403244,
    "raspiness": 0.0739048570395,
    "color": 12.7399082184,
    "location": 52.97338890084341,
    "stability": 0.366472482681,
    "tonality": 0.487481206656
}