{
    "name": "06f60188",
    "x": -33.23487091064453,
    "y": 7.926015853881836,
    "loudness": 0.950277209282,
    "raspiness": 0.0456532202661,
    "color": 29.4180641174,
    "location": 1045.30700684,
    "stability": 0.42929059267,
    "tonality": 0.361549735069
}