{
    "name": "06f60188",
    "x": -2.3932483196258545,
    "y": 8.503215789794922,
    "loudness": 0.950277209282,
    "raspiness": 0.0456532202661,
    "color": 29.4180641174,
    "location": 1045.30700684,
    "stability": 0.42929059267,
    "tonality": 0.361549735069
}