{
    "name": "06f60188",
    "x": -29.336593627929688,
    "y": 9.993827819824219,
    "loudness": 0.950277209282,
    "raspiness": 0.0456532202661,
    "color": 29.4180641174,
    "location": 32.33120793969814,
    "stability": 0.42929059267,
    "tonality": 0.361549735069
}