{
    "name": "06fbb272",
    "x": 13.315648078918457,
    "y": -12.979812622070312,
    "loudness": 0.268703103065,
    "raspiness": 0.0585419386625,
    "color": 7.77979660034,
    "location": 38.470661825474224,
    "stability": 0.751105487347,
    "tonality": 0.480655431747
}