{
    "name": "06fbb272",
    "x": 12.693947792053223,
    "y": -9.246745109558105,
    "loudness": 0.268703103065,
    "raspiness": 0.0585419386625,
    "color": 7.77979660034,
    "location": 1479.99182129,
    "stability": 0.751105487347,
    "tonality": 0.480655431747
}