{
    "name": "06fbb272",
    "x": 4.855212688446045,
    "y": 3.093026638031006,
    "loudness": 0.268703103065,
    "raspiness": 0.0585419386625,
    "color": 7.77979660034,
    "location": 1479.99182129,
    "stability": 0.751105487347,
    "tonality": 0.480655431747
}