{
    "name": "06fd1973",
    "x": 48.50088882446289,
    "y": -5.054424285888672,
    "loudness": 0.99068403244,
    "raspiness": 0.311089396477,
    "color": 57.2210273743,
    "location": 65.20135579019811,
    "stability": 0.686822414398,
    "tonality": 0.48945325613
}