{
    "name": "06fd1973",
    "x": 10.42933464050293,
    "y": 7.609105110168457,
    "loudness": 0.99068403244,
    "raspiness": 0.311089396477,
    "color": 57.2210273743,
    "location": 4251.21679688,
    "stability": 0.686822414398,
    "tonality": 0.48945325613
}