{
    "name": "06feb8ea",
    "x": 30.3194580078125,
    "y": 2.3914473056793213,
    "loudness": 0.960202455521,
    "raspiness": 0.191368684173,
    "color": 16.876291275,
    "location": 3336.42138672,
    "stability": 0.505996227264,
    "tonality": 0.485472887754
}