{
    "name": "0704ffb8",
    "x": 17.382959365844727,
    "y": 32.47822952270508,
    "loudness": 0.974560439587,
    "raspiness": 0.0796610713005,
    "color": 28.7084236145,
    "location": 43.123332734959156,
    "stability": 0.654719412327,
    "tonality": 0.478960394859
}