{
    "name": "0704ffb8",
    "x": 5.009932041168213,
    "y": 10.879780769348145,
    "loudness": 0.974560439587,
    "raspiness": 0.0796610713005,
    "color": 28.7084236145,
    "location": 1859.62182617,
    "stability": 0.654719412327,
    "tonality": 0.478960394859
}