{
    "name": "070bcdd9",
    "x": -17.291912078857422,
    "y": -8.963651657104492,
    "loudness": 0.487365067005,
    "raspiness": 0.0447672307491,
    "color": 10.4986972809,
    "location": 962.031738281,
    "stability": 0.475398421288,
    "tonality": 0.371021479368
}