{
    "name": "070f52cb",
    "x": -3.778944730758667,
    "y": 9.908979415893555,
    "loudness": 0.964825153351,
    "raspiness": 0.0341084040701,
    "color": 12.5947952271,
    "location": 611.322875977,
    "stability": 0.663259088993,
    "tonality": 0.30700930953
}