{
    "name": "0713db9c",
    "x": 11.151876449584961,
    "y": 36.192256927490234,
    "loudness": 0.99068403244,
    "raspiness": 0.0761425793171,
    "color": 53.7887420654,
    "location": 36.26432064922766,
    "stability": 0.661892414093,
    "tonality": 0.472496598959
}