{
    "name": "0713db9c",
    "x": 10.676338195800781,
    "y": 46.826480865478516,
    "loudness": 0.99068403244,
    "raspiness": 0.0761425793171,
    "color": 53.7887420654,
    "location": 1315.10095215,
    "stability": 0.661892414093,
    "tonality": 0.472496598959
}