{
    "name": "071e836c",
    "x": 21.499408721923828,
    "y": -11.098454475402832,
    "loudness": 0.312622845173,
    "raspiness": 0.207739636302,
    "color": 17.5904064178,
    "location": 49.67920528249219,
    "stability": 0.604030609131,
    "tonality": 0.481219947338
}