{
    "name": "071e836c",
    "x": 6.186925888061523,
    "y": 3.307616949081421,
    "loudness": 0.312622845173,
    "raspiness": 0.207739636302,
    "color": 17.5904064178,
    "location": 2468.0234375,
    "stability": 0.604030609131,
    "tonality": 0.481219947338
}