{
    "name": "071efb95",
    "x": 5.879550933837891,
    "y": 5.702084541320801,
    "loudness": 0.657801568508,
    "raspiness": 0.184688359499,
    "color": 10.841258049,
    "location": 2762.36938477,
    "stability": 0.480414628983,
    "tonality": 0.485259711742
}