{
    "name": "0720ef3b",
    "x": -27.67815589904785,
    "y": 13.477831840515137,
    "loudness": 0.975571811199,
    "raspiness": 0.0431768707931,
    "color": 10.5306873322,
    "location": 29.268528995339004,
    "stability": 0.455499321222,
    "tonality": 0.374731838703
}