{
    "name": "0720ef3b",
    "x": -33.23955154418945,
    "y": 13.650463104248047,
    "loudness": 0.975571811199,
    "raspiness": 0.0431768707931,
    "color": 10.5306873322,
    "location": 856.646789551,
    "stability": 0.455499321222,
    "tonality": 0.374731838703
}