{
    "name": "072f3031",
    "x": -38.07577133178711,
    "y": 22.868389129638672,
    "loudness": 0.95340949297,
    "raspiness": 0.0437784828246,
    "color": 18.0287704468,
    "location": 1082.65197754,
    "stability": 0.548690438271,
    "tonality": 0.361170202494
}