{
    "name": "0730a3d8",
    "x": -10.406479835510254,
    "y": -41.80859375,
    "loudness": 3.82720572816e-05,
    "raspiness": 0.0457212030888,
    "color": 4.69579076767,
    "location": 515.706787109,
    "stability": 0.152548521757,
    "tonality": 0.367123275995
}