{
    "name": "0730a3d8",
    "x": -14.355648040771484,
    "y": -27.66627311706543,
    "loudness": 3.82720572816e-05,
    "raspiness": 0.0457212030888,
    "color": 4.69579076767,
    "location": 22.70917847719287,
    "stability": 0.152548521757,
    "tonality": 0.367123275995
}