{
    "name": "0733ce78",
    "x": 3.8628227710723877,
    "y": 10.744997024536133,
    "loudness": 0.713142931461,
    "raspiness": 0.0697359517217,
    "color": 11.974070549,
    "location": 1575.52612305,
    "stability": 0.657632827759,
    "tonality": 0.473926633596
}