{
    "name": "0738f99f",
    "x": -14.376591682434082,
    "y": 12.094866752624512,
    "loudness": 0.99068403244,
    "raspiness": 0.0504774302244,
    "color": 13.5136938095,
    "location": 37.24886448296109,
    "stability": 0.412191063166,
    "tonality": 0.41671359539
}