{
    "name": "074e07a5",
    "x": 32.344512939453125,
    "y": 5.837745189666748,
    "loudness": 0.982314288616,
    "raspiness": 0.193430587649,
    "color": 20.6279754639,
    "location": 54.73677913642709,
    "stability": 0.565651118755,
    "tonality": 0.494143217802
}