{
    "name": "074e2f09",
    "x": 38.15666961669922,
    "y": -13.416450500488281,
    "loudness": 0.99068403244,
    "raspiness": 0.26962891221,
    "color": 604.158874512,
    "location": 51.405661090875974,
    "stability": 0.685784697533,
    "tonality": 0.483358114958
}