{
    "name": "074e07a5",
    "x": 33.33544158935547,
    "y": 8.825356483459473,
    "loudness": 0.982314288616,
    "raspiness": 0.193430587649,
    "color": 20.6279754639,
    "location": 2996.11499023,
    "stability": 0.565651118755,
    "tonality": 0.494143217802
}