{
    "name": "0765b7d1",
    "x": -4.007585048675537,
    "y": 6.987017631530762,
    "loudness": 0.99068403244,
    "raspiness": 0.0824529454112,
    "color": 57.9763031006,
    "location": 1040.9317627,
    "stability": 0.203461736441,
    "tonality": 0.31312969327
}