{
    "name": "0784c182",
    "x": 19.265869140625,
    "y": 21.178415298461914,
    "loudness": 0.99068403244,
    "raspiness": 0.15261605382,
    "color": 4.74430704117,
    "location": 2056.59619141,
    "stability": 0.552750766277,
    "tonality": 0.463257104158
}