{
    "name": "0784c182",
    "x": 20.618331909179688,
    "y": 17.061927795410156,
    "loudness": 0.99068403244,
    "raspiness": 0.15261605382,
    "color": 4.74430704117,
    "location": 45.349709937440615,
    "stability": 0.552750766277,
    "tonality": 0.463257104158
}