{
    "name": "078c67e5",
    "x": 7.577871322631836,
    "y": 10.684019088745117,
    "loudness": 0.920109510422,
    "raspiness": 0.161312878132,
    "color": 26.2490234375,
    "location": 2451.87451172,
    "stability": 0.757964611053,
    "tonality": 0.48869612813
}