{
    "name": "078c67e5",
    "x": 37.8850212097168,
    "y": 22.77747917175293,
    "loudness": 0.920109510422,
    "raspiness": 0.161312878132,
    "color": 26.2490234375,
    "location": 49.51640649037448,
    "stability": 0.757964611053,
    "tonality": 0.48869612813
}