{
    "name": "078f7ac0",
    "x": 26.362224578857422,
    "y": -16.593185424804688,
    "loudness": 0.197497054935,
    "raspiness": 0.212017416954,
    "color": 110.402656555,
    "location": 3446.68505859,
    "stability": 0.632367014885,
    "tonality": 0.493494182825
}