{
    "name": "079bb1c3",
    "x": -0.5152045488357544,
    "y": 8.888744354248047,
    "loudness": 0.943782150745,
    "raspiness": 0.0518704913557,
    "color": 28.4416046143,
    "location": 1647.52416992,
    "stability": 0.508718907833,
    "tonality": 0.414733558893
}