{
    "name": "079bb1c3",
    "x": -17.73429298400879,
    "y": 25.45699119567871,
    "loudness": 0.943782150745,
    "raspiness": 0.0518704913557,
    "color": 28.4416046143,
    "location": 1647.52416992,
    "stability": 0.508718907833,
    "tonality": 0.414733558893
}