{
    "name": "079bb1c3",
    "x": -12.838201522827148,
    "y": 21.595901489257812,
    "loudness": 0.943782150745,
    "raspiness": 0.0518704913557,
    "color": 28.4416046143,
    "location": 40.589705220905465,
    "stability": 0.508718907833,
    "tonality": 0.414733558893
}