{
    "name": "07a177eb",
    "x": 7.701904773712158,
    "y": 7.016573429107666,
    "loudness": 0.826107978821,
    "raspiness": 0.194411352277,
    "color": 114.729072571,
    "location": 3163.34692383,
    "stability": 0.459948956966,
    "tonality": 0.492918431759
}