{
    "name": "07a16abd",
    "x": 44.53253173828125,
    "y": 18.8563289642334,
    "loudness": 0.952536344528,
    "raspiness": 0.171374976635,
    "color": 30.179851532,
    "location": 56.002903454285295,
    "stability": 0.801298856735,
    "tonality": 0.495097845793
}