{
    "name": "07a16abd",
    "x": 8.919502258300781,
    "y": 9.731575965881348,
    "loudness": 0.952536344528,
    "raspiness": 0.171374976635,
    "color": 30.179851532,
    "location": 3136.32519531,
    "stability": 0.801298856735,
    "tonality": 0.495097845793
}