{
    "name": "07a177eb",
    "x": 26.691165924072266,
    "y": -0.20802056789398193,
    "loudness": 0.826107978821,
    "raspiness": 0.194411352277,
    "color": 114.729072571,
    "location": 56.243638963264104,
    "stability": 0.459948956966,
    "tonality": 0.492918431759
}