{
    "name": "07a99531",
    "x": -10.660554885864258,
    "y": 39.04128646850586,
    "loudness": 0.941052019596,
    "raspiness": 0.0567512102425,
    "color": 29.9338378906,
    "location": 37.47567244746917,
    "stability": 0.690669715405,
    "tonality": 0.410979956388
}