{
    "name": "07b44e8e",
    "x": 39.85909652709961,
    "y": -31.44217872619629,
    "loudness": 0.978475868702,
    "raspiness": 0.407773554325,
    "color": 613.275268555,
    "location": 5357.13476562,
    "stability": 0.740365982056,
    "tonality": 0.497886091471
}