{
    "name": "07b910ee",
    "x": -3.0631957054138184,
    "y": 7.184937477111816,
    "loudness": 0.99068403244,
    "raspiness": 0.0222886037081,
    "color": 4.95457935333,
    "location": 931.507873535,
    "stability": 0.326225787401,
    "tonality": 0.348993897438
}