{
    "name": "07b910ee",
    "x": -28.533605575561523,
    "y": -1.5120344161987305,
    "loudness": 0.99068403244,
    "raspiness": 0.0222886037081,
    "color": 4.95457935333,
    "location": 30.5206139115025,
    "stability": 0.326225787401,
    "tonality": 0.348993897438
}