{
    "name": "07c8c909",
    "x": -9.717565536499023,
    "y": 19.234386444091797,
    "loudness": 0.99068403244,
    "raspiness": 0.0585561916232,
    "color": 9.35159683228,
    "location": 32.38936434772995,
    "stability": 0.485716491938,
    "tonality": 0.43738758564
}