{
    "name": "07c8c909",
    "x": 0.5858983993530273,
    "y": 8.736159324645996,
    "loudness": 0.99068403244,
    "raspiness": 0.0585561916232,
    "color": 9.35159683228,
    "location": 1049.07092285,
    "stability": 0.485716491938,
    "tonality": 0.43738758564
}