{
    "name": "07ce4408",
    "x": 11.808438301086426,
    "y": -16.862274169921875,
    "loudness": 0.110172435641,
    "raspiness": 0.109594449401,
    "color": 11.0691738129,
    "location": 1219.50671387,
    "stability": 0.679861962795,
    "tonality": 0.46705058217
}