{
    "name": "07ce4408",
    "x": 13.341032028198242,
    "y": -21.5689640045166,
    "loudness": 0.110172435641,
    "raspiness": 0.109594449401,
    "color": 11.0691738129,
    "location": 34.921436308806086,
    "stability": 0.679861962795,
    "tonality": 0.46705058217
}