{
    "name": "07db7f16",
    "x": 1.6153584718704224,
    "y": 6.847140312194824,
    "loudness": 0.966208875179,
    "raspiness": 0.0650018155575,
    "color": 27.465549469,
    "location": 44.90996853082843,
    "stability": 0.382244080305,
    "tonality": 0.463023066521
}