{
    "name": "07ec6849",
    "x": 3.8459630012512207,
    "y": 4.895879745483398,
    "loudness": 0.550387561321,
    "raspiness": 0.107424452901,
    "color": 10.995303154,
    "location": 2370.89941406,
    "stability": 0.359775155783,
    "tonality": 0.485627949238
}