{
    "name": "07ed1d56",
    "x": 25.47195816040039,
    "y": 24.67830467224121,
    "loudness": 0.773994505405,
    "raspiness": 0.106841363013,
    "color": 9.80757331848,
    "location": 2126.56665039,
    "stability": 0.69907861948,
    "tonality": 0.489270538092
}