{
    "name": "07f16007",
    "x": -37.984039306640625,
    "y": -1.2614725828170776,
    "loudness": 0.876599609852,
    "raspiness": 0.0170592069626,
    "color": 5.75970745087,
    "location": 376.85647583,
    "stability": 0.423589020967,
    "tonality": 0.334942400455
}