{
    "name": "07f16007",
    "x": -34.64812469482422,
    "y": 5.100438117980957,
    "loudness": 0.876599609852,
    "raspiness": 0.0170592069626,
    "color": 5.75970745087,
    "location": 19.412791551706313,
    "stability": 0.423589020967,
    "tonality": 0.334942400455
}