{
    "name": "07f6b1dc",
    "x": -7.5988264083862305,
    "y": 29.022335052490234,
    "loudness": 0.953809142113,
    "raspiness": 0.0446637049317,
    "color": 5.00739049911,
    "location": 27.32302674534796,
    "stability": 0.568801403046,
    "tonality": 0.457937568426
}