{
    "name": "07f6b1dc",
    "x": 1.6666643619537354,
    "y": 9.719212532043457,
    "loudness": 0.953809142113,
    "raspiness": 0.0446637049317,
    "color": 5.00739049911,
    "location": 746.547790527,
    "stability": 0.568801403046,
    "tonality": 0.457937568426
}