{
    "name": "080bffb7",
    "x": 43.397735595703125,
    "y": -16.677629470825195,
    "loudness": 0.99068403244,
    "raspiness": 0.320589631796,
    "color": 299.428344727,
    "location": 4021.57275391,
    "stability": 0.784956753254,
    "tonality": 0.492522120476
}