{
    "name": "081a3386",
    "x": 28.151329040527344,
    "y": 44.577980041503906,
    "loudness": 0.984892249107,
    "raspiness": 0.0936243012547,
    "color": 11.966386795,
    "location": 1904.17529297,
    "stability": 0.728569865227,
    "tonality": 0.489404797554
}