{
    "name": "081c263d",
    "x": 37.64729309082031,
    "y": -18.922521591186523,
    "loudness": 0.99068403244,
    "raspiness": 0.257710784674,
    "color": 356.727172852,
    "location": 5543.54882812,
    "stability": 0.490519165993,
    "tonality": 0.488733172417
}