{
    "name": "081c263d",
    "x": 38.88346862792969,
    "y": -13.645939826965332,
    "loudness": 0.99068403244,
    "raspiness": 0.257710784674,
    "color": 356.727172852,
    "location": 74.45501210878956,
    "stability": 0.490519165993,
    "tonality": 0.488733172417
}