{
    "name": "0832c151",
    "x": -23.83086585998535,
    "y": 23.919525146484375,
    "loudness": 0.824805855751,
    "raspiness": 0.0530480779707,
    "color": 12.9734869003,
    "location": 34.332719025734036,
    "stability": 0.574814200401,
    "tonality": 0.379679679871
}