{
    "name": "0832c151",
    "x": -29.54667091369629,
    "y": 20.99713134765625,
    "loudness": 0.824805855751,
    "raspiness": 0.0530480779707,
    "color": 12.9734869003,
    "location": 1178.7355957,
    "stability": 0.574814200401,
    "tonality": 0.379679679871
}