{
    "name": "086dfaff",
    "x": 3.8021085262298584,
    "y": 0.6101377606391907,
    "loudness": 0.00719038536772,
    "raspiness": 0.012847000733,
    "color": 5.20178794861,
    "location": 680.829406738,
    "stability": 0.234255984426,
    "tonality": 0.452725678682
}