{
    "name": "086dfaff",
    "x": -5.758654594421387,
    "y": -22.804590225219727,
    "loudness": 0.00719038536772,
    "raspiness": 0.012847000733,
    "color": 5.20178794861,
    "location": 26.09270792267449,
    "stability": 0.234255984426,
    "tonality": 0.452725678682
}