{
    "name": "086e6a35",
    "x": 6.348194122314453,
    "y": 10.802261352539062,
    "loudness": 0.99068403244,
    "raspiness": 0.110721074045,
    "color": 23.4571456909,
    "location": 2095.57104492,
    "stability": 0.698551535606,
    "tonality": 0.485164284706
}