{
    "name": "086e6a35",
    "x": 30.307723999023438,
    "y": 36.56571578979492,
    "loudness": 0.99068403244,
    "raspiness": 0.110721074045,
    "color": 23.4571456909,
    "location": 2095.57104492,
    "stability": 0.698551535606,
    "tonality": 0.485164284706
}