{
    "name": "086e6a35",
    "x": 26.966663360595703,
    "y": 30.865999221801758,
    "loudness": 0.99068403244,
    "raspiness": 0.110721074045,
    "color": 23.4571456909,
    "location": 45.7774075819066,
    "stability": 0.698551535606,
    "tonality": 0.485164284706
}