{
    "name": "0879e568",
    "x": -1.4977293014526367,
    "y": 6.663218975067139,
    "loudness": 0.99068403244,
    "raspiness": 0.0223979335278,
    "color": 8.62965679169,
    "location": 1091.1673584,
    "stability": 0.290608763695,
    "tonality": 0.401799589396
}