{
    "name": "0879e568",
    "x": -19.809593200683594,
    "y": 0.11235643178224564,
    "loudness": 0.99068403244,
    "raspiness": 0.0223979335278,
    "color": 8.62965679169,
    "location": 33.03282244071796,
    "stability": 0.290608763695,
    "tonality": 0.401799589396
}