{
    "name": "087f12b6",
    "x": 28.690303802490234,
    "y": 5.647883892059326,
    "loudness": 0.99068403244,
    "raspiness": 0.209444493055,
    "color": 11.8175287247,
    "location": 53.93585011594793,
    "stability": 0.502810835838,
    "tonality": 0.464886218309
}