{
    "name": "0886d4f8",
    "x": 23.87653160095215,
    "y": -11.100923538208008,
    "loudness": 0.300413966179,
    "raspiness": 0.167927488685,
    "color": 12.3765144348,
    "location": 54.65905286912681,
    "stability": 0.691307783127,
    "tonality": 0.490812122822
}