{
    "name": "0886d4f8",
    "x": 6.641141414642334,
    "y": 3.38686466217041,
    "loudness": 0.300413966179,
    "raspiness": 0.167927488685,
    "color": 12.3765144348,
    "location": 2987.61206055,
    "stability": 0.691307783127,
    "tonality": 0.490812122822
}