{
    "name": "0886c767",
    "x": 10.819635391235352,
    "y": 6.39108419418335,
    "loudness": 0.568926632404,
    "raspiness": 0.340559661388,
    "color": 254.596801758,
    "location": 7040.64257812,
    "stability": 0.416562378407,
    "tonality": 0.496720820665
}