{
    "name": "0886c767",
    "x": 40.727970123291016,
    "y": -14.040355682373047,
    "loudness": 0.568926632404,
    "raspiness": 0.340559661388,
    "color": 254.596801758,
    "location": 83.90853697997599,
    "stability": 0.416562378407,
    "tonality": 0.496720820665
}