{
    "name": "088b75db",
    "x": -14.14307975769043,
    "y": 4.822317600250244,
    "loudness": 0.99068403244,
    "raspiness": 0.0107886902988,
    "color": 7.40539932251,
    "location": 516.119140625,
    "stability": 0.340813219547,
    "tonality": 0.462900310755
}