{
    "name": "088d3f95",
    "x": 14.163678169250488,
    "y": 9.038451194763184,
    "loudness": 0.963017702103,
    "raspiness": 0.138345092535,
    "color": 43.6671409607,
    "location": 47.21738499017073,
    "stability": 0.440866202116,
    "tonality": 0.46273291111
}