{
    "name": "088d3f95",
    "x": 12.174814224243164,
    "y": 13.870020866394043,
    "loudness": 0.963017702103,
    "raspiness": 0.138345092535,
    "color": 43.6671409607,
    "location": 2229.48144531,
    "stability": 0.440866202116,
    "tonality": 0.46273291111
}