{
    "name": "088d3f95",
    "x": 4.683682441711426,
    "y": 7.5852837562561035,
    "loudness": 0.963017702103,
    "raspiness": 0.138345092535,
    "color": 43.6671409607,
    "location": 2229.48144531,
    "stability": 0.440866202116,
    "tonality": 0.46273291111
}