{
    "name": "08a94aca",
    "x": 19.094087600708008,
    "y": 39.14931106567383,
    "loudness": 0.99068403244,
    "raspiness": 0.0844815373421,
    "color": 5.56850528717,
    "location": 40.2940667643513,
    "stability": 0.729779541492,
    "tonality": 0.473117977381
}