{
    "name": "08a94aca",
    "x": 4.788615703582764,
    "y": 11.725048065185547,
    "loudness": 0.99068403244,
    "raspiness": 0.0844815373421,
    "color": 5.56850528717,
    "location": 1623.61181641,
    "stability": 0.729779541492,
    "tonality": 0.473117977381
}