{
    "name": "08b54ed0",
    "x": -19.948684692382812,
    "y": 27.67738151550293,
    "loudness": 0.99068403244,
    "raspiness": 0.0393275655806,
    "color": 22.2908439636,
    "location": 1097.93737793,
    "stability": 0.526929676533,
    "tonality": 0.421095758677
}