{
    "name": "08b54ed0",
    "x": -0.31030377745628357,
    "y": 9.311206817626953,
    "loudness": 0.99068403244,
    "raspiness": 0.0393275655806,
    "color": 22.2908439636,
    "location": 1097.93737793,
    "stability": 0.526929676533,
    "tonality": 0.421095758677
}