{
    "name": "08b88eb7",
    "x": -9.734280586242676,
    "y": 9.778596878051758,
    "loudness": 0.61043214798,
    "raspiness": 0.0471559278667,
    "color": 8.74200725555,
    "location": 37.21669022427975,
    "stability": 0.540066123009,
    "tonality": 0.404207974672
}