{
    "name": "08c931f6",
    "x": 2.3339359760284424,
    "y": 10.809337615966797,
    "loudness": 0.969612538815,
    "raspiness": 0.0530910342932,
    "color": 8.82172966003,
    "location": 1137.25427246,
    "stability": 0.631462275982,
    "tonality": 0.462339490652
}