{
    "name": "08cf2d2b",
    "x": 2.4912095069885254,
    "y": 9.822762489318848,
    "loudness": 0.923842310905,
    "raspiness": 0.0549097582698,
    "color": 23.0453357697,
    "location": 1277.40478516,
    "stability": 0.563608586788,
    "tonality": 0.463638544083
}