{
    "name": "08d931c3",
    "x": 1.6697410345077515,
    "y": 9.427390098571777,
    "loudness": 0.966100752354,
    "raspiness": 0.0567975714803,
    "color": 43.2619743347,
    "location": 773.23425293,
    "stability": 0.55424362421,
    "tonality": 0.467968672514
}