{
    "name": "08dba5f4",
    "x": -9.695244789123535,
    "y": -40.739437103271484,
    "loudness": 0.0107909012586,
    "raspiness": 0.00944632384926,
    "color": 3.37904715538,
    "location": 159.4480896,
    "stability": 0.185038566589,
    "tonality": 0.372864067554
}