{
    "name": "08dba5f4",
    "x": 3.0842959880828857,
    "y": 0.12261413782835007,
    "loudness": 0.0107909012586,
    "raspiness": 0.00944632384926,
    "color": 3.37904715538,
    "location": 159.4480896,
    "stability": 0.185038566589,
    "tonality": 0.372864067554
}