{
    "name": "08fb553f",
    "x": 5.638443946838379,
    "y": 5.26740026473999,
    "loudness": 0.96862757206,
    "raspiness": 0.0831439495087,
    "color": 49.1454353333,
    "location": 2119.69287109,
    "stability": 0.349551975727,
    "tonality": 0.479888349771
}