{
    "name": "08fb553f",
    "x": 4.597082614898682,
    "y": 4.0314812660217285,
    "loudness": 0.96862757206,
    "raspiness": 0.0831439495087,
    "color": 49.1454353333,
    "location": 46.040122405245626,
    "stability": 0.349551975727,
    "tonality": 0.479888349771
}