{
    "name": "0906c4a9",
    "x": 3.0031545162200928,
    "y": 0.6976179480552673,
    "loudness": 0.00471979379654,
    "raspiness": 0.01555459667,
    "color": 7.45746946335,
    "location": 282.324462891,
    "stability": 0.333734840155,
    "tonality": 0.383640825748
}