{
    "name": "0906c4a9",
    "x": -12.239534378051758,
    "y": -22.777097702026367,
    "loudness": 0.00471979379654,
    "raspiness": 0.01555459667,
    "color": 7.45746946335,
    "location": 16.802513588478362,
    "stability": 0.333734840155,
    "tonality": 0.383640825748
}