{
    "name": "090ea106",
    "x": 39.03139877319336,
    "y": -21.2536678314209,
    "loudness": 0.99068403244,
    "raspiness": 0.338470458984,
    "color": 361.074859619,
    "location": 4729.28320312,
    "stability": 0.582689225674,
    "tonality": 0.489565461874
}