{
    "name": "090e1d30",
    "x": 15.180593490600586,
    "y": 13.049507141113281,
    "loudness": 0.99068403244,
    "raspiness": 0.160509616137,
    "color": 3.1695318222,
    "location": 45.03850755842161,
    "stability": 0.534493863583,
    "tonality": 0.415144890547
}