{
    "name": "090e1d30",
    "x": 5.040876865386963,
    "y": 8.201257705688477,
    "loudness": 0.99068403244,
    "raspiness": 0.160509616137,
    "color": 3.1695318222,
    "location": 2028.46716309,
    "stability": 0.534493863583,
    "tonality": 0.415144890547
}