{
    "name": "0933c357",
    "x": 2.615288257598877,
    "y": 9.860535621643066,
    "loudness": 0.99068403244,
    "raspiness": 0.0606461875141,
    "color": 16.5955963135,
    "location": 1394.91906738,
    "stability": 0.582383573055,
    "tonality": 0.467202812433
}