{
    "name": "0939d783",
    "x": 4.643157482147217,
    "y": 45.02545166015625,
    "loudness": 0.901852846146,
    "raspiness": 0.0898795947433,
    "color": 17.4689369202,
    "location": 916.899841309,
    "stability": 0.635211825371,
    "tonality": 0.468088626862
}