{
    "name": "093bf325",
    "x": -0.37995728850364685,
    "y": 26.806196212768555,
    "loudness": 0.855936169624,
    "raspiness": 0.0369384400547,
    "color": 16.105424881,
    "location": 31.11127313238724,
    "stability": 0.580960810184,
    "tonality": 0.487045943737
}