{
    "name": "093bf325",
    "x": 2.664628267288208,
    "y": 10.581247329711914,
    "loudness": 0.855936169624,
    "raspiness": 0.0369384400547,
    "color": 16.105424881,
    "location": 967.911315918,
    "stability": 0.580960810184,
    "tonality": 0.487045943737
}