{
    "name": "0969b5c5",
    "x": -8.176499366760254,
    "y": -42.16615295410156,
    "loudness": 0.000154714289238,
    "raspiness": 0.0164216700941,
    "color": 3.36538863182,
    "location": 209.683105469,
    "stability": 0.124247178435,
    "tonality": 0.382120400667
}