{
    "name": "0969b5c5",
    "x": 3.140298366546631,
    "y": 0.05853315070271492,
    "loudness": 0.000154714289238,
    "raspiness": 0.0164216700941,
    "color": 3.36538863182,
    "location": 209.683105469,
    "stability": 0.124247178435,
    "tonality": 0.382120400667
}