{
    "name": "096b4d70",
    "x": 11.64534854888916,
    "y": 5.554103374481201,
    "loudness": 0.99068403244,
    "raspiness": 0.448183000088,
    "color": 697.283874512,
    "location": 5847.93798828,
    "stability": 0.650743484497,
    "tonality": 0.494197160006
}