{
    "name": "096b4d70",
    "x": 40.48038864135742,
    "y": -23.950572967529297,
    "loudness": 0.99068403244,
    "raspiness": 0.448183000088,
    "color": 697.283874512,
    "location": 76.4718117235364,
    "stability": 0.650743484497,
    "tonality": 0.494197160006
}