{
    "name": "098a3205",
    "x": -11.45868968963623,
    "y": 8.525979995727539,
    "loudness": 0.975145936012,
    "raspiness": 0.0362985655665,
    "color": 23.6782302856,
    "location": 726.306945801,
    "stability": 0.358147084713,
    "tonality": 0.477089375257
}