{
    "name": "098a3205",
    "x": -9.874713897705078,
    "y": 6.435382843017578,
    "loudness": 0.975145936012,
    "raspiness": 0.0362985655665,
    "color": 23.6782302856,
    "location": 26.9500824822671,
    "stability": 0.358147084713,
    "tonality": 0.477089375257
}