{
    "name": "098c2232",
    "x": 4.613707065582275,
    "y": 33.644065856933594,
    "loudness": 0.99068403244,
    "raspiness": 0.0788130313158,
    "color": 6.39944648743,
    "location": 1814.47546387,
    "stability": 0.582363843918,
    "tonality": 0.447089463472
}