{
    "name": "098c2232",
    "x": 4.005112171173096,
    "y": 9.851954460144043,
    "loudness": 0.99068403244,
    "raspiness": 0.0788130313158,
    "color": 6.39944648743,
    "location": 1814.47546387,
    "stability": 0.582363843918,
    "tonality": 0.447089463472
}