{
    "name": "0994e80c",
    "x": -14.088888168334961,
    "y": 12.971959114074707,
    "loudness": 0.882354259491,
    "raspiness": 0.0211268141866,
    "color": 18.359500885,
    "location": 367.987731934,
    "stability": 0.420122802258,
    "tonality": 0.461939543486
}