{
    "name": "099ce615",
    "x": 5.670783996582031,
    "y": 4.746707916259766,
    "loudness": 0.99068403244,
    "raspiness": 0.105842143297,
    "color": 20.3568096161,
    "location": 2165.31176758,
    "stability": 0.32395324111,
    "tonality": 0.475831717253
}