{
    "name": "09a1cfd7",
    "x": 41.76861572265625,
    "y": -0.9805923104286194,
    "loudness": 0.99068403244,
    "raspiness": 0.248079866171,
    "color": 101.24143219,
    "location": 61.64796969868513,
    "stability": 0.650497972965,
    "tonality": 0.496279388666
}