{
    "name": "09a1cfd7",
    "x": 9.697670936584473,
    "y": 7.695468425750732,
    "loudness": 0.99068403244,
    "raspiness": 0.248079866171,
    "color": 101.24143219,
    "location": 3800.47216797,
    "stability": 0.650497972965,
    "tonality": 0.496279388666
}