{
    "name": "09a355a9",
    "x": -3.219891309738159,
    "y": 52.16476058959961,
    "loudness": 0.99068403244,
    "raspiness": 0.041775174439,
    "color": 5.13766145706,
    "location": 899.573974609,
    "stability": 0.677751600742,
    "tonality": 0.460348904133
}