{
    "name": "09a585bf",
    "x": 31.86265754699707,
    "y": -34.5347785949707,
    "loudness": 0.937605261803,
    "raspiness": 0.567110478878,
    "color": 2984.69067383,
    "location": 7105.99804688,
    "stability": 0.615760087967,
    "tonality": 0.495267093182
}