{
    "name": "09a585bf",
    "x": 38.723548889160156,
    "y": -17.695384979248047,
    "loudness": 0.937605261803,
    "raspiness": 0.567110478878,
    "color": 2984.69067383,
    "location": 84.29708207808856,
    "stability": 0.615760087967,
    "tonality": 0.495267093182
}