{
    "name": "09a585bf",
    "x": 11.720002174377441,
    "y": 4.839609146118164,
    "loudness": 0.937605261803,
    "raspiness": 0.567110478878,
    "color": 2984.69067383,
    "location": 7105.99804688,
    "stability": 0.615760087967,
    "tonality": 0.495267093182
}