{
    "name": "09a63606",
    "x": 6.068911075592041,
    "y": 2.4314393997192383,
    "loudness": 0.00285855587572,
    "raspiness": 0.168286725879,
    "color": 2.49830079079,
    "location": 2439.10107422,
    "stability": 0.514048397541,
    "tonality": 0.422534406185
}