{
    "name": "09a7c5ce",
    "x": 19.5352725982666,
    "y": 33.033145904541016,
    "loudness": 0.99068403244,
    "raspiness": 0.109947793186,
    "color": 29.8132553101,
    "location": 39.433915496815686,
    "stability": 0.683294415474,
    "tonality": 0.483043253422
}