{
    "name": "09a7c5ce",
    "x": 4.8641791343688965,
    "y": 10.857193946838379,
    "loudness": 0.99068403244,
    "raspiness": 0.109947793186,
    "color": 29.8132553101,
    "location": 1555.03369141,
    "stability": 0.683294415474,
    "tonality": 0.483043253422
}