{
    "name": "09a732e6",
    "x": -3.9587602615356445,
    "y": 7.115423202514648,
    "loudness": 0.99068403244,
    "raspiness": 0.0387939438224,
    "color": 6.3126411438,
    "location": 425.729736328,
    "stability": 0.234271287918,
    "tonality": 0.315639019012
}