{
    "name": "09a895f3",
    "x": -40.35349655151367,
    "y": 13.690423011779785,
    "loudness": 0.978016853333,
    "raspiness": 0.0230909101665,
    "color": 12.7119474411,
    "location": 562.654968262,
    "stability": 0.513109385967,
    "tonality": 0.353761732578
}