{
    "name": "09a895f3",
    "x": -2.9944732189178467,
    "y": 9.476713180541992,
    "loudness": 0.978016853333,
    "raspiness": 0.0230909101665,
    "color": 12.7119474411,
    "location": 562.654968262,
    "stability": 0.513109385967,
    "tonality": 0.353761732578
}