{
    "name": "09a895f3",
    "x": -33.984798431396484,
    "y": 16.470136642456055,
    "loudness": 0.978016853333,
    "raspiness": 0.0230909101665,
    "color": 12.7119474411,
    "location": 23.72034924409841,
    "stability": 0.513109385967,
    "tonality": 0.353761732578
}