{
    "name": "09b51c66",
    "x": -14.753711700439453,
    "y": 3.021850109100342,
    "loudness": 0.897847354412,
    "raspiness": 0.0767883881927,
    "color": 27.8306369781,
    "location": 1460.81628418,
    "stability": 0.278946489096,
    "tonality": 0.419067651033
}