{
    "name": "09b51c66",
    "x": -14.467692375183105,
    "y": 2.947646141052246,
    "loudness": 0.897847354412,
    "raspiness": 0.0767883881927,
    "color": 27.8306369781,
    "location": 38.22062642317627,
    "stability": 0.278946489096,
    "tonality": 0.419067651033
}