{
    "name": "09b51c66",
    "x": -1.2883998155593872,
    "y": 7.319421291351318,
    "loudness": 0.897847354412,
    "raspiness": 0.0767883881927,
    "color": 27.8306369781,
    "location": 1460.81628418,
    "stability": 0.278946489096,
    "tonality": 0.419067651033
}