{
    "name": "09b8a126",
    "x": -11.02491569519043,
    "y": 12.882381439208984,
    "loudness": 0.968220174313,
    "raspiness": 0.0676453784108,
    "color": 36.6814041138,
    "location": 43.71771827989196,
    "stability": 0.418009847403,
    "tonality": 0.41225540638
}