{
    "name": "09b901f8",
    "x": 21.823530197143555,
    "y": 38.75984573364258,
    "loudness": 0.919104993343,
    "raspiness": 0.0678041279316,
    "color": 19.462518692,
    "location": 1985.56103516,
    "stability": 0.666696846485,
    "tonality": 0.47987356782
}