{
    "name": "09bc3033",
    "x": 11.564628601074219,
    "y": 34.818092346191406,
    "loudness": 0.901036143303,
    "raspiness": 0.097022600472,
    "color": 8.79529953003,
    "location": 1560.65759277,
    "stability": 0.593168735504,
    "tonality": 0.478037387133
}