{
    "name": "09ca1e09",
    "x": 43.93484115600586,
    "y": -7.392162799835205,
    "loudness": 0.99068403244,
    "raspiness": 0.338906764984,
    "color": 65.2238235474,
    "location": 64.68305011871348,
    "stability": 0.58466398716,
    "tonality": 0.484920144081
}