{
    "name": "09ca1e09",
    "x": 45.3363037109375,
    "y": -9.987152099609375,
    "loudness": 0.99068403244,
    "raspiness": 0.338906764984,
    "color": 65.2238235474,
    "location": 4183.89697266,
    "stability": 0.58466398716,
    "tonality": 0.484920144081
}