{
    "name": "09ea5276",
    "x": -7.6902995109558105,
    "y": 49.911827087402344,
    "loudness": 0.969080448151,
    "raspiness": 0.0690005868673,
    "color": 28.8878898621,
    "location": 1860.98608398,
    "stability": 0.794213414192,
    "tonality": 0.439238041639
}