{
    "name": "100f6b3f",
    "x": 43.80433654785156,
    "y": -11.261938095092773,
    "loudness": 0.99068403244,
    "raspiness": 0.37608397007,
    "color": 228.606887817,
    "location": 62.94691192346134,
    "stability": 0.605642199516,
    "tonality": 0.492479681969
}