{
    "name": "100f6b3f",
    "x": 10.473991394042969,
    "y": 6.697927474975586,
    "loudness": 0.99068403244,
    "raspiness": 0.37608397007,
    "color": 228.606887817,
    "location": 3962.3137207,
    "stability": 0.605642199516,
    "tonality": 0.492479681969
}