{
    "name": "1023facf",
    "x": 9.981786727905273,
    "y": 7.22985315322876,
    "loudness": 0.99068403244,
    "raspiness": 0.302296042442,
    "color": 131.677047729,
    "location": 3936.15771484,
    "stability": 0.576262891293,
    "tonality": 0.490622609854
}