{
    "name": "102db6b4",
    "x": -1.3299332857131958,
    "y": 7.382786750793457,
    "loudness": 0.795977473259,
    "raspiness": 0.0642661824822,
    "color": 15.5753030777,
    "location": 1671.22851562,
    "stability": 0.306675106287,
    "tonality": 0.417596787214
}