{
    "name": "102db6b4",
    "x": -14.577253341674805,
    "y": 3.9790754318237305,
    "loudness": 0.795977473259,
    "raspiness": 0.0642661824822,
    "color": 15.5753030777,
    "location": 1671.22851562,
    "stability": 0.306675106287,
    "tonality": 0.417596787214
}