{
    "name": "102db6b4",
    "x": -13.670103073120117,
    "y": 3.677302598953247,
    "loudness": 0.795977473259,
    "raspiness": 0.0642661824822,
    "color": 15.5753030777,
    "location": 40.8806618784481,
    "stability": 0.306675106287,
    "tonality": 0.417596787214
}