{
    "name": "102ef2c7",
    "x": -12.251230239868164,
    "y": 32.048988342285156,
    "loudness": 0.961732447147,
    "raspiness": 0.0493270196021,
    "color": 26.8141555786,
    "location": 1581.88317871,
    "stability": 0.56454795599,
    "tonality": 0.423637807369
}