{
    "name": "102ef2c7",
    "x": -8.811354637145996,
    "y": 27.45951271057129,
    "loudness": 0.961732447147,
    "raspiness": 0.0493270196021,
    "color": 26.8141555786,
    "location": 39.772895025507005,
    "stability": 0.56454795599,
    "tonality": 0.423637807369
}