{
    "name": "1032e684",
    "x": 6.817135810852051,
    "y": 35.7476921081543,
    "loudness": 0.99068403244,
    "raspiness": 0.0790958851576,
    "color": 25.3266620636,
    "location": 1738.15637207,
    "stability": 0.599540412426,
    "tonality": 0.454309284687
}