{
    "name": "1032e684",
    "x": 8.016059875488281,
    "y": 28.64906120300293,
    "loudness": 0.99068403244,
    "raspiness": 0.0790958851576,
    "color": 25.3266620636,
    "location": 41.691202574044326,
    "stability": 0.599540412426,
    "tonality": 0.454309284687
}