{
    "name": "103b9ed4",
    "x": -14.145215034484863,
    "y": 12.394481658935547,
    "loudness": 0.99068403244,
    "raspiness": 0.0557400174439,
    "color": 11.5178833008,
    "location": 37.39959703526229,
    "stability": 0.411489963531,
    "tonality": 0.419831544161
}