{
    "name": "103dfb7c",
    "x": 5.943297386169434,
    "y": 3.7234556674957275,
    "loudness": 0.449912458658,
    "raspiness": 0.177767708898,
    "color": 62.5271186829,
    "location": 2060.07250977,
    "stability": 0.692056000233,
    "tonality": 0.48526480794
}