{
    "name": "103dfb7c",
    "x": 22.24591064453125,
    "y": -4.310306072235107,
    "loudness": 0.449912458658,
    "raspiness": 0.177767708898,
    "color": 62.5271186829,
    "location": 2060.07250977,
    "stability": 0.692056000233,
    "tonality": 0.48526480794
}