{
    "name": "103eceae",
    "x": -0.3099419176578522,
    "y": 41.07267761230469,
    "loudness": 0.99068403244,
    "raspiness": 0.0538651309907,
    "color": 12.4072647095,
    "location": 26.540054855237205,
    "stability": 0.681365847588,
    "tonality": 0.45681682229
}