{
    "name": "103f29e5",
    "x": -43.54222106933594,
    "y": 19.72602081298828,
    "loudness": 0.974246263504,
    "raspiness": 0.0324276201427,
    "color": 14.5459365845,
    "location": 556.31262207,
    "stability": 0.592620372772,
    "tonality": 0.349929660559
}