{
    "name": "103f29e5",
    "x": -35.500511169433594,
    "y": 22.63957977294922,
    "loudness": 0.974246263504,
    "raspiness": 0.0324276201427,
    "color": 14.5459365845,
    "location": 23.58628037800789,
    "stability": 0.592620372772,
    "tonality": 0.349929660559
}