{
    "name": "104f8672",
    "x": 2.729135036468506,
    "y": 0.03434393182396889,
    "loudness": 0.0611433237791,
    "raspiness": 0.0682779923081,
    "color": 21.550661087,
    "location": 1507.59216309,
    "stability": 0.0424595698714,
    "tonality": 0.388516366482
}