{
    "name": "104f8672",
    "x": -7.755004405975342,
    "y": -37.77549743652344,
    "loudness": 0.0611433237791,
    "raspiness": 0.0682779923081,
    "color": 21.550661087,
    "location": 1507.59216309,
    "stability": 0.0424595698714,
    "tonality": 0.388516366482
}