{
    "name": "105a8017",
    "x": 11.158473014831543,
    "y": 6.599070072174072,
    "loudness": 0.99068403244,
    "raspiness": 0.341050088406,
    "color": 182.328033447,
    "location": 5755.90917969,
    "stability": 0.676597297192,
    "tonality": 0.495157569647
}