{
    "name": "105f4e16",
    "x": 34.67893600463867,
    "y": 8.623412132263184,
    "loudness": 0.99068403244,
    "raspiness": 0.194733798504,
    "color": 39.3249282837,
    "location": 3118.13061523,
    "stability": 0.573423802853,
    "tonality": 0.494927912951
}