{
    "name": "1068cb59",
    "x": -12.633288383483887,
    "y": -7.603075981140137,
    "loudness": 0.687639355659,
    "raspiness": 0.00848038960248,
    "color": 11.0851211548,
    "location": 23.99666317949227,
    "stability": 0.15345659852,
    "tonality": 0.444940507412
}