{
    "name": "106f028c",
    "x": -3.10101318359375,
    "y": 9.079716682434082,
    "loudness": 0.916147708893,
    "raspiness": 0.0353978425264,
    "color": 7.93314695358,
    "location": 902.701293945,
    "stability": 0.489230841398,
    "tonality": 0.350491076708
}