{
    "name": "1071fd84",
    "x": -1.9033571481704712,
    "y": 50.050743103027344,
    "loudness": 0.984790742397,
    "raspiness": 0.0565592460334,
    "color": 10.4486608505,
    "location": 989.471862793,
    "stability": 0.662278056145,
    "tonality": 0.452751249075
}