{
    "name": "108e95b3",
    "x": -2.0846168994903564,
    "y": 7.64406681060791,
    "loudness": 0.783694624901,
    "raspiness": 0.0369756221771,
    "color": 15.3142375946,
    "location": 1321.47033691,
    "stability": 0.359157890081,
    "tonality": 0.379462957382
}