{
    "name": "108e95b3",
    "x": -23.99941062927246,
    "y": 2.2271106243133545,
    "loudness": 0.783694624901,
    "raspiness": 0.0369756221771,
    "color": 15.3142375946,
    "location": 1321.47033691,
    "stability": 0.359157890081,
    "tonality": 0.379462957382
}