{
    "name": "108f96a6",
    "x": -6.672824859619141,
    "y": -18.268253326416016,
    "loudness": 0.134396478534,
    "raspiness": 0.00616488419473,
    "color": 4.44306898117,
    "location": 13.56224854406525,
    "stability": 0.527546346188,
    "tonality": 0.402555465698
}