{
    "name": "108f96a6",
    "x": 3.1575582027435303,
    "y": 1.600630521774292,
    "loudness": 0.134396478534,
    "raspiness": 0.00616488419473,
    "color": 4.44306898117,
    "location": 183.934585571,
    "stability": 0.527546346188,
    "tonality": 0.402555465698
}