{
    "name": "10a229f4",
    "x": -18.129657745361328,
    "y": 20.75152587890625,
    "loudness": 0.951012432575,
    "raspiness": 0.0183292366564,
    "color": 6.8736114502,
    "location": 501.753845215,
    "stability": 0.48161059618,
    "tonality": 0.447266638279
}