{
    "name": "10ac55a1",
    "x": 2.9865171909332275,
    "y": 17.4366397857666,
    "loudness": 0.759494006634,
    "raspiness": 0.063720703125,
    "color": 8.78005313873,
    "location": 36.28895906195161,
    "stability": 0.56323236227,
    "tonality": 0.465805917978
}