{
    "name": "10ac55a1",
    "x": 3.3430352210998535,
    "y": 10.021523475646973,
    "loudness": 0.759494006634,
    "raspiness": 0.063720703125,
    "color": 8.78005313873,
    "location": 1316.8885498,
    "stability": 0.56323236227,
    "tonality": 0.465805917978
}