{
    "name": "10b0e98b",
    "x": 15.559549331665039,
    "y": 27.44098663330078,
    "loudness": 0.947382211685,
    "raspiness": 0.127317562699,
    "color": 5.85101318359,
    "location": 36.54168411184684,
    "stability": 0.621453523636,
    "tonality": 0.474681288004
}