{
    "name": "10b0e98b",
    "x": 16.217578887939453,
    "y": 35.42536163330078,
    "loudness": 0.947382211685,
    "raspiness": 0.127317562699,
    "color": 5.85101318359,
    "location": 1335.29467773,
    "stability": 0.621453523636,
    "tonality": 0.474681288004
}