{
    "name": "10cf0a2c",
    "x": -22.74531364440918,
    "y": 26.52439308166504,
    "loudness": 0.925915598869,
    "raspiness": 0.0364003293216,
    "color": 7.22777414322,
    "location": 24.522305047119858,
    "stability": 0.587960898876,
    "tonality": 0.396729499102
}