{
    "name": "10e3e4eb",
    "x": 4.272008895874023,
    "y": 11.630803108215332,
    "loudness": 0.99068403244,
    "raspiness": 0.0732060149312,
    "color": 4.10394954681,
    "location": 1457.58691406,
    "stability": 0.739272534847,
    "tonality": 0.44868901372
}