{
    "name": "10e3e4eb",
    "x": 12.393787384033203,
    "y": 51.18482208251953,
    "loudness": 0.99068403244,
    "raspiness": 0.0732060149312,
    "color": 4.10394954681,
    "location": 1457.58691406,
    "stability": 0.739272534847,
    "tonality": 0.44868901372
}