{
    "name": "10efbc5b",
    "x": -43.55293655395508,
    "y": -7.451152801513672,
    "loudness": 0.985853672028,
    "raspiness": 0.0589577928185,
    "color": 5.5471367836,
    "location": 730.583862305,
    "stability": 0.393799841404,
    "tonality": 0.304936528206
}