{
    "name": "10efbc5b",
    "x": -39.001502990722656,
    "y": -0.14340756833553314,
    "loudness": 0.985853672028,
    "raspiness": 0.0589577928185,
    "color": 5.5471367836,
    "location": 27.0293148693229,
    "stability": 0.393799841404,
    "tonality": 0.304936528206
}