{
    "name": "111bad6f",
    "x": 28.58196258544922,
    "y": 48.22740936279297,
    "loudness": 0.99068403244,
    "raspiness": 0.0827880874276,
    "color": 26.3147640228,
    "location": 1894.39282227,
    "stability": 0.757334053516,
    "tonality": 0.484714031219
}