{
    "name": "111bad6f",
    "x": 5.605287551879883,
    "y": 12.012896537780762,
    "loudness": 0.99068403244,
    "raspiness": 0.0827880874276,
    "color": 26.3147640228,
    "location": 1894.39282227,
    "stability": 0.757334053516,
    "tonality": 0.484714031219
}