{
    "name": "1133db9b",
    "x": 9.789252281188965,
    "y": 30.37640953063965,
    "loudness": 0.961926162243,
    "raspiness": 0.0924294441938,
    "color": 9.02336406708,
    "location": 36.209648878165055,
    "stability": 0.606850624084,
    "tonality": 0.471640259027
}