{
    "name": "1133db9b",
    "x": 8.916608810424805,
    "y": 39.67839813232422,
    "loudness": 0.961926162243,
    "raspiness": 0.0924294441938,
    "color": 9.02336406708,
    "location": 1311.13867188,
    "stability": 0.606850624084,
    "tonality": 0.471640259027
}