{
    "name": "113c5e2f",
    "x": -4.8742356300354,
    "y": 14.168370246887207,
    "loudness": 0.971275568008,
    "raspiness": 0.0438602343202,
    "color": 12.0371799469,
    "location": 1309.83666992,
    "stability": 0.415314912796,
    "tonality": 0.476308435202
}