{
    "name": "113c5e2f",
    "x": -3.992861270904541,
    "y": 10.069881439208984,
    "loudness": 0.971275568008,
    "raspiness": 0.0438602343202,
    "color": 12.0371799469,
    "location": 36.191665752214284,
    "stability": 0.415314912796,
    "tonality": 0.476308435202
}