{
    "name": "1152dffc",
    "x": 4.038875102996826,
    "y": 0.8868668675422668,
    "loudness": 0.32803606987,
    "raspiness": 0.0111018801108,
    "color": 33.0736465454,
    "location": 1308.8614502,
    "stability": 0.165170535445,
    "tonality": 0.482799589634
}