{
    "name": "1152dffc",
    "x": -1.1146122217178345,
    "y": -24.519453048706055,
    "loudness": 0.32803606987,
    "raspiness": 0.0111018801108,
    "color": 33.0736465454,
    "location": 1308.8614502,
    "stability": 0.165170535445,
    "tonality": 0.482799589634
}