{
    "name": "1152dffc",
    "x": -3.1873257160186768,
    "y": -13.185029983520508,
    "loudness": 0.32803606987,
    "raspiness": 0.0111018801108,
    "color": 33.0736465454,
    "location": 36.178190256009216,
    "stability": 0.165170535445,
    "tonality": 0.482799589634
}