{
    "name": "1163de55",
    "x": 54.82193374633789,
    "y": -4.7137579917907715,
    "loudness": 0.834153175354,
    "raspiness": 0.260151535273,
    "color": 43.973197937,
    "location": 4679.02685547,
    "stability": 0.761336028576,
    "tonality": 0.498488873243
}