{
    "name": "1163de55",
    "x": 10.53410530090332,
    "y": 7.68441915512085,
    "loudness": 0.834153175354,
    "raspiness": 0.260151535273,
    "color": 43.973197937,
    "location": 4679.02685547,
    "stability": 0.761336028576,
    "tonality": 0.498488873243
}