{
    "name": "1163de55",
    "x": 47.62735366821289,
    "y": -1.1645009517669678,
    "loudness": 0.834153175354,
    "raspiness": 0.260151535273,
    "color": 43.973197937,
    "location": 68.40341260105376,
    "stability": 0.761336028576,
    "tonality": 0.498488873243
}