{
    "name": "116ddaf8",
    "x": 5.433304786682129,
    "y": 17.07221221923828,
    "loudness": 0.99068403244,
    "raspiness": 0.115841031075,
    "color": 16.7906398773,
    "location": 37.20841389323119,
    "stability": 0.483536988497,
    "tonality": 0.453155726194
}