{
    "name": "1176bda6",
    "x": -33.999603271484375,
    "y": -1.4309500455856323,
    "loudness": 0.758460998535,
    "raspiness": 0.023823723197,
    "color": 12.9061336517,
    "location": 575.288208008,
    "stability": 0.457136541605,
    "tonality": 0.339922875166
}