{
    "name": "1176bda6",
    "x": -3.281301736831665,
    "y": 8.443133354187012,
    "loudness": 0.758460998535,
    "raspiness": 0.023823723197,
    "color": 12.9061336517,
    "location": 575.288208008,
    "stability": 0.457136541605,
    "tonality": 0.339922875166
}