{
    "name": "1176bda6",
    "x": -32.191837310791016,
    "y": 6.3294830322265625,
    "loudness": 0.758460998535,
    "raspiness": 0.023823723197,
    "color": 12.9061336517,
    "location": 23.985166416099762,
    "stability": 0.457136541605,
    "tonality": 0.339922875166
}