{
    "name": "117cc2f0",
    "x": -16.21854019165039,
    "y": 35.879302978515625,
    "loudness": 0.967041432858,
    "raspiness": 0.0606678947806,
    "color": 16.6853179932,
    "location": 32.72929368379342,
    "stability": 0.663944423199,
    "tonality": 0.399633139372
}