{
    "name": "1181e997",
    "x": -7.647302150726318,
    "y": -38.51561737060547,
    "loudness": 0.00888206716627,
    "raspiness": 0.00953477062285,
    "color": 5.29191350937,
    "location": 227.51751709,
    "stability": 0.222615227103,
    "tonality": 0.391812324524
}