{
    "name": "1181ee9d",
    "x": 6.979175090789795,
    "y": 3.1534149646759033,
    "loudness": 0.113604173064,
    "raspiness": 0.228375688195,
    "color": 67.2784118652,
    "location": 2933.02490234,
    "stability": 0.772755146027,
    "tonality": 0.486865758896
}