{
    "name": "118e9ae3",
    "x": 41.190948486328125,
    "y": 6.439011573791504,
    "loudness": 0.99068403244,
    "raspiness": 0.236884221435,
    "color": 73.7966537476,
    "location": 3058.49829102,
    "stability": 0.649299323559,
    "tonality": 0.485724240541
}