{
    "name": "118e9ae3",
    "x": 8.682266235351562,
    "y": 8.357526779174805,
    "loudness": 0.99068403244,
    "raspiness": 0.236884221435,
    "color": 73.7966537476,
    "location": 3058.49829102,
    "stability": 0.649299323559,
    "tonality": 0.485724240541
}