{
    "name": "1191d9b4",
    "x": 22.71904182434082,
    "y": -9.379215240478516,
    "loudness": 0.353407859802,
    "raspiness": 0.210275635123,
    "color": 55.8269042969,
    "location": 48.09080308957213,
    "stability": 0.673049926758,
    "tonality": 0.469512492418
}