{
    "name": "1191d9b4",
    "x": 22.958993911743164,
    "y": -9.170937538146973,
    "loudness": 0.353407859802,
    "raspiness": 0.210275635123,
    "color": 55.8269042969,
    "location": 2312.7253418,
    "stability": 0.673049926758,
    "tonality": 0.469512492418
}