{
    "name": "1191d9b4",
    "x": 6.132044792175293,
    "y": 3.5476162433624268,
    "loudness": 0.353407859802,
    "raspiness": 0.210275635123,
    "color": 55.8269042969,
    "location": 2312.7253418,
    "stability": 0.673049926758,
    "tonality": 0.469512492418
}