{
    "name": "1198d2b5",
    "x": -10.188125610351562,
    "y": 18.00370216369629,
    "loudness": 0.99068403244,
    "raspiness": 0.0230712890625,
    "color": 4.50635671616,
    "location": 23.799013979700923,
    "stability": 0.480128526688,
    "tonality": 0.462614089251
}