{
    "name": "1198d2b5",
    "x": 1.085660457611084,
    "y": 7.928319931030273,
    "loudness": 0.99068403244,
    "raspiness": 0.0230712890625,
    "color": 4.50635671616,
    "location": 566.393066406,
    "stability": 0.480128526688,
    "tonality": 0.462614089251
}