{
    "name": "11a06e06",
    "x": 4.276364326477051,
    "y": 7.675299644470215,
    "loudness": 0.964211702347,
    "raspiness": 0.111423276365,
    "color": 18.1560001373,
    "location": 1816.92102051,
    "stability": 0.447976261377,
    "tonality": 0.466142952442
}