{
    "name": "11a0e319",
    "x": 5.2677178382873535,
    "y": 11.492132186889648,
    "loudness": 0.99068403244,
    "raspiness": 0.0938662588596,
    "color": 32.1631164551,
    "location": 2058.3449707,
    "stability": 0.719596207142,
    "tonality": 0.461511015892
}