{
    "name": "11a0e319",
    "x": 22.743322372436523,
    "y": 34.2760009765625,
    "loudness": 0.99068403244,
    "raspiness": 0.0938662588596,
    "color": 32.1631164551,
    "location": 45.36898688201005,
    "stability": 0.719596207142,
    "tonality": 0.461511015892
}