{
    "name": "11ab15ee",
    "x": 47.66301345825195,
    "y": 3.878143310546875,
    "loudness": 0.99068403244,
    "raspiness": 0.277335196733,
    "color": 80.2029037476,
    "location": 56.45190110766864,
    "stability": 0.794487178326,
    "tonality": 0.481225460768
}