{
    "name": "11c7778f",
    "x": 17.441194534301758,
    "y": 38.796180725097656,
    "loudness": 0.98043680191,
    "raspiness": 0.1092184484,
    "color": 10.0470914841,
    "location": 1807.61914062,
    "stability": 0.661017417908,
    "tonality": 0.463669151068
}