{
    "name": "11c7778f",
    "x": 4.7650465965271,
    "y": 10.753549575805664,
    "loudness": 0.98043680191,
    "raspiness": 0.1092184484,
    "color": 10.0470914841,
    "location": 1807.61914062,
    "stability": 0.661017417908,
    "tonality": 0.463669151068
}