{
    "name": "11c90896",
    "x": 17.65761947631836,
    "y": 4.664621829986572,
    "loudness": 0.657801568508,
    "raspiness": 0.158767357469,
    "color": 30.9023571014,
    "location": 2305.19580078,
    "stability": 0.533078432083,
    "tonality": 0.471049189568
}