{
    "name": "11cf5942",
    "x": -2.5574023723602295,
    "y": -7.086731433868408,
    "loudness": 0.592768788338,
    "raspiness": 0.00766974268481,
    "color": 31.843378067,
    "location": 49.43708517520021,
    "stability": 0.0661952346563,
    "tonality": 0.476531267166
}