{
    "name": "11d883c3",
    "x": 6.345237731933594,
    "y": 11.106544494628906,
    "loudness": 0.950189650059,
    "raspiness": 0.118857719004,
    "color": 52.2084236145,
    "location": 1828.26721191,
    "stability": 0.744514226913,
    "tonality": 0.479468524456
}