{
    "name": "11d9ace9",
    "x": -2.499770402908325,
    "y": 7.614769458770752,
    "loudness": 0.753211259842,
    "raspiness": 0.0116429002956,
    "color": 5.30790948868,
    "location": 629.268371582,
    "stability": 0.231064394116,
    "tonality": 0.397609144449
}