{
    "name": "11d9ace9",
    "x": -19.911312103271484,
    "y": -3.2524421215057373,
    "loudness": 0.753211259842,
    "raspiness": 0.0116429002956,
    "color": 5.30790948868,
    "location": 25.085222175256888,
    "stability": 0.231064394116,
    "tonality": 0.397609144449
}