{
    "name": "11d93cd3",
    "x": 12.883000373840332,
    "y": -21.540346145629883,
    "loudness": 0.0126265184954,
    "raspiness": 0.110537417233,
    "color": 15.3416891098,
    "location": 39.381407588734056,
    "stability": 0.590125799179,
    "tonality": 0.474020838737
}