{
    "name": "11df4777",
    "x": -1.8323557376861572,
    "y": 7.323433876037598,
    "loudness": 0.985361516476,
    "raspiness": 0.0508610010147,
    "color": 29.646276474,
    "location": 1500.0715332,
    "stability": 0.345667392015,
    "tonality": 0.378058612347
}