{
    "name": "11df4777",
    "x": -22.133419036865234,
    "y": 4.534499168395996,
    "loudness": 0.985361516476,
    "raspiness": 0.0508610010147,
    "color": 29.646276474,
    "location": 38.730756940705405,
    "stability": 0.345667392015,
    "tonality": 0.378058612347
}