{
    "name": "11e3ffde",
    "x": -9.473885536193848,
    "y": 20.617368698120117,
    "loudness": 0.973772108555,
    "raspiness": 0.0537005476654,
    "color": 10.0822343826,
    "location": 33.62613990870793,
    "stability": 0.499817699194,
    "tonality": 0.437986493111
}