{
    "name": "11e3ffde",
    "x": -12.655458450317383,
    "y": 26.981525421142578,
    "loudness": 0.973772108555,
    "raspiness": 0.0537005476654,
    "color": 10.0822343826,
    "location": 1130.71728516,
    "stability": 0.499817699194,
    "tonality": 0.437986493111
}