{
    "name": "11e63946",
    "x": -27.590133666992188,
    "y": -2.5683987140655518,
    "loudness": 0.99068403244,
    "raspiness": 0.0411955192685,
    "color": 2.80590367317,
    "location": 916.584716797,
    "stability": 0.306975573301,
    "tonality": 0.372931599617
}