{
    "name": "11e63946",
    "x": -24.986570358276367,
    "y": -0.6425361633300781,
    "loudness": 0.99068403244,
    "raspiness": 0.0411955192685,
    "color": 2.80590367317,
    "location": 30.275150153170173,
    "stability": 0.306975573301,
    "tonality": 0.372931599617
}