{
    "name": "11e9db25",
    "x": 42.33402633666992,
    "y": 20.893159866333008,
    "loudness": 0.963850319386,
    "raspiness": 0.164654493332,
    "color": 15.8245134354,
    "location": 2881.91113281,
    "stability": 0.694174706936,
    "tonality": 0.483368724585
}