{
    "name": "11f33ae4",
    "x": 3.779484272003174,
    "y": 10.531485557556152,
    "loudness": 0.99068403244,
    "raspiness": 0.0816465467215,
    "color": 15.3607931137,
    "location": 1574.68981934,
    "stability": 0.639611244202,
    "tonality": 0.448520094156
}