{
    "name": "11f7fc13",
    "x": -45.06195831298828,
    "y": 3.4487838745117188,
    "loudness": 0.975066781044,
    "raspiness": 0.0244724098593,
    "color": 12.3321914673,
    "location": 22.675474063908787,
    "stability": 0.492028445005,
    "tonality": 0.264216035604
}