{
    "name": "11f8b3dd",
    "x": 19.732627868652344,
    "y": 33.545875549316406,
    "loudness": 0.98110884428,
    "raspiness": 0.0809087231755,
    "color": 8.69558334351,
    "location": 43.39863087828924,
    "stability": 0.672655642033,
    "tonality": 0.476671010256
}