{
    "name": "11f8b3dd",
    "x": 21.90206527709961,
    "y": 40.95821762084961,
    "loudness": 0.98110884428,
    "raspiness": 0.0809087231755,
    "color": 8.69558334351,
    "location": 1883.44116211,
    "stability": 0.672655642033,
    "tonality": 0.476671010256
}