{
    "name": "11fab0b0",
    "x": 35.49375915527344,
    "y": -3.6788108348846436,
    "loudness": 0.99068403244,
    "raspiness": 0.286262512207,
    "color": 64.3020248413,
    "location": 65.68879711495713,
    "stability": 0.40278890729,
    "tonality": 0.484008669853
}