{
    "name": "11fab0b0",
    "x": 35.79957962036133,
    "y": -5.901041507720947,
    "loudness": 0.99068403244,
    "raspiness": 0.286262512207,
    "color": 64.3020248413,
    "location": 4315.01806641,
    "stability": 0.40278890729,
    "tonality": 0.484008669853
}