{
    "name": "11fbd6c2",
    "x": 44.560943603515625,
    "y": -6.768299579620361,
    "loudness": 0.99068403244,
    "raspiness": 0.284434765577,
    "color": 103.067047119,
    "location": 65.70103482107416,
    "stability": 0.640346348286,
    "tonality": 0.494318157434
}