{
    "name": "1207a675",
    "x": 4.6996307373046875,
    "y": 29.634140014648438,
    "loudness": 0.99068403244,
    "raspiness": 0.072577804327,
    "color": 19.3970432281,
    "location": 35.03034050448268,
    "stability": 0.589193940163,
    "tonality": 0.47637629509
}