{
    "name": "120e0846",
    "x": -4.982661247253418,
    "y": -10.572152137756348,
    "loudness": 0.415189266205,
    "raspiness": 0.0183527227491,
    "color": 6.42821788788,
    "location": 27.033939082290615,
    "stability": 0.313841104507,
    "tonality": 0.456813275814
}