{
    "name": "120e0846",
    "x": -5.341480255126953,
    "y": -19.142465591430664,
    "loudness": 0.415189266205,
    "raspiness": 0.0183527227491,
    "color": 6.42821788788,
    "location": 730.833862305,
    "stability": 0.313841104507,
    "tonality": 0.456813275814
}