{
    "name": "121d766e",
    "x": -1.4614944458007812,
    "y": 19.338441848754883,
    "loudness": 0.95689457655,
    "raspiness": 0.0815232396126,
    "color": 32.676197052,
    "location": 1942.59814453,
    "stability": 0.475065410137,
    "tonality": 0.438983887434
}