{
    "name": "121d766e",
    "x": 3.6858644485473633,
    "y": 7.881326675415039,
    "loudness": 0.95689457655,
    "raspiness": 0.0815232396126,
    "color": 32.676197052,
    "location": 1942.59814453,
    "stability": 0.475065410137,
    "tonality": 0.438983887434
}