{
    "name": "122b0e88",
    "x": 8.555581092834473,
    "y": 32.440948486328125,
    "loudness": 0.99068403244,
    "raspiness": 0.105453953147,
    "color": 8.46180725098,
    "location": 1690.42211914,
    "stability": 0.584212064743,
    "tonality": 0.453666210175
}