{
    "name": "123d0d60",
    "x": 0.5878413915634155,
    "y": 7.158960819244385,
    "loudness": 0.99068403244,
    "raspiness": 0.0406139753759,
    "color": 5.16938066483,
    "location": 632.363647461,
    "stability": 0.413296371698,
    "tonality": 0.448011785746
}