{
    "name": "123d0d60",
    "x": -11.783777236938477,
    "y": 10.422883987426758,
    "loudness": 0.99068403244,
    "raspiness": 0.0406139753759,
    "color": 5.16938066483,
    "location": 25.14684169952561,
    "stability": 0.413296371698,
    "tonality": 0.448011785746
}