{
    "name": "124eadc9",
    "x": 7.366675853729248,
    "y": 8.123467445373535,
    "loudness": 0.99068403244,
    "raspiness": 0.213986545801,
    "color": 7.96406793594,
    "location": 2421.31567383,
    "stability": 0.554323732853,
    "tonality": 0.458722680807
}