{
    "name": "124eadc9",
    "x": 29.345916748046875,
    "y": 12.614052772521973,
    "loudness": 0.99068403244,
    "raspiness": 0.213986545801,
    "color": 7.96406793594,
    "location": 2421.31567383,
    "stability": 0.554323732853,
    "tonality": 0.458722680807
}