{
    "name": "124eadc9",
    "x": 27.725313186645508,
    "y": 9.521207809448242,
    "loudness": 0.99068403244,
    "raspiness": 0.213986545801,
    "color": 7.96406793594,
    "location": 49.20686612486107,
    "stability": 0.554323732853,
    "tonality": 0.458722680807
}