{
    "name": "125e64b7",
    "x": -8.756340980529785,
    "y": 35.63371658325195,
    "loudness": 0.960353672504,
    "raspiness": 0.0464558564126,
    "color": 6.9593462944,
    "location": 28.37545601230049,
    "stability": 0.641367197037,
    "tonality": 0.431517571211
}