{
    "name": "125e6ccf",
    "x": -38.79088592529297,
    "y": 22.721923828125,
    "loudness": 0.953661382198,
    "raspiness": 0.0292131006718,
    "color": 7.64836406708,
    "location": 489.996124268,
    "stability": 0.601109802723,
    "tonality": 0.371949374676
}