{
    "name": "125e64b7",
    "x": 1.1571725606918335,
    "y": 10.752376556396484,
    "loudness": 0.960353672504,
    "raspiness": 0.0464558564126,
    "color": 6.9593462944,
    "location": 805.166503906,
    "stability": 0.641367197037,
    "tonality": 0.431517571211
}