{
    "name": "125e6ccf",
    "x": -30.78495216369629,
    "y": 24.721952438354492,
    "loudness": 0.953661382198,
    "raspiness": 0.0292131006718,
    "color": 7.64836406708,
    "location": 22.135856077143256,
    "stability": 0.601109802723,
    "tonality": 0.371949374676
}