{
    "name": "125e64b7",
    "x": -14.992663383483887,
    "y": 43.128273010253906,
    "loudness": 0.960353672504,
    "raspiness": 0.0464558564126,
    "color": 6.9593462944,
    "location": 805.166503906,
    "stability": 0.641367197037,
    "tonality": 0.431517571211
}