{
    "name": "1264b8c7",
    "x": -42.42269515991211,
    "y": 12.05063533782959,
    "loudness": 0.963832437992,
    "raspiness": 0.0267641879618,
    "color": 11.4933738708,
    "location": 657.951477051,
    "stability": 0.517147123814,
    "tonality": 0.347117781639
}