{
    "name": "1264b8c7",
    "x": -35.017547607421875,
    "y": 15.590495109558105,
    "loudness": 0.963832437992,
    "raspiness": 0.0267641879618,
    "color": 11.4933738708,
    "location": 25.650564848575947,
    "stability": 0.517147123814,
    "tonality": 0.347117781639
}