{
    "name": "129dc328",
    "x": -23.013750076293945,
    "y": -5.911942005157471,
    "loudness": 0.976713716984,
    "raspiness": 0.0159289296716,
    "color": 12.6169729233,
    "location": 22.067764648282797,
    "stability": 0.211374863982,
    "tonality": 0.385746002197
}