{
    "name": "129dc328",
    "x": -23.581401824951172,
    "y": -8.857333183288574,
    "loudness": 0.976713716984,
    "raspiness": 0.0159289296716,
    "color": 12.6169729233,
    "location": 486.986236572,
    "stability": 0.211374863982,
    "tonality": 0.385746002197
}