{
    "name": "12a38093",
    "x": -8.623964309692383,
    "y": -24.087810516357422,
    "loudness": 0.00820835027844,
    "raspiness": 0.00422482611611,
    "color": 10.4661951065,
    "location": 9.661231869958407,
    "stability": 0.059039503336,
    "tonality": 0.450729846954
}