{
    "name": "12a38093",
    "x": 3.4417996406555176,
    "y": 0.24335341155529022,
    "loudness": 0.00820835027844,
    "raspiness": 0.00422482611611,
    "color": 10.4661951065,
    "location": 93.3394012451,
    "stability": 0.059039503336,
    "tonality": 0.450729846954
}