{
    "name": "12cb4097",
    "x": 0.4503786265850067,
    "y": 5.878580093383789,
    "loudness": 0.99068403244,
    "raspiness": 0.0396471507847,
    "color": 7.75747346878,
    "location": 1378.21569824,
    "stability": 0.256097346544,
    "tonality": 0.444879233837
}