{
    "name": "12d3cdd8",
    "x": -13.974963188171387,
    "y": 34.11837387084961,
    "loudness": 0.99068403244,
    "raspiness": 0.0452547930181,
    "color": 4.66970252991,
    "location": 28.423636945454394,
    "stability": 0.631123840809,
    "tonality": 0.414361506701
}