{
    "name": "12d3cdd8",
    "x": -18.860939025878906,
    "y": 40.04909133911133,
    "loudness": 0.99068403244,
    "raspiness": 0.0452547930181,
    "color": 4.66970252991,
    "location": 807.903137207,
    "stability": 0.631123840809,
    "tonality": 0.414361506701
}