{
    "name": "12d4ec7c",
    "x": 4.780505180358887,
    "y": 11.42083740234375,
    "loudness": 0.979943990707,
    "raspiness": 0.0779754817486,
    "color": 19.8487586975,
    "location": 1993.81274414,
    "stability": 0.697654128075,
    "tonality": 0.452560812235
}