{
    "name": "12d43904",
    "x": 1.2193750143051147,
    "y": 7.5128092765808105,
    "loudness": 0.960388422012,
    "raspiness": 0.0318000167608,
    "color": 10.6707458496,
    "location": 924.151123047,
    "stability": 0.446731567383,
    "tonality": 0.464768916368
}