{
    "name": "12e4c120",
    "x": -2.0679852962493896,
    "y": -1.0224668979644775,
    "loudness": 0.499381303787,
    "raspiness": 0.0291035864502,
    "color": 8.03877925873,
    "location": 23.88992753641166,
    "stability": 0.648476660252,
    "tonality": 0.414962977171
}