{
    "name": "12f72b79",
    "x": 32.85785675048828,
    "y": -2.5531527996063232,
    "loudness": 0.612574338913,
    "raspiness": 0.170848354697,
    "color": 257.611450195,
    "location": 55.88141392162514,
    "stability": 0.643848836422,
    "tonality": 0.478493183851
}