{
    "name": "12fcf7a7",
    "x": -31.098665237426758,
    "y": -17.92365074157715,
    "loudness": 0.24818405509,
    "raspiness": 0.0445093624294,
    "color": 3.86001563072,
    "location": 22.944001069103006,
    "stability": 0.07064242661,
    "tonality": 0.128064438701
}