{
    "name": "1301b8e3",
    "x": 5.885200500488281,
    "y": 3.7300639152526855,
    "loudness": 0.345668196678,
    "raspiness": 0.164517432451,
    "color": 18.8364048004,
    "location": 2188.0546875,
    "stability": 0.775434792042,
    "tonality": 0.478664278984
}