{
    "name": "1304d545",
    "x": 8.070487022399902,
    "y": 14.944414138793945,
    "loudness": 0.99068403244,
    "raspiness": 0.101747453213,
    "color": 4.18498134613,
    "location": 1853.27563477,
    "stability": 0.43963649869,
    "tonality": 0.480301231146
}