{
    "name": "1304d545",
    "x": 7.860020160675049,
    "y": 10.883434295654297,
    "loudness": 0.99068403244,
    "raspiness": 0.101747453213,
    "color": 4.18498134613,
    "location": 43.04968797529199,
    "stability": 0.43963649869,
    "tonality": 0.480301231146
}