{
    "name": "1314cdad",
    "x": 7.852831840515137,
    "y": 7.373330116271973,
    "loudness": 0.943995833397,
    "raspiness": 0.217835873365,
    "color": 14.7597846985,
    "location": 3145.02246094,
    "stability": 0.509537816048,
    "tonality": 0.485704243183
}