{
    "name": "131b1516",
    "x": -41.11537551879883,
    "y": 17.428281784057617,
    "loudness": 0.979320526123,
    "raspiness": 0.0432912409306,
    "color": 23.9520130157,
    "location": 29.729228485902556,
    "stability": 0.575087726116,
    "tonality": 0.322733223438
}