{
    "name": "131b1516",
    "x": -48.97539520263672,
    "y": 13.046621322631836,
    "loudness": 0.979320526123,
    "raspiness": 0.0432912409306,
    "color": 23.9520130157,
    "location": 883.827026367,
    "stability": 0.575087726116,
    "tonality": 0.322733223438
}