{
    "name": "1329c048",
    "x": 0.36402586102485657,
    "y": 50.35990905761719,
    "loudness": 0.99068403244,
    "raspiness": 0.0634486600757,
    "color": 5.24773979187,
    "location": 889.038146973,
    "stability": 0.65698248148,
    "tonality": 0.466005474329
}