{
    "name": "1329c048",
    "x": 2.590146541595459,
    "y": 38.512489318847656,
    "loudness": 0.99068403244,
    "raspiness": 0.0634486600757,
    "color": 5.24773979187,
    "location": 29.816742729094337,
    "stability": 0.65698248148,
    "tonality": 0.466005474329
}