{
    "name": "134df575",
    "x": 1.5712400674819946,
    "y": 0.4922412931919098,
    "loudness": 0.0963868126273,
    "raspiness": 0.0354344584048,
    "color": 14.6505451202,
    "location": 716.544128418,
    "stability": 0.423490822315,
    "tonality": 0.210298731923
}