{
    "name": "1356f987",
    "x": 0.08303350955247879,
    "y": 11.46899700164795,
    "loudness": 0.880099236965,
    "raspiness": 0.0676752477884,
    "color": 24.7301902771,
    "location": 1875.58068848,
    "stability": 0.744294285774,
    "tonality": 0.432467579842
}