{
    "name": "1373fdab",
    "x": 21.19537353515625,
    "y": 26.86050796508789,
    "loudness": 0.99068403244,
    "raspiness": 0.117954798043,
    "color": 48.00025177,
    "location": 43.64843260587945,
    "stability": 0.650130271912,
    "tonality": 0.470349729061
}