{
    "name": "1373fdab",
    "x": 21.180803298950195,
    "y": 33.87842559814453,
    "loudness": 0.99068403244,
    "raspiness": 0.117954798043,
    "color": 48.00025177,
    "location": 1905.18566895,
    "stability": 0.650130271912,
    "tonality": 0.470349729061
}