{
    "name": "1374fcda",
    "x": 1.0882729291915894,
    "y": 5.001469135284424,
    "loudness": 0.871716856956,
    "raspiness": 0.0758869424462,
    "color": 38.4429130554,
    "location": 1880.61535645,
    "stability": 0.174065113068,
    "tonality": 0.473849892616
}