{
    "name": "1374fcda",
    "x": -2.7153966426849365,
    "y": -5.393402576446533,
    "loudness": 0.871716856956,
    "raspiness": 0.0758869424462,
    "color": 38.4429130554,
    "location": 43.36606226590097,
    "stability": 0.174065113068,
    "tonality": 0.473849892616
}