{
    "name": "1387ba89",
    "x": 4.562293529510498,
    "y": 8.551836013793945,
    "loudness": 0.99068403244,
    "raspiness": 0.126376062632,
    "color": 2.57405591011,
    "location": 1989.56298828,
    "stability": 0.533247411251,
    "tonality": 0.448854446411
}