{
    "name": "1393c9e0",
    "x": -8.917487144470215,
    "y": 41.2607307434082,
    "loudness": 0.99068403244,
    "raspiness": 0.0595446117222,
    "color": 32.7177963257,
    "location": 37.75192558982919,
    "stability": 0.721032977104,
    "tonality": 0.414080649614
}