{
    "name": "1393c9e0",
    "x": -16.825895309448242,
    "y": 46.57049560546875,
    "loudness": 0.99068403244,
    "raspiness": 0.0595446117222,
    "color": 32.7177963257,
    "location": 1425.20788574,
    "stability": 0.721032977104,
    "tonality": 0.414080649614
}