{
    "name": "1397ddc8",
    "x": 7.65533971786499,
    "y": 8.80064868927002,
    "loudness": 0.782485485077,
    "raspiness": 0.0701518580317,
    "color": 20.5241699219,
    "location": 2095.24072266,
    "stability": 0.441436856985,
    "tonality": 0.4707878232
}