{
    "name": "139c42cb",
    "x": -30.821029663085938,
    "y": 2.388415813446045,
    "loudness": 0.825864851475,
    "raspiness": 0.0370003022254,
    "color": 7.24335575104,
    "location": 30.57742837416188,
    "stability": 0.380396604538,
    "tonality": 0.342311233282
}