{
    "name": "139c42cb",
    "x": -3.1415131092071533,
    "y": 7.972776889801025,
    "loudness": 0.825864851475,
    "raspiness": 0.0370003022254,
    "color": 7.24335575104,
    "location": 934.979125977,
    "stability": 0.380396604538,
    "tonality": 0.342311233282
}