{
    "name": "13ac472f",
    "x": 0.5835337042808533,
    "y": 4.803744792938232,
    "loudness": 0.975021064281,
    "raspiness": 0.0133403260261,
    "color": 50.8297996521,
    "location": 1873.1505127,
    "stability": 0.0715368911624,
    "tonality": 0.47478929162
}