{
    "name": "13ac472f",
    "x": -6.250756740570068,
    "y": -6.424830436706543,
    "loudness": 0.975021064281,
    "raspiness": 0.0133403260261,
    "color": 50.8297996521,
    "location": 43.27990888044937,
    "stability": 0.0715368911624,
    "tonality": 0.47478929162
}