{
    "name": "13ac472f",
    "x": -5.436732769012451,
    "y": -9.582722663879395,
    "loudness": 0.975021064281,
    "raspiness": 0.0133403260261,
    "color": 50.8297996521,
    "location": 1873.1505127,
    "stability": 0.0715368911624,
    "tonality": 0.47478929162
}