{
    "name": "13b2325b",
    "x": 3.5768730640411377,
    "y": 7.3517374992370605,
    "loudness": 0.99068403244,
    "raspiness": 0.085013024509,
    "color": 20.5426177979,
    "location": 2125.0871582,
    "stability": 0.421435326338,
    "tonality": 0.454335421324
}