{
    "name": "13ca1116",
    "x": -10.556794166564941,
    "y": 6.0451836585998535,
    "loudness": 0.938974022865,
    "raspiness": 0.0649358555675,
    "color": 48.0412368774,
    "location": 37.313355504698315,
    "stability": 0.333624452353,
    "tonality": 0.434551924467
}