{
    "name": "13da16ae",
    "x": 0.15210328996181488,
    "y": 7.326373100280762,
    "loudness": 0.974853098392,
    "raspiness": 0.00824136100709,
    "color": 11.666018486,
    "location": 223.903091431,
    "stability": 0.436894178391,
    "tonality": 0.446247726679
}