{
    "name": "13db0700",
    "x": -1.1152526140213013,
    "y": 27.913204193115234,
    "loudness": 0.930707991123,
    "raspiness": 0.0873605459929,
    "color": 9.02935886383,
    "location": 35.37620256627328,
    "stability": 0.589277207851,
    "tonality": 0.440818101168
}