{
    "name": "13db0700",
    "x": -2.97465443611145,
    "y": 34.861637115478516,
    "loudness": 0.930707991123,
    "raspiness": 0.0873605459929,
    "color": 9.02935886383,
    "location": 1251.47570801,
    "stability": 0.589277207851,
    "tonality": 0.440818101168
}