{
    "name": "13e15a49",
    "x": 33.70981979370117,
    "y": 44.379180908203125,
    "loudness": 0.951875448227,
    "raspiness": 0.0899098366499,
    "color": 11.4105863571,
    "location": 2111.9465332,
    "stability": 0.76538091898,
    "tonality": 0.485282510519
}