{
    "name": "13ee6c44",
    "x": 13.226195335388184,
    "y": 38.712486267089844,
    "loudness": 0.847876667976,
    "raspiness": 0.0534775219858,
    "color": 13.8574256897,
    "location": 36.3672957504404,
    "stability": 0.738961279392,
    "tonality": 0.484669655561
}