{
    "name": "13f08982",
    "x": 4.2098588943481445,
    "y": 38.78946304321289,
    "loudness": 0.956145703793,
    "raspiness": 0.0661762878299,
    "color": 16.1303215027,
    "location": 1449.91662598,
    "stability": 0.593858778477,
    "tonality": 0.467998445034
}