{
    "name": "1401c7ff",
    "x": -43.811485290527344,
    "y": 5.195850849151611,
    "loudness": 0.99068403244,
    "raspiness": 0.0289577916265,
    "color": 13.8181734085,
    "location": 26.56511476101694,
    "stability": 0.486242562532,
    "tonality": 0.280804216862
}