{
    "name": "1401c7ff",
    "x": -4.660240173339844,
    "y": 8.99642562866211,
    "loudness": 0.99068403244,
    "raspiness": 0.0289577916265,
    "color": 13.8181734085,
    "location": 705.705322266,
    "stability": 0.486242562532,
    "tonality": 0.280804216862
}