{
    "name": "142cb2c4",
    "x": 8.712502479553223,
    "y": 27.253864288330078,
    "loudness": 0.956244289875,
    "raspiness": 0.0635463148355,
    "color": 31.8668689728,
    "location": 45.486497824959,
    "stability": 0.607059895992,
    "tonality": 0.444991648197
}