{
    "name": "142cb2c4",
    "x": 7.787079334259033,
    "y": 34.44016647338867,
    "loudness": 0.956244289875,
    "raspiness": 0.0635463148355,
    "color": 31.8668689728,
    "location": 2069.02148438,
    "stability": 0.607059895992,
    "tonality": 0.444991648197
}