{
    "name": "142dac40",
    "x": 24.541276931762695,
    "y": -23.772777557373047,
    "loudness": 0.000672131893225,
    "raspiness": 0.231170922518,
    "color": 33.1504936218,
    "location": 3489.06738281,
    "stability": 0.493345886469,
    "tonality": 0.495653271675
}