{
    "name": "1430f062",
    "x": 2.0505478382110596,
    "y": 9.957257270812988,
    "loudness": 0.972973108292,
    "raspiness": 0.052775606513,
    "color": 7.96143388748,
    "location": 976.484558105,
    "stability": 0.575161993504,
    "tonality": 0.466767400503
}