{
    "name": "143f37eb",
    "x": 10.763296127319336,
    "y": 7.535519599914551,
    "loudness": 0.99068403244,
    "raspiness": 0.284515380859,
    "color": 109.156555176,
    "location": 4878.796875,
    "stability": 0.71272611618,
    "tonality": 0.497592866421
}