{
    "name": "1441c25b",
    "x": -34.81123733520508,
    "y": -0.2894543707370758,
    "loudness": 0.907074034214,
    "raspiness": 0.03950368613,
    "color": 21.9288845062,
    "location": 32.024534356958256,
    "stability": 0.365340590477,
    "tonality": 0.321073532104
}