{
    "name": "1468f23e",
    "x": 2.660553216934204,
    "y": 1.6986329555511475,
    "loudness": 0.225014790893,
    "raspiness": 0.0715251863003,
    "color": 12.4249839783,
    "location": 1092.04162598,
    "stability": 0.598698139191,
    "tonality": 0.355188310146
}