{
    "name": "146d5e25",
    "x": 5.379053115844727,
    "y": 3.2453420162200928,
    "loudness": 0.20704369247,
    "raspiness": 0.0830646529794,
    "color": 24.0979251862,
    "location": 2047.41650391,
    "stability": 0.70193362236,
    "tonality": 0.491114228964
}