{
    "name": "146d5e25",
    "x": 15.963448524475098,
    "y": -11.544269561767578,
    "loudness": 0.20704369247,
    "raspiness": 0.0830646529794,
    "color": 24.0979251862,
    "location": 2047.41650391,
    "stability": 0.70193362236,
    "tonality": 0.491114228964
}