{
    "name": "146d5e25",
    "x": 15.66498851776123,
    "y": -14.048356056213379,
    "loudness": 0.20704369247,
    "raspiness": 0.0830646529794,
    "color": 24.0979251862,
    "location": 45.248386754778345,
    "stability": 0.70193362236,
    "tonality": 0.491114228964
}