{
    "name": "1472a525",
    "x": 8.6834716796875,
    "y": 6.2140421867370605,
    "loudness": 0.698347389698,
    "raspiness": 0.283154666424,
    "color": 295.674682617,
    "location": 4088.15209961,
    "stability": 0.585128128529,
    "tonality": 0.493710190058
}