{
    "name": "147f61ff",
    "x": 33.66036605834961,
    "y": 2.9148576259613037,
    "loudness": 0.785099029541,
    "raspiness": 0.260107725859,
    "color": 28.0498352051,
    "location": 2562.29760742,
    "stability": 0.545250177383,
    "tonality": 0.476895749569
}