{
    "name": "147f4395",
    "x": -14.627861976623535,
    "y": 26.76484489440918,
    "loudness": 0.970109701157,
    "raspiness": 0.0583971403539,
    "color": 22.7466506958,
    "location": 37.90998216894859,
    "stability": 0.553171753883,
    "tonality": 0.41177302599
}