{
    "name": "147f4395",
    "x": -18.60907745361328,
    "y": 31.549530029296875,
    "loudness": 0.970109701157,
    "raspiness": 0.0583971403539,
    "color": 22.7466506958,
    "location": 1437.16674805,
    "stability": 0.553171753883,
    "tonality": 0.41177302599
}