{
    "name": "147f61ff",
    "x": 8.166570663452148,
    "y": 6.71423864364624,
    "loudness": 0.785099029541,
    "raspiness": 0.260107725859,
    "color": 28.0498352051,
    "location": 2562.29760742,
    "stability": 0.545250177383,
    "tonality": 0.476895749569
}