{
    "name": "148a199b",
    "x": 49.4672966003418,
    "y": -11.53328800201416,
    "loudness": 0.99068403244,
    "raspiness": 0.286662459373,
    "color": 113.550575256,
    "location": 4363.08398438,
    "stability": 0.641888856888,
    "tonality": 0.49250176549
}