{
    "name": "148a199b",
    "x": 45.79356384277344,
    "y": -6.27947998046875,
    "loudness": 0.99068403244,
    "raspiness": 0.286662459373,
    "color": 113.550575256,
    "location": 66.0536447471296,
    "stability": 0.641888856888,
    "tonality": 0.49250176549
}