{
    "name": "1498eb6e",
    "x": 23.232629776000977,
    "y": 3.251891613006592,
    "loudness": 0.973615765572,
    "raspiness": 0.144761249423,
    "color": 150.045700073,
    "location": 54.44121103520751,
    "stability": 0.451417684555,
    "tonality": 0.489636749029
}