{
    "name": "149ca673",
    "x": -10.804342269897461,
    "y": -40.62866973876953,
    "loudness": 2.58129548456e-05,
    "raspiness": 0.0571284666657,
    "color": 3.67994499207,
    "location": 598.321655273,
    "stability": 0.170089974999,
    "tonality": 0.364906728268
}