{
    "name": "149ca673",
    "x": 2.810950756072998,
    "y": -0.01675642654299736,
    "loudness": 2.58129548456e-05,
    "raspiness": 0.0571284666657,
    "color": 3.67994499207,
    "location": 598.321655273,
    "stability": 0.170089974999,
    "tonality": 0.364906728268
}