{
    "name": "14a12f6c",
    "x": -27.297948837280273,
    "y": 4.814352512359619,
    "loudness": 0.979236006737,
    "raspiness": 0.0440371669829,
    "color": 32.5736846924,
    "location": 38.934576472847375,
    "stability": 0.370966017246,
    "tonality": 0.354176938534
}