{
    "name": "14a12f6c",
    "x": -2.5296733379364014,
    "y": 7.222037315368652,
    "loudness": 0.979236006737,
    "raspiness": 0.0440371669829,
    "color": 32.5736846924,
    "location": 1515.90124512,
    "stability": 0.370966017246,
    "tonality": 0.354176938534
}