{
    "name": "14ac7cbd",
    "x": -27.862565994262695,
    "y": 12.387760162353516,
    "loudness": 0.684693396091,
    "raspiness": 0.036930963397,
    "color": 9.5244436264,
    "location": 963.165466309,
    "stability": 0.558607637882,
    "tonality": 0.371565878391
}