{
    "name": "14b489cd",
    "x": -0.8158248066902161,
    "y": 10.208304405212402,
    "loudness": 0.986803174019,
    "raspiness": 0.038501739502,
    "color": 24.7137870789,
    "location": 1441.16052246,
    "stability": 0.58962059021,
    "tonality": 0.392063319683
}