{
    "name": "14b4f917",
    "x": 6.083340644836426,
    "y": 11.235366821289062,
    "loudness": 0.637571036816,
    "raspiness": 0.0990636497736,
    "color": 18.0521888733,
    "location": 2203.46704102,
    "stability": 0.711220860481,
    "tonality": 0.484114646912
}