{
    "name": "14c22798",
    "x": 48.192325592041016,
    "y": -17.374439239501953,
    "loudness": 0.973990619183,
    "raspiness": 0.412565886974,
    "color": 239.907989502,
    "location": 79.77140802981981,
    "stability": 0.731810808182,
    "tonality": 0.498249977827
}