{
    "name": "14c22798",
    "x": 11.294123649597168,
    "y": 6.39562463760376,
    "loudness": 0.973990619183,
    "raspiness": 0.412565886974,
    "color": 239.907989502,
    "location": 6363.47753906,
    "stability": 0.731810808182,
    "tonality": 0.498249977827
}