{
    "name": "14c476ad",
    "x": 25.633352279663086,
    "y": -13.871414184570312,
    "loudness": 0.222463160753,
    "raspiness": 0.211284995079,
    "color": 7.61445474625,
    "location": 54.88227146082786,
    "stability": 0.704497396946,
    "tonality": 0.494666665792
}