{
    "name": "14d0bd27",
    "x": 2.25870418548584,
    "y": 10.930180549621582,
    "loudness": 0.99068403244,
    "raspiness": 0.0431189909577,
    "color": 11.2386140823,
    "location": 943.077392578,
    "stability": 0.63766938448,
    "tonality": 0.471227318048
}