{
    "name": "14d06c29",
    "x": -0.000535487022716552,
    "y": 16.37813949584961,
    "loudness": 0.99068403244,
    "raspiness": 0.0862458869815,
    "color": 27.5248985291,
    "location": 2040.40490723,
    "stability": 0.450885504484,
    "tonality": 0.439208656549
}