{
    "name": "14d18455",
    "x": 7.440925598144531,
    "y": 7.785548686981201,
    "loudness": 0.99068403244,
    "raspiness": 0.21337890625,
    "color": 7.01351308823,
    "location": 2632.86254883,
    "stability": 0.53039085865,
    "tonality": 0.485607564449
}