{
    "name": "14d18455",
    "x": 29.66267204284668,
    "y": 6.938558578491211,
    "loudness": 0.99068403244,
    "raspiness": 0.21337890625,
    "color": 7.01351308823,
    "location": 51.31142707847834,
    "stability": 0.53039085865,
    "tonality": 0.485607564449
}