{
    "name": "14d18455",
    "x": 29.926851272583008,
    "y": 9.456864356994629,
    "loudness": 0.99068403244,
    "raspiness": 0.21337890625,
    "color": 7.01351308823,
    "location": 2632.86254883,
    "stability": 0.53039085865,
    "tonality": 0.485607564449
}