{
    "name": "14e1442c",
    "x": -0.45146411657333374,
    "y": -0.8579095602035522,
    "loudness": 0.520754575729,
    "raspiness": 0.0389035604894,
    "color": 9.76698303223,
    "location": 31.088539921537002,
    "stability": 0.528976917267,
    "tonality": 0.458965450525
}