{
    "name": "14e15b48",
    "x": -10.876752853393555,
    "y": -31.038219451904297,
    "loudness": 7.47569210944e-05,
    "raspiness": 0.0499596744776,
    "color": 13.5944890976,
    "location": 547.134338379,
    "stability": 0.355737358332,
    "tonality": 0.373118430376
}