{
    "name": "14e27632",
    "x": -18.0908145904541,
    "y": 25.062294006347656,
    "loudness": 0.99068403244,
    "raspiness": 0.0356026776135,
    "color": 5.48583650589,
    "location": 31.879155864137935,
    "stability": 0.540293455124,
    "tonality": 0.412655979395
}