{
    "name": "14e27632",
    "x": -0.633958101272583,
    "y": 9.42538070678711,
    "loudness": 0.99068403244,
    "raspiness": 0.0356026776135,
    "color": 5.48583650589,
    "location": 1016.28057861,
    "stability": 0.540293455124,
    "tonality": 0.412655979395
}