{
    "name": "14ea05da",
    "x": 38.238243103027344,
    "y": 26.09622573852539,
    "loudness": 0.910681426525,
    "raspiness": 0.129072979093,
    "color": 18.6437301636,
    "location": 2808.55126953,
    "stability": 0.711635231972,
    "tonality": 0.48508387804
}