{
    "name": "14ef39a2",
    "x": 7.183680534362793,
    "y": 3.1493418216705322,
    "loudness": 0.0244140625,
    "raspiness": 0.275652676821,
    "color": 8.27600479126,
    "location": 3503.37744141,
    "stability": 0.623858809471,
    "tonality": 0.484614938498
}