{
    "name": "14f13e6f",
    "x": 53.788414001464844,
    "y": 8.21172046661377,
    "loudness": 0.99068403244,
    "raspiness": 0.229461669922,
    "color": 12.6070928574,
    "location": 3405.63720703,
    "stability": 0.740234315395,
    "tonality": 0.484910041094
}