{
    "name": "14f26483",
    "x": 7.422238826751709,
    "y": 9.484416961669922,
    "loudness": 0.754874110222,
    "raspiness": 0.156323596835,
    "color": 7.78520345688,
    "location": 2465.89306641,
    "stability": 0.617302536964,
    "tonality": 0.477059900761
}