{
    "name": "14f80bcf",
    "x": 40.29592514038086,
    "y": 15.683867454528809,
    "loudness": 0.99068403244,
    "raspiness": 0.223270088434,
    "color": 34.0152359009,
    "location": 48.29106392977898,
    "stability": 0.780719339848,
    "tonality": 0.484129935503
}