{
    "name": "14f80bcf",
    "x": 44.08090591430664,
    "y": 17.38104248046875,
    "loudness": 0.99068403244,
    "raspiness": 0.223270088434,
    "color": 34.0152359009,
    "location": 2332.02685547,
    "stability": 0.780719339848,
    "tonality": 0.484129935503
}