{
    "name": "14f80bcf",
    "x": 8.140129089355469,
    "y": 9.796332359313965,
    "loudness": 0.99068403244,
    "raspiness": 0.223270088434,
    "color": 34.0152359009,
    "location": 2332.02685547,
    "stability": 0.780719339848,
    "tonality": 0.484129935503
}