{
    "name": "14fc31e9",
    "x": 0.2286473512649536,
    "y": 8.68132495880127,
    "loudness": 0.99068403244,
    "raspiness": 0.0620908997953,
    "color": 14.3585252762,
    "location": 1556.82019043,
    "stability": 0.483886212111,
    "tonality": 0.439666897058
}