{
    "name": "14fc31e9",
    "x": -6.001346111297607,
    "y": 17.924667358398438,
    "loudness": 0.99068403244,
    "raspiness": 0.0620908997953,
    "color": 14.3585252762,
    "location": 39.45656080336957,
    "stability": 0.483886212111,
    "tonality": 0.439666897058
}