{
    "name": "14fd19da",
    "x": -42.8554801940918,
    "y": -5.377452373504639,
    "loudness": 0.984842181206,
    "raspiness": 0.0328017398715,
    "color": 17.7825965881,
    "location": 633.903015137,
    "stability": 0.406077623367,
    "tonality": 0.320375919342
}