{
    "name": "14fd19da",
    "x": -3.8379292488098145,
    "y": 8.157829284667969,
    "loudness": 0.984842181206,
    "raspiness": 0.0328017398715,
    "color": 17.7825965881,
    "location": 633.903015137,
    "stability": 0.406077623367,
    "tonality": 0.320375919342
}