{
    "name": "14fd19da",
    "x": -36.92986297607422,
    "y": 2.598881721496582,
    "loudness": 0.984842181206,
    "raspiness": 0.0328017398715,
    "color": 17.7825965881,
    "location": 25.177430669887663,
    "stability": 0.406077623367,
    "tonality": 0.320375919342
}