{
    "name": "1516d630",
    "x": 3.3891592025756836,
    "y": 24.4718017578125,
    "loudness": 0.99068403244,
    "raspiness": 0.163079589605,
    "color": 7.02909612656,
    "location": 1322.80908203,
    "stability": 0.579095482826,
    "tonality": 0.426084309816
}