{
    "name": "151a56b3",
    "x": 18.104164123535156,
    "y": -11.285478591918945,
    "loudness": 0.286836236715,
    "raspiness": 0.19290407002,
    "color": 7.24380779266,
    "location": 45.39434687843851,
    "stability": 0.539090394974,
    "tonality": 0.472436457872
}