{
    "name": "151b80e7",
    "x": -4.70874547958374,
    "y": 26.679899215698242,
    "loudness": 0.889883160591,
    "raspiness": 0.0547574907541,
    "color": 25.1174278259,
    "location": 26.584752857098373,
    "stability": 0.563719272614,
    "tonality": 0.465692520142
}