{
    "name": "151b80e7",
    "x": 1.6619800329208374,
    "y": 9.551568031311035,
    "loudness": 0.889883160591,
    "raspiness": 0.0547574907541,
    "color": 25.1174278259,
    "location": 706.749084473,
    "stability": 0.563719272614,
    "tonality": 0.465692520142
}