{
    "name": "1539c925",
    "x": 41.813682556152344,
    "y": 15.548408508300781,
    "loudness": 0.954396784306,
    "raspiness": 0.175340741873,
    "color": 44.4199905396,
    "location": 55.77557744264061,
    "stability": 0.72833353281,
    "tonality": 0.492854148149
}