{
    "name": "1539c925",
    "x": 47.3961296081543,
    "y": 18.505924224853516,
    "loudness": 0.954396784306,
    "raspiness": 0.175340741873,
    "color": 44.4199905396,
    "location": 3110.91503906,
    "stability": 0.72833353281,
    "tonality": 0.492854148149
}