{
    "name": "1541af57",
    "x": 25.953876495361328,
    "y": 19.24391746520996,
    "loudness": 0.99068403244,
    "raspiness": 0.155210986733,
    "color": 66.7868652344,
    "location": 2347.61010742,
    "stability": 0.581259548664,
    "tonality": 0.46820640564
}