{
    "name": "1541af57",
    "x": 24.45374298095703,
    "y": 15.390433311462402,
    "loudness": 0.99068403244,
    "raspiness": 0.155210986733,
    "color": 66.7868652344,
    "location": 48.45214244406536,
    "stability": 0.581259548664,
    "tonality": 0.46820640564
}