{
    "name": "1545dcf4",
    "x": -2.1442651748657227,
    "y": 9.71661376953125,
    "loudness": 0.670162439346,
    "raspiness": 0.0364743620157,
    "color": 12.3838148117,
    "location": 821.459960938,
    "stability": 0.626366138458,
    "tonality": 0.349221527576
}