{
    "name": "1548d94a",
    "x": 0.35015544295310974,
    "y": 9.282299995422363,
    "loudness": 0.99068403244,
    "raspiness": 0.0801295265555,
    "color": 16.2218856812,
    "location": 1259.74755859,
    "stability": 0.550661504269,
    "tonality": 0.431349903345
}