{
    "name": "1548d94a",
    "x": -9.687363624572754,
    "y": 29.7206974029541,
    "loudness": 0.99068403244,
    "raspiness": 0.0801295265555,
    "color": 16.2218856812,
    "location": 1259.74755859,
    "stability": 0.550661504269,
    "tonality": 0.431349903345
}