{
    "name": "1549bbaf",
    "x": -35.10712814331055,
    "y": 20.371788024902344,
    "loudness": 0.973387539387,
    "raspiness": 0.0392934940755,
    "color": 24.11577034,
    "location": 30.125905636677548,
    "stability": 0.565380871296,
    "tonality": 0.346981406212
}