{
    "name": "1549bbaf",
    "x": -3.0738909244537354,
    "y": 9.905652046203613,
    "loudness": 0.973387539387,
    "raspiness": 0.0392934940755,
    "color": 24.11577034,
    "location": 907.57019043,
    "stability": 0.565380871296,
    "tonality": 0.346981406212
}