{
    "name": "154df401",
    "x": -21.47719383239746,
    "y": -18.3299560546875,
    "loudness": 0.462256222963,
    "raspiness": 0.00708929076791,
    "color": 9.66753768921,
    "location": 285.794525146,
    "stability": 0.312392562628,
    "tonality": 0.348753243685
}