{
    "name": "154df401",
    "x": -22.733896255493164,
    "y": -10.264626502990723,
    "loudness": 0.462256222963,
    "raspiness": 0.00708929076791,
    "color": 9.66753768921,
    "location": 16.905458442349325,
    "stability": 0.312392562628,
    "tonality": 0.348753243685
}