{
    "name": "1551f28a",
    "x": -20.873598098754883,
    "y": -1.2979962825775146,
    "loudness": 0.706554591656,
    "raspiness": 0.0181986484677,
    "color": 8.34076404572,
    "location": 550.634887695,
    "stability": 0.386211127043,
    "tonality": 0.403246670961
}