{
    "name": "1551f28a",
    "x": -18.607666015625,
    "y": 3.143268585205078,
    "loudness": 0.706554591656,
    "raspiness": 0.0181986484677,
    "color": 8.34076404572,
    "location": 23.465610746260154,
    "stability": 0.386211127043,
    "tonality": 0.403246670961
}