{
    "name": "155b4487",
    "x": 10.94790267944336,
    "y": 5.484735012054443,
    "loudness": 0.99068403244,
    "raspiness": 0.140671819448,
    "color": 760.215393066,
    "location": 3619.27392578,
    "stability": 0.165943041444,
    "tonality": 0.490378350019
}