{
    "name": "156b378a",
    "x": 5.573147773742676,
    "y": 38.99037170410156,
    "loudness": 0.896116197109,
    "raspiness": 0.0556441769004,
    "color": 15.8340206146,
    "location": 1507.41809082,
    "stability": 0.630935251713,
    "tonality": 0.465456664562
}