{
    "name": "156dd4a7",
    "x": 0.0012979627354070544,
    "y": 11.32219123840332,
    "loudness": 0.967308163643,
    "raspiness": 0.0712169334292,
    "color": 40.8136138916,
    "location": 1644.85388184,
    "stability": 0.736355543137,
    "tonality": 0.421557813883
}