{
    "name": "156dd4a7",
    "x": -5.0246171951293945,
    "y": 41.03611373901367,
    "loudness": 0.967308163643,
    "raspiness": 0.0712169334292,
    "color": 40.8136138916,
    "location": 40.55679821978062,
    "stability": 0.736355543137,
    "tonality": 0.421557813883
}