{
    "name": "159ea1c3",
    "x": 5.626472473144531,
    "y": 9.489863395690918,
    "loudness": 0.99068403244,
    "raspiness": 0.11384703964,
    "color": 33.1560096741,
    "location": 1889.46826172,
    "stability": 0.594008862972,
    "tonality": 0.478135824203
}