{
    "name": "15aebea5",
    "x": 8.56778335571289,
    "y": 8.723368644714355,
    "loudness": 0.99068403244,
    "raspiness": 0.183837890625,
    "color": 28.4049968719,
    "location": 3531.80175781,
    "stability": 0.677118480206,
    "tonality": 0.493641883135
}