{
    "name": "15b439e3",
    "x": 41.85287094116211,
    "y": 2.573934555053711,
    "loudness": 0.829576671124,
    "raspiness": 0.241682544351,
    "color": 154.874130249,
    "location": 57.84392093772689,
    "stability": 0.731111049652,
    "tonality": 0.489970743656
}