{
    "name": "15b4b254",
    "x": 1.9953197240829468,
    "y": -14.409507751464844,
    "loudness": 0.160836189985,
    "raspiness": 0.113552518189,
    "color": 29.9580497742,
    "location": 44.70893006693406,
    "stability": 0.213240534067,
    "tonality": 0.469829559326
}