{
    "name": "15b439e3",
    "x": 9.313188552856445,
    "y": 8.615593910217285,
    "loudness": 0.829576671124,
    "raspiness": 0.241682544351,
    "color": 154.874130249,
    "location": 3345.91918945,
    "stability": 0.731111049652,
    "tonality": 0.489970743656
}