{
    "name": "15b4b254",
    "x": 4.926769256591797,
    "y": 0.8968537449836731,
    "loudness": 0.160836189985,
    "raspiness": 0.113552518189,
    "color": 29.9580497742,
    "location": 1998.88842773,
    "stability": 0.213240534067,
    "tonality": 0.469829559326
}