{
    "name": "15b4b254",
    "x": 8.608959197998047,
    "y": -35.78761672973633,
    "loudness": 0.160836189985,
    "raspiness": 0.113552518189,
    "color": 29.9580497742,
    "location": 1998.88842773,
    "stability": 0.213240534067,
    "tonality": 0.469829559326
}