{
    "name": "15b6657d",
    "x": 47.18299865722656,
    "y": -2.63456392288208,
    "loudness": 0.99068403244,
    "raspiness": 0.285794764757,
    "color": 32.5950775146,
    "location": 64.5624016819387,
    "stability": 0.68335044384,
    "tonality": 0.481572598219
}