{
    "name": "15b6657d",
    "x": 52.044151306152344,
    "y": -5.428951263427734,
    "loudness": 0.99068403244,
    "raspiness": 0.285794764757,
    "color": 32.5950775146,
    "location": 4168.30371094,
    "stability": 0.68335044384,
    "tonality": 0.481572598219
}