{
    "name": "15ba13c4",
    "x": 2.643855333328247,
    "y": 1.7313920259475708,
    "loudness": 0.264800876379,
    "raspiness": 0.0345867089927,
    "color": 6.42057943344,
    "location": 766.356262207,
    "stability": 0.512091100216,
    "tonality": 0.375018626451
}