{
    "name": "15ba13c4",
    "x": -10.269134521484375,
    "y": -14.020303726196289,
    "loudness": 0.264800876379,
    "raspiness": 0.0345867089927,
    "color": 6.42057943344,
    "location": 27.68314039640373,
    "stability": 0.512091100216,
    "tonality": 0.375018626451
}