{
    "name": "15cade34",
    "x": -21.72651481628418,
    "y": -32.014827728271484,
    "loudness": 0.0274425894022,
    "raspiness": 0.0133094917983,
    "color": 3.96425414085,
    "location": 347.743011475,
    "stability": 0.34273147583,
    "tonality": 0.26665109396
}