{
    "name": "15cade34",
    "x": -24.042909622192383,
    "y": -21.401554107666016,
    "loudness": 0.0274425894022,
    "raspiness": 0.0133094917983,
    "color": 3.96425414085,
    "location": 18.64786881858085,
    "stability": 0.34273147583,
    "tonality": 0.26665109396
}