{
    "name": "15cb6baf",
    "x": -1.0327941179275513,
    "y": 5.749760627746582,
    "loudness": 0.99068403244,
    "raspiness": 0.0214614868164,
    "color": 8.46505260468,
    "location": 337.328948975,
    "stability": 0.203489899635,
    "tonality": 0.430771410465
}