{
    "name": "15cc274e",
    "x": -3.8302762508392334,
    "y": 7.577261924743652,
    "loudness": 0.927244663239,
    "raspiness": 0.0300479028374,
    "color": 10.9581575394,
    "location": 638.027648926,
    "stability": 0.339521557093,
    "tonality": 0.323038160801
}