{
    "name": "15d67d1c",
    "x": 11.573775291442871,
    "y": 19.064180374145508,
    "loudness": 0.99068403244,
    "raspiness": 0.141731262207,
    "color": 3.94830560684,
    "location": 1505.81628418,
    "stability": 0.456380844116,
    "tonality": 0.467834115028
}