{
    "name": "15d67d1c",
    "x": 10.731032371520996,
    "y": 13.878997802734375,
    "loudness": 0.99068403244,
    "raspiness": 0.141731262207,
    "color": 3.94830560684,
    "location": 38.80484871997312,
    "stability": 0.456380844116,
    "tonality": 0.467834115028
}