{
    "name": "15d798df",
    "x": -10.731952667236328,
    "y": 16.18901824951172,
    "loudness": 0.99068403244,
    "raspiness": 0.0394042953849,
    "color": 4.67476177216,
    "location": 782.001953125,
    "stability": 0.415132194757,
    "tonality": 0.46452793479
}