{
    "name": "15d88b9d",
    "x": 4.734074592590332,
    "y": 2.4447503089904785,
    "loudness": 0.0295959375799,
    "raspiness": 0.0588860400021,
    "color": 8.96672344208,
    "location": 1509.65405273,
    "stability": 0.615494370461,
    "tonality": 0.475227385759
}