{
    "name": "15d88b9d",
    "x": 10.271845817565918,
    "y": -23.01845932006836,
    "loudness": 0.0295959375799,
    "raspiness": 0.0588860400021,
    "color": 8.96672344208,
    "location": 38.854266853590225,
    "stability": 0.615494370461,
    "tonality": 0.475227385759
}