{
    "name": "15dcc731",
    "x": -45.494747161865234,
    "y": 13.308850288391113,
    "loudness": 0.978733718395,
    "raspiness": 0.0571337901056,
    "color": 51.3514137268,
    "location": 1268.41711426,
    "stability": 0.596090853214,
    "tonality": 0.320685148239
}