{
    "name": "15dcc731",
    "x": -38.3586311340332,
    "y": 17.855215072631836,
    "loudness": 0.978733718395,
    "raspiness": 0.0571337901056,
    "color": 51.3514137268,
    "location": 35.61484401566291,
    "stability": 0.596090853214,
    "tonality": 0.320685148239
}