{
    "name": "15dcc731",
    "x": -3.7980172634124756,
    "y": 9.908585548400879,
    "loudness": 0.978733718395,
    "raspiness": 0.0571337901056,
    "color": 51.3514137268,
    "location": 1268.41711426,
    "stability": 0.596090853214,
    "tonality": 0.320685148239
}