{
    "name": "15e43efb",
    "x": 1.0506229400634766,
    "y": 5.321608543395996,
    "loudness": 0.657908916473,
    "raspiness": 0.133278593421,
    "color": 48.3581809998,
    "location": 36.64003697555449,
    "stability": 0.44421672821,
    "tonality": 0.417815387249
}