{
    "name": "15edc230",
    "x": 23.183349609375,
    "y": 20.067102432250977,
    "loudness": 0.702631831169,
    "raspiness": 0.102691046894,
    "color": 13.9083337784,
    "location": 2092.56103516,
    "stability": 0.674033761024,
    "tonality": 0.491491705179
}