{
    "name": "15f7e867",
    "x": -11.911408424377441,
    "y": -7.234762191772461,
    "loudness": 0.99068403244,
    "raspiness": 0.00960286427289,
    "color": 9.60258388519,
    "location": 29.607849564921125,
    "stability": 0.166953191161,
    "tonality": 0.481711804867
}