{
    "name": "15f7e867",
    "x": -14.388642311096191,
    "y": -9.260441780090332,
    "loudness": 0.99068403244,
    "raspiness": 0.00960286427289,
    "color": 9.60258388519,
    "location": 876.624755859,
    "stability": 0.166953191161,
    "tonality": 0.481711804867
}