{
    "name": "1601a564",
    "x": 52.58494567871094,
    "y": -3.545224905014038,
    "loudness": 0.99068403244,
    "raspiness": 0.296838819981,
    "color": 31.9270782471,
    "location": 3826.05126953,
    "stability": 0.745037436485,
    "tonality": 0.493555784225
}