{
    "name": "160c92d7",
    "x": -24.737314224243164,
    "y": -16.61403465270996,
    "loudness": 0.281308293343,
    "raspiness": 0.0287306047976,
    "color": 5.92805290222,
    "location": 22.54681206137577,
    "stability": 0.434827834368,
    "tonality": 0.265399336815
}