{
    "name": "160c92d7",
    "x": 1.7943378686904907,
    "y": 0.7497292757034302,
    "loudness": 0.281308293343,
    "raspiness": 0.0287306047976,
    "color": 5.92805290222,
    "location": 508.358734131,
    "stability": 0.434827834368,
    "tonality": 0.265399336815
}