{
    "name": "161be325",
    "x": -20.81397819519043,
    "y": 4.035089015960693,
    "loudness": 0.976914405823,
    "raspiness": 0.0129560986534,
    "color": 7.74665403366,
    "location": 16.531936717789602,
    "stability": 0.341548532248,
    "tonality": 0.401865452528
}