{
    "name": "161bd007",
    "x": 1.6902867555618286,
    "y": 7.5608038902282715,
    "loudness": 0.976767301559,
    "raspiness": 0.0352274589241,
    "color": 9.43528842926,
    "location": 1242.79296875,
    "stability": 0.446950167418,
    "tonality": 0.473216801882
}