{
    "name": "161be325",
    "x": -0.8449710011482239,
    "y": 6.863618850708008,
    "loudness": 0.976914405823,
    "raspiness": 0.0129560986534,
    "color": 7.74665403366,
    "location": 273.304931641,
    "stability": 0.341548532248,
    "tonality": 0.401865452528
}