{
    "name": "161eeade",
    "x": 14.86417007446289,
    "y": 22.027463912963867,
    "loudness": 0.99068403244,
    "raspiness": 0.0900921747088,
    "color": 18.0425491333,
    "location": 47.99174428513721,
    "stability": 0.573208808899,
    "tonality": 0.45806697011
}