{
    "name": "161eeade",
    "x": 4.373424053192139,
    "y": 9.343131065368652,
    "loudness": 0.99068403244,
    "raspiness": 0.0900921747088,
    "color": 18.0425491333,
    "location": 2303.20751953,
    "stability": 0.573208808899,
    "tonality": 0.45806697011
}