{
    "name": "163ecf39",
    "x": 7.76077127456665,
    "y": 8.982550621032715,
    "loudness": 0.99068403244,
    "raspiness": 0.149553567171,
    "color": 27.2470474243,
    "location": 3093.42895508,
    "stability": 0.650635421276,
    "tonality": 0.489634603262
}