{
    "name": "163ecf39",
    "x": 37.97040939331055,
    "y": 17.967578887939453,
    "loudness": 0.99068403244,
    "raspiness": 0.149553567171,
    "color": 27.2470474243,
    "location": 3093.42895508,
    "stability": 0.650635421276,
    "tonality": 0.489634603262
}