{
    "name": "1640b1f9",
    "x": 6.807806015014648,
    "y": 9.124580383300781,
    "loudness": 0.907767593861,
    "raspiness": 0.146309196949,
    "color": 7.74908399582,
    "location": 2342.96875,
    "stability": 0.603288292885,
    "tonality": 0.480666786432
}