{
    "name": "1648effc",
    "x": 4.54722785949707,
    "y": 0.8578332662582397,
    "loudness": 2.74888498097e-05,
    "raspiness": 0.0458781607449,
    "color": 3.10623645782,
    "location": 1861.30273438,
    "stability": 0.163836032152,
    "tonality": 0.456397473812
}