{
    "name": "164fc190",
    "x": 4.781797409057617,
    "y": 10.816384315490723,
    "loudness": 0.99068403244,
    "raspiness": 0.100973196328,
    "color": 15.6057100296,
    "location": 1563.81982422,
    "stability": 0.670088708401,
    "tonality": 0.476361602545
}