{
    "name": "1651cca4",
    "x": 0.8723499178886414,
    "y": 8.976606369018555,
    "loudness": 0.99068403244,
    "raspiness": 0.0596894063056,
    "color": 2.78293323517,
    "location": 1571.03503418,
    "stability": 0.522315144539,
    "tonality": 0.452057689428
}