{
    "name": "1651cca4",
    "x": -3.7675116062164307,
    "y": 27.093212127685547,
    "loudness": 0.99068403244,
    "raspiness": 0.0596894063056,
    "color": 2.78293323517,
    "location": 1571.03503418,
    "stability": 0.522315144539,
    "tonality": 0.452057689428
}