{
    "name": "1661aa86",
    "x": 7.150526523590088,
    "y": 7.218801021575928,
    "loudness": 0.99068403244,
    "raspiness": 0.0545278713107,
    "color": 19.7320022583,
    "location": 48.88291176372373,
    "stability": 0.421871721745,
    "tonality": 0.477442055941
}