{
    "name": "166a1279",
    "x": 6.198275566101074,
    "y": 10.773736953735352,
    "loudness": 0.98365187645,
    "raspiness": 0.0995272770524,
    "color": 11.0822477341,
    "location": 2083.96728516,
    "stability": 0.682599306107,
    "tonality": 0.487806379795
}