{
    "name": "166e17b0",
    "x": 34.66411209106445,
    "y": 6.0292439460754395,
    "loudness": 0.64474684,
    "raspiness": 0.20832234621,
    "color": 157.011077881,
    "location": 49.85801617934673,
    "stability": 0.722990214825,
    "tonality": 0.482922017574
}