{
    "name": "166e17b0",
    "x": 36.415035247802734,
    "y": 7.426938533782959,
    "loudness": 0.64474684,
    "raspiness": 0.20832234621,
    "color": 157.011077881,
    "location": 2485.82177734,
    "stability": 0.722990214825,
    "tonality": 0.482922017574
}