{
    "name": "167a4cd4",
    "x": 10.729571342468262,
    "y": 6.896152496337891,
    "loudness": 0.856419742107,
    "raspiness": 0.453616917133,
    "color": 167.080291748,
    "location": 4044.56298828,
    "stability": 0.708663523197,
    "tonality": 0.494426906109
}