{
    "name": "167a4cd4",
    "x": 47.82901382446289,
    "y": -10.971145629882812,
    "loudness": 0.856419742107,
    "raspiness": 0.453616917133,
    "color": 167.080291748,
    "location": 63.596878762090206,
    "stability": 0.708663523197,
    "tonality": 0.494426906109
}