{
    "name": "167a4cd4",
    "x": 47.508522033691406,
    "y": -15.755189895629883,
    "loudness": 0.856419742107,
    "raspiness": 0.453616917133,
    "color": 167.080291748,
    "location": 4044.56298828,
    "stability": 0.708663523197,
    "tonality": 0.494426906109
}