{
    "name": "168adcd0",
    "x": -1.1204307079315186,
    "y": 8.277616500854492,
    "loudness": 0.99068403244,
    "raspiness": 0.0671338811517,
    "color": 13.163602829,
    "location": 1611.22058105,
    "stability": 0.405643492937,
    "tonality": 0.386535197496
}