{
    "name": "168adcd0",
    "x": -22.122793197631836,
    "y": 13.486331939697266,
    "loudness": 0.99068403244,
    "raspiness": 0.0671338811517,
    "color": 13.163602829,
    "location": 1611.22058105,
    "stability": 0.405643492937,
    "tonality": 0.386535197496
}