{
    "name": "168adcd0",
    "x": -18.803760528564453,
    "y": 11.35987377166748,
    "loudness": 0.99068403244,
    "raspiness": 0.0671338811517,
    "color": 13.163602829,
    "location": 40.1400122203519,
    "stability": 0.405643492937,
    "tonality": 0.386535197496
}