{
    "name": "169a69f3",
    "x": 21.42148780822754,
    "y": 42.681427001953125,
    "loudness": 0.984913110733,
    "raspiness": 0.076517611742,
    "color": 27.5308475494,
    "location": 1847.62768555,
    "stability": 0.670729875565,
    "tonality": 0.484478980303
}