{
    "name": "16b90ef0",
    "x": 1.6881119012832642,
    "y": 4.19159460067749,
    "loudness": 0.646231591702,
    "raspiness": 0.0718846693635,
    "color": 19.7292060852,
    "location": 36.86095799908082,
    "stability": 0.480278640985,
    "tonality": 0.464915633202
}