{
    "name": "16b90ef0",
    "x": 2.818665027618408,
    "y": 5.726484775543213,
    "loudness": 0.646231591702,
    "raspiness": 0.0718846693635,
    "color": 19.7292060852,
    "location": 1358.73022461,
    "stability": 0.480278640985,
    "tonality": 0.464915633202
}