{
    "name": "16c14c67",
    "x": -26.596084594726562,
    "y": 11.995296478271484,
    "loudness": 0.850610733032,
    "raspiness": 0.0761621743441,
    "color": 9.59029960632,
    "location": 926.063964844,
    "stability": 0.420103162527,
    "tonality": 0.387652486563
}