{
    "name": "16c8384b",
    "x": -13.848884582519531,
    "y": -8.114869117736816,
    "loudness": 0.973121881485,
    "raspiness": 0.00894629117101,
    "color": 29.5489559174,
    "location": 800.227905273,
    "stability": 0.201322808862,
    "tonality": 0.467526614666
}