{
    "name": "16c8384b",
    "x": -13.14421272277832,
    "y": -5.2272257804870605,
    "loudness": 0.973121881485,
    "raspiness": 0.00894629117101,
    "color": 29.5489559174,
    "location": 28.28829979466776,
    "stability": 0.201322808862,
    "tonality": 0.467526614666
}