{
    "name": "16c9a838",
    "x": -30.906091690063477,
    "y": -16.6224308013916,
    "loudness": 0.318538278341,
    "raspiness": 0.0218443479389,
    "color": 4.30709171295,
    "location": 20.87656638841742,
    "stability": 0.321767091751,
    "tonality": 0.124180093408
}