{
    "name": "16c9a838",
    "x": 1.3665432929992676,
    "y": 0.15341472625732422,
    "loudness": 0.318538278341,
    "raspiness": 0.0218443479389,
    "color": 4.30709171295,
    "location": 435.83102417,
    "stability": 0.321767091751,
    "tonality": 0.124180093408
}