{
    "name": "16caff03",
    "x": -28.70025062561035,
    "y": 23.384647369384766,
    "loudness": 0.909593939781,
    "raspiness": 0.0400151200593,
    "color": 9.49277210236,
    "location": 742.43371582,
    "stability": 0.528048932552,
    "tonality": 0.397741883993
}