{
    "name": "16d21bca",
    "x": 3.2158920764923096,
    "y": 1.8339905738830566,
    "loudness": 0.0772615373135,
    "raspiness": 0.034714601934,
    "color": 7.83334779739,
    "location": 722.189208984,
    "stability": 0.572574079037,
    "tonality": 0.390636086464
}