{
    "name": "16d49f55",
    "x": -0.7539405226707458,
    "y": 7.475745677947998,
    "loudness": 0.874736964703,
    "raspiness": 0.0305039845407,
    "color": 4.44823503494,
    "location": 585.515808105,
    "stability": 0.415734738111,
    "tonality": 0.411719739437
}