{
    "name": "16d49f55",
    "x": -20.170330047607422,
    "y": 9.69593334197998,
    "loudness": 0.874736964703,
    "raspiness": 0.0305039845407,
    "color": 4.44823503494,
    "location": 24.19743391570685,
    "stability": 0.415734738111,
    "tonality": 0.411719739437
}