{
    "name": "16d51b04",
    "x": 21.697446823120117,
    "y": 17.712162017822266,
    "loudness": 0.922833383083,
    "raspiness": 0.152944251895,
    "color": 23.5908050537,
    "location": 2309.73779297,
    "stability": 0.537047207355,
    "tonality": 0.474994540215
}