{
    "name": "16d5da39",
    "x": 4.429337978363037,
    "y": 29.644535064697266,
    "loudness": 0.9266731143,
    "raspiness": 0.0777583196759,
    "color": 11.0633363724,
    "location": 1545.57043457,
    "stability": 0.544222831726,
    "tonality": 0.473935246468
}