{
    "name": "16d7ab94",
    "x": -29.339496612548828,
    "y": 31.65282440185547,
    "loudness": 0.963538944721,
    "raspiness": 0.0464176237583,
    "color": 21.0327224731,
    "location": 962.464111328,
    "stability": 0.597615659237,
    "tonality": 0.393810629845
}