{
    "name": "16d8450e",
    "x": 10.334460258483887,
    "y": 6.389744281768799,
    "loudness": 0.625560164452,
    "raspiness": 0.326062113047,
    "color": 96.8131866455,
    "location": 5049.04882812,
    "stability": 0.43280762434,
    "tonality": 0.499034136534
}