{
    "name": "16d8450e",
    "x": 37.16919708251953,
    "y": -8.330485343933105,
    "loudness": 0.625560164452,
    "raspiness": 0.326062113047,
    "color": 96.8131866455,
    "location": 71.05665928060507,
    "stability": 0.43280762434,
    "tonality": 0.499034136534
}