{
    "name": "16d90624",
    "x": 8.13248348236084,
    "y": -3.854705572128296,
    "loudness": 0.537835240364,
    "raspiness": 0.0638456940651,
    "color": 32.703327179,
    "location": 52.00230519976975,
    "stability": 0.369290649891,
    "tonality": 0.489480227232
}