{
    "name": "16d90624",
    "x": 8.366209983825684,
    "y": -4.8649516105651855,
    "loudness": 0.537835240364,
    "raspiness": 0.0638456940651,
    "color": 32.703327179,
    "location": 2704.23974609,
    "stability": 0.369290649891,
    "tonality": 0.489480227232
}