{
    "name": "16d90624",
    "x": 3.7831482887268066,
    "y": 4.8498854637146,
    "loudness": 0.537835240364,
    "raspiness": 0.0638456940651,
    "color": 32.703327179,
    "location": 2704.23974609,
    "stability": 0.369290649891,
    "tonality": 0.489480227232
}