{
    "name": "16db8d97",
    "x": 25.05824851989746,
    "y": -22.062978744506836,
    "loudness": 0.00140640989412,
    "raspiness": 0.238237500191,
    "color": 24.4025745392,
    "location": 3627.06494141,
    "stability": 0.499675959349,
    "tonality": 0.495602369308
}