{
    "name": "16db8d97",
    "x": 22.81269073486328,
    "y": -13.657978057861328,
    "loudness": 0.00140640989412,
    "raspiness": 0.238237500191,
    "color": 24.4025745392,
    "location": 60.225118857583006,
    "stability": 0.499675959349,
    "tonality": 0.495602369308
}