{
    "name": "16df86bb",
    "x": 26.189620971679688,
    "y": 18.496952056884766,
    "loudness": 0.99068403244,
    "raspiness": 0.155301824212,
    "color": 66.7870330811,
    "location": 2347.23608398,
    "stability": 0.581664085388,
    "tonality": 0.468555808067
}