{
    "name": "16e4d91a",
    "x": 6.526719570159912,
    "y": 42.4184684753418,
    "loudness": 0.99068403244,
    "raspiness": 0.0670938268304,
    "color": 6.56406259537,
    "location": 32.29341834120383,
    "stability": 0.713073670864,
    "tonality": 0.462426364422
}