{
    "name": "16e47626",
    "x": -2.5488998889923096,
    "y": 6.987852096557617,
    "loudness": 0.99068403244,
    "raspiness": 0.0804687514901,
    "color": 3.97913575172,
    "location": 876.590759277,
    "stability": 0.345936208963,
    "tonality": 0.363476991653
}