{
    "name": "16eeb46e",
    "x": -10.213370323181152,
    "y": -32.031394958496094,
    "loudness": 0.159928679466,
    "raspiness": 0.0607038512826,
    "color": 6.45590353012,
    "location": 1035.03967285,
    "stability": 0.298832923174,
    "tonality": 0.383501708508
}