{
    "name": "16ef3c60",
    "x": 8.872148513793945,
    "y": 8.076767921447754,
    "loudness": 0.952112972736,
    "raspiness": 0.259032100439,
    "color": 138.362457275,
    "location": 2876.01757812,
    "stability": 0.667083263397,
    "tonality": 0.470416158438
}