{
    "name": "16f1d744",
    "x": -30.164884567260742,
    "y": 28.05788803100586,
    "loudness": 0.952525734901,
    "raspiness": 0.0726225674152,
    "color": 4.02509021759,
    "location": 806.45489502,
    "stability": 0.568112313747,
    "tonality": 0.384117841721
}