{
    "name": "16f26de0",
    "x": -31.474727630615234,
    "y": -17.537633895874023,
    "loudness": 0.252244442701,
    "raspiness": 0.0588884018362,
    "color": 6.15861415863,
    "location": 28.844140410748942,
    "stability": 0.0718840435147,
    "tonality": 0.111173436046
}