{
    "name": "16f26de0",
    "x": 1.3300511837005615,
    "y": 0.08639858663082123,
    "loudness": 0.252244442701,
    "raspiness": 0.0588884018362,
    "color": 6.15861415863,
    "location": 831.984436035,
    "stability": 0.0718840435147,
    "tonality": 0.111173436046
}