{
    "name": "16f8b122",
    "x": -9.837236404418945,
    "y": -37.343788146972656,
    "loudness": 0.0908507928252,
    "raspiness": 0.00526149757206,
    "color": 18.3990478516,
    "location": 126.098197937,
    "stability": 0.241949617863,
    "tonality": 0.37841245532
}