{
    "name": "1704b6b1",
    "x": 2.647353410720825,
    "y": 1.164788007736206,
    "loudness": 0.0497028306127,
    "raspiness": 0.0183477886021,
    "color": 7.13743066788,
    "location": 340.813720703,
    "stability": 0.447957903147,
    "tonality": 0.365663290024
}