{
    "name": "1704b6b1",
    "x": -13.916033744812012,
    "y": -19.064075469970703,
    "loudness": 0.0497028306127,
    "raspiness": 0.0183477886021,
    "color": 7.13743066788,
    "location": 18.461140828859953,
    "stability": 0.447957903147,
    "tonality": 0.365663290024
}