{
    "name": "170eeda2",
    "x": 32.779048919677734,
    "y": 24.840608596801758,
    "loudness": 0.676403343678,
    "raspiness": 0.132440701127,
    "color": 33.736530304,
    "location": 2410.72192383,
    "stability": 0.813781917095,
    "tonality": 0.492630302906
}