{
    "name": "170eeda2",
    "x": 30.204710006713867,
    "y": 23.757741928100586,
    "loudness": 0.676403343678,
    "raspiness": 0.132440701127,
    "color": 33.736530304,
    "location": 49.09910308579985,
    "stability": 0.813781917095,
    "tonality": 0.492630302906
}