{
    "name": "1719d5f5",
    "x": 5.73672342300415,
    "y": 11.951691627502441,
    "loudness": 0.99068403244,
    "raspiness": 0.105580359697,
    "color": 4.35119199753,
    "location": 2008.2142334,
    "stability": 0.754925191402,
    "tonality": 0.484887748957
}