{
    "name": "1726fa04",
    "x": 5.8053998947143555,
    "y": 40.26874923706055,
    "loudness": 0.959184885025,
    "raspiness": 0.0823752656579,
    "color": 6.67527580261,
    "location": 28.703103735693812,
    "stability": 0.698423326015,
    "tonality": 0.462216824293
}