{
    "name": "1726fa04",
    "x": 4.820259094238281,
    "y": 51.294898986816406,
    "loudness": 0.959184885025,
    "raspiness": 0.0823752656579,
    "color": 6.67527580261,
    "location": 823.868164062,
    "stability": 0.698423326015,
    "tonality": 0.462216824293
}