{
    "name": "172d7f14",
    "x": 5.075942039489746,
    "y": 8.257004737854004,
    "loudness": 0.99068403244,
    "raspiness": 0.160304024816,
    "color": 2.70454859734,
    "location": 2012.26855469,
    "stability": 0.534570276737,
    "tonality": 0.423072606325
}