{
    "name": "172e4f11",
    "x": 17.67003631591797,
    "y": 0.7995355725288391,
    "loudness": 0.657801568508,
    "raspiness": 0.171858727932,
    "color": 13.957654953,
    "location": 2462.85595703,
    "stability": 0.492262780666,
    "tonality": 0.465466350317
}