{
    "name": "172e4f11",
    "x": 18.82332992553711,
    "y": -1.530327558517456,
    "loudness": 0.657801568508,
    "raspiness": 0.171858727932,
    "color": 13.957654953,
    "location": 49.62716954481688,
    "stability": 0.492262780666,
    "tonality": 0.465466350317
}