{
    "name": "1749fc99",
    "x": 10.846503257751465,
    "y": 27.5295352935791,
    "loudness": 0.99068403244,
    "raspiness": 0.0891443192959,
    "color": 22.5359115601,
    "location": 1993.08007812,
    "stability": 0.545887351036,
    "tonality": 0.458474904299
}