{
    "name": "1749fc99",
    "x": 4.129974842071533,
    "y": 9.26203441619873,
    "loudness": 0.99068403244,
    "raspiness": 0.0891443192959,
    "color": 22.5359115601,
    "location": 1993.08007812,
    "stability": 0.545887351036,
    "tonality": 0.458474904299
}