{
    "name": "174baf55",
    "x": -2.2448244094848633,
    "y": 29.912141799926758,
    "loudness": 0.99068403244,
    "raspiness": 0.0560431219637,
    "color": 8.55684280396,
    "location": 37.18574378737099,
    "stability": 0.588726758957,
    "tonality": 0.444531053305
}