{
    "name": "1755b07f",
    "x": 19.531137466430664,
    "y": 35.625816345214844,
    "loudness": 0.99068403244,
    "raspiness": 0.0774088576436,
    "color": 9.99126625061,
    "location": 43.06777651585928,
    "stability": 0.685516655445,
    "tonality": 0.48103749752
}