{
    "name": "1755b07f",
    "x": 22.309141159057617,
    "y": 44.227840423583984,
    "loudness": 0.99068403244,
    "raspiness": 0.0774088576436,
    "color": 9.99126625061,
    "location": 1854.83337402,
    "stability": 0.685516655445,
    "tonality": 0.48103749752
}