{
    "name": "175dd339",
    "x": -5.080646514892578,
    "y": -18.90973472595215,
    "loudness": 0.165159344673,
    "raspiness": 0.0344724208117,
    "color": 43.8208312988,
    "location": 29.28037035098771,
    "stability": 0.237662315369,
    "tonality": 0.455857098103
}