{
    "name": "175dd339",
    "x": -1.5170091390609741,
    "y": -30.96918487548828,
    "loudness": 0.165159344673,
    "raspiness": 0.0344724208117,
    "color": 43.8208312988,
    "location": 857.340087891,
    "stability": 0.237662315369,
    "tonality": 0.455857098103
}