{
    "name": "1760ba6f",
    "x": 6.45825719833374,
    "y": 9.375600814819336,
    "loudness": 0.99068403244,
    "raspiness": 0.131306961179,
    "color": 10.981502533,
    "location": 2329.77514648,
    "stability": 0.631514430046,
    "tonality": 0.468545764685
}