{
    "name": "1760ba6f",
    "x": 25.730789184570312,
    "y": 21.354433059692383,
    "loudness": 0.99068403244,
    "raspiness": 0.131306961179,
    "color": 10.981502533,
    "location": 48.26774436909187,
    "stability": 0.631514430046,
    "tonality": 0.468545764685
}