{
    "name": "1762fe64",
    "x": 11.567282676696777,
    "y": -34.505950927734375,
    "loudness": 0.180958271027,
    "raspiness": 0.113881491125,
    "color": 7.88201332092,
    "location": 2292.51074219,
    "stability": 0.267467558384,
    "tonality": 0.495769053698
}