{
    "name": "1762fe64",
    "x": 5.773718357086182,
    "y": -13.132500648498535,
    "loudness": 0.180958271027,
    "raspiness": 0.113881491125,
    "color": 7.88201332092,
    "location": 47.880170657486175,
    "stability": 0.267467558384,
    "tonality": 0.495769053698
}