{
    "name": "176b95db",
    "x": -1.4003562927246094,
    "y": 7.216904640197754,
    "loudness": 0.99068403244,
    "raspiness": 0.118675969541,
    "color": 43.5772438049,
    "location": 1846.79284668,
    "stability": 0.208677887917,
    "tonality": 0.409685015678
}