{
    "name": "176c5f52",
    "x": -1.3965665102005005,
    "y": -3.285629987716675,
    "loudness": 0.979115366936,
    "raspiness": 0.0228035226464,
    "color": 8.74314594269,
    "location": 53.8137725785881,
    "stability": 0.126445233822,
    "tonality": 0.484015971422
}