{
    "name": "176cd35e",
    "x": 33.343711853027344,
    "y": -21.58380126953125,
    "loudness": 0.0253868494183,
    "raspiness": 0.339478224516,
    "color": 553.566894531,
    "location": 4670.25927734,
    "stability": 0.350897729397,
    "tonality": 0.496455878019
}