{
    "name": "176c5f52",
    "x": 1.295361876487732,
    "y": 5.038355827331543,
    "loudness": 0.979115366936,
    "raspiness": 0.0228035226464,
    "color": 8.74314594269,
    "location": 2895.92211914,
    "stability": 0.126445233822,
    "tonality": 0.484015971422
}