{
    "name": "1775d5a0",
    "x": 4.330929756164551,
    "y": 8.73132610321045,
    "loudness": 0.84109556675,
    "raspiness": 0.114190921187,
    "color": 21.3548545837,
    "location": 1706.16589355,
    "stability": 0.51303088665,
    "tonality": 0.44522857666
}