{
    "name": "1775d5a0",
    "x": 8.117036819458008,
    "y": 15.284036636352539,
    "loudness": 0.84109556675,
    "raspiness": 0.114190921187,
    "color": 21.3548545837,
    "location": 41.30576102131517,
    "stability": 0.51303088665,
    "tonality": 0.44522857666
}