{
    "name": "1787f4e8",
    "x": -5.25634765625,
    "y": -39.32748031616211,
    "loudness": 0.226273879409,
    "raspiness": 0.00376113294624,
    "color": 6.65052890778,
    "location": 91.628074646,
    "stability": 0.0741554200649,
    "tonality": 0.399873614311
}