{
    "name": "1787d4d9",
    "x": 33.86795425415039,
    "y": 26.26661491394043,
    "loudness": 0.99068403244,
    "raspiness": 0.121175132692,
    "color": 6.00447320938,
    "location": 50.84928135244391,
    "stability": 0.721749603748,
    "tonality": 0.489778757095
}