{
    "name": "1787d4d9",
    "x": 39.07603073120117,
    "y": 31.869421005249023,
    "loudness": 0.99068403244,
    "raspiness": 0.121175132692,
    "color": 6.00447320938,
    "location": 2585.64941406,
    "stability": 0.721749603748,
    "tonality": 0.489778757095
}