{
    "name": "1787d4d9",
    "x": 7.060601234436035,
    "y": 10.888798713684082,
    "loudness": 0.99068403244,
    "raspiness": 0.121175132692,
    "color": 6.00447320938,
    "location": 2585.64941406,
    "stability": 0.721749603748,
    "tonality": 0.489778757095
}