{
    "name": "17a1c228",
    "x": 5.170802116394043,
    "y": 10.690895080566406,
    "loudness": 0.984081029892,
    "raspiness": 0.0965983048081,
    "color": 15.7978944778,
    "location": 1859.73254395,
    "stability": 0.641303479671,
    "tonality": 0.482896715403
}