{
    "name": "17a853e4",
    "x": -4.214239597320557,
    "y": 22.913251876831055,
    "loudness": 0.99068403244,
    "raspiness": 0.0571754090488,
    "color": 16.1873970032,
    "location": 34.95798433763022,
    "stability": 0.524675309658,
    "tonality": 0.45053640008
}