{
    "name": "17a853e4",
    "x": -7.934264183044434,
    "y": 29.290409088134766,
    "loudness": 0.99068403244,
    "raspiness": 0.0571754090488,
    "color": 16.1873970032,
    "location": 1222.06066895,
    "stability": 0.524675309658,
    "tonality": 0.45053640008
}