{
    "name": "17b9396e",
    "x": 16.110713958740234,
    "y": -7.4650373458862305,
    "loudness": 0.313123375177,
    "raspiness": 0.0949810817838,
    "color": 19.6675930023,
    "location": 1806.671875,
    "stability": 0.716874241829,
    "tonality": 0.482793331146
}