{
    "name": "17c7a30d",
    "x": 13.476184844970703,
    "y": -7.1072306632995605,
    "loudness": 0.397426724434,
    "raspiness": 0.103179872036,
    "color": 11.0400466919,
    "location": 48.29606619353175,
    "stability": 0.559390842915,
    "tonality": 0.456329494715
}