{
    "name": "17cbf99c",
    "x": -10.135132789611816,
    "y": 31.99873924255371,
    "loudness": 0.559183657169,
    "raspiness": 0.0501632392406,
    "color": 8.7258348465,
    "location": 997.442199707,
    "stability": 0.750714600086,
    "tonality": 0.411366283894
}