{
    "name": "17cbf99c",
    "x": 3.981980323791504,
    "y": 3.853358030319214,
    "loudness": 0.559183657169,
    "raspiness": 0.0501632392406,
    "color": 8.7258348465,
    "location": 997.442199707,
    "stability": 0.750714600086,
    "tonality": 0.411366283894
}