{
    "name": "17cbf99c",
    "x": 2.954102039337158,
    "y": 11.004366874694824,
    "loudness": 0.559183657169,
    "raspiness": 0.0501632392406,
    "color": 8.7258348465,
    "location": 31.582308334049934,
    "stability": 0.750714600086,
    "tonality": 0.411366283894
}