{
    "name": "17d5e08b",
    "x": 2.2575740814208984,
    "y": 5.033154487609863,
    "loudness": 0.99068403244,
    "raspiness": 0.0869637206197,
    "color": 14.2091236115,
    "location": 46.47143990194407,
    "stability": 0.335740536451,
    "tonality": 0.450716495514
}