{
    "name": "17d5e08b",
    "x": 3.480501413345337,
    "y": 7.156888961791992,
    "loudness": 0.99068403244,
    "raspiness": 0.0869637206197,
    "color": 14.2091236115,
    "location": 2159.59472656,
    "stability": 0.335740536451,
    "tonality": 0.450716495514
}