{
    "name": "17d5e08b",
    "x": 0.49251675605773926,
    "y": 7.638191223144531,
    "loudness": 0.99068403244,
    "raspiness": 0.0869637206197,
    "color": 14.2091236115,
    "location": 2159.59472656,
    "stability": 0.335740536451,
    "tonality": 0.450716495514
}