{
    "name": "17d87e42",
    "x": -1.7798733711242676,
    "y": 12.59355354309082,
    "loudness": 0.919000685215,
    "raspiness": 0.0687607750297,
    "color": 20.6201858521,
    "location": 46.79972080247916,
    "stability": 0.426805078983,
    "tonality": 0.429870516062
}