{
    "name": "17d87e42",
    "x": 3.5631160736083984,
    "y": 7.612066268920898,
    "loudness": 0.919000685215,
    "raspiness": 0.0687607750297,
    "color": 20.6201858521,
    "location": 2190.21386719,
    "stability": 0.426805078983,
    "tonality": 0.429870516062
}