{
    "name": "17dfc83c",
    "x": 4.935826301574707,
    "y": 0.8788617849349976,
    "loudness": 0.174462735653,
    "raspiness": 0.104990638793,
    "color": 21.2925300598,
    "location": 1999.90490723,
    "stability": 0.192342445254,
    "tonality": 0.495579659939
}