{
    "name": "17e247fc",
    "x": 9.63093090057373,
    "y": 18.02178192138672,
    "loudness": 0.99068403244,
    "raspiness": 0.12070312351,
    "color": 1.39667165279,
    "location": 41.199898551088694,
    "stability": 0.513748764992,
    "tonality": 0.448840916157
}