{
    "name": "17f32070",
    "x": 43.13750457763672,
    "y": 0.07940790802240372,
    "loudness": 0.99068403244,
    "raspiness": 0.272133201361,
    "color": 41.4535446167,
    "location": 61.07202299080979,
    "stability": 0.638193786144,
    "tonality": 0.492924928665
}