{
    "name": "17f858d5",
    "x": 37.7821159362793,
    "y": 25.008657455444336,
    "loudness": 0.99068403244,
    "raspiness": 0.130570843816,
    "color": 27.6105518341,
    "location": 51.5109946357086,
    "stability": 0.745041429996,
    "tonality": 0.493139266968
}