{
    "name": "17f82c05",
    "x": -16.692703247070312,
    "y": -17.628339767456055,
    "loudness": 0.000859806779772,
    "raspiness": 0.0194928199053,
    "color": 9.60159873962,
    "location": 17.136557138935462,
    "stability": 0.619852602482,
    "tonality": 0.305994212627
}