{
    "name": "17f82c05",
    "x": -18.036109924316406,
    "y": -23.730224609375,
    "loudness": 0.000859806779772,
    "raspiness": 0.0194928199053,
    "color": 9.60159873962,
    "location": 293.661590576,
    "stability": 0.619852602482,
    "tonality": 0.305994212627
}