{
    "name": "17f858d5",
    "x": 7.277053356170654,
    "y": 10.987166404724121,
    "loudness": 0.99068403244,
    "raspiness": 0.130570843816,
    "color": 27.6105518341,
    "location": 2653.38256836,
    "stability": 0.745041429996,
    "tonality": 0.493139266968
}