{
    "name": "17fe000f",
    "x": 39.16165542602539,
    "y": 3.5475916862487793,
    "loudness": 0.99068403244,
    "raspiness": 0.232194572687,
    "color": 17.3593635559,
    "location": 58.65713446657619,
    "stability": 0.620409250259,
    "tonality": 0.487341701984
}