{
    "name": "180cd1d7",
    "x": 4.55297327041626,
    "y": 3.7417471408843994,
    "loudness": 0.444278270006,
    "raspiness": 0.0653247535229,
    "color": 14.2530231476,
    "location": 1516.59716797,
    "stability": 0.710524320602,
    "tonality": 0.437014937401
}