{
    "name": "180cd1d7",
    "x": 7.587857723236084,
    "y": 0.49333497881889343,
    "loudness": 0.444278270006,
    "raspiness": 0.0653247535229,
    "color": 14.2530231476,
    "location": 1516.59716797,
    "stability": 0.710524320602,
    "tonality": 0.437014937401
}