{
    "name": "180cd1d7",
    "x": 10.070259094238281,
    "y": -3.682976722717285,
    "loudness": 0.444278270006,
    "raspiness": 0.0653247535229,
    "color": 14.2530231476,
    "location": 38.94351252737739,
    "stability": 0.710524320602,
    "tonality": 0.437014937401
}