{
    "name": "1827e52f",
    "x": 42.33852005004883,
    "y": -10.03031063079834,
    "loudness": 0.99068403244,
    "raspiness": 0.320689797401,
    "color": 171.236038208,
    "location": 68.61873121415172,
    "stability": 0.53481310606,
    "tonality": 0.489874064922
}