{
    "name": "182d509a",
    "x": 17.876379013061523,
    "y": 36.319583892822266,
    "loudness": 0.99068403244,
    "raspiness": 0.11323159188,
    "color": 3.43109464645,
    "location": 1639.1027832,
    "stability": 0.632416725159,
    "tonality": 0.471875548363
}