{
    "name": "182d509a",
    "x": 4.788425922393799,
    "y": 10.414959907531738,
    "loudness": 0.99068403244,
    "raspiness": 0.11323159188,
    "color": 3.43109464645,
    "location": 1639.1027832,
    "stability": 0.632416725159,
    "tonality": 0.471875548363
}