{
    "name": "188acf6a",
    "x": 1.1129909753799438,
    "y": 9.970135688781738,
    "loudness": 0.951528787613,
    "raspiness": 0.0126208793372,
    "color": 5.74394989014,
    "location": 345.006896973,
    "stability": 0.59110045433,
    "tonality": 0.432497382164
}