{
    "name": "188acf6a",
    "x": -13.63709831237793,
    "y": 30.291297912597656,
    "loudness": 0.951528787613,
    "raspiness": 0.0126208793372,
    "color": 5.74394989014,
    "location": 18.574361280350935,
    "stability": 0.59110045433,
    "tonality": 0.432497382164
}