{
    "name": "188b88ed",
    "x": -0.6443172097206116,
    "y": 48.99955749511719,
    "loudness": 0.99068403244,
    "raspiness": 0.0625488311052,
    "color": 5.13276338577,
    "location": 1038.16699219,
    "stability": 0.644816994667,
    "tonality": 0.458163559437
}