{
    "name": "188b88ed",
    "x": 1.669722080230713,
    "y": 38.554161071777344,
    "loudness": 0.99068403244,
    "raspiness": 0.0625488311052,
    "color": 5.13276338577,
    "location": 32.22059888006429,
    "stability": 0.644816994667,
    "tonality": 0.458163559437
}