{
    "name": "188cfb1b",
    "x": 4.3796515464782715,
    "y": 8.947366714477539,
    "loudness": 0.776744425297,
    "raspiness": 0.108059935272,
    "color": 4.25089740753,
    "location": 1506.93200684,
    "stability": 0.54222625494,
    "tonality": 0.464026987553
}