{
    "name": "189c7842",
    "x": -0.41057226061820984,
    "y": 55.16073226928711,
    "loudness": 0.99068403244,
    "raspiness": 0.0433919280767,
    "color": 18.6727733612,
    "location": 833.757263184,
    "stability": 0.712894022465,
    "tonality": 0.455601543188
}