{
    "name": "189c2ac2",
    "x": -37.70170593261719,
    "y": -8.53862190246582,
    "loudness": 0.99068403244,
    "raspiness": 0.0430201478302,
    "color": 3.94609475136,
    "location": 23.207032236264077,
    "stability": 0.242968663573,
    "tonality": 0.265770435333
}