{
    "name": "189c2ac2",
    "x": -4.644719123840332,
    "y": 7.215522289276123,
    "loudness": 0.99068403244,
    "raspiness": 0.0430201478302,
    "color": 3.94609475136,
    "location": 538.566345215,
    "stability": 0.242968663573,
    "tonality": 0.265770435333
}