{
    "name": "189c7842",
    "x": 2.652770757675171,
    "y": 11.809162139892578,
    "loudness": 0.99068403244,
    "raspiness": 0.0433919280767,
    "color": 18.6727733612,
    "location": 833.757263184,
    "stability": 0.712894022465,
    "tonality": 0.455601543188
}