{
    "name": "18a31494",
    "x": 3.2042558193206787,
    "y": 6.922800064086914,
    "loudness": 0.984646320343,
    "raspiness": 0.0842767432332,
    "color": 28.1436805725,
    "location": 1812.54089355,
    "stability": 0.323297649622,
    "tonality": 0.459722906351
}