{
    "name": "18a31494",
    "x": 0.1974545419216156,
    "y": 4.116445064544678,
    "loudness": 0.984646320343,
    "raspiness": 0.0842767432332,
    "color": 28.1436805725,
    "location": 42.57394618249523,
    "stability": 0.323297649622,
    "tonality": 0.459722906351
}