{
    "name": "18a7f8c5",
    "x": 21.31764793395996,
    "y": 20.654640197753906,
    "loudness": 0.740154743195,
    "raspiness": 0.110094331205,
    "color": 11.8937244415,
    "location": 2110.03125,
    "stability": 0.638559103012,
    "tonality": 0.485846042633
}