{
    "name": "18a7dc51",
    "x": 7.889050483703613,
    "y": 6.734038829803467,
    "loudness": 0.742824375629,
    "raspiness": 0.205721110106,
    "color": 211.108169556,
    "location": 2947.03686523,
    "stability": 0.422117263079,
    "tonality": 0.488883823156
}