{
    "name": "18ab257b",
    "x": 1.812143325805664,
    "y": 6.13198184967041,
    "loudness": 0.848177611828,
    "raspiness": 0.0238025095314,
    "color": 6.6393198967,
    "location": 626.923400879,
    "stability": 0.462100028992,
    "tonality": 0.43437948823
}