{
    "name": "18b06a2b",
    "x": 4.93834924697876,
    "y": 11.22764778137207,
    "loudness": 0.977852463722,
    "raspiness": 0.0935840457678,
    "color": 18.7944087982,
    "location": 1895.82556152,
    "stability": 0.699540793896,
    "tonality": 0.463682174683
}