{
    "name": "18b06a2b",
    "x": 19.809246063232422,
    "y": 35.41465377807617,
    "loudness": 0.977852463722,
    "raspiness": 0.0935840457678,
    "color": 18.7944087982,
    "location": 43.54107901189404,
    "stability": 0.699540793896,
    "tonality": 0.463682174683
}