{
    "name": "18b3013e",
    "x": 20.23539161682129,
    "y": 41.60554122924805,
    "loudness": 0.820585727692,
    "raspiness": 0.067228615284,
    "color": 16.1667804718,
    "location": 1653.4609375,
    "stability": 0.731008470058,
    "tonality": 0.487942367792
}