{
    "name": "18b3013e",
    "x": 5.002345561981201,
    "y": 11.814724922180176,
    "loudness": 0.820585727692,
    "raspiness": 0.067228615284,
    "color": 16.1667804718,
    "location": 1653.4609375,
    "stability": 0.731008470058,
    "tonality": 0.487942367792
}