{
    "name": "18b3013e",
    "x": 20.495939254760742,
    "y": 34.70657730102539,
    "loudness": 0.820585727692,
    "raspiness": 0.067228615284,
    "color": 16.1667804718,
    "location": 40.66277090287872,
    "stability": 0.731008470058,
    "tonality": 0.487942367792
}