{
    "name": "18c0fa51",
    "x": 3.5773074626922607,
    "y": 39.08013916015625,
    "loudness": 0.99068403244,
    "raspiness": 0.0628027319908,
    "color": 16.7760848999,
    "location": 33.74387060948995,
    "stability": 0.663941025734,
    "tonality": 0.455761522055
}