{
    "name": "18c0fa51",
    "x": 2.262444257736206,
    "y": 50.04730224609375,
    "loudness": 0.99068403244,
    "raspiness": 0.0628027319908,
    "color": 16.7760848999,
    "location": 1138.64880371,
    "stability": 0.663941025734,
    "tonality": 0.455761522055
}