{
    "name": "18c287ea",
    "x": -37.97868728637695,
    "y": -11.864751815795898,
    "loudness": 0.977428853512,
    "raspiness": 0.0187667291611,
    "color": 7.69512605667,
    "location": 20.49074289609823,
    "stability": 0.187015250325,
    "tonality": 0.249617293477
}