{
    "name": "18c3695b",
    "x": -21.77616310119629,
    "y": -0.5610294342041016,
    "loudness": 0.949643909931,
    "raspiness": 0.0339447259903,
    "color": 11.6437530518,
    "location": 650.778503418,
    "stability": 0.300738573074,
    "tonality": 0.409555226564
}