{
    "name": "18c3695b",
    "x": -18.931774139404297,
    "y": 0.36745211482048035,
    "loudness": 0.949643909931,
    "raspiness": 0.0339447259903,
    "color": 11.6437530518,
    "location": 25.510360707328307,
    "stability": 0.300738573074,
    "tonality": 0.409555226564
}