{
    "name": "18e0f7ac",
    "x": 1.2361664772033691,
    "y": 10.910893440246582,
    "loudness": 0.99068403244,
    "raspiness": 0.0411475934088,
    "color": 3.45635080338,
    "location": 686.25213623,
    "stability": 0.690257430077,
    "tonality": 0.423685133457
}