{
    "name": "18e0caac",
    "x": -1.7179322242736816,
    "y": -7.709685802459717,
    "loudness": 0.557701170444,
    "raspiness": 0.0265161544085,
    "color": 12.3044157028,
    "location": 45.50809884569998,
    "stability": 0.158837556839,
    "tonality": 0.480793744326
}