{
    "name": "18e0caac",
    "x": 2.443586587905884,
    "y": 4.306398391723633,
    "loudness": 0.557701170444,
    "raspiness": 0.0265161544085,
    "color": 12.3044157028,
    "location": 2070.98706055,
    "stability": 0.158837556839,
    "tonality": 0.480793744326
}