{
    "name": "18e0f7ac",
    "x": -7.379056930541992,
    "y": 38.60374450683594,
    "loudness": 0.99068403244,
    "raspiness": 0.0411475934088,
    "color": 3.45635080338,
    "location": 26.196414568219065,
    "stability": 0.690257430077,
    "tonality": 0.423685133457
}