{
    "name": "18ea8f49",
    "x": 2.7689263820648193,
    "y": 21.73630714416504,
    "loudness": 0.99068403244,
    "raspiness": 0.161923825741,
    "color": 23.319316864,
    "location": 1372.28857422,
    "stability": 0.526749849319,
    "tonality": 0.432951658964
}