{
    "name": "18ee96a7",
    "x": 10.222460746765137,
    "y": 6.82063627243042,
    "loudness": 0.985593080521,
    "raspiness": 0.318754643202,
    "color": 239.078384399,
    "location": 3836.72583008,
    "stability": 0.598771572113,
    "tonality": 0.490448355675
}