{
    "name": "18ee96a7",
    "x": 41.10515213012695,
    "y": -9.887064933776855,
    "loudness": 0.985593080521,
    "raspiness": 0.318754643202,
    "color": 239.078384399,
    "location": 61.941309560583235,
    "stability": 0.598771572113,
    "tonality": 0.490448355675
}