{
    "name": "18f825ef",
    "x": -2.3167929649353027,
    "y": 8.650511741638184,
    "loudness": 0.979466199875,
    "raspiness": 0.0256322491914,
    "color": 21.3937416077,
    "location": 759.755371094,
    "stability": 0.433115452528,
    "tonality": 0.380427092314
}