{
    "name": "18fcddd0",
    "x": 4.180177211761475,
    "y": 6.889595985412598,
    "loudness": 0.849741101265,
    "raspiness": 0.0865550637245,
    "color": 18.5815944672,
    "location": 2493.72924805,
    "stability": 0.451354801655,
    "tonality": 0.469565212727
}