{
    "name": "18fcddd0",
    "x": 11.143157005310059,
    "y": 7.288180828094482,
    "loudness": 0.849741101265,
    "raspiness": 0.0865550637245,
    "color": 18.5815944672,
    "location": 49.93725310877642,
    "stability": 0.451354801655,
    "tonality": 0.469565212727
}