{
    "name": "18fdc08b",
    "x": 46.68901824951172,
    "y": -3.875882387161255,
    "loudness": 0.99068403244,
    "raspiness": 0.309687077999,
    "color": 101.899024963,
    "location": 62.500810541624176,
    "stability": 0.685372591019,
    "tonality": 0.495322018862
}