{
    "name": "18fdc08b",
    "x": 10.095420837402344,
    "y": 7.42434549331665,
    "loudness": 0.99068403244,
    "raspiness": 0.309687077999,
    "color": 101.899024963,
    "location": 3906.35131836,
    "stability": 0.685372591019,
    "tonality": 0.495322018862
}