{
    "name": "18fdc08b",
    "x": 47.37445068359375,
    "y": -7.208198547363281,
    "loudness": 0.99068403244,
    "raspiness": 0.309687077999,
    "color": 101.899024963,
    "location": 3906.35131836,
    "stability": 0.685372591019,
    "tonality": 0.495322018862
}