{
    "name": "18feebe1",
    "x": 1.0922104120254517,
    "y": 10.245758056640625,
    "loudness": 0.968342721462,
    "raspiness": 0.0300503429025,
    "color": 13.4402151108,
    "location": 599.34979248,
    "stability": 0.607610464096,
    "tonality": 0.430958420038
}