{
    "name": "18feebe1",
    "x": -11.716619491577148,
    "y": 32.527626037597656,
    "loudness": 0.968342721462,
    "raspiness": 0.0300503429025,
    "color": 13.4402151108,
    "location": 24.481621524727483,
    "stability": 0.607610464096,
    "tonality": 0.430958420038
}