{
    "name": "18feebe1",
    "x": -20.182796478271484,
    "y": 40.38841247558594,
    "loudness": 0.968342721462,
    "raspiness": 0.0300503429025,
    "color": 13.4402151108,
    "location": 599.34979248,
    "stability": 0.607610464096,
    "tonality": 0.430958420038
}