{
    "name": "1902bf23",
    "x": 3.381838321685791,
    "y": 1.9412041902542114,
    "loudness": 0.017595667392,
    "raspiness": 0.046063516289,
    "color": 5.26059389114,
    "location": 527.500061035,
    "stability": 0.611037135124,
    "tonality": 0.383194863796
}