{
    "name": "192c2ba5",
    "x": 10.407087326049805,
    "y": 7.628153324127197,
    "loudness": 0.971095740795,
    "raspiness": 0.112548828125,
    "color": 25.6689014435,
    "location": 46.24460483732129,
    "stability": 0.418483614922,
    "tonality": 0.486175864935
}