{
    "name": "192fa8cc",
    "x": -42.99382400512695,
    "y": -3.051241874694824,
    "loudness": 0.975655436516,
    "raspiness": 0.0200432669371,
    "color": 8.30573940277,
    "location": 21.13976967852299,
    "stability": 0.390519440174,
    "tonality": 0.222624003887
}