{
    "name": "192fa8cc",
    "x": -4.940228462219238,
    "y": 8.422713279724121,
    "loudness": 0.975655436516,
    "raspiness": 0.0200432669371,
    "color": 8.30573940277,
    "location": 446.889862061,
    "stability": 0.390519440174,
    "tonality": 0.222624003887
}