{
    "name": "193ab4fd",
    "x": 3.2147042751312256,
    "y": 4.1754560470581055,
    "loudness": 0.421945661306,
    "raspiness": 0.0659861937165,
    "color": 21.1184711456,
    "location": 1400.98242188,
    "stability": 0.339678376913,
    "tonality": 0.476163774729
}