{
    "name": "193ab4fd",
    "x": 1.6076809167861938,
    "y": -11.844443321228027,
    "loudness": 0.421945661306,
    "raspiness": 0.0659861937165,
    "color": 21.1184711456,
    "location": 1400.98242188,
    "stability": 0.339678376913,
    "tonality": 0.476163774729
}