{
    "name": "193ab4fd",
    "x": 1.453349232673645,
    "y": -8.600493431091309,
    "loudness": 0.421945661306,
    "raspiness": 0.0659861937165,
    "color": 21.1184711456,
    "location": 37.429699730027224,
    "stability": 0.339678376913,
    "tonality": 0.476163774729
}