{
    "name": "193e878a",
    "x": 6.093017578125,
    "y": 11.0282621383667,
    "loudness": 0.600076675415,
    "raspiness": 0.109670773149,
    "color": 17.6809864044,
    "location": 2583.87280273,
    "stability": 0.673177480698,
    "tonality": 0.487043380737
}