{
    "name": "193e878a",
    "x": 24.070714950561523,
    "y": 10.71917724609375,
    "loudness": 0.600076675415,
    "raspiness": 0.109670773149,
    "color": 17.6809864044,
    "location": 50.83180896574506,
    "stability": 0.673177480698,
    "tonality": 0.487043380737
}