{
    "name": "1947f717",
    "x": -36.79590606689453,
    "y": 22.02895736694336,
    "loudness": 0.937238156796,
    "raspiness": 0.0358571968973,
    "color": 9.45371818542,
    "location": 741.590270996,
    "stability": 0.549244225025,
    "tonality": 0.372184127569
}