{
    "name": "195f544d",
    "x": -0.735415518283844,
    "y": 9.397759437561035,
    "loudness": 0.755375564098,
    "raspiness": 0.0508378855884,
    "color": 12.4928913116,
    "location": 1165.50366211,
    "stability": 0.557642459869,
    "tonality": 0.424135535955
}