{
    "name": "195f544d",
    "x": -8.335577011108398,
    "y": 17.086957931518555,
    "loudness": 0.755375564098,
    "raspiness": 0.0508378855884,
    "color": 12.4928913116,
    "location": 34.13947366480626,
    "stability": 0.557642459869,
    "tonality": 0.424135535955
}