{
    "name": "1966b87b",
    "x": -3.4362146854400635,
    "y": -0.5972822308540344,
    "loudness": 0.89167290926,
    "raspiness": 0.0791625976562,
    "color": 4.71697902679,
    "location": 42.14549268557671,
    "stability": 0.25125002861,
    "tonality": 0.463357031345
}