{
    "name": "1966b87b",
    "x": -0.9903103113174438,
    "y": 0.23080196976661682,
    "loudness": 0.89167290926,
    "raspiness": 0.0791625976562,
    "color": 4.71697902679,
    "location": 1776.24255371,
    "stability": 0.25125002861,
    "tonality": 0.463357031345
}