{
    "name": "1966b87b",
    "x": 1.162794828414917,
    "y": 5.328370571136475,
    "loudness": 0.89167290926,
    "raspiness": 0.0791625976562,
    "color": 4.71697902679,
    "location": 1776.24255371,
    "stability": 0.25125002861,
    "tonality": 0.463357031345
}