{
    "name": "1967e2b2",
    "x": 20.17414665222168,
    "y": 46.11453628540039,
    "loudness": 0.93415504694,
    "raspiness": 0.0780375301838,
    "color": 22.1215610504,
    "location": 1661.55554199,
    "stability": 0.707267403603,
    "tonality": 0.479507923126
}