{
    "name": "1967e2b2",
    "x": 17.770322799682617,
    "y": 37.88814163208008,
    "loudness": 0.93415504694,
    "raspiness": 0.0780375301838,
    "color": 22.1215610504,
    "location": 40.76218274319961,
    "stability": 0.707267403603,
    "tonality": 0.479507923126
}