{
    "name": "196c8a34",
    "x": 17.775352478027344,
    "y": 23.901161193847656,
    "loudness": 0.76246714592,
    "raspiness": 0.0915031731129,
    "color": 10.0977964401,
    "location": 42.26383718487946,
    "stability": 0.667601406574,
    "tonality": 0.476105153561
}