{
    "name": "196c8a34",
    "x": 18.54285430908203,
    "y": 27.560453414916992,
    "loudness": 0.76246714592,
    "raspiness": 0.0915031731129,
    "color": 10.0977964401,
    "location": 1786.23193359,
    "stability": 0.667601406574,
    "tonality": 0.476105153561
}