{
    "name": "197fe6b5",
    "x": 10.939288139343262,
    "y": 6.18427038192749,
    "loudness": 0.95990896225,
    "raspiness": 0.347827672958,
    "color": 333.834777832,
    "location": 4094.78613281,
    "stability": 0.726311385632,
    "tonality": 0.493256360292
}