{
    "name": "197fe6b5",
    "x": 44.277183532714844,
    "y": -13.610816955566406,
    "loudness": 0.95990896225,
    "raspiness": 0.347827672958,
    "color": 333.834777832,
    "location": 63.990515959867054,
    "stability": 0.726311385632,
    "tonality": 0.493256360292
}