{
    "name": "199b1adf",
    "x": -8.765357971191406,
    "y": 32.15122604370117,
    "loudness": 0.943668544292,
    "raspiness": 0.0212178062648,
    "color": 8.40222167969,
    "location": 19.55228866879783,
    "stability": 0.607174217701,
    "tonality": 0.460073381662
}