{
    "name": "199b1adf",
    "x": -12.584656715393066,
    "y": 39.55585479736328,
    "loudness": 0.943668544292,
    "raspiness": 0.0212178062648,
    "color": 8.40222167969,
    "location": 382.291992188,
    "stability": 0.607174217701,
    "tonality": 0.460073381662
}