{
    "name": "19a1f537",
    "x": -23.777645111083984,
    "y": 4.215956211090088,
    "loudness": 0.99068403244,
    "raspiness": 0.079461351037,
    "color": 3.53179693222,
    "location": 29.11926055807393,
    "stability": 0.336820930243,
    "tonality": 0.381294995546
}