{
    "name": "19a1f537",
    "x": -26.323305130004883,
    "y": 0.9117186665534973,
    "loudness": 0.99068403244,
    "raspiness": 0.079461351037,
    "color": 3.53179693222,
    "location": 847.931335449,
    "stability": 0.336820930243,
    "tonality": 0.381294995546
}