{
    "name": "19bc0dbe",
    "x": -1.347625494003296,
    "y": 7.402450084686279,
    "loudness": 0.962226688862,
    "raspiness": 0.0648564845324,
    "color": 34.0612335205,
    "location": 1707.05371094,
    "stability": 0.306405842304,
    "tonality": 0.406913727522
}