{
    "name": "19bc0dbe",
    "x": -16.058706283569336,
    "y": 4.785551071166992,
    "loudness": 0.962226688862,
    "raspiness": 0.0648564845324,
    "color": 34.0612335205,
    "location": 41.31650651906572,
    "stability": 0.306405842304,
    "tonality": 0.406913727522
}