{
    "name": "19bf4be6",
    "x": 37.31022262573242,
    "y": 10.585113525390625,
    "loudness": 0.940894901752,
    "raspiness": 0.178047612309,
    "color": 28.925983429,
    "location": 57.10242134480814,
    "stability": 0.646919548512,
    "tonality": 0.491833716631
}