{
    "name": "19bf4be6",
    "x": 39.778255462646484,
    "y": 13.189010620117188,
    "loudness": 0.940894901752,
    "raspiness": 0.178047612309,
    "color": 28.925983429,
    "location": 3260.68652344,
    "stability": 0.646919548512,
    "tonality": 0.491833716631
}