{
    "name": "19bf4be6",
    "x": 8.173835754394531,
    "y": 8.72369384765625,
    "loudness": 0.940894901752,
    "raspiness": 0.178047612309,
    "color": 28.925983429,
    "location": 3260.68652344,
    "stability": 0.646919548512,
    "tonality": 0.491833716631
}