{
    "name": "19d094a2",
    "x": 41.306087493896484,
    "y": 19.76625633239746,
    "loudness": 0.99068403244,
    "raspiness": 0.222668930888,
    "color": 5.78557491302,
    "location": 2191.22827148,
    "stability": 0.738390266895,
    "tonality": 0.468192607164
}