{
    "name": "19d094a2",
    "x": 37.905540466308594,
    "y": 15.704659461975098,
    "loudness": 0.99068403244,
    "raspiness": 0.222668930888,
    "color": 5.78557491302,
    "location": 46.81055726521529,
    "stability": 0.738390266895,
    "tonality": 0.468192607164
}