{
    "name": "19d4a6ad",
    "x": 4.047430992126465,
    "y": 8.464457511901855,
    "loudness": 0.957935512066,
    "raspiness": 0.0973423570395,
    "color": 18.2746658325,
    "location": 1852.86364746,
    "stability": 0.522920072079,
    "tonality": 0.447572022676
}