{
    "name": "19d4a6ad",
    "x": 6.566441535949707,
    "y": 17.726337432861328,
    "loudness": 0.957935512066,
    "raspiness": 0.0973423570395,
    "color": 18.2746658325,
    "location": 43.04490268847172,
    "stability": 0.522920072079,
    "tonality": 0.447572022676
}