{
    "name": "19df8c61",
    "x": 9.271020889282227,
    "y": -0.745758056640625,
    "loudness": 0.599592149258,
    "raspiness": 0.0722833797336,
    "color": 25.5863037109,
    "location": 2340.90283203,
    "stability": 0.431083858013,
    "tonality": 0.488464206457
}