{
    "name": "19df8c61",
    "x": 8.903264045715332,
    "y": -0.2245768904685974,
    "loudness": 0.599592149258,
    "raspiness": 0.0722833797336,
    "color": 25.5863037109,
    "location": 48.382877467447095,
    "stability": 0.431083858013,
    "tonality": 0.488464206457
}