{
    "name": "19ec978d",
    "x": 6.563425064086914,
    "y": 7.572680950164795,
    "loudness": 0.99068403244,
    "raspiness": 0.133393794298,
    "color": 23.7459182739,
    "location": 2966.47143555,
    "stability": 0.50638127327,
    "tonality": 0.489680111408
}