{
    "name": "19ec978d",
    "x": 21.895111083984375,
    "y": 6.78535795211792,
    "loudness": 0.99068403244,
    "raspiness": 0.133393794298,
    "color": 23.7459182739,
    "location": 54.465323239195044,
    "stability": 0.50638127327,
    "tonality": 0.489680111408
}