{
    "name": "19f45b13",
    "x": 11.239300727844238,
    "y": 6.161147117614746,
    "loudness": 0.99068403244,
    "raspiness": 0.387384593487,
    "color": 353.85244751,
    "location": 5471.77001953,
    "stability": 0.634770035744,
    "tonality": 0.497384101152
}