{
    "name": "19f45b13",
    "x": 45.532840728759766,
    "y": -17.852602005004883,
    "loudness": 0.99068403244,
    "raspiness": 0.387384593487,
    "color": 353.85244751,
    "location": 73.97141352934929,
    "stability": 0.634770035744,
    "tonality": 0.497384101152
}