{
    "name": "19f74365",
    "x": 11.362031936645508,
    "y": 37.295928955078125,
    "loudness": 0.99068403244,
    "raspiness": 0.0988172739744,
    "color": 15.4186944962,
    "location": 1457.01525879,
    "stability": 0.606545746326,
    "tonality": 0.466093331575
}