{
    "name": "19f74365",
    "x": 3.9522671699523926,
    "y": 10.276448249816895,
    "loudness": 0.99068403244,
    "raspiness": 0.0988172739744,
    "color": 15.4186944962,
    "location": 1457.01525879,
    "stability": 0.606545746326,
    "tonality": 0.466093331575
}