{
    "name": "19f8e665",
    "x": 6.1877031326293945,
    "y": 11.01424789428711,
    "loudness": 0.72129881382,
    "raspiness": 0.135213315487,
    "color": 6.4470500946,
    "location": 2176.5612793,
    "stability": 0.715290248394,
    "tonality": 0.479976177216
}