{
    "name": "19fc7498",
    "x": 2.890476703643799,
    "y": 11.377119064331055,
    "loudness": 0.96795541048,
    "raspiness": 0.0717612057924,
    "color": 5.17501878738,
    "location": 908.774597168,
    "stability": 0.665428757668,
    "tonality": 0.458665400743
}