{
    "name": "19fe82be",
    "x": 39.31039810180664,
    "y": 12.771224021911621,
    "loudness": 0.99068403244,
    "raspiness": 0.183247879148,
    "color": 63.4421081543,
    "location": 3162.37670898,
    "stability": 0.632877528667,
    "tonality": 0.486801058054
}