{
    "name": "19fe82be",
    "x": 36.20487594604492,
    "y": 9.905515670776367,
    "loudness": 0.99068403244,
    "raspiness": 0.183247879148,
    "color": 63.4421081543,
    "location": 56.2350131944503,
    "stability": 0.632877528667,
    "tonality": 0.486801058054
}