{
    "name": "2005b905",
    "x": -14.929533958435059,
    "y": -26.152877807617188,
    "loudness": 0.0415213890374,
    "raspiness": 0.0321365781128,
    "color": 3.57416963577,
    "location": 342.914794922,
    "stability": 0.426312297583,
    "tonality": 0.344607591629
}