{
    "name": "200a3423",
    "x": -0.35912588238716125,
    "y": 12.116171836853027,
    "loudness": 0.99068403244,
    "raspiness": 0.0751757845283,
    "color": 11.4444665909,
    "location": 2300.61962891,
    "stability": 0.393469691277,
    "tonality": 0.438003391027
}