{
    "name": "2013a12f",
    "x": -12.030316352844238,
    "y": 23.872467041015625,
    "loudness": 0.99068403244,
    "raspiness": 0.0407226569951,
    "color": 24.6138916016,
    "location": 23.33275683463058,
    "stability": 0.517793178558,
    "tonality": 0.444907188416
}