{
    "name": "2016d256",
    "x": -34.30447006225586,
    "y": -10.996450424194336,
    "loudness": 0.753088951111,
    "raspiness": 0.0515083633363,
    "color": 16.6687240601,
    "location": 32.98958353889906,
    "stability": 0.140832096338,
    "tonality": 0.280054301023
}