{
    "name": "2017f454",
    "x": -4.3162736892700195,
    "y": 7.414495944976807,
    "loudness": 0.988602995872,
    "raspiness": 0.0441724732518,
    "color": 22.3880558014,
    "location": 878.800964355,
    "stability": 0.326997250319,
    "tonality": 0.28261911869
}