{
    "name": "2017f454",
    "x": -39.14202880859375,
    "y": -4.41241979598999,
    "loudness": 0.988602995872,
    "raspiness": 0.0441724732518,
    "color": 22.3880558014,
    "location": 29.644577317867093,
    "stability": 0.326997250319,
    "tonality": 0.28261911869
}