{
    "name": "202b6258",
    "x": -8.976808547973633,
    "y": -6.4405341148376465,
    "loudness": 0.461233377457,
    "raspiness": 0.0131890345365,
    "color": 6.97549962997,
    "location": 324.361694336,
    "stability": 0.438494712114,
    "tonality": 0.437052994967
}