{
    "name": "202b6258",
    "x": -6.378656387329102,
    "y": -5.013952255249023,
    "loudness": 0.461233377457,
    "raspiness": 0.0131890345365,
    "color": 6.97549962997,
    "location": 18.010044262466433,
    "stability": 0.438494712114,
    "tonality": 0.437052994967
}