{
    "name": "202b6258",
    "x": 2.4566380977630615,
    "y": 5.15824031829834,
    "loudness": 0.461233377457,
    "raspiness": 0.0131890345365,
    "color": 6.97549962997,
    "location": 324.361694336,
    "stability": 0.438494712114,
    "tonality": 0.437052994967
}