{
    "name": "202cbd7d",
    "x": -3.907923460006714,
    "y": 40.114463806152344,
    "loudness": 0.938966751099,
    "raspiness": 0.0563818365335,
    "color": 15.047036171,
    "location": 36.307605091771066,
    "stability": 0.705349504948,
    "tonality": 0.430335462093
}