{
    "name": "202cbd7d",
    "x": -11.738697052001953,
    "y": 46.973182678222656,
    "loudness": 0.938966751099,
    "raspiness": 0.0563818365335,
    "color": 15.047036171,
    "location": 1318.2421875,
    "stability": 0.705349504948,
    "tonality": 0.430335462093
}