{
    "name": "2032be87",
    "x": 25.746366500854492,
    "y": -14.36569595336914,
    "loudness": 0.257503151894,
    "raspiness": 0.190907269716,
    "color": 43.6206741333,
    "location": 3552.19946289,
    "stability": 0.595268011093,
    "tonality": 0.496122598648
}