{
    "name": "2049c17b",
    "x": 39.767723083496094,
    "y": 23.944292068481445,
    "loudness": 0.99068403244,
    "raspiness": 0.13030809164,
    "color": 4.53507137299,
    "location": 55.3359325365535,
    "stability": 0.784783899784,
    "tonality": 0.498668551445
}