{
    "name": "2049c17b",
    "x": 7.679858684539795,
    "y": 10.984973907470703,
    "loudness": 0.99068403244,
    "raspiness": 0.13030809164,
    "color": 4.53507137299,
    "location": 3062.06542969,
    "stability": 0.784783899784,
    "tonality": 0.498668551445
}