{
    "name": "2072ebd5",
    "x": 6.915051460266113,
    "y": 35.0796012878418,
    "loudness": 0.843304932117,
    "raspiness": 0.0767129063606,
    "color": 7.25314664841,
    "location": 1481.5501709,
    "stability": 0.636659562588,
    "tonality": 0.45707693696
}