{
    "name": "2081f3e1",
    "x": -6.371936798095703,
    "y": 17.628013610839844,
    "loudness": 0.973683953285,
    "raspiness": 0.0704758018255,
    "color": 36.2951126099,
    "location": 1516.078125,
    "stability": 0.439534425735,
    "tonality": 0.447939872742
}