{
    "name": "2081f3e1",
    "x": -4.057827472686768,
    "y": 14.17453384399414,
    "loudness": 0.973683953285,
    "raspiness": 0.0704758018255,
    "color": 36.2951126099,
    "location": 38.93684790786229,
    "stability": 0.439534425735,
    "tonality": 0.447939872742
}