{
    "name": "2083da16",
    "x": 40.94176483154297,
    "y": -1.8600013256072998,
    "loudness": 0.99068403244,
    "raspiness": 0.278541654348,
    "color": 165.784118652,
    "location": 3148.62109375,
    "stability": 0.655848681927,
    "tonality": 0.488868862391
}