{
    "name": "2083da16",
    "x": 41.327877044677734,
    "y": -1.190690040588379,
    "loudness": 0.99068403244,
    "raspiness": 0.278541654348,
    "color": 165.784118652,
    "location": 56.11257518373221,
    "stability": 0.655848681927,
    "tonality": 0.488868862391
}