{
    "name": "208a14b6",
    "x": -1.8938570022583008,
    "y": 9.827058792114258,
    "loudness": 0.981280446053,
    "raspiness": 0.0403858534992,
    "color": 24.4846782684,
    "location": 1026.00671387,
    "stability": 0.554308712482,
    "tonality": 0.377990037203
}