{
    "name": "208a14b6",
    "x": -34.69646453857422,
    "y": 26.387004852294922,
    "loudness": 0.981280446053,
    "raspiness": 0.0403858534992,
    "color": 24.4846782684,
    "location": 1026.00671387,
    "stability": 0.554308712482,
    "tonality": 0.377990037203
}