{
    "name": "208a14b6",
    "x": -26.909753799438477,
    "y": 24.966930389404297,
    "loudness": 0.981280446053,
    "raspiness": 0.0403858534992,
    "color": 24.4846782684,
    "location": 32.031339557845534,
    "stability": 0.554308712482,
    "tonality": 0.377990037203
}