{
    "name": "208ddbdd",
    "x": 19.597009658813477,
    "y": 39.27606201171875,
    "loudness": 0.984055399895,
    "raspiness": 0.0744798928499,
    "color": 43.5279426575,
    "location": 40.79317055182154,
    "stability": 0.718495249748,
    "tonality": 0.482565283775
}