{
    "name": "208ddbdd",
    "x": 22.323274612426758,
    "y": 48.57994842529297,
    "loudness": 0.984055399895,
    "raspiness": 0.0744798928499,
    "color": 43.5279426575,
    "location": 1664.08276367,
    "stability": 0.718495249748,
    "tonality": 0.482565283775
}