{
    "name": "2094b896",
    "x": 10.01257610321045,
    "y": 7.61425256729126,
    "loudness": 0.99068403244,
    "raspiness": 0.295698672533,
    "color": 36.0974960327,
    "location": 3932.36230469,
    "stability": 0.624745726585,
    "tonality": 0.49259993434
}