{
    "name": "2094b896",
    "x": 44.728271484375,
    "y": -2.891902446746826,
    "loudness": 0.99068403244,
    "raspiness": 0.295698672533,
    "color": 36.0974960327,
    "location": 62.70855049106142,
    "stability": 0.624745726585,
    "tonality": 0.49259993434
}