{
    "name": "2094a55d",
    "x": -20.853483200073242,
    "y": 38.55780029296875,
    "loudness": 0.99068403244,
    "raspiness": 0.026724467054,
    "color": 8.15347099304,
    "location": 519.15411377,
    "stability": 0.59687680006,
    "tonality": 0.432926982641
}