{
    "name": "2097b6c7",
    "x": 7.00294303894043,
    "y": 8.752469062805176,
    "loudness": 0.912818610668,
    "raspiness": 0.166960686445,
    "color": 78.4894638062,
    "location": 2588.8840332,
    "stability": 0.585172712803,
    "tonality": 0.484046310186
}