{
    "name": "209ed9c5",
    "x": -9.254049301147461,
    "y": 20.114770889282227,
    "loudness": 0.988199234009,
    "raspiness": 0.0186182316393,
    "color": 15.9042930603,
    "location": 23.597319680294202,
    "stability": 0.4958986938,
    "tonality": 0.468569487333
}