{
    "name": "20ace19b",
    "x": -9.532631874084473,
    "y": 2.3287272453308105,
    "loudness": 0.97393155098,
    "raspiness": 0.144221708179,
    "color": 17.5730075836,
    "location": 48.62524602282234,
    "stability": 0.220117434859,
    "tonality": 0.401767790318
}