{
    "name": "20ace19b",
    "x": -1.4141122102737427,
    "y": 7.275973796844482,
    "loudness": 0.97393155098,
    "raspiness": 0.144221708179,
    "color": 17.5730075836,
    "location": 2364.41455078,
    "stability": 0.220117434859,
    "tonality": 0.401767790318
}