{
    "name": "20ad1687",
    "x": 18.268943786621094,
    "y": 4.879087924957275,
    "loudness": 0.99068403244,
    "raspiness": 0.111962892115,
    "color": 45.3310470581,
    "location": 54.92822909542961,
    "stability": 0.442518830299,
    "tonality": 0.491025447845
}