{
    "name": "20ad1687",
    "x": 19.083730697631836,
    "y": 6.090787887573242,
    "loudness": 0.99068403244,
    "raspiness": 0.111962892115,
    "color": 45.3310470581,
    "location": 3017.11035156,
    "stability": 0.442518830299,
    "tonality": 0.491025447845
}