{
    "name": "20b1a46c",
    "x": -3.957477569580078,
    "y": 8.05351448059082,
    "loudness": 0.672430694103,
    "raspiness": 0.0150553388521,
    "color": 21.3696575165,
    "location": 302.477203369,
    "stability": 0.347976565361,
    "tonality": 0.242018640041
}