{
    "name": "20b47b1d",
    "x": 44.14329147338867,
    "y": -17.772836685180664,
    "loudness": 0.988675475121,
    "raspiness": 0.350767165422,
    "color": 374.529022217,
    "location": 72.25290259629713,
    "stability": 0.753135621548,
    "tonality": 0.490899264812
}