{
    "name": "20b47b1d",
    "x": 11.1556978225708,
    "y": 6.15230655670166,
    "loudness": 0.988675475121,
    "raspiness": 0.350767165422,
    "color": 374.529022217,
    "location": 5220.48193359,
    "stability": 0.753135621548,
    "tonality": 0.490899264812
}