{
    "name": "20b47b1d",
    "x": 43.339263916015625,
    "y": -25.29317855834961,
    "loudness": 0.988675475121,
    "raspiness": 0.350767165422,
    "color": 374.529022217,
    "location": 5220.48193359,
    "stability": 0.753135621548,
    "tonality": 0.490899264812
}