{
    "name": "20dafbd4",
    "x": 9.439311027526855,
    "y": -4.384286403656006,
    "loudness": 0.653612077236,
    "raspiness": 0.126621797681,
    "color": 1.93920147419,
    "location": 2409.52587891,
    "stability": 0.301230162382,
    "tonality": 0.473899126053
}