{
    "name": "20dafbd4",
    "x": 3.884450674057007,
    "y": 5.034618854522705,
    "loudness": 0.653612077236,
    "raspiness": 0.126621797681,
    "color": 1.93920147419,
    "location": 2409.52587891,
    "stability": 0.301230162382,
    "tonality": 0.473899126053
}