{
    "name": "20e3ef07",
    "x": -7.124270439147949,
    "y": -11.210989952087402,
    "loudness": 0.681159794331,
    "raspiness": 0.0369194895029,
    "color": 19.1630592346,
    "location": 1090.27050781,
    "stability": 0.198560729623,
    "tonality": 0.46136277914
}