{
    "name": "20e3ef07",
    "x": -7.322572231292725,
    "y": -6.75523567199707,
    "loudness": 0.681159794331,
    "raspiness": 0.0369194895029,
    "color": 19.1630592346,
    "location": 33.01924450695382,
    "stability": 0.198560729623,
    "tonality": 0.46136277914
}