{
    "name": "20e4c84a",
    "x": 11.006974220275879,
    "y": 6.258536338806152,
    "loudness": 0.99068403244,
    "raspiness": 0.405458390713,
    "color": 337.140075684,
    "location": 4500.13134766,
    "stability": 0.732278466225,
    "tonality": 0.494304955006
}