{
    "name": "20e4c3a0",
    "x": 9.035873413085938,
    "y": 9.636627197265625,
    "loudness": 0.99068403244,
    "raspiness": 0.160108998418,
    "color": 58.9363059998,
    "location": 3562.09790039,
    "stability": 0.79351913929,
    "tonality": 0.476962924004
}