{
    "name": "20e4c3a0",
    "x": 46.67626190185547,
    "y": 16.115373611450195,
    "loudness": 0.99068403244,
    "raspiness": 0.160108998418,
    "color": 58.9363059998,
    "location": 59.68331341664938,
    "stability": 0.79351913929,
    "tonality": 0.476962924004
}