{
    "name": "20e4c84a",
    "x": 44.21751403808594,
    "y": -21.940868377685547,
    "loudness": 0.99068403244,
    "raspiness": 0.405458390713,
    "color": 337.140075684,
    "location": 4500.13134766,
    "stability": 0.732278466225,
    "tonality": 0.494304955006
}