{
    "name": "20e5795b",
    "x": -1.6234954595565796,
    "y": -6.79304313659668,
    "loudness": 0.676056802273,
    "raspiness": 0.0833803191781,
    "color": 24.7493247986,
    "location": 42.57814363532069,
    "stability": 0.099623195827,
    "tonality": 0.490585774183
}