{
    "name": "20e5795b",
    "x": -1.6958849430084229,
    "y": -9.995454788208008,
    "loudness": 0.676056802273,
    "raspiness": 0.0833803191781,
    "color": 24.7493247986,
    "location": 1812.89831543,
    "stability": 0.099623195827,
    "tonality": 0.490585774183
}