{
    "name": "20e6791a",
    "x": -22.272275924682617,
    "y": -2.879390001296997,
    "loudness": 0.639497339725,
    "raspiness": 0.0101868137717,
    "color": 13.4559192657,
    "location": 18.049837419184694,
    "stability": 0.305621266365,
    "tonality": 0.381117969751
}