{
    "name": "20e6791a",
    "x": -2.565232753753662,
    "y": 7.724880218505859,
    "loudness": 0.639497339725,
    "raspiness": 0.0101868137717,
    "color": 13.4559192657,
    "location": 325.796630859,
    "stability": 0.305621266365,
    "tonality": 0.381117969751
}