{
    "name": "20f13d88",
    "x": 23.021310806274414,
    "y": 15.487454414367676,
    "loudness": 0.60261875391,
    "raspiness": 0.0999337434769,
    "color": 25.2511959076,
    "location": 45.070214318882485,
    "stability": 0.786423563957,
    "tonality": 0.489780575037
}