{
    "name": "20f13d88",
    "x": 6.1649298667907715,
    "y": 11.367380142211914,
    "loudness": 0.60261875391,
    "raspiness": 0.0999337434769,
    "color": 25.2511959076,
    "location": 2031.32421875,
    "stability": 0.786423563957,
    "tonality": 0.489780575037
}