{
    "name": "20fb2252",
    "x": -13.155694961547852,
    "y": 3.8621933460235596,
    "loudness": 0.99068403244,
    "raspiness": 0.0193270593882,
    "color": 6.51958608627,
    "location": 25.66433004997403,
    "stability": 0.344491064548,
    "tonality": 0.455848097801
}