{
    "name": "20fb2252",
    "x": -15.382516860961914,
    "y": 5.6065778732299805,
    "loudness": 0.99068403244,
    "raspiness": 0.0193270593882,
    "color": 6.51958608627,
    "location": 658.657836914,
    "stability": 0.344491064548,
    "tonality": 0.455848097801
}