{
    "name": "210f2580",
    "x": 12.209356307983398,
    "y": -15.10859489440918,
    "loudness": 0.156463369727,
    "raspiness": 0.137293204665,
    "color": 4.26099824905,
    "location": 44.99736049114437,
    "stability": 0.458562880754,
    "tonality": 0.458915442228
}