{
    "name": "210f2580",
    "x": 14.25997257232666,
    "y": -25.08134651184082,
    "loudness": 0.156463369727,
    "raspiness": 0.137293204665,
    "color": 4.26099824905,
    "location": 2024.76245117,
    "stability": 0.458562880754,
    "tonality": 0.458915442228
}