{
    "name": "2133f209",
    "x": 10.831734657287598,
    "y": 6.893195629119873,
    "loudness": 0.98160636425,
    "raspiness": 0.464371651411,
    "color": 127.618919373,
    "location": 5240.83496094,
    "stability": 0.806687951088,
    "tonality": 0.498553365469
}