{
    "name": "2137ed0e",
    "x": -14.086066246032715,
    "y": -1.6197632551193237,
    "loudness": 0.99068403244,
    "raspiness": 0.0225037690252,
    "color": 10.6128349304,
    "location": 23.93022567139725,
    "stability": 0.278818100691,
    "tonality": 0.459112435579
}