{
    "name": "213afdbf",
    "x": -7.557997226715088,
    "y": 42.053863525390625,
    "loudness": 0.976653158665,
    "raspiness": 0.0637158229947,
    "color": 30.7721500397,
    "location": 39.68000052179939,
    "stability": 0.749733269215,
    "tonality": 0.410916358232
}