{
    "name": "213ab73c",
    "x": -11.809921264648438,
    "y": -22.553918838500977,
    "loudness": 0.00450322683901,
    "raspiness": 0.114402748644,
    "color": 23.8275756836,
    "location": 43.79779615734107,
    "stability": 0.230974823236,
    "tonality": 0.372265785933
}