{
    "name": "213afdbf",
    "x": -0.035928040742874146,
    "y": 11.326394081115723,
    "loudness": 0.976653158665,
    "raspiness": 0.0637158229947,
    "color": 30.7721500397,
    "location": 1574.50244141,
    "stability": 0.749733269215,
    "tonality": 0.410916358232
}