{
    "name": "213ab73c",
    "x": -5.275296688079834,
    "y": -35.16574478149414,
    "loudness": 0.00450322683901,
    "raspiness": 0.114402748644,
    "color": 23.8275756836,
    "location": 1918.24694824,
    "stability": 0.230974823236,
    "tonality": 0.372265785933
}