{
    "name": "213b8878",
    "x": 5.146458625793457,
    "y": 4.7068352699279785,
    "loudness": 0.966432988644,
    "raspiness": 0.0870535746217,
    "color": 27.0808410645,
    "location": 2130.08837891,
    "stability": 0.328975826502,
    "tonality": 0.474624633789
}