{
    "name": "2146e541",
    "x": 5.733561992645264,
    "y": 5.513486385345459,
    "loudness": 0.4595746696,
    "raspiness": 0.181234106421,
    "color": 22.0555057526,
    "location": 2663.31542969,
    "stability": 0.565584599972,
    "tonality": 0.427130043507
}