{
    "name": "214ddd6b",
    "x": -26.150400161743164,
    "y": 24.231721878051758,
    "loudness": 0.911120712757,
    "raspiness": 0.0435217618942,
    "color": 15.5187711716,
    "location": 905.200744629,
    "stability": 0.51910161972,
    "tonality": 0.40815103054
}