{
    "name": "214ddd6b",
    "x": -19.96706771850586,
    "y": 22.56749725341797,
    "loudness": 0.911120712757,
    "raspiness": 0.0435217618942,
    "color": 15.5187711716,
    "location": 30.086554216609784,
    "stability": 0.51910161972,
    "tonality": 0.40815103054
}