{
    "name": "2153d27e",
    "x": 6.3697428703308105,
    "y": 10.471327781677246,
    "loudness": 0.99068403244,
    "raspiness": 0.112396240234,
    "color": 25.1415290833,
    "location": 2212.24291992,
    "stability": 0.668424725533,
    "tonality": 0.490668177605
}