{
    "name": "215d5ff6",
    "x": 41.23362731933594,
    "y": -19.268613815307617,
    "loudness": 0.99068403244,
    "raspiness": 0.342047989368,
    "color": 291.015655518,
    "location": 4709.34814453,
    "stability": 0.573585510254,
    "tonality": 0.495104283094
}