{
    "name": "216f3fb8",
    "x": 2.4288406372070312,
    "y": -0.17292702198028564,
    "loudness": 0.00606141937897,
    "raspiness": 0.0373395867646,
    "color": 1.78288507462,
    "location": 386.354248047,
    "stability": 0.196890249848,
    "tonality": 0.306833803654
}