{
    "name": "216f3fb8",
    "x": -21.39006233215332,
    "y": -26.842432022094727,
    "loudness": 0.00606141937897,
    "raspiness": 0.0373395867646,
    "color": 1.78288507462,
    "location": 19.655896012316507,
    "stability": 0.196890249848,
    "tonality": 0.306833803654
}