{
    "name": "217a8204",
    "x": 3.329479455947876,
    "y": 10.014601707458496,
    "loudness": 0.754963219166,
    "raspiness": 0.0556247755885,
    "color": 10.9882688522,
    "location": 1359.12451172,
    "stability": 0.573552906513,
    "tonality": 0.476428687572
}