{
    "name": "217a8204",
    "x": 3.1668474674224854,
    "y": 18.472841262817383,
    "loudness": 0.754963219166,
    "raspiness": 0.0556247755885,
    "color": 10.9882688522,
    "location": 36.86630591366594,
    "stability": 0.573552906513,
    "tonality": 0.476428687572
}