{
    "name": "217cee0c",
    "x": -9.021183967590332,
    "y": 35.373722076416016,
    "loudness": 0.781189501286,
    "raspiness": 0.0401069968939,
    "color": 10.3116521835,
    "location": 28.162627824068547,
    "stability": 0.696472346783,
    "tonality": 0.413294792175
}