{
    "name": "217cee0c",
    "x": 0.6430644989013672,
    "y": 11.210102081298828,
    "loudness": 0.781189501286,
    "raspiness": 0.0401069968939,
    "color": 10.3116521835,
    "location": 793.133605957,
    "stability": 0.696472346783,
    "tonality": 0.413294792175
}