{
    "name": "218f3cc6",
    "x": 24.069828033447266,
    "y": 19.80899429321289,
    "loudness": 0.658563971519,
    "raspiness": 0.0840583741665,
    "color": 21.1844482422,
    "location": 1818.5411377,
    "stability": 0.757737874985,
    "tonality": 0.486384928226
}