{
    "name": "218f3cc6",
    "x": 22.397397994995117,
    "y": 19.28781509399414,
    "loudness": 0.658563971519,
    "raspiness": 0.0840583741665,
    "color": 21.1844482422,
    "location": 42.644356457801074,
    "stability": 0.757737874985,
    "tonality": 0.486384928226
}