{
    "name": "219ce296",
    "x": 2.724716901779175,
    "y": 7.1101393699646,
    "loudness": 0.971494495869,
    "raspiness": 0.074245557189,
    "color": 27.0225601196,
    "location": 1496.55444336,
    "stability": 0.420338839293,
    "tonality": 0.483441591263
}