{
    "name": "21aa921b",
    "x": 15.296667098999023,
    "y": 38.295494079589844,
    "loudness": 0.99068403244,
    "raspiness": 0.0798665359616,
    "color": 4.15349769592,
    "location": 40.37418820533733,
    "stability": 0.701987624168,
    "tonality": 0.465492039919
}