{
    "name": "21aa921b",
    "x": 17.313186645507812,
    "y": 48.04372024536133,
    "loudness": 0.99068403244,
    "raspiness": 0.0798665359616,
    "color": 4.15349769592,
    "location": 1630.07507324,
    "stability": 0.701987624168,
    "tonality": 0.465492039919
}