{
    "name": "21b56eda",
    "x": -45.20756149291992,
    "y": 0.7928615808486938,
    "loudness": 0.927911698818,
    "raspiness": 0.0226784627885,
    "color": 12.6536016464,
    "location": 21.612766929201825,
    "stability": 0.461918532848,
    "tonality": 0.250131994486
}