{
    "name": "21b56eda",
    "x": -45.775455474853516,
    "y": -9.889256477355957,
    "loudness": 0.927911698818,
    "raspiness": 0.0226784627885,
    "color": 12.6536016464,
    "location": 467.111694336,
    "stability": 0.461918532848,
    "tonality": 0.250131994486
}