{
    "name": "21bf162b",
    "x": -0.6430490016937256,
    "y": 8.33382511138916,
    "loudness": 0.891252696514,
    "raspiness": 0.0651930943131,
    "color": 34.1833076477,
    "location": 1455.63598633,
    "stability": 0.423174053431,
    "tonality": 0.415124237537
}