{
    "name": "21bf162b",
    "x": -15.614275932312012,
    "y": 13.294722557067871,
    "loudness": 0.891252696514,
    "raspiness": 0.0651930943131,
    "color": 34.1833076477,
    "location": 38.15279788337941,
    "stability": 0.423174053431,
    "tonality": 0.415124237537
}