{
    "name": "21c442db",
    "x": 46.50538635253906,
    "y": -29.586551666259766,
    "loudness": 0.97734183073,
    "raspiness": 0.42680233717,
    "color": 332.37789917,
    "location": 6505.82958984,
    "stability": 0.706949114799,
    "tonality": 0.498677164316
}