{
    "name": "21c8a350",
    "x": 11.728547096252441,
    "y": -15.364150047302246,
    "loudness": 0.00484143989161,
    "raspiness": 0.164388492703,
    "color": 17.8252124786,
    "location": 51.236200028495475,
    "stability": 0.348033666611,
    "tonality": 0.44430193305
}