{
    "name": "21cd8b2c",
    "x": 39.059871673583984,
    "y": -2.0005295276641846,
    "loudness": 0.99068403244,
    "raspiness": 0.259588062763,
    "color": 37.9119110107,
    "location": 63.3699609682695,
    "stability": 0.563562393188,
    "tonality": 0.49491366744
}