{
    "name": "21d75a3d",
    "x": -14.689898490905762,
    "y": 34.51053237915039,
    "loudness": 0.99068403244,
    "raspiness": 0.0595167204738,
    "color": 33.3203239441,
    "location": 37.28647706702793,
    "stability": 0.642088532448,
    "tonality": 0.404500216246
}