{
    "name": "21d75a3d",
    "x": -0.30595576763153076,
    "y": 10.647855758666992,
    "loudness": 0.99068403244,
    "raspiness": 0.0595167204738,
    "color": 33.3203239441,
    "location": 1390.28137207,
    "stability": 0.642088532448,
    "tonality": 0.404500216246
}