{
    "name": "21e48c3b",
    "x": -11.718287467956543,
    "y": 23.401987075805664,
    "loudness": 0.846403777599,
    "raspiness": 0.080314449966,
    "color": 8.00477790833,
    "location": 697.298583984,
    "stability": 0.504366934299,
    "tonality": 0.443718194962
}