{
    "name": "21e43f5b",
    "x": 22.545869827270508,
    "y": 24.420989990234375,
    "loudness": 0.706309735775,
    "raspiness": 0.0903026461601,
    "color": 14.0493421555,
    "location": 1568.57373047,
    "stability": 0.737088441849,
    "tonality": 0.47259414196
}