{
    "name": "21e48c3b",
    "x": -6.96668004989624,
    "y": 19.99319076538086,
    "loudness": 0.846403777599,
    "raspiness": 0.080314449966,
    "color": 8.00477790833,
    "location": 26.406411796834494,
    "stability": 0.504366934299,
    "tonality": 0.443718194962
}