{
    "name": "21e48c3b",
    "x": 1.1233892440795898,
    "y": 8.562982559204102,
    "loudness": 0.846403777599,
    "raspiness": 0.080314449966,
    "color": 8.00477790833,
    "location": 697.298583984,
    "stability": 0.504366934299,
    "tonality": 0.443718194962
}