{
    "name": "21e43f5b",
    "x": 6.076549053192139,
    "y": 11.515973091125488,
    "loudness": 0.706309735775,
    "raspiness": 0.0903026461601,
    "color": 14.0493421555,
    "location": 1568.57373047,
    "stability": 0.737088441849,
    "tonality": 0.47259414196
}