{
    "name": "21e43f5b",
    "x": 20.94053840637207,
    "y": 23.552825927734375,
    "loudness": 0.706309735775,
    "raspiness": 0.0903026461601,
    "color": 14.0493421555,
    "location": 39.60522352506043,
    "stability": 0.737088441849,
    "tonality": 0.47259414196
}