{
    "name": "21e66bd2",
    "x": -7.467203140258789,
    "y": 26.018939971923828,
    "loudness": 0.865230023861,
    "raspiness": 0.0621081478894,
    "color": 19.1731777191,
    "location": 38.81965922544916,
    "stability": 0.568202018738,
    "tonality": 0.426520615816
}