{
    "name": "21e66bd2",
    "x": -11.3388090133667,
    "y": 30.981800079345703,
    "loudness": 0.865230023861,
    "raspiness": 0.0621081478894,
    "color": 19.1731777191,
    "location": 1506.96594238,
    "stability": 0.568202018738,
    "tonality": 0.426520615816
}