{
    "name": "21f1c1bf",
    "x": 7.703615188598633,
    "y": -22.765365600585938,
    "loudness": 0.0264225210994,
    "raspiness": 0.0744688808918,
    "color": 25.3291873932,
    "location": 34.94108986193762,
    "stability": 0.556173324585,
    "tonality": 0.474112063646
}