{
    "name": "21f1c1bf",
    "x": 7.717072010040283,
    "y": -24.442922592163086,
    "loudness": 0.0264225210994,
    "raspiness": 0.0744688808918,
    "color": 25.3291873932,
    "location": 1220.87976074,
    "stability": 0.556173324585,
    "tonality": 0.474112063646
}