{
    "name": "21ff3084",
    "x": -1.8564753532409668,
    "y": 5.470005035400391,
    "loudness": 0.973419964314,
    "raspiness": 0.0628090798855,
    "color": 35.611038208,
    "location": 1656.23901367,
    "stability": 0.333268404007,
    "tonality": 0.48054587841
}