{
    "name": "21ff3084",
    "x": -0.8807831406593323,
    "y": 3.028210401535034,
    "loudness": 0.973419964314,
    "raspiness": 0.0628090798855,
    "color": 35.611038208,
    "location": 40.696916513048016,
    "stability": 0.333268404007,
    "tonality": 0.48054587841
}