{
    "name": "220a73b7",
    "x": -18.529682159423828,
    "y": 22.006393432617188,
    "loudness": 0.99068403244,
    "raspiness": 0.0958965942264,
    "color": 4.24077606201,
    "location": 1033.71716309,
    "stability": 0.494224578142,
    "tonality": 0.407184898853
}