{
    "name": "220a73b7",
    "x": -15.047857284545898,
    "y": 20.024730682373047,
    "loudness": 0.99068403244,
    "raspiness": 0.0958965942264,
    "color": 4.24077606201,
    "location": 32.15147217609172,
    "stability": 0.494224578142,
    "tonality": 0.407184898853
}