{
    "name": "221ee272",
    "x": 7.717775821685791,
    "y": 8.646010398864746,
    "loudness": 0.863975942135,
    "raspiness": 0.190480202436,
    "color": 35.696521759,
    "location": 2965.66552734,
    "stability": 0.599758088589,
    "tonality": 0.490865081549
}