{
    "name": "2232ce13",
    "x": 7.238955020904541,
    "y": 6.959227561950684,
    "loudness": 0.94780766964,
    "raspiness": 0.13080008328,
    "color": 147.440338135,
    "location": 3470.7019043,
    "stability": 0.389025211334,
    "tonality": 0.490826904774
}