{
    "name": "2249b436",
    "x": 20.07931137084961,
    "y": -17.421926498413086,
    "loudness": 0.202967643738,
    "raspiness": 0.170302152634,
    "color": 37.5091438293,
    "location": 2551.40917969,
    "stability": 0.562205016613,
    "tonality": 0.48739695549
}