{
    "name": "2249b436",
    "x": 6.146854400634766,
    "y": 3.0623347759246826,
    "loudness": 0.202967643738,
    "raspiness": 0.170302152634,
    "color": 37.5091438293,
    "location": 2551.40917969,
    "stability": 0.562205016613,
    "tonality": 0.48739695549
}