{
    "name": "224b3393",
    "x": -23.520397186279297,
    "y": 22.860448837280273,
    "loudness": 0.863463461399,
    "raspiness": 0.0350437089801,
    "color": 7.63903999329,
    "location": 26.701584398215026,
    "stability": 0.553181290627,
    "tonality": 0.392682135105
}