{
    "name": "224b3393",
    "x": -30.494836807250977,
    "y": 22.690860748291016,
    "loudness": 0.863463461399,
    "raspiness": 0.0350437089801,
    "color": 7.63903999329,
    "location": 712.974609375,
    "stability": 0.553181290627,
    "tonality": 0.392682135105
}