{
    "name": "225a071f",
    "x": 9.588846206665039,
    "y": 7.7008185386657715,
    "loudness": 0.975056290627,
    "raspiness": 0.270648926497,
    "color": 87.0404434204,
    "location": 3517.90039062,
    "stability": 0.649476706982,
    "tonality": 0.49227052927
}