{
    "name": "225a071f",
    "x": 42.75812911987305,
    "y": -0.5299713015556335,
    "loudness": 0.975056290627,
    "raspiness": 0.270648926497,
    "color": 87.0404434204,
    "location": 59.31189080294102,
    "stability": 0.649476706982,
    "tonality": 0.49227052927
}