{
    "name": "225b34b1",
    "x": -21.325605392456055,
    "y": 7.1043548583984375,
    "loudness": 0.99068403244,
    "raspiness": 0.0721717253327,
    "color": 6.32060813904,
    "location": 901.792602539,
    "stability": 0.335432231426,
    "tonality": 0.412553012371
}