{
    "name": "225b34b1",
    "x": -17.827068328857422,
    "y": 6.082364559173584,
    "loudness": 0.99068403244,
    "raspiness": 0.0721717253327,
    "color": 6.32060813904,
    "location": 30.02986184681841,
    "stability": 0.335432231426,
    "tonality": 0.412553012371
}