{
    "name": "225d8e40",
    "x": 5.885836124420166,
    "y": -22.297487258911133,
    "loudness": 0.174653738737,
    "raspiness": 0.0357377715409,
    "color": 4.41016769409,
    "location": 23.92976784388014,
    "stability": 0.683099746704,
    "tonality": 0.464915663004
}