{
    "name": "225d8e40",
    "x": 4.2808756828308105,
    "y": 2.585388660430908,
    "loudness": 0.174653738737,
    "raspiness": 0.0357377715409,
    "color": 4.41016769409,
    "location": 572.633789062,
    "stability": 0.683099746704,
    "tonality": 0.464915663004
}