{
    "name": "225d8e40",
    "x": 3.416173219680786,
    "y": -16.58478546142578,
    "loudness": 0.174653738737,
    "raspiness": 0.0357377715409,
    "color": 4.41016769409,
    "location": 572.633789062,
    "stability": 0.683099746704,
    "tonality": 0.464915663004
}