{
    "name": "226f4efc",
    "x": 1.8564881086349487,
    "y": 10.412038803100586,
    "loudness": 0.99068403244,
    "raspiness": 0.0416762419045,
    "color": 11.7437868118,
    "location": 1014.60144043,
    "stability": 0.605591595173,
    "tonality": 0.448851972818
}