{
    "name": "228aeadf",
    "x": 20.828622817993164,
    "y": 2.1590607166290283,
    "loudness": 0.99068403244,
    "raspiness": 0.107643820345,
    "color": 14.1825504303,
    "location": 3777.49365234,
    "stability": 0.377242147923,
    "tonality": 0.486261546612
}