{
    "name": "228aeadf",
    "x": 18.153478622436523,
    "y": 2.896928071975708,
    "loudness": 0.99068403244,
    "raspiness": 0.107643820345,
    "color": 14.1825504303,
    "location": 61.46131834202713,
    "stability": 0.377242147923,
    "tonality": 0.486261546612
}