{
    "name": "228aeadf",
    "x": 7.057187080383301,
    "y": 6.990410804748535,
    "loudness": 0.99068403244,
    "raspiness": 0.107643820345,
    "color": 14.1825504303,
    "location": 3777.49365234,
    "stability": 0.377242147923,
    "tonality": 0.486261546612
}