{
    "name": "229d104f",
    "x": 40.45245361328125,
    "y": -16.28266143798828,
    "loudness": 0.99068403244,
    "raspiness": 0.331952482462,
    "color": 415.029449463,
    "location": 69.9213564924909,
    "stability": 0.535938322544,
    "tonality": 0.489459216595
}