{
    "name": "22a633d5",
    "x": -29.396217346191406,
    "y": 8.760766983032227,
    "loudness": 0.99068403244,
    "raspiness": 0.160558745265,
    "color": 5.72162675858,
    "location": 1722.25756836,
    "stability": 0.426278978586,
    "tonality": 0.332001268864
}