{
    "name": "22ab9809",
    "x": -12.599416732788086,
    "y": 33.3997688293457,
    "loudness": 0.985974133015,
    "raspiness": 0.0688385292888,
    "color": 37.7593040466,
    "location": 38.67325912927433,
    "stability": 0.624331593513,
    "tonality": 0.406131565571
}