{
    "name": "22ab9809",
    "x": -0.23440991342067719,
    "y": 10.476594924926758,
    "loudness": 0.985974133015,
    "raspiness": 0.0688385292888,
    "color": 37.7593040466,
    "location": 1495.62097168,
    "stability": 0.624331593513,
    "tonality": 0.406131565571
}