{
    "name": "22ae7fbf",
    "x": 28.083396911621094,
    "y": -10.960917472839355,
    "loudness": 0.397685647011,
    "raspiness": 0.225228115916,
    "color": 33.3558616638,
    "location": 3496.4987793,
    "stability": 0.699304223061,
    "tonality": 0.493712574244
}