{
    "name": "22ae7fbf",
    "x": 27.464439392089844,
    "y": -9.234845161437988,
    "loudness": 0.397685647011,
    "raspiness": 0.225228115916,
    "color": 33.3558616638,
    "location": 59.13119971131991,
    "stability": 0.699304223061,
    "tonality": 0.493712574244
}