{
    "name": "22b85cd1",
    "x": -24.613550186157227,
    "y": -19.801286697387695,
    "loudness": 0.00296446518041,
    "raspiness": 0.0221665930003,
    "color": 3.61452293396,
    "location": 20.043124436025437,
    "stability": 0.468197643757,
    "tonality": 0.238408729434
}