{
    "name": "22b85cd1",
    "x": 1.6461122035980225,
    "y": 0.5407458543777466,
    "loudness": 0.00296446518041,
    "raspiness": 0.0221665930003,
    "color": 3.61452293396,
    "location": 401.726837158,
    "stability": 0.468197643757,
    "tonality": 0.238408729434
}