{
    "name": "22b85cd1",
    "x": -25.536029815673828,
    "y": -28.64402961730957,
    "loudness": 0.00296446518041,
    "raspiness": 0.0221665930003,
    "color": 3.61452293396,
    "location": 401.726837158,
    "stability": 0.468197643757,
    "tonality": 0.238408729434
}