{
    "name": "22b94946",
    "x": 42.47624588012695,
    "y": -0.032055653631687164,
    "loudness": 0.99068403244,
    "raspiness": 0.26721611619,
    "color": 77.2701644897,
    "location": 60.02089683301975,
    "stability": 0.639567792416,
    "tonality": 0.492576509714
}