{
    "name": "22b94946",
    "x": 44.755558013916016,
    "y": -1.1305294036865234,
    "loudness": 0.99068403244,
    "raspiness": 0.26721611619,
    "color": 77.2701644897,
    "location": 3602.50805664,
    "stability": 0.639567792416,
    "tonality": 0.492576509714
}