{
    "name": "22b94946",
    "x": 9.567456245422363,
    "y": 7.737424373626709,
    "loudness": 0.99068403244,
    "raspiness": 0.26721611619,
    "color": 77.2701644897,
    "location": 3602.50805664,
    "stability": 0.639567792416,
    "tonality": 0.492576509714
}