{
    "name": "22bcfd62",
    "x": -19.344985961914062,
    "y": 8.944808006286621,
    "loudness": 0.99068403244,
    "raspiness": 0.0442382805049,
    "color": 123.082351685,
    "location": 1237.08508301,
    "stability": 0.342124998569,
    "tonality": 0.409610390663
}