{
    "name": "22bea889",
    "x": -29.676748275756836,
    "y": -5.316298007965088,
    "loudness": 0.676669955254,
    "raspiness": 0.0120969284326,
    "color": 5.64761781693,
    "location": 14.065074091664075,
    "stability": 0.325023084879,
    "tonality": 0.322858691216
}