{
    "name": "22bea889",
    "x": -26.896821975708008,
    "y": -13.898054122924805,
    "loudness": 0.676669955254,
    "raspiness": 0.0120969284326,
    "color": 5.64761781693,
    "location": 197.826309204,
    "stability": 0.325023084879,
    "tonality": 0.322858691216
}