{
    "name": "22bea889",
    "x": -3.1991937160491943,
    "y": 7.805372714996338,
    "loudness": 0.676669955254,
    "raspiness": 0.0120969284326,
    "color": 5.64761781693,
    "location": 197.826309204,
    "stability": 0.325023084879,
    "tonality": 0.322858691216
}