{
    "name": "22c7f2c0",
    "x": 4.626126289367676,
    "y": 3.466825246810913,
    "loudness": 0.366564780474,
    "raspiness": 0.0509648136795,
    "color": 12.0035600662,
    "location": 1709.29797363,
    "stability": 0.599114060402,
    "tonality": 0.461599975824
}