{
    "name": "22cafa2d",
    "x": 4.34916353225708,
    "y": 11.652466773986816,
    "loudness": 0.934042870998,
    "raspiness": 0.0951595455408,
    "color": 12.6427774429,
    "location": 1345.97131348,
    "stability": 0.732274353504,
    "tonality": 0.467023640871
}