{
    "name": "22cafa2d",
    "x": 15.25053596496582,
    "y": 39.75321578979492,
    "loudness": 0.934042870998,
    "raspiness": 0.0951595455408,
    "color": 12.6427774429,
    "location": 36.68748169989322,
    "stability": 0.732274353504,
    "tonality": 0.467023640871
}