{
    "name": "22cc1654",
    "x": 2.88539719581604,
    "y": 11.317201614379883,
    "loudness": 0.981209635735,
    "raspiness": 0.0602372959256,
    "color": 13.1057806015,
    "location": 988.138793945,
    "stability": 0.665756702423,
    "tonality": 0.468109101057
}