{
    "name": "22cc1654",
    "x": 4.002890586853027,
    "y": 39.590877532958984,
    "loudness": 0.981209635735,
    "raspiness": 0.0602372959256,
    "color": 13.1057806015,
    "location": 31.4346750252806,
    "stability": 0.665756702423,
    "tonality": 0.468109101057
}