{
    "name": "22cf5ded",
    "x": 5.577240467071533,
    "y": -16.56136703491211,
    "loudness": 0.218279004097,
    "raspiness": 0.0563256666064,
    "color": 17.9651355743,
    "location": 33.85703874041556,
    "stability": 0.563680291176,
    "tonality": 0.464133024216
}