{
    "name": "22d8346b",
    "x": -11.90666389465332,
    "y": 15.03410530090332,
    "loudness": 0.94355237484,
    "raspiness": 0.0898263081908,
    "color": 8.64248275757,
    "location": 1588.2010498,
    "stability": 0.402106523514,
    "tonality": 0.420789390802
}