{
    "name": "22e1c02c",
    "x": 5.7184906005859375,
    "y": 9.005926132202148,
    "loudness": 0.99068403244,
    "raspiness": 0.141989961267,
    "color": 5.03497600555,
    "location": 1780.67565918,
    "stability": 0.575432062149,
    "tonality": 0.456714063883
}