{
    "name": "22e1c02c",
    "x": 16.70938491821289,
    "y": 25.30890464782715,
    "loudness": 0.99068403244,
    "raspiness": 0.141989961267,
    "color": 5.03497600555,
    "location": 1780.67565918,
    "stability": 0.575432062149,
    "tonality": 0.456714063883
}