{
    "name": "22e83dcb",
    "x": 15.675292015075684,
    "y": 31.316835403442383,
    "loudness": 0.957853913307,
    "raspiness": 0.0884380936623,
    "color": 15.2742681503,
    "location": 2094.61230469,
    "stability": 0.5851790905,
    "tonality": 0.472417265177
}