{
    "name": "22e83dcb",
    "x": 14.847319602966309,
    "y": 23.357166290283203,
    "loudness": 0.957853913307,
    "raspiness": 0.0884380936623,
    "color": 15.2742681503,
    "location": 45.76693462195169,
    "stability": 0.5851790905,
    "tonality": 0.472417265177
}