{
    "name": "22e814ee",
    "x": -3.924715518951416,
    "y": 8.113883972167969,
    "loudness": 0.754130780697,
    "raspiness": 0.0308628175408,
    "color": 7.42312002182,
    "location": 356.877258301,
    "stability": 0.411274850368,
    "tonality": 0.294246822596
}