{
    "name": "22f85886",
    "x": -17.618385314941406,
    "y": 31.19065284729004,
    "loudness": 0.965750396252,
    "raspiness": 0.0472975857556,
    "color": 18.4385643005,
    "location": 32.91277646279633,
    "stability": 0.605575561523,
    "tonality": 0.407076150179
}