{
    "name": "231b7c90",
    "x": 39.694129943847656,
    "y": 13.12526798248291,
    "loudness": 0.853867292404,
    "raspiness": 0.199981749058,
    "color": 47.7543678284,
    "location": 52.43655951185204,
    "stability": 0.738818883896,
    "tonality": 0.483762294054
}