{
    "name": "231b7c90",
    "x": 42.97124481201172,
    "y": 13.438448905944824,
    "loudness": 0.853867292404,
    "raspiness": 0.199981749058,
    "color": 47.7543678284,
    "location": 2749.59277344,
    "stability": 0.738818883896,
    "tonality": 0.483762294054
}