{
    "name": "231b7c90",
    "x": 8.751285552978516,
    "y": 9.227413177490234,
    "loudness": 0.853867292404,
    "raspiness": 0.199981749058,
    "color": 47.7543678284,
    "location": 2749.59277344,
    "stability": 0.738818883896,
    "tonality": 0.483762294054
}