{
    "name": "232cc8b2",
    "x": -17.510181427001953,
    "y": 2.6794652938842773,
    "loudness": 0.99068403244,
    "raspiness": 0.0113332644105,
    "color": 6.48276901245,
    "location": 25.04933608463506,
    "stability": 0.33215212822,
    "tonality": 0.423141121864
}