{
    "name": "232cc8b2",
    "x": -20.611499786376953,
    "y": 2.5366902351379395,
    "loudness": 0.99068403244,
    "raspiness": 0.0113332644105,
    "color": 6.48276901245,
    "location": 627.469238281,
    "stability": 0.33215212822,
    "tonality": 0.423141121864
}