{
    "name": "233fc9e5",
    "x": 6.151381492614746,
    "y": -22.413923263549805,
    "loudness": 0.0951765775681,
    "raspiness": 0.0421128645539,
    "color": 9.8714799881,
    "location": 33.103209961724254,
    "stability": 0.594727158546,
    "tonality": 0.479564249516
}