{
    "name": "233fc9e5",
    "x": 5.734540939331055,
    "y": -20.793201446533203,
    "loudness": 0.0951765775681,
    "raspiness": 0.0421128645539,
    "color": 9.8714799881,
    "location": 1095.82250977,
    "stability": 0.594727158546,
    "tonality": 0.479564249516
}