{
    "name": "234a0656",
    "x": -0.2587406635284424,
    "y": 9.199824333190918,
    "loudness": 0.953412473202,
    "raspiness": 0.0746829211712,
    "color": 12.6721553802,
    "location": 1347.85876465,
    "stability": 0.520181357861,
    "tonality": 0.417898803949
}