{
    "name": "234a0656",
    "x": -12.420846939086914,
    "y": 23.11734962463379,
    "loudness": 0.953412473202,
    "raspiness": 0.0746829211712,
    "color": 12.6721553802,
    "location": 36.71319605605047,
    "stability": 0.520181357861,
    "tonality": 0.417898803949
}