{
    "name": "234a0656",
    "x": -16.694299697875977,
    "y": 27.789020538330078,
    "loudness": 0.953412473202,
    "raspiness": 0.0746829211712,
    "color": 12.6721553802,
    "location": 1347.85876465,
    "stability": 0.520181357861,
    "tonality": 0.417898803949
}