{
    "name": "234f95ec",
    "x": 0.8420290350914001,
    "y": 7.242393493652344,
    "loudness": 0.986420750618,
    "raspiness": 0.0413026548922,
    "color": 8.86938285828,
    "location": 982.91229248,
    "stability": 0.409775137901,
    "tonality": 0.452061891556
}