{
    "name": "234f95ec",
    "x": -12.145791053771973,
    "y": 13.616538047790527,
    "loudness": 0.986420750618,
    "raspiness": 0.0413026548922,
    "color": 8.86938285828,
    "location": 982.91229248,
    "stability": 0.409775137901,
    "tonality": 0.452061891556
}