{
    "name": "234f4672",
    "x": 4.614413738250732,
    "y": 3.1553268432617188,
    "loudness": 0.246169537306,
    "raspiness": 0.0630507394671,
    "color": 14.9755125046,
    "location": 1698.37548828,
    "stability": 0.507658720016,
    "tonality": 0.477721720934
}