{
    "name": "234f4672",
    "x": 8.22797679901123,
    "y": -16.79492950439453,
    "loudness": 0.246169537306,
    "raspiness": 0.0630507394671,
    "color": 14.9755125046,
    "location": 1698.37548828,
    "stability": 0.507658720016,
    "tonality": 0.477721720934
}