{
    "name": "234f95ec",
    "x": -9.346792221069336,
    "y": 10.722444534301758,
    "loudness": 0.986420750618,
    "raspiness": 0.0413026548922,
    "color": 8.86938285828,
    "location": 31.351432064261434,
    "stability": 0.409775137901,
    "tonality": 0.452061891556
}