{
    "name": "236b8093",
    "x": -1.2937791347503662,
    "y": 42.53285598754883,
    "loudness": 0.978556275368,
    "raspiness": 0.0356746725738,
    "color": 7.53038358688,
    "location": 23.87761637946719,
    "stability": 0.714213311672,
    "tonality": 0.46105414629
}