{
    "name": "236b8093",
    "x": -3.899207830429077,
    "y": 55.28594970703125,
    "loudness": 0.978556275368,
    "raspiness": 0.0356746725738,
    "color": 7.53038358688,
    "location": 570.140563965,
    "stability": 0.714213311672,
    "tonality": 0.46105414629
}