{
    "name": "236cbab1",
    "x": 3.3898491859436035,
    "y": 0.2774844169616699,
    "loudness": 0.149982780218,
    "raspiness": 0.0245487056673,
    "color": 2.63519763947,
    "location": 286.989440918,
    "stability": 0.182442933321,
    "tonality": 0.405878901482
}