{
    "name": "2371f627",
    "x": -4.9945244789123535,
    "y": 2.79654860496521,
    "loudness": 0.99068403244,
    "raspiness": 0.0233265273273,
    "color": 5.28825044632,
    "location": 1443.85119629,
    "stability": 0.308807879686,
    "tonality": 0.492986649275
}