{
    "name": "2371f627",
    "x": -6.058566093444824,
    "y": 0.5523398518562317,
    "loudness": 0.99068403244,
    "raspiness": 0.0233265273273,
    "color": 5.28825044632,
    "location": 37.998042006003416,
    "stability": 0.308807879686,
    "tonality": 0.492986649275
}