{
    "name": "2372eeb4",
    "x": -0.3741072416305542,
    "y": 9.785136222839355,
    "loudness": 0.901617705822,
    "raspiness": 0.0793928205967,
    "color": 6.46443271637,
    "location": 1061.15600586,
    "stability": 0.58042293787,
    "tonality": 0.409550607204
}