{
    "name": "2372eeb4",
    "x": -14.950274467468262,
    "y": 27.997385025024414,
    "loudness": 0.901617705822,
    "raspiness": 0.0793928205967,
    "color": 6.46443271637,
    "location": 32.57538957341877,
    "stability": 0.58042293787,
    "tonality": 0.409550607204
}