{
    "name": "237b9e2a",
    "x": 3.8299331665039062,
    "y": 30.76122283935547,
    "loudness": 0.99068403244,
    "raspiness": 0.0786371007562,
    "color": 7.87666797638,
    "location": 1541.0279541,
    "stability": 0.545552790165,
    "tonality": 0.471992135048
}