{
    "name": "237b9e2a",
    "x": 5.611963272094727,
    "y": 23.05949592590332,
    "loudness": 0.99068403244,
    "raspiness": 0.0786371007562,
    "color": 7.87666797638,
    "location": 39.25592890379745,
    "stability": 0.545552790165,
    "tonality": 0.471992135048
}