{
    "name": "237e1078",
    "x": 12.916253089904785,
    "y": 22.817678451538086,
    "loudness": 0.99068403244,
    "raspiness": 0.0824916288257,
    "color": 21.8047103882,
    "location": 46.37740844064058,
    "stability": 0.57693874836,
    "tonality": 0.461627423763
}