{
    "name": "237e1078",
    "x": 4.192015647888184,
    "y": 9.39752197265625,
    "loudness": 0.99068403244,
    "raspiness": 0.0824916288257,
    "color": 21.8047103882,
    "location": 2150.86401367,
    "stability": 0.57693874836,
    "tonality": 0.461627423763
}