{
    "name": "2383be9f",
    "x": -26.082956314086914,
    "y": 20.31489372253418,
    "loudness": 0.939855158329,
    "raspiness": 0.0541643425822,
    "color": 30.3630180359,
    "location": 34.830844723319586,
    "stability": 0.514665305614,
    "tonality": 0.372638493776
}