{
    "name": "2383be9f",
    "x": -1.8703728914260864,
    "y": 9.732366561889648,
    "loudness": 0.939855158329,
    "raspiness": 0.0541643425822,
    "color": 30.3630180359,
    "location": 1213.18774414,
    "stability": 0.514665305614,
    "tonality": 0.372638493776
}