{
    "name": "238b16a5",
    "x": -3.3336784839630127,
    "y": 7.790175914764404,
    "loudness": 0.668520331383,
    "raspiness": 0.0765400230885,
    "color": 1.56775128841,
    "location": 863.359802246,
    "stability": 0.353131353855,
    "tonality": 0.329843074083
}