{
    "name": "238b16a5",
    "x": -30.00121307373047,
    "y": -0.977485716342926,
    "loudness": 0.668520331383,
    "raspiness": 0.0765400230885,
    "color": 1.56775128841,
    "location": 29.382984910420518,
    "stability": 0.353131353855,
    "tonality": 0.329843074083
}