{
    "name": "238fb6b8",
    "x": -2.1874122619628906,
    "y": 9.739303588867188,
    "loudness": 0.750552654266,
    "raspiness": 0.0112126320601,
    "color": 4.51171302795,
    "location": 298.278381348,
    "stability": 0.558467924595,
    "tonality": 0.374503105879
}