{
    "name": "2398cede",
    "x": 0.09580523520708084,
    "y": 11.471158981323242,
    "loudness": 0.879055321217,
    "raspiness": 0.0702547356486,
    "color": 20.7299308777,
    "location": 1813.33166504,
    "stability": 0.773622632027,
    "tonality": 0.434267282486
}