{
    "name": "23a3984c",
    "x": 26.52591323852539,
    "y": 16.589136123657227,
    "loudness": 0.638827085495,
    "raspiness": 0.109032265842,
    "color": 20.7189292908,
    "location": 2245.73510742,
    "stability": 0.752059340477,
    "tonality": 0.489960342646
}