{
    "name": "23a3984c",
    "x": 25.277029037475586,
    "y": 16.899171829223633,
    "loudness": 0.638827085495,
    "raspiness": 0.109032265842,
    "color": 20.7189292908,
    "location": 47.38918766364328,
    "stability": 0.752059340477,
    "tonality": 0.489960342646
}