{
    "name": "23b6d45c",
    "x": 4.2494940757751465,
    "y": -9.218382835388184,
    "loudness": 0.444951146841,
    "raspiness": 0.0613229498267,
    "color": 5.60774707794,
    "location": 1793.8359375,
    "stability": 0.386628895998,
    "tonality": 0.481851071119
}