{
    "name": "23b7d8f5",
    "x": 1.7532789707183838,
    "y": 10.95474624633789,
    "loudness": 0.842010438442,
    "raspiness": 0.0694094821811,
    "color": 6.81878137589,
    "location": 520.530273438,
    "stability": 0.621361792088,
    "tonality": 0.44748878479
}