{
    "name": "23b8788a",
    "x": -17.182559967041016,
    "y": 43.529449462890625,
    "loudness": 0.989405810833,
    "raspiness": 0.0344617366791,
    "color": 13.0120019913,
    "location": 649.88671875,
    "stability": 0.636553049088,
    "tonality": 0.432520091534
}