{
    "name": "23b8788a",
    "x": -9.858606338500977,
    "y": 35.075042724609375,
    "loudness": 0.989405810833,
    "raspiness": 0.0344617366791,
    "color": 13.0120019913,
    "location": 25.492875843066432,
    "stability": 0.636553049088,
    "tonality": 0.432520091534
}