{
    "name": "23bc06b9",
    "x": 18.82609748840332,
    "y": -0.10151921212673187,
    "loudness": 0.713103592396,
    "raspiness": 0.194354578853,
    "color": 6.11254501343,
    "location": 43.54087715469223,
    "stability": 0.518681704998,
    "tonality": 0.481168240309
}