{
    "name": "23bc06b9",
    "x": 5.609616756439209,
    "y": 5.834831237792969,
    "loudness": 0.713103592396,
    "raspiness": 0.194354578853,
    "color": 6.11254501343,
    "location": 1895.8079834,
    "stability": 0.518681704998,
    "tonality": 0.481168240309
}