{
    "name": "23c0de2c",
    "x": -2.1978392601013184,
    "y": 4.193702697753906,
    "loudness": 0.771964967251,
    "raspiness": 0.0525329299271,
    "color": 59.648399353,
    "location": 35.13023169166409,
    "stability": 0.37345507741,
    "tonality": 0.478084355593
}