{
    "name": "23c0de2c",
    "x": 2.3739476203918457,
    "y": 6.446095943450928,
    "loudness": 0.771964967251,
    "raspiness": 0.0525329299271,
    "color": 59.648399353,
    "location": 1234.13317871,
    "stability": 0.37345507741,
    "tonality": 0.478084355593
}