{
    "name": "23c11bee",
    "x": 5.394660472869873,
    "y": 3.6844115257263184,
    "loudness": 0.363006412983,
    "raspiness": 0.0794887915254,
    "color": 21.0140724182,
    "location": 1758.99914551,
    "stability": 0.728306889534,
    "tonality": 0.487143874168
}