{
    "name": "23c11bee",
    "x": 15.267132759094238,
    "y": -7.224456787109375,
    "loudness": 0.363006412983,
    "raspiness": 0.0794887915254,
    "color": 21.0140724182,
    "location": 41.94042376407277,
    "stability": 0.728306889534,
    "tonality": 0.487143874168
}