{
    "name": "23c11bee",
    "x": 15.466561317443848,
    "y": -5.418900489807129,
    "loudness": 0.363006412983,
    "raspiness": 0.0794887915254,
    "color": 21.0140724182,
    "location": 1758.99914551,
    "stability": 0.728306889534,
    "tonality": 0.487143874168
}