{
    "name": "23cdff07",
    "x": -34.07710647583008,
    "y": 23.6308650970459,
    "loudness": 0.925676107407,
    "raspiness": 0.0205752756447,
    "color": 6.26841449738,
    "location": 428.227172852,
    "stability": 0.589155554771,
    "tonality": 0.392835825682
}