{
    "name": "23cdff07",
    "x": -25.279327392578125,
    "y": 25.182270050048828,
    "loudness": 0.925676107407,
    "raspiness": 0.0205752756447,
    "color": 6.26841449738,
    "location": 20.693650544357805,
    "stability": 0.589155554771,
    "tonality": 0.392835825682
}