{
    "name": "23e8ac90",
    "x": 11.572097778320312,
    "y": 6.160828590393066,
    "loudness": 0.918665826321,
    "raspiness": 0.0989832729101,
    "color": 36.7597389221,
    "location": 48.893341447379115,
    "stability": 0.431295096874,
    "tonality": 0.488689213991
}