{
    "name": "23ebf391",
    "x": -15.42790412902832,
    "y": 19.47817611694336,
    "loudness": 0.99068403244,
    "raspiness": 0.0196348242462,
    "color": 5.73860740662,
    "location": 473.644195557,
    "stability": 0.464953035116,
    "tonality": 0.454178959131
}