{
    "name": "23ebf391",
    "x": -12.306060791015625,
    "y": 16.48253631591797,
    "loudness": 0.99068403244,
    "raspiness": 0.0196348242462,
    "color": 5.73860740662,
    "location": 21.763368203405463,
    "stability": 0.464953035116,
    "tonality": 0.454178959131
}