{
    "name": "23ebf391",
    "x": 0.9114140272140503,
    "y": 7.821056365966797,
    "loudness": 0.99068403244,
    "raspiness": 0.0196348242462,
    "color": 5.73860740662,
    "location": 473.644195557,
    "stability": 0.464953035116,
    "tonality": 0.454178959131
}