{
    "name": "23f38a7e",
    "x": 3.41618275642395,
    "y": 6.566667079925537,
    "loudness": 0.99068403244,
    "raspiness": 0.0964612439275,
    "color": 10.5160951614,
    "location": 2497.57714844,
    "stability": 0.330271095037,
    "tonality": 0.482199072838
}