{
    "name": "23f38a7e",
    "x": 7.226233959197998,
    "y": 2.7547075748443604,
    "loudness": 0.99068403244,
    "raspiness": 0.0964612439275,
    "color": 10.5160951614,
    "location": 49.975765611344066,
    "stability": 0.330271095037,
    "tonality": 0.482199072838
}