{
    "name": "23fb24e8",
    "x": 15.907561302185059,
    "y": 13.307974815368652,
    "loudness": 0.99068403244,
    "raspiness": 0.16649748385,
    "color": 6.69516324997,
    "location": 46.54442287514155,
    "stability": 0.534142494202,
    "tonality": 0.413694918156
}