{
    "name": "23fb24e8",
    "x": 2.8516018390655518,
    "y": 17.862934112548828,
    "loudness": 0.99068403244,
    "raspiness": 0.16649748385,
    "color": 6.69516324997,
    "location": 2166.38330078,
    "stability": 0.534142494202,
    "tonality": 0.413694918156
}