{
    "name": "2424ad60",
    "x": 12.997145652770996,
    "y": 34.47592544555664,
    "loudness": 0.970286786556,
    "raspiness": 0.0685697123408,
    "color": 19.1324424744,
    "location": 2044.67822266,
    "stability": 0.61710524559,
    "tonality": 0.460398852825
}