{
    "name": "2424ad60",
    "x": 13.409594535827637,
    "y": 27.239212036132812,
    "loudness": 0.970286786556,
    "raspiness": 0.0685697123408,
    "color": 19.1324424744,
    "location": 45.21811830074312,
    "stability": 0.61710524559,
    "tonality": 0.460398852825
}