{
    "name": "2439dedd",
    "x": 4.1468634605407715,
    "y": 49.31489944458008,
    "loudness": 0.884137868881,
    "raspiness": 0.0502781718969,
    "color": 3.72533917427,
    "location": 967.229492188,
    "stability": 0.738432168961,
    "tonality": 0.45982837677
}