{
    "name": "2439dedd",
    "x": 5.626218795776367,
    "y": 41.373653411865234,
    "loudness": 0.884137868881,
    "raspiness": 0.0502781718969,
    "color": 3.72533917427,
    "location": 31.100313377649428,
    "stability": 0.738432168961,
    "tonality": 0.45982837677
}