{
    "name": "245a503a",
    "x": 4.384695053100586,
    "y": 6.016983985900879,
    "loudness": 0.613347828388,
    "raspiness": 0.0673171579838,
    "color": 46.352973938,
    "location": 1448.25854492,
    "stability": 0.536555826664,
    "tonality": 0.471908479929
}