{
    "name": "245a503a",
    "x": 4.405116558074951,
    "y": 5.578803539276123,
    "loudness": 0.613347828388,
    "raspiness": 0.0673171579838,
    "color": 46.352973938,
    "location": 38.055992234075305,
    "stability": 0.536555826664,
    "tonality": 0.471908479929
}