{
    "name": "245e58ea",
    "x": -14.156373977661133,
    "y": -34.85964584350586,
    "loudness": 0.0783568248153,
    "raspiness": 0.00584841612726,
    "color": 11.256228447,
    "location": 133.580657959,
    "stability": 0.276487112045,
    "tonality": 0.35286590457
}