{
    "name": "245e58ea",
    "x": -16.798973083496094,
    "y": -23.921281814575195,
    "loudness": 0.0783568248153,
    "raspiness": 0.00584841612726,
    "color": 11.256228447,
    "location": 11.557709892491678,
    "stability": 0.276487112045,
    "tonality": 0.35286590457
}