{
    "name": "2462c802",
    "x": 28.534353256225586,
    "y": 26.80900001525879,
    "loudness": 0.99068403244,
    "raspiness": 0.0981722772121,
    "color": 32.71875,
    "location": 50.30548039150407,
    "stability": 0.681888341904,
    "tonality": 0.488184928894
}