{
    "name": "246ad992",
    "x": -2.2430732250213623,
    "y": 9.582890510559082,
    "loudness": 0.612634658813,
    "raspiness": 0.0215198602527,
    "color": 8.34746837616,
    "location": 692.927124023,
    "stability": 0.537103116512,
    "tonality": 0.344783395529
}