{
    "name": "246e8414",
    "x": 11.184469223022461,
    "y": 8.084648132324219,
    "loudness": 0.99068403244,
    "raspiness": 0.079726561904,
    "color": 13.4407377243,
    "location": 51.02740340679702,
    "stability": 0.444802284241,
    "tonality": 0.479799807072
}