{
    "name": "246e8414",
    "x": 12.690448760986328,
    "y": 8.97146987915039,
    "loudness": 0.99068403244,
    "raspiness": 0.079726561904,
    "color": 13.4407377243,
    "location": 2603.79589844,
    "stability": 0.444802284241,
    "tonality": 0.479799807072
}