{
    "name": "247ac56f",
    "x": -43.15730285644531,
    "y": 23.459636688232422,
    "loudness": 0.967613637447,
    "raspiness": 0.0454321019351,
    "color": 14.4528188705,
    "location": 943.25604248,
    "stability": 0.66718095541,
    "tonality": 0.344359129667
}