{
    "name": "247ac56f",
    "x": -34.25717544555664,
    "y": 24.917404174804688,
    "loudness": 0.967613637447,
    "raspiness": 0.0454321019351,
    "color": 14.4528188705,
    "location": 30.71247372778689,
    "stability": 0.66718095541,
    "tonality": 0.344359129667
}