{
    "name": "2492a915",
    "x": 2.0508904457092285,
    "y": 10.329222679138184,
    "loudness": 0.99068403244,
    "raspiness": 0.0545479916036,
    "color": 11.1167583466,
    "location": 975.471313477,
    "stability": 0.606258153915,
    "tonality": 0.458627164364
}