{
    "name": "2499fad5",
    "x": -35.26372528076172,
    "y": -2.4861860275268555,
    "loudness": 0.99068403244,
    "raspiness": 0.0259277336299,
    "color": 4.93515110016,
    "location": 20.31734317261979,
    "stability": 0.343167811632,
    "tonality": 0.324168711901
}