{
    "name": "2499fad5",
    "x": -39.00361633300781,
    "y": -10.258784294128418,
    "loudness": 0.99068403244,
    "raspiness": 0.0259277336299,
    "color": 4.93515110016,
    "location": 412.794433594,
    "stability": 0.343167811632,
    "tonality": 0.324168711901
}