{
    "name": "24a3c430",
    "x": -1.7420686483383179,
    "y": 36.5908203125,
    "loudness": 0.99068403244,
    "raspiness": 0.0411642305553,
    "color": 17.7009124756,
    "location": 28.580386648486755,
    "stability": 0.634509146214,
    "tonality": 0.464970767498
}