{
    "name": "24a3c430",
    "x": 2.096435070037842,
    "y": 10.892242431640625,
    "loudness": 0.99068403244,
    "raspiness": 0.0411642305553,
    "color": 17.7009124756,
    "location": 816.838500977,
    "stability": 0.634509146214,
    "tonality": 0.464970767498
}