{
    "name": "24addbbc",
    "x": 7.500996112823486,
    "y": 11.28151798248291,
    "loudness": 0.99068403244,
    "raspiness": 0.104080498219,
    "color": 11.1377563477,
    "location": 2779.29956055,
    "stability": 0.811684429646,
    "tonality": 0.487475454807
}