{
    "name": "24ba0ef2",
    "x": -36.98810577392578,
    "y": -22.792951583862305,
    "loudness": 0.962615728378,
    "raspiness": 0.0316544547677,
    "color": 13.9296455383,
    "location": 852.160766602,
    "stability": 0.194963932037,
    "tonality": 0.264010578394
}