{
    "name": "24bae325",
    "x": 3.4518420696258545,
    "y": 0.2518872022628784,
    "loudness": 0.022791672498,
    "raspiness": 0.0032947268337,
    "color": 14.4081954956,
    "location": 81.7873382568,
    "stability": 0.0474231652915,
    "tonality": 0.459637463093
}