{
    "name": "24ba0ef2",
    "x": -36.968528747558594,
    "y": -10.344879150390625,
    "loudness": 0.962615728378,
    "raspiness": 0.0316544547677,
    "color": 13.9296455383,
    "location": 29.191792795270384,
    "stability": 0.194963932037,
    "tonality": 0.264010578394
}