{
    "name": "24cb1e29",
    "x": -18.738229751586914,
    "y": 36.34552001953125,
    "loudness": 0.982226848602,
    "raspiness": 0.0222359802574,
    "color": 7.49625349045,
    "location": 443.615905762,
    "stability": 0.573766231537,
    "tonality": 0.450099229813
}