{
    "name": "24cb1e29",
    "x": -11.449806213378906,
    "y": 29.770389556884766,
    "loudness": 0.982226848602,
    "raspiness": 0.0222359802574,
    "color": 7.49625349045,
    "location": 21.062191380813157,
    "stability": 0.573766231537,
    "tonality": 0.450099229813
}