{
    "name": "24e1d9ad",
    "x": 7.928457260131836,
    "y": 6.7165207862854,
    "loudness": 0.693018555641,
    "raspiness": 0.237793803215,
    "color": 69.1080093384,
    "location": 3396.35986328,
    "stability": 0.368810623884,
    "tonality": 0.497863411903
}