{
    "name": "24e8a804",
    "x": -20.316099166870117,
    "y": 24.15509605407715,
    "loudness": 0.967413544655,
    "raspiness": 0.0260978285223,
    "color": 11.5273389816,
    "location": 674.541687012,
    "stability": 0.492042511702,
    "tonality": 0.440847188234
}