{
    "name": "24e8a804",
    "x": 0.5719117522239685,
    "y": 8.310818672180176,
    "loudness": 0.967413544655,
    "raspiness": 0.0260978285223,
    "color": 11.5273389816,
    "location": 674.541687012,
    "stability": 0.492042511702,
    "tonality": 0.440847188234
}