{
    "name": "24e943ab",
    "x": -19.523174285888672,
    "y": 15.798992156982422,
    "loudness": 0.962585330009,
    "raspiness": 0.0222849678248,
    "color": 10.0552845001,
    "location": 21.372502766685983,
    "stability": 0.458959698677,
    "tonality": 0.418812900782
}