{
    "name": "24e943ab",
    "x": -0.09644640237092972,
    "y": 7.548323631286621,
    "loudness": 0.962585330009,
    "raspiness": 0.0222849678248,
    "color": 10.0552845001,
    "location": 456.783874512,
    "stability": 0.458959698677,
    "tonality": 0.418812900782
}