{
    "name": "24eacf14",
    "x": -12.861955642700195,
    "y": -18.534467697143555,
    "loudness": 0.21751947701,
    "raspiness": 0.0192129481584,
    "color": 4.57043027878,
    "location": 16.820463995770154,
    "stability": 0.365123838186,
    "tonality": 0.380984544754
}