{
    "name": "24eacf14",
    "x": 3.0292370319366455,
    "y": 1.1191432476043701,
    "loudness": 0.21751947701,
    "raspiness": 0.0192129481584,
    "color": 4.57043027878,
    "location": 282.928009033,
    "stability": 0.365123838186,
    "tonality": 0.380984544754
}