{
    "name": "24ecf282",
    "x": -8.529129028320312,
    "y": 16.820213317871094,
    "loudness": 0.950409948826,
    "raspiness": 0.0382307656109,
    "color": 7.84448671341,
    "location": 892.797729492,
    "stability": 0.432225197554,
    "tonality": 0.467720627785
}