{
    "name": "24ed5a72",
    "x": 20.262126922607422,
    "y": 18.581037521362305,
    "loudness": 0.872579455376,
    "raspiness": 0.173433855176,
    "color": 12.7358398438,
    "location": 41.12674976095242,
    "stability": 0.600089848042,
    "tonality": 0.452091753483
}