{
    "name": "24ed5a72",
    "x": 5.780604362487793,
    "y": 8.982068061828613,
    "loudness": 0.872579455376,
    "raspiness": 0.173433855176,
    "color": 12.7358398438,
    "location": 1691.4095459,
    "stability": 0.600089848042,
    "tonality": 0.452091753483
}