{
    "name": "24eefa74",
    "x": 0.4692198932170868,
    "y": 4.87040901184082,
    "loudness": 0.969220399857,
    "raspiness": 0.00971359480172,
    "color": 6.11423397064,
    "location": 1433.8013916,
    "stability": 0.186870872974,
    "tonality": 0.474377125502
}