{
    "name": "24f68344",
    "x": 15.489790916442871,
    "y": -16.177629470825195,
    "loudness": 0.031765896827,
    "raspiness": 0.134364381433,
    "color": 19.1488361359,
    "location": 49.96885504601841,
    "stability": 0.492761671543,
    "tonality": 0.485298991203
}