{
    "name": "24f68344",
    "x": 5.94843864440918,
    "y": 2.3276596069335938,
    "loudness": 0.031765896827,
    "raspiness": 0.134364381433,
    "color": 19.1488361359,
    "location": 2496.88647461,
    "stability": 0.492761671543,
    "tonality": 0.485298991203
}