{
    "name": "2500d6e9",
    "x": -17.0394287109375,
    "y": -6.688390254974365,
    "loudness": 0.953310370445,
    "raspiness": 0.0378975234926,
    "color": 9.78572273254,
    "location": 28.59050421297253,
    "stability": 0.119038559496,
    "tonality": 0.418299227953
}