{
    "name": "2500d6e9",
    "x": -18.94317626953125,
    "y": -12.692018508911133,
    "loudness": 0.953310370445,
    "raspiness": 0.0378975234926,
    "color": 9.78572273254,
    "location": 817.416931152,
    "stability": 0.119038559496,
    "tonality": 0.418299227953
}