{
    "name": "2503aaa1",
    "x": 24.34359359741211,
    "y": -12.188340187072754,
    "loudness": 0.240852117538,
    "raspiness": 0.196021750569,
    "color": 35.4270973206,
    "location": 59.43296718059767,
    "stability": 0.603012740612,
    "tonality": 0.494019448757
}