{
    "name": "2511dbeb",
    "x": 3.3148694038391113,
    "y": 10.790919303894043,
    "loudness": 0.827874660492,
    "raspiness": 0.0732368305326,
    "color": 13.2484941483,
    "location": 1229.61816406,
    "stability": 0.654573619366,
    "tonality": 0.470454245806
}