{
    "name": "2511dbeb",
    "x": 7.0862579345703125,
    "y": 31.272512435913086,
    "loudness": 0.827874660492,
    "raspiness": 0.0732368305326,
    "color": 13.2484941483,
    "location": 35.065911710092465,
    "stability": 0.654573619366,
    "tonality": 0.470454245806
}