{
    "name": "253b91fe",
    "x": -4.4897565841674805,
    "y": 7.002584934234619,
    "loudness": 0.84919834137,
    "raspiness": 0.0312104783952,
    "color": 15.8828992844,
    "location": 698.016601562,
    "stability": 0.131350234151,
    "tonality": 0.293624281883
}