{
    "name": "253b91fe",
    "x": -30.826948165893555,
    "y": -22.192054748535156,
    "loudness": 0.84919834137,
    "raspiness": 0.0312104783952,
    "color": 15.8828992844,
    "location": 698.016601562,
    "stability": 0.131350234151,
    "tonality": 0.293624281883
}