{
    "name": "254d9054",
    "x": 13.759347915649414,
    "y": 24.037172317504883,
    "loudness": 0.99068403244,
    "raspiness": 0.13134765625,
    "color": 10.2805347443,
    "location": 1636.00170898,
    "stability": 0.525677502155,
    "tonality": 0.480836570263
}