{
    "name": "255db1a8",
    "x": -1.3961879014968872,
    "y": 8.852560997009277,
    "loudness": 0.835407376289,
    "raspiness": 0.0449467748404,
    "color": 15.6234512329,
    "location": 1233.36633301,
    "stability": 0.465127825737,
    "tonality": 0.399613976479
}