{
    "name": "255db1a8",
    "x": -21.086868286132812,
    "y": 15.191442489624023,
    "loudness": 0.835407376289,
    "raspiness": 0.0449467748404,
    "color": 15.6234512329,
    "location": 35.119315668304246,
    "stability": 0.465127825737,
    "tonality": 0.399613976479
}