{
    "name": "255db1a8",
    "x": -23.7014217376709,
    "y": 15.063104629516602,
    "loudness": 0.835407376289,
    "raspiness": 0.0449467748404,
    "color": 15.6234512329,
    "location": 1233.36633301,
    "stability": 0.465127825737,
    "tonality": 0.399613976479
}