{
    "name": "256bc358",
    "x": 4.842013835906982,
    "y": 11.730023384094238,
    "loudness": 0.99068403244,
    "raspiness": 0.069541528821,
    "color": 27.6672039032,
    "location": 1772.14685059,
    "stability": 0.733459055424,
    "tonality": 0.466221153736
}