{
    "name": "256bc358",
    "x": 17.64516830444336,
    "y": 39.22754669189453,
    "loudness": 0.99068403244,
    "raspiness": 0.069541528821,
    "color": 27.6672039032,
    "location": 42.09687459408359,
    "stability": 0.733459055424,
    "tonality": 0.466221153736
}