{
    "name": "256ce8b0",
    "x": -13.011439323425293,
    "y": -8.862080574035645,
    "loudness": 0.99068403244,
    "raspiness": 0.0209808349609,
    "color": 9.15225982666,
    "location": 896.528381348,
    "stability": 0.176189154387,
    "tonality": 0.48625266552
}