{
    "name": "256ce8b0",
    "x": -12.254308700561523,
    "y": -5.862979412078857,
    "loudness": 0.99068403244,
    "raspiness": 0.0209808349609,
    "color": 9.15225982666,
    "location": 29.942083784332713,
    "stability": 0.176189154387,
    "tonality": 0.48625266552
}