{
    "name": "2588c966",
    "x": 3.9709951877593994,
    "y": 4.96054220199585,
    "loudness": 0.660945892334,
    "raspiness": 0.0808848515153,
    "color": 124.277801514,
    "location": 40.49844018267864,
    "stability": 0.430878818035,
    "tonality": 0.489277213812
}