{
    "name": "2588c966",
    "x": 3.2176055908203125,
    "y": 5.084027290344238,
    "loudness": 0.660945892334,
    "raspiness": 0.0808848515153,
    "color": 124.277801514,
    "location": 1640.12365723,
    "stability": 0.430878818035,
    "tonality": 0.489277213812
}