{
    "name": "258b6166",
    "x": 8.504887580871582,
    "y": 9.08803653717041,
    "loudness": 0.99068403244,
    "raspiness": 0.189401730895,
    "color": 4.31839752197,
    "location": 2902.22460938,
    "stability": 0.690425634384,
    "tonality": 0.482457458973
}