{
    "name": "259c3671",
    "x": 43.658565521240234,
    "y": -21.989614486694336,
    "loudness": 0.99068403244,
    "raspiness": 0.398651123047,
    "color": 579.168518066,
    "location": 75.07041941464028,
    "stability": 0.702774643898,
    "tonality": 0.494832903147
}