{
    "name": "25a3f8ba",
    "x": 0.5741389393806458,
    "y": 8.936119079589844,
    "loudness": 0.99068403244,
    "raspiness": 0.0843941792846,
    "color": 6.22851133347,
    "location": 1066.99780273,
    "stability": 0.497200399637,
    "tonality": 0.441707879305
}