{
    "name": "25a3f8ba",
    "x": -6.303890705108643,
    "y": 21.118947982788086,
    "loudness": 0.99068403244,
    "raspiness": 0.0843941792846,
    "color": 6.22851133347,
    "location": 32.6649323086701,
    "stability": 0.497200399637,
    "tonality": 0.441707879305
}