{
    "name": "25a4dda4",
    "x": -12.411580085754395,
    "y": -13.898592948913574,
    "loudness": 0.905088245869,
    "raspiness": 0.00789606850594,
    "color": 20.2233467102,
    "location": 881.542724609,
    "stability": 0.10450771451,
    "tonality": 0.46959772706
}