{
    "name": "25a4dda4",
    "x": -12.054890632629395,
    "y": -10.565162658691406,
    "loudness": 0.905088245869,
    "raspiness": 0.00789606850594,
    "color": 20.2233467102,
    "location": 29.690785180068914,
    "stability": 0.10450771451,
    "tonality": 0.46959772706
}