{
    "name": "25a8c380",
    "x": 4.847732067108154,
    "y": 2.229127883911133,
    "loudness": 0.122394762933,
    "raspiness": 0.0757560506463,
    "color": 8.89896392822,
    "location": 1356.62207031,
    "stability": 0.527158141136,
    "tonality": 0.473930686712
}