{
    "name": "25a82ad1",
    "x": -28.699216842651367,
    "y": 1.0973554849624634,
    "loudness": 0.963496744633,
    "raspiness": 0.0206054691225,
    "color": 17.5462188721,
    "location": 26.749083886555816,
    "stability": 0.348015427589,
    "tonality": 0.358751863241
}