{
    "name": "25a8c380",
    "x": 6.884417533874512,
    "y": -19.672954559326172,
    "loudness": 0.122394762933,
    "raspiness": 0.0757560506463,
    "color": 8.89896392822,
    "location": 36.83235086591677,
    "stability": 0.527158141136,
    "tonality": 0.473930686712
}