{
    "name": "25a82ad1",
    "x": -3.0626208782196045,
    "y": 7.289647102355957,
    "loudness": 0.963496744633,
    "raspiness": 0.0206054691225,
    "color": 17.5462188721,
    "location": 715.51348877,
    "stability": 0.348015427589,
    "tonality": 0.358751863241
}