{
    "name": "25ad6ed7",
    "x": 0.6005368232727051,
    "y": 10.237557411193848,
    "loudness": 0.874192535877,
    "raspiness": 0.0633637532592,
    "color": 17.7082023621,
    "location": 1402.21313477,
    "stability": 0.606795072556,
    "tonality": 0.438186764717
}