{
    "name": "25bca056",
    "x": 39.45800018310547,
    "y": -20.165973663330078,
    "loudness": 0.99068403244,
    "raspiness": 0.361572265625,
    "color": 816.366699219,
    "location": 65.33665821152778,
    "stability": 0.648605465889,
    "tonality": 0.467665493488
}