{
    "name": "25c11b5d",
    "x": -0.7875569462776184,
    "y": -4.794955253601074,
    "loudness": 0.659006714821,
    "raspiness": 0.0844893008471,
    "color": 6.94746351242,
    "location": 39.450063309454904,
    "stability": 0.233898058534,
    "tonality": 0.465768069029
}