{
    "name": "25c89ec0",
    "x": 10.394875526428223,
    "y": 7.335262298583984,
    "loudness": 0.99068403244,
    "raspiness": 0.310158759356,
    "color": 46.101348877,
    "location": 4585.27001953,
    "stability": 0.55027538538,
    "tonality": 0.494614243507
}