{
    "name": "25c99ad7",
    "x": 7.057071208953857,
    "y": -10.319751739501953,
    "loudness": 0.406905770302,
    "raspiness": 0.0952403768897,
    "color": 38.2641563416,
    "location": 1602.37475586,
    "stability": 0.545151054859,
    "tonality": 0.443198472261
}