{
    "name": "25c99ad7",
    "x": 7.992326259613037,
    "y": -8.556497573852539,
    "loudness": 0.406905770302,
    "raspiness": 0.0952403768897,
    "color": 38.2641563416,
    "location": 40.02967344183562,
    "stability": 0.545151054859,
    "tonality": 0.443198472261
}