{
    "name": "25cc1f6a",
    "x": -1.924953579902649,
    "y": 9.667414665222168,
    "loudness": 0.989656031132,
    "raspiness": 0.0375729948282,
    "color": 13.427318573,
    "location": 1138.22045898,
    "stability": 0.521100580692,
    "tonality": 0.378339976072
}