{
    "name": "25cc1f6a",
    "x": -35.00104522705078,
    "y": 23.60085105895996,
    "loudness": 0.989656031132,
    "raspiness": 0.0375729948282,
    "color": 13.427318573,
    "location": 1138.22045898,
    "stability": 0.521100580692,
    "tonality": 0.378339976072
}