{
    "name": "25cc1f6a",
    "x": -26.397144317626953,
    "y": 21.790800094604492,
    "loudness": 0.989656031132,
    "raspiness": 0.0375729948282,
    "color": 13.427318573,
    "location": 33.7375230119225,
    "stability": 0.521100580692,
    "tonality": 0.378339976072
}