{
    "name": "25f26095",
    "x": -9.111005783081055,
    "y": 28.28428840637207,
    "loudness": 0.924667358398,
    "raspiness": 0.0445817224681,
    "color": 36.7720298767,
    "location": 1505.09106445,
    "stability": 0.538390040398,
    "tonality": 0.444113910198
}