{
    "name": "25f26095",
    "x": -3.689924955368042,
    "y": 23.162757873535156,
    "loudness": 0.924667358398,
    "raspiness": 0.0445817224681,
    "color": 36.7720298767,
    "location": 38.79550314727211,
    "stability": 0.538390040398,
    "tonality": 0.444113910198
}