{
    "name": "260da1b4",
    "x": 3.584012508392334,
    "y": -13.36876106262207,
    "loudness": 0.397577166557,
    "raspiness": 0.0741935297847,
    "color": 17.0029067993,
    "location": 1313.98706055,
    "stability": 0.48981320858,
    "tonality": 0.445330351591
}