{
    "name": "260ffd74",
    "x": -23.562604904174805,
    "y": -2.8976705074310303,
    "loudness": 0.99068403244,
    "raspiness": 0.0255319699645,
    "color": 4.34559345245,
    "location": 987.209777832,
    "stability": 0.273262679577,
    "tonality": 0.38639241457
}