{
    "name": "261ac300",
    "x": -11.93790054321289,
    "y": -0.07664374262094498,
    "loudness": 0.99068403244,
    "raspiness": 0.0334418416023,
    "color": 17.310131073,
    "location": 28.65180347351629,
    "stability": 0.298389077187,
    "tonality": 0.459535300732
}