{
    "name": "261ac300",
    "x": -13.08218765258789,
    "y": 0.7917720675468445,
    "loudness": 0.99068403244,
    "raspiness": 0.0334418416023,
    "color": 17.310131073,
    "location": 820.925842285,
    "stability": 0.298389077187,
    "tonality": 0.459535300732
}