{
    "name": "2620d32b",
    "x": 25.20945930480957,
    "y": 20.506032943725586,
    "loudness": 0.983788251877,
    "raspiness": 0.114889003336,
    "color": 35.5416069031,
    "location": 51.351181560505495,
    "stability": 0.623465299606,
    "tonality": 0.472047120333
}