{
    "name": "2624b75b",
    "x": 5.586160182952881,
    "y": 12.077930450439453,
    "loudness": 0.974987983704,
    "raspiness": 0.0927191823721,
    "color": 8.53948020935,
    "location": 1771.68444824,
    "stability": 0.774449884892,
    "tonality": 0.476048856974
}