{
    "name": "2627affd",
    "x": 44.2779655456543,
    "y": -22.732107162475586,
    "loudness": 0.988030672073,
    "raspiness": 0.419166862965,
    "color": 521.648620605,
    "location": 80.15667032056659,
    "stability": 0.750122964382,
    "tonality": 0.497749865055
}