{
    "name": "2627affd",
    "x": 41.98826217651367,
    "y": -33.65998458862305,
    "loudness": 0.988030672073,
    "raspiness": 0.419166862965,
    "color": 521.648620605,
    "location": 6425.09179688,
    "stability": 0.750122964382,
    "tonality": 0.497749865055
}