{
    "name": "2632db24",
    "x": -9.706436157226562,
    "y": 31.288610458374023,
    "loudness": 0.99068403244,
    "raspiness": 0.0706294551492,
    "color": 21.7003307343,
    "location": 1736.2557373,
    "stability": 0.56193703413,
    "tonality": 0.419136703014
}