{
    "name": "2632db24",
    "x": 0.1452084332704544,
    "y": 10.033443450927734,
    "loudness": 0.99068403244,
    "raspiness": 0.0706294551492,
    "color": 21.7003307343,
    "location": 1736.2557373,
    "stability": 0.56193703413,
    "tonality": 0.419136703014
}