{
    "name": "2632db24",
    "x": -7.065164566040039,
    "y": 26.17091941833496,
    "loudness": 0.99068403244,
    "raspiness": 0.0706294551492,
    "color": 21.7003307343,
    "location": 41.66840214479072,
    "stability": 0.56193703413,
    "tonality": 0.419136703014
}