{
    "name": "2634b73c",
    "x": 10.833999633789062,
    "y": 37.54156494140625,
    "loudness": 0.99068403244,
    "raspiness": 0.0660550296307,
    "color": 33.4681282043,
    "location": 44.48100235280226,
    "stability": 0.709348022938,
    "tonality": 0.440692156553
}