{
    "name": "2634b73c",
    "x": 4.649272918701172,
    "y": 11.472084045410156,
    "loudness": 0.99068403244,
    "raspiness": 0.0660550296307,
    "color": 33.4681282043,
    "location": 1978.55957031,
    "stability": 0.709348022938,
    "tonality": 0.440692156553
}