{
    "name": "2647f749",
    "x": 4.919489860534668,
    "y": 8.264347076416016,
    "loudness": 0.99068403244,
    "raspiness": 0.137753129005,
    "color": 2.26021909714,
    "location": 1570.73852539,
    "stability": 0.553124725819,
    "tonality": 0.404546141624
}