{
    "name": "2647f749",
    "x": 8.94394302368164,
    "y": 17.548133850097656,
    "loudness": 0.99068403244,
    "raspiness": 0.137753129005,
    "color": 2.26021909714,
    "location": 39.632543766329206,
    "stability": 0.553124725819,
    "tonality": 0.404546141624
}