{
    "name": "2648b632",
    "x": -26.15110206604004,
    "y": -17.99843406677246,
    "loudness": 0.21718788147,
    "raspiness": 0.00921075977385,
    "color": 4.17593765259,
    "location": 17.037323315063315,
    "stability": 0.402134537697,
    "tonality": 0.249862551689
}