{
    "name": "2648b632",
    "x": 1.730522871017456,
    "y": 0.532412588596344,
    "loudness": 0.21718788147,
    "raspiness": 0.00921075977385,
    "color": 4.17593765259,
    "location": 290.270385742,
    "stability": 0.402134537697,
    "tonality": 0.249862551689
}