{
    "name": "2655d941",
    "x": 9.430886268615723,
    "y": 12.692285537719727,
    "loudness": 0.985006868839,
    "raspiness": 0.086478240788,
    "color": 23.370973587,
    "location": 2343.46191406,
    "stability": 0.457549870014,
    "tonality": 0.464498698711
}