{
    "name": "2655d941",
    "x": 4.2819623947143555,
    "y": 7.429386138916016,
    "loudness": 0.985006868839,
    "raspiness": 0.086478240788,
    "color": 23.370973587,
    "location": 2343.46191406,
    "stability": 0.457549870014,
    "tonality": 0.464498698711
}