{
    "name": "2658f202",
    "x": -2.5094058513641357,
    "y": 8.556488037109375,
    "loudness": 0.96682369709,
    "raspiness": 0.0235467199236,
    "color": 10.738609314,
    "location": 586.446105957,
    "stability": 0.428213566542,
    "tonality": 0.376295655966
}