{
    "name": "2658f202",
    "x": -28.40607452392578,
    "y": 10.665090560913086,
    "loudness": 0.96682369709,
    "raspiness": 0.0235467199236,
    "color": 10.738609314,
    "location": 24.216649354462728,
    "stability": 0.428213566542,
    "tonality": 0.376295655966
}