{
    "name": "2659c14c",
    "x": -15.279603958129883,
    "y": -24.035808563232422,
    "loudness": 0.0923122167587,
    "raspiness": 0.0219763144851,
    "color": 7.91529130936,
    "location": 524.082763672,
    "stability": 0.489120036364,
    "tonality": 0.340404510498
}