{
    "name": "2659c14c",
    "x": -15.578695297241211,
    "y": -16.32773780822754,
    "loudness": 0.0923122167587,
    "raspiness": 0.0219763144851,
    "color": 7.91529130936,
    "location": 22.89285398704146,
    "stability": 0.489120036364,
    "tonality": 0.340404510498
}