{
    "name": "2665dfa2",
    "x": 28.07825469970703,
    "y": 3.506913900375366,
    "loudness": 0.666446208954,
    "raspiness": 0.233993902802,
    "color": 13.4117183685,
    "location": 46.16103669318964,
    "stability": 0.606781721115,
    "tonality": 0.481872797012
}