{
    "name": "2665dfa2",
    "x": 6.047054290771484,
    "y": 5.906076431274414,
    "loudness": 0.666446208954,
    "raspiness": 0.233993902802,
    "color": 13.4117183685,
    "location": 2130.84130859,
    "stability": 0.606781721115,
    "tonality": 0.481872797012
}