{
    "name": "266a279f",
    "x": 23.816287994384766,
    "y": 15.267533302307129,
    "loudness": 0.718549966812,
    "raspiness": 0.14340351522,
    "color": 16.4106960297,
    "location": 44.94993552943096,
    "stability": 0.64488953352,
    "tonality": 0.481166154146
}