{
    "name": "266f287c",
    "x": -1.0263103246688843,
    "y": 10.675272941589355,
    "loudness": 0.94860035181,
    "raspiness": 0.0502260811627,
    "color": 35.8201255798,
    "location": 1209.18774414,
    "stability": 0.640641450882,
    "tonality": 0.376357913017
}