{
    "name": "266f287c",
    "x": -23.343233108520508,
    "y": 32.04896926879883,
    "loudness": 0.94860035181,
    "raspiness": 0.0502260811627,
    "color": 35.8201255798,
    "location": 34.773376944725975,
    "stability": 0.640641450882,
    "tonality": 0.376357913017
}