{
    "name": "267bda40",
    "x": -7.676941394805908,
    "y": 3.08666729927063,
    "loudness": 0.590739011765,
    "raspiness": 0.0321148447692,
    "color": 5.42074394226,
    "location": 29.72746692940722,
    "stability": 0.4909684062,
    "tonality": 0.422586381435
}