{
    "name": "267bda40",
    "x": -10.955619812011719,
    "y": 2.273650646209717,
    "loudness": 0.590739011765,
    "raspiness": 0.0321148447692,
    "color": 5.42074394226,
    "location": 883.722290039,
    "stability": 0.4909684062,
    "tonality": 0.422586381435
}