{
    "name": "26a53fd8",
    "x": -29.54962921142578,
    "y": -21.42449188232422,
    "loudness": 0.246900349855,
    "raspiness": 0.073085039854,
    "color": 7.74047136307,
    "location": 32.41391468536314,
    "stability": 0.0764168724418,
    "tonality": 0.183225035667
}