{
    "name": "26a53fd8",
    "x": 1.3980404138565063,
    "y": 0.07610561698675156,
    "loudness": 0.246900349855,
    "raspiness": 0.073085039854,
    "color": 7.74047136307,
    "location": 1050.66186523,
    "stability": 0.0764168724418,
    "tonality": 0.183225035667
}