{
    "name": "26a82af2",
    "x": 29.227346420288086,
    "y": 25.65754508972168,
    "loudness": 0.99068403244,
    "raspiness": 0.105820767581,
    "color": 15.8384656906,
    "location": 50.47759210471514,
    "stability": 0.677949249744,
    "tonality": 0.485322028399
}