{
    "name": "26a82af2",
    "x": 32.09281539916992,
    "y": 31.78544044494629,
    "loudness": 0.99068403244,
    "raspiness": 0.105820767581,
    "color": 15.8384656906,
    "location": 2547.98730469,
    "stability": 0.677949249744,
    "tonality": 0.485322028399
}