{
    "name": "26a9e392",
    "x": 5.156641960144043,
    "y": 12.095391273498535,
    "loudness": 0.905039489269,
    "raspiness": 0.0695390030742,
    "color": 25.6793384552,
    "location": 1561.1751709,
    "stability": 0.790005266666,
    "tonality": 0.485225319862
}