{
    "name": "26b6777f",
    "x": 40.03877639770508,
    "y": -21.93848419189453,
    "loudness": 0.460401117802,
    "raspiness": 0.422140717506,
    "color": 680.245300293,
    "location": 80.116166269112,
    "stability": 0.483190000057,
    "tonality": 0.496545016766
}