{
    "name": "26b6777f",
    "x": 37.22768020629883,
    "y": -31.22435760498047,
    "loudness": 0.460401117802,
    "raspiness": 0.422140717506,
    "color": 680.245300293,
    "location": 6418.60009766,
    "stability": 0.483190000057,
    "tonality": 0.496545016766
}