{
    "name": "26b6777f",
    "x": 11.648282051086426,
    "y": 5.515801906585693,
    "loudness": 0.460401117802,
    "raspiness": 0.422140717506,
    "color": 680.245300293,
    "location": 6418.60009766,
    "stability": 0.483190000057,
    "tonality": 0.496545016766
}