{
    "name": "26b82ff7",
    "x": 46.95323181152344,
    "y": 6.850022315979004,
    "loudness": 0.99068403244,
    "raspiness": 0.233093261719,
    "color": 13.3678274155,
    "location": 58.98225161741454,
    "stability": 0.718066096306,
    "tonality": 0.48934802413
}