{
    "name": "26b82ff7",
    "x": 52.03001022338867,
    "y": 5.627556800842285,
    "loudness": 0.99068403244,
    "raspiness": 0.233093261719,
    "color": 13.3678274155,
    "location": 3478.90600586,
    "stability": 0.718066096306,
    "tonality": 0.48934802413
}