{
    "name": "26c723f2",
    "x": -41.04315948486328,
    "y": -11.152377128601074,
    "loudness": 0.979319930077,
    "raspiness": 0.0397259257734,
    "color": 26.3315696716,
    "location": 27.587041538374496,
    "stability": 0.0666680783033,
    "tonality": 0.134600117803
}