{
    "name": "26c723f2",
    "x": -5.044151782989502,
    "y": 7.222458839416504,
    "loudness": 0.979319930077,
    "raspiness": 0.0397259257734,
    "color": 26.3315696716,
    "location": 761.04486084,
    "stability": 0.0666680783033,
    "tonality": 0.134600117803
}