{
    "name": "26d25b30",
    "x": 7.048756122589111,
    "y": 6.859583854675293,
    "loudness": 0.99068403244,
    "raspiness": 0.0672165900469,
    "color": 29.0072021484,
    "location": 3936.38208008,
    "stability": 0.234929934144,
    "tonality": 0.492624521255
}