{
    "name": "26d6556a",
    "x": 21.033071517944336,
    "y": 36.548858642578125,
    "loudness": 0.83352291584,
    "raspiness": 0.0593832321465,
    "color": 14.3994455338,
    "location": 41.30287065108187,
    "stability": 0.756474912167,
    "tonality": 0.480599910021
}