{
    "name": "26d8b402",
    "x": 18.731887817382812,
    "y": 27.057226181030273,
    "loudness": 0.866860866547,
    "raspiness": 0.0790510475636,
    "color": 13.0234899521,
    "location": 46.27509612610221,
    "stability": 0.656318604946,
    "tonality": 0.460375130177
}