{
    "name": "26d8b402",
    "x": 19.942981719970703,
    "y": 32.170440673828125,
    "loudness": 0.866860866547,
    "raspiness": 0.0790510475636,
    "color": 13.0234899521,
    "location": 2141.38452148,
    "stability": 0.656318604946,
    "tonality": 0.460375130177
}