{
    "name": "26da2e39",
    "x": 3.7472894191741943,
    "y": 2.0871756076812744,
    "loudness": 0.00343694351614,
    "raspiness": 0.0564926601946,
    "color": 33.0079498291,
    "location": 861.060791016,
    "stability": 0.556021630764,
    "tonality": 0.418451666832
}