{
    "name": "26dd557f",
    "x": 7.807579517364502,
    "y": 7.206265449523926,
    "loudness": 0.858841598034,
    "raspiness": 0.223353356123,
    "color": 47.2956123352,
    "location": 2863.49658203,
    "stability": 0.470273345709,
    "tonality": 0.490805059671
}