{
    "name": "26dd557f",
    "x": 29.168415069580078,
    "y": 1.8496437072753906,
    "loudness": 0.858841598034,
    "raspiness": 0.223353356123,
    "color": 47.2956123352,
    "location": 2863.49658203,
    "stability": 0.470273345709,
    "tonality": 0.490805059671
}