{
    "name": "26e8ab9d",
    "x": -22.686283111572266,
    "y": -19.411235809326172,
    "loudness": 0.00560807529837,
    "raspiness": 0.0200261510909,
    "color": 2.32380390167,
    "location": 20.0255391137667,
    "stability": 0.454574167728,
    "tonality": 0.267165154219
}