{
    "name": "26e8ab9d",
    "x": 1.7621678113937378,
    "y": 0.6252192854881287,
    "loudness": 0.00560807529837,
    "raspiness": 0.0200261510909,
    "color": 2.32380390167,
    "location": 401.022216797,
    "stability": 0.454574167728,
    "tonality": 0.267165154219
}