{
    "name": "26ea37e5",
    "x": 10.808234214782715,
    "y": 25.534027099609375,
    "loudness": 0.99068403244,
    "raspiness": 0.0803372114897,
    "color": 14.1608610153,
    "location": 41.91000897804724,
    "stability": 0.580384910107,
    "tonality": 0.480737924576
}