{
    "name": "26ea37e5",
    "x": 3.714930295944214,
    "y": 9.497760772705078,
    "loudness": 0.99068403244,
    "raspiness": 0.0803372114897,
    "color": 14.1608610153,
    "location": 1756.44885254,
    "stability": 0.580384910107,
    "tonality": 0.480737924576
}