{
    "name": "26eb0508",
    "x": -24.819334030151367,
    "y": 6.174699306488037,
    "loudness": 0.865330696106,
    "raspiness": 0.0614091604948,
    "color": 17.3804893494,
    "location": 37.83651258467144,
    "stability": 0.376381367445,
    "tonality": 0.366255939007
}