{
    "name": "26ee3a88",
    "x": 40.74142074584961,
    "y": 6.375084400177002,
    "loudness": 0.99068403244,
    "raspiness": 0.232871606946,
    "color": 74.112159729,
    "location": 54.94833555331772,
    "stability": 0.662489116192,
    "tonality": 0.485853850842
}