{
    "name": "26f2aaee",
    "x": 11.449849128723145,
    "y": 5.172418594360352,
    "loudness": 0.951888740063,
    "raspiness": 0.385825991631,
    "color": 916.287719727,
    "location": 4008.14526367,
    "stability": 0.702352762222,
    "tonality": 0.494809508324
}