{
    "name": "26f2aaee",
    "x": 38.49611282348633,
    "y": -19.922088623046875,
    "loudness": 0.951888740063,
    "raspiness": 0.385825991631,
    "color": 916.287719727,
    "location": 63.309914418438446,
    "stability": 0.702352762222,
    "tonality": 0.494809508324
}