{
    "name": "26fce215",
    "x": -24.733137130737305,
    "y": 7.088905334472656,
    "loudness": 0.99068403244,
    "raspiness": 0.0323486328125,
    "color": 10.3234624863,
    "location": 24.2274845640442,
    "stability": 0.389010906219,
    "tonality": 0.388149678707
}