{
    "name": "26fce215",
    "x": -30.80476951599121,
    "y": 6.6720428466796875,
    "loudness": 0.99068403244,
    "raspiness": 0.0323486328125,
    "color": 10.3234624863,
    "location": 586.971008301,
    "stability": 0.389010906219,
    "tonality": 0.388149678707
}