{
    "name": "2719a268",
    "x": -48.16379928588867,
    "y": 9.968859672546387,
    "loudness": 0.99068403244,
    "raspiness": 0.0514445751905,
    "color": 15.9461936951,
    "location": 783.928833008,
    "stability": 0.611703693867,
    "tonality": 0.301799476147
}