{
    "name": "271c6c8a",
    "x": -18.159936904907227,
    "y": 18.180450439453125,
    "loudness": 0.99068403244,
    "raspiness": 0.0243233814836,
    "color": 6.95368623734,
    "location": 27.956689307766755,
    "stability": 0.475228279829,
    "tonality": 0.418493062258
}