{
    "name": "271c6c8a",
    "x": -23.413198471069336,
    "y": 21.49854850769043,
    "loudness": 0.99068403244,
    "raspiness": 0.0243233814836,
    "color": 6.95368623734,
    "location": 781.576477051,
    "stability": 0.475228279829,
    "tonality": 0.418493062258
}