{
    "name": "271f6198",
    "x": -40.93197250366211,
    "y": 13.887024879455566,
    "loudness": 0.965949773788,
    "raspiness": 0.0443536527455,
    "color": 34.2185821533,
    "location": 30.761754216250413,
    "stability": 0.554393351078,
    "tonality": 0.312382936478
}