{
    "name": "2722c835",
    "x": 0.24407809972763062,
    "y": 10.147916793823242,
    "loudness": 0.988606393337,
    "raspiness": 0.068139873445,
    "color": 29.9225845337,
    "location": 1878.28552246,
    "stability": 0.585634231567,
    "tonality": 0.426540583372
}