{
    "name": "2722c835",
    "x": -2.822138786315918,
    "y": 26.930496215820312,
    "loudness": 0.988606393337,
    "raspiness": 0.068139873445,
    "color": 29.9225845337,
    "location": 43.33919152983821,
    "stability": 0.585634231567,
    "tonality": 0.426540583372
}