{
    "name": "272be2e3",
    "x": 6.374948978424072,
    "y": 12.130574226379395,
    "loudness": 0.916469037533,
    "raspiness": 0.0933709740639,
    "color": 36.5931892395,
    "location": 2133.75756836,
    "stability": 0.80614811182,
    "tonality": 0.493288606405
}