{
    "name": "272be2e3",
    "x": 33.40168380737305,
    "y": 36.961822509765625,
    "loudness": 0.916469037533,
    "raspiness": 0.0933709740639,
    "color": 36.5931892395,
    "location": 46.19261378575583,
    "stability": 0.80614811182,
    "tonality": 0.493288606405
}