{
    "name": "273f7c4a",
    "x": 10.58985710144043,
    "y": 7.639542579650879,
    "loudness": 0.99068403244,
    "raspiness": 0.290315061808,
    "color": 87.2283325195,
    "location": 4442.88476562,
    "stability": 0.651764392853,
    "tonality": 0.488932728767
}