{
    "name": "273f7c4a",
    "x": 47.566627502441406,
    "y": -7.070281505584717,
    "loudness": 0.99068403244,
    "raspiness": 0.290315061808,
    "color": 87.2283325195,
    "location": 66.65496804905092,
    "stability": 0.651764392853,
    "tonality": 0.488932728767
}