{
    "name": "274d487a",
    "x": -2.2835984230041504,
    "y": -0.4158289432525635,
    "loudness": 0.845102787018,
    "raspiness": 0.02924470976,
    "color": 7.30900669098,
    "location": 42.46279822856709,
    "stability": 0.287530452013,
    "tonality": 0.488509267569
}