{
    "name": "2751ad9a",
    "x": 1.7543317079544067,
    "y": 9.837846755981445,
    "loudness": 0.99068403244,
    "raspiness": 0.0576497390866,
    "color": 8.65022850037,
    "location": 832.805847168,
    "stability": 0.563883781433,
    "tonality": 0.455014914274
}