{
    "name": "2751ad9a",
    "x": -6.292144775390625,
    "y": 28.016557693481445,
    "loudness": 0.99068403244,
    "raspiness": 0.0576497390866,
    "color": 8.65022850037,
    "location": 28.85837568485101,
    "stability": 0.563883781433,
    "tonality": 0.455014914274
}