{
    "name": "275b9330",
    "x": -3.207685947418213,
    "y": 9.397239685058594,
    "loudness": 0.965712428093,
    "raspiness": 0.0300891064107,
    "color": 16.4319419861,
    "location": 916.344177246,
    "stability": 0.504297792912,
    "tonality": 0.34486913681
}