{
    "name": "275b9330",
    "x": -35.035343170166016,
    "y": 14.43436336517334,
    "loudness": 0.965712428093,
    "raspiness": 0.0300891064107,
    "color": 16.4319419861,
    "location": 30.27117733498319,
    "stability": 0.504297792912,
    "tonality": 0.34486913681
}