{
    "name": "275b9330",
    "x": -41.72612762451172,
    "y": 10.993636131286621,
    "loudness": 0.965712428093,
    "raspiness": 0.0300891064107,
    "color": 16.4319419861,
    "location": 916.344177246,
    "stability": 0.504297792912,
    "tonality": 0.34486913681
}