{
    "name": "275f51c0",
    "x": 23.819934844970703,
    "y": 3.6960487365722656,
    "loudness": 0.99068403244,
    "raspiness": 0.170820310712,
    "color": 16.0543136597,
    "location": 3143.39355469,
    "stability": 0.418793261051,
    "tonality": 0.485370755196
}