{
    "name": "276c2689",
    "x": 4.926692485809326,
    "y": 10.518449783325195,
    "loudness": 0.99068403244,
    "raspiness": 0.10162550211,
    "color": 31.9183101654,
    "location": 1823.36254883,
    "stability": 0.639824450016,
    "tonality": 0.466343313456
}