{
    "name": "276ee568",
    "x": 32.402320861816406,
    "y": -6.271525859832764,
    "loudness": 0.563173949718,
    "raspiness": 0.253527492285,
    "color": 23.0618934631,
    "location": 62.72279041544628,
    "stability": 0.625829458237,
    "tonality": 0.496928453445
}