{
    "name": "2777b9fa",
    "x": -4.318220138549805,
    "y": 6.9979658126831055,
    "loudness": 0.874119520187,
    "raspiness": 0.047099519521,
    "color": 9.26752948761,
    "location": 697.942382812,
    "stability": 0.188659384847,
    "tonality": 0.30450540781
}