{
    "name": "278e7bc8",
    "x": -27.092748641967773,
    "y": -17.911239624023438,
    "loudness": 0.52484357357,
    "raspiness": 0.0326644927263,
    "color": 11.6508789062,
    "location": 715.422729492,
    "stability": 0.322026252747,
    "tonality": 0.293352901936
}