{
    "name": "278e7bc8",
    "x": -3.608625650405884,
    "y": 7.7519755363464355,
    "loudness": 0.52484357357,
    "raspiness": 0.0326644927263,
    "color": 11.6508789062,
    "location": 715.422729492,
    "stability": 0.322026252747,
    "tonality": 0.293352901936
}