{
    "name": "279ca8cf",
    "x": -29.670927047729492,
    "y": -9.26999568939209,
    "loudness": 0.850149691105,
    "raspiness": 0.0148252528161,
    "color": 9.56467914581,
    "location": 478.036437988,
    "stability": 0.28928360343,
    "tonality": 0.354567110538
}