{
    "name": "279ca8cf",
    "x": -27.481237411499023,
    "y": -3.906280279159546,
    "loudness": 0.850149691105,
    "raspiness": 0.0148252528161,
    "color": 9.56467914581,
    "location": 21.864044410584242,
    "stability": 0.28928360343,
    "tonality": 0.354567110538
}