{
    "name": "279fb592",
    "x": 19.0549259185791,
    "y": 16.52480697631836,
    "loudness": 0.99068403244,
    "raspiness": 0.108347572386,
    "color": 14.5375032425,
    "location": 50.02654812776912,
    "stability": 0.561448931694,
    "tonality": 0.477871417999
}