{
    "name": "279fb592",
    "x": 5.78201150894165,
    "y": 8.086545944213867,
    "loudness": 0.99068403244,
    "raspiness": 0.108347572386,
    "color": 14.5375032425,
    "location": 2502.65551758,
    "stability": 0.561448931694,
    "tonality": 0.477871417999
}