{
    "name": "27a0f9ed",
    "x": 13.327033042907715,
    "y": 51.53946304321289,
    "loudness": 0.99068403244,
    "raspiness": 0.0812049284577,
    "color": 8.46890068054,
    "location": 1302.52075195,
    "stability": 0.724773168564,
    "tonality": 0.459595501423
}