{
    "name": "27a4d0ed",
    "x": -22.179157257080078,
    "y": 26.42331886291504,
    "loudness": 0.910948395729,
    "raspiness": 0.0451867841184,
    "color": 13.8924102783,
    "location": 896.601501465,
    "stability": 0.535508871078,
    "tonality": 0.419634342194
}