{
    "name": "27a962c5",
    "x": -12.285751342773438,
    "y": 28.62205696105957,
    "loudness": 0.969628930092,
    "raspiness": 0.0812971442938,
    "color": 19.9830207825,
    "location": 38.09346480106529,
    "stability": 0.574315488338,
    "tonality": 0.408637523651
}