{
    "name": "27bc9b07",
    "x": 0.4519764482975006,
    "y": 11.04875373840332,
    "loudness": 0.592021882534,
    "raspiness": 0.0640380084515,
    "color": 20.3592662811,
    "location": 1555.96350098,
    "stability": 0.629423856735,
    "tonality": 0.422204136848
}