{
    "name": "27bc9b07",
    "x": -1.5402225255966187,
    "y": 14.413822174072266,
    "loudness": 0.592021882534,
    "raspiness": 0.0640380084515,
    "color": 20.3592662811,
    "location": 1555.96350098,
    "stability": 0.629423856735,
    "tonality": 0.422204136848
}