{
    "name": "27c53672",
    "x": 8.00250244140625,
    "y": 8.478036880493164,
    "loudness": 0.980577528477,
    "raspiness": 0.206663563848,
    "color": 30.2178211212,
    "location": 2519.27172852,
    "stability": 0.651370286942,
    "tonality": 0.480649590492
}