{
    "name": "27ce7acc",
    "x": -2.730104923248291,
    "y": 9.09406852722168,
    "loudness": 0.99068403244,
    "raspiness": 0.0343233011663,
    "color": 14.0046310425,
    "location": 398.469299316,
    "stability": 0.464707314968,
    "tonality": 0.370110988617
}