{
    "name": "27cf6ec2",
    "x": -5.655660629272461,
    "y": 2.5167388916015625,
    "loudness": 0.99068403244,
    "raspiness": 0.0406624004245,
    "color": 36.4702415466,
    "location": 38.25470380593738,
    "stability": 0.315971583128,
    "tonality": 0.471877276897
}