{
    "name": "27d3b396",
    "x": 18.795818328857422,
    "y": -22.048505783081055,
    "loudness": 0.046578541398,
    "raspiness": 0.120128452778,
    "color": 25.5304870605,
    "location": 2550.1418457,
    "stability": 0.583934307098,
    "tonality": 0.488763570786
}