{
    "name": "27d3b396",
    "x": 17.560665130615234,
    "y": -17.950429916381836,
    "loudness": 0.046578541398,
    "raspiness": 0.120128452778,
    "color": 25.5304870605,
    "location": 50.49892915399296,
    "stability": 0.583934307098,
    "tonality": 0.488763570786
}