{
    "name": "27d679b4",
    "x": -0.45121821761131287,
    "y": 25.434371948242188,
    "loudness": 0.99068403244,
    "raspiness": 0.0395607464015,
    "color": 10.702460289,
    "location": 35.7908983307209,
    "stability": 0.552140891552,
    "tonality": 0.46791306138
}