{
    "name": "27d679b4",
    "x": -3.3795177936553955,
    "y": 36.279537200927734,
    "loudness": 0.99068403244,
    "raspiness": 0.0395607464015,
    "color": 10.702460289,
    "location": 1280.98840332,
    "stability": 0.552140891552,
    "tonality": 0.46791306138
}