{
    "name": "27e6d2ac",
    "x": 3.0124528408050537,
    "y": 2.220684051513672,
    "loudness": 0.99068403244,
    "raspiness": 0.0550472848117,
    "color": 5.14848136902,
    "location": 2122.90332031,
    "stability": 0.318208783865,
    "tonality": 0.482834070921
}