{
    "name": "27fbb25c",
    "x": 17.65082359313965,
    "y": -19.395126342773438,
    "loudness": 0.0105870990083,
    "raspiness": 0.119855090976,
    "color": 10.6541948318,
    "location": 2384.1796875,
    "stability": 0.624850571156,
    "tonality": 0.480512410402
}