{
    "name": "27fbb25c",
    "x": 17.366580963134766,
    "y": -18.924610137939453,
    "loudness": 0.0105870990083,
    "raspiness": 0.119855090976,
    "color": 10.6541948318,
    "location": 48.82806249996,
    "stability": 0.624850571156,
    "tonality": 0.480512410402
}