{
    "name": "27ff9eea",
    "x": -24.63081932067871,
    "y": 0.42700061202049255,
    "loudness": 0.971096694469,
    "raspiness": 0.0598157197237,
    "color": 42.5998573303,
    "location": 41.318499292568696,
    "stability": 0.286170899868,
    "tonality": 0.355308771133
}