{
    "name": "27ff9eea",
    "x": -2.0892207622528076,
    "y": 7.191430568695068,
    "loudness": 0.971096694469,
    "raspiness": 0.0598157197237,
    "color": 42.5998573303,
    "location": 1707.21838379,
    "stability": 0.286170899868,
    "tonality": 0.355308771133
}