{
    "name": "280b5439",
    "x": 3.023968458175659,
    "y": 0.2608203887939453,
    "loudness": 0.105643339455,
    "raspiness": 0.0146799394861,
    "color": 15.8034057617,
    "location": 320.19619751,
    "stability": 0.237897276878,
    "tonality": 0.36800262332
}