{
    "name": "280f761e",
    "x": 3.817119836807251,
    "y": 9.493560791015625,
    "loudness": 0.881902813911,
    "raspiness": 0.0994775891304,
    "color": 12.2198171616,
    "location": 1828.79711914,
    "stability": 0.580037355423,
    "tonality": 0.475372493267
}