{
    "name": "280f761e",
    "x": 13.022992134094238,
    "y": 28.74144172668457,
    "loudness": 0.881902813911,
    "raspiness": 0.0994775891304,
    "color": 12.2198171616,
    "location": 1828.79711914,
    "stability": 0.580037355423,
    "tonality": 0.475372493267
}