{
    "name": "281c7727",
    "x": 18.969310760498047,
    "y": 9.576081275939941,
    "loudness": 0.99068403244,
    "raspiness": 0.12168482691,
    "color": 12.6025209427,
    "location": 51.96745103235293,
    "stability": 0.50975972414,
    "tonality": 0.476134598255
}