{
    "name": "282aa031",
    "x": 13.909040451049805,
    "y": -9.431496620178223,
    "loudness": 0.327101558447,
    "raspiness": 0.097004070878,
    "color": 15.5897254944,
    "location": 43.43204074286632,
    "stability": 0.638939261436,
    "tonality": 0.485795706511
}