{
    "name": "282aa031",
    "x": 15.39129638671875,
    "y": -9.003028869628906,
    "loudness": 0.327101558447,
    "raspiness": 0.097004070878,
    "color": 15.5897254944,
    "location": 1886.34216309,
    "stability": 0.638939261436,
    "tonality": 0.485795706511
}