{
    "name": "282f2473",
    "x": -42.250816345214844,
    "y": -6.630988597869873,
    "loudness": 0.990683972836,
    "raspiness": 0.015742007643,
    "color": 19.4529705048,
    "location": 19.124015433715797,
    "stability": 0.351851224899,
    "tonality": 0.0439880266786
}