{
    "name": "283a585f",
    "x": 48.50780487060547,
    "y": -12.281389236450195,
    "loudness": 0.99068403244,
    "raspiness": 0.270889937878,
    "color": 166.841461182,
    "location": 4802.43457031,
    "stability": 0.628585457802,
    "tonality": 0.491941422224
}