{
    "name": "2846dc18",
    "x": 4.822340965270996,
    "y": 10.760818481445312,
    "loudness": 0.951886236668,
    "raspiness": 0.112379804254,
    "color": 8.3842792511,
    "location": 1639.75646973,
    "stability": 0.669801712036,
    "tonality": 0.472407609224
}