{
    "name": "2846dc18",
    "x": 19.06535530090332,
    "y": 31.41334342956543,
    "loudness": 0.951886236668,
    "raspiness": 0.112379804254,
    "color": 8.3842792511,
    "location": 40.49390657531081,
    "stability": 0.669801712036,
    "tonality": 0.472407609224
}