{
    "name": "284a6757",
    "x": -16.634607315063477,
    "y": 13.05597972869873,
    "loudness": 0.953393042088,
    "raspiness": 0.0366180241108,
    "color": 8.66418552399,
    "location": 33.25186863290543,
    "stability": 0.425714641809,
    "tonality": 0.420084685087
}