{
    "name": "284a6757",
    "x": -20.24151611328125,
    "y": 15.930929183959961,
    "loudness": 0.953393042088,
    "raspiness": 0.0366180241108,
    "color": 8.66418552399,
    "location": 1105.68676758,
    "stability": 0.425714641809,
    "tonality": 0.420084685087
}