{
    "name": "284a6757",
    "x": -0.4086610972881317,
    "y": 8.108051300048828,
    "loudness": 0.953393042088,
    "raspiness": 0.0366180241108,
    "color": 8.66418552399,
    "location": 1105.68676758,
    "stability": 0.425714641809,
    "tonality": 0.420084685087
}