{
    "name": "2857b67f",
    "x": -41.73573684692383,
    "y": -11.547072410583496,
    "loudness": 0.626299917698,
    "raspiness": 0.00975746754557,
    "color": 4.75679159164,
    "location": 228.835586548,
    "stability": 0.587741434574,
    "tonality": 0.191047236323
}