{
    "name": "285a7bac",
    "x": 0.30545908212661743,
    "y": -24.865589141845703,
    "loudness": 5.39850625501e-05,
    "raspiness": 0.0486518330872,
    "color": 4.75609731674,
    "location": 20.8215385720172,
    "stability": 0.572033345699,
    "tonality": 0.42889341712
}