{
    "name": "285a7bac",
    "x": 3.6915342807769775,
    "y": 2.0831234455108643,
    "loudness": 5.39850625501e-05,
    "raspiness": 0.0486518330872,
    "color": 4.75609731674,
    "location": 433.536468506,
    "stability": 0.572033345699,
    "tonality": 0.42889341712
}