{
    "name": "285a1825",
    "x": 35.817264556884766,
    "y": 3.3708994388580322,
    "loudness": 0.99068403244,
    "raspiness": 0.211162865162,
    "color": 24.280456543,
    "location": 3418.66943359,
    "stability": 0.556817650795,
    "tonality": 0.474319577217
}