{
    "name": "285c42de",
    "x": 4.66965389251709,
    "y": 3.149874210357666,
    "loudness": 0.271018236876,
    "raspiness": 0.0660423412919,
    "color": 8.15921878815,
    "location": 1358.64831543,
    "stability": 0.66607940197,
    "tonality": 0.463134795427
}