{
    "name": "285c42de",
    "x": 10.272823333740234,
    "y": -13.57524299621582,
    "loudness": 0.271018236876,
    "raspiness": 0.0660423412919,
    "color": 8.15921878815,
    "location": 36.85984692629637,
    "stability": 0.66607940197,
    "tonality": 0.463134795427
}