{
    "name": "285c42de",
    "x": 9.419013023376465,
    "y": -10.728287696838379,
    "loudness": 0.271018236876,
    "raspiness": 0.0660423412919,
    "color": 8.15921878815,
    "location": 1358.64831543,
    "stability": 0.66607940197,
    "tonality": 0.463134795427
}