{
    "name": "287c38ed",
    "x": 1.8921579122543335,
    "y": 35.5927619934082,
    "loudness": 0.99068403244,
    "raspiness": 0.0785882398486,
    "color": 3.68392777443,
    "location": 1703.54553223,
    "stability": 0.596718847752,
    "tonality": 0.442378461361
}