{
    "name": "287c38ed",
    "x": 3.8546059131622314,
    "y": 10.040046691894531,
    "loudness": 0.99068403244,
    "raspiness": 0.0785882398486,
    "color": 3.68392777443,
    "location": 1703.54553223,
    "stability": 0.596718847752,
    "tonality": 0.442378461361
}