{
    "name": "289cc6a8",
    "x": -38.00923156738281,
    "y": 21.09002113342285,
    "loudness": 0.965166389942,
    "raspiness": 0.0481814108789,
    "color": 15.9984989166,
    "location": 31.191334582332317,
    "stability": 0.603847503662,
    "tonality": 0.332673072815
}