{
    "name": "289cc6a8",
    "x": -3.658970832824707,
    "y": 10.0074462890625,
    "loudness": 0.965166389942,
    "raspiness": 0.0481814108789,
    "color": 15.9984989166,
    "location": 972.899353027,
    "stability": 0.603847503662,
    "tonality": 0.332673072815
}