{
    "name": "289e8e59",
    "x": -19.35367774963379,
    "y": -24.566694259643555,
    "loudness": 0.191620096564,
    "raspiness": 0.0199113097042,
    "color": 5.05370950699,
    "location": 421.462982178,
    "stability": 0.454112112522,
    "tonality": 0.308931589127
}