{
    "name": "289e5d2a",
    "x": 36.908145904541016,
    "y": 20.04085350036621,
    "loudness": 0.99068403244,
    "raspiness": 0.133603051305,
    "color": 38.8015060425,
    "location": 55.130763853315145,
    "stability": 0.710872113705,
    "tonality": 0.480767309666
}