{
    "name": "289e8e59",
    "x": -19.554899215698242,
    "y": -17.339391708374023,
    "loudness": 0.191620096564,
    "raspiness": 0.0199113097042,
    "color": 5.05370950699,
    "location": 20.529563613920292,
    "stability": 0.454112112522,
    "tonality": 0.308931589127
}