{
    "name": "28a9502f",
    "x": 3.554039239883423,
    "y": 9.99491024017334,
    "loudness": 0.757118821144,
    "raspiness": 0.0627092644572,
    "color": 13.2157363892,
    "location": 1838.78918457,
    "stability": 0.587197482586,
    "tonality": 0.458470582962
}