{
    "name": "28aa7f31",
    "x": 4.633248805999756,
    "y": 1.5180463790893555,
    "loudness": 0.138931542635,
    "raspiness": 0.0642800703645,
    "color": 14.2615232468,
    "location": 1414.28527832,
    "stability": 0.38045284152,
    "tonality": 0.475184202194
}