{
    "name": "28ab5413",
    "x": 26.806182861328125,
    "y": -4.141243934631348,
    "loudness": 0.99068403244,
    "raspiness": 0.149142801762,
    "color": 174.549240112,
    "location": 4837.49365234,
    "stability": 0.391654938459,
    "tonality": 0.494808584452
}