{
    "name": "28ab5413",
    "x": 28.794462203979492,
    "y": -1.6380627155303955,
    "loudness": 0.99068403244,
    "raspiness": 0.149142801762,
    "color": 174.549240112,
    "location": 69.5520930838174,
    "stability": 0.391654938459,
    "tonality": 0.494808584452
}