{
    "name": "28b75c35",
    "x": 7.6158318519592285,
    "y": -2.614315986633301,
    "loudness": 0.651111483574,
    "raspiness": 0.111274190247,
    "color": 20.0144252777,
    "location": 45.15758134931498,
    "stability": 0.348842561245,
    "tonality": 0.488587737083
}