{
    "name": "28b75c35",
    "x": 3.791069269180298,
    "y": 4.955979347229004,
    "loudness": 0.651111483574,
    "raspiness": 0.111274190247,
    "color": 20.0144252777,
    "location": 2039.20715332,
    "stability": 0.348842561245,
    "tonality": 0.488587737083
}