{
    "name": "28b75c35",
    "x": 8.330587387084961,
    "y": -2.432325839996338,
    "loudness": 0.651111483574,
    "raspiness": 0.111274190247,
    "color": 20.0144252777,
    "location": 2039.20715332,
    "stability": 0.348842561245,
    "tonality": 0.488587737083
}