{
    "name": "28bea0af",
    "x": 12.481698989868164,
    "y": 8.631322860717773,
    "loudness": 0.892366528511,
    "raspiness": 0.08725887537,
    "color": 38.1604347229,
    "location": 50.0856078652341,
    "stability": 0.470321774483,
    "tonality": 0.473368167877
}