{
    "name": "28bf1f65",
    "x": -10.1922025680542,
    "y": 17.30536460876465,
    "loudness": 0.99068403244,
    "raspiness": 0.0652914941311,
    "color": 47.2841377258,
    "location": 33.215563846486184,
    "stability": 0.457819879055,
    "tonality": 0.435160309076
}