{
    "name": "28d634e9",
    "x": 7.096163272857666,
    "y": 11.561991691589355,
    "loudness": 0.945211291313,
    "raspiness": 0.118071764708,
    "color": 37.0464096069,
    "location": 2281.80419922,
    "stability": 0.780780911446,
    "tonality": 0.491581857204
}