{
    "name": "28d80cf6",
    "x": 11.464985847473145,
    "y": 5.118212699890137,
    "loudness": 0.99068403244,
    "raspiness": 0.329296886921,
    "color": 1041.4074707,
    "location": 4228.87158203,
    "stability": 0.620706856251,
    "tonality": 0.472255736589
}