{
    "name": "28d80cf6",
    "x": 32.33524703979492,
    "y": -29.81902313232422,
    "loudness": 0.99068403244,
    "raspiness": 0.329296886921,
    "color": 1041.4074707,
    "location": 4228.87158203,
    "stability": 0.620706856251,
    "tonality": 0.472255736589
}