{
    "name": "28e0f162",
    "x": 2.728983163833618,
    "y": 1.0130378007888794,
    "loudness": 0.0386053398252,
    "raspiness": 0.0150775909424,
    "color": 7.21020555496,
    "location": 331.268096924,
    "stability": 0.406967759132,
    "tonality": 0.365990102291
}