{
    "name": "28e413d2",
    "x": -6.7415313720703125,
    "y": 31.752567291259766,
    "loudness": 0.938418030739,
    "raspiness": 0.0284293163568,
    "color": 4.83033418655,
    "location": 24.989394723222087,
    "stability": 0.603642523289,
    "tonality": 0.466601461172
}