{
    "name": "28e78a3c",
    "x": 42.38274002075195,
    "y": -23.667198181152344,
    "loudness": 0.990604996681,
    "raspiness": 0.495137542486,
    "color": 630.913146973,
    "location": 79.64166574023926,
    "stability": 0.766037106514,
    "tonality": 0.498993396759
}