{
    "name": "28ed1ac8",
    "x": 43.40164566040039,
    "y": 8.72098445892334,
    "loudness": 0.99068403244,
    "raspiness": 0.235495179892,
    "color": 25.1437187195,
    "location": 53.99789537639407,
    "stability": 0.703951358795,
    "tonality": 0.488745361567
}