{
    "name": "28ed1ac8",
    "x": 8.855949401855469,
    "y": 8.804247856140137,
    "loudness": 0.99068403244,
    "raspiness": 0.235495179892,
    "color": 25.1437187195,
    "location": 2915.77270508,
    "stability": 0.703951358795,
    "tonality": 0.488745361567
}