{
    "name": "28f3b63c",
    "x": 7.926016330718994,
    "y": 7.4021172523498535,
    "loudness": 0.99068403244,
    "raspiness": 0.201832160354,
    "color": 10.2711877823,
    "location": 3323.16015625,
    "stability": 0.512162089348,
    "tonality": 0.477157592773
}