{
    "name": "28f3b63c",
    "x": 32.30925750732422,
    "y": 2.4531404972076416,
    "loudness": 0.99068403244,
    "raspiness": 0.201832160354,
    "color": 10.2711877823,
    "location": 3323.16015625,
    "stability": 0.512162089348,
    "tonality": 0.477157592773
}