{
    "name": "28f5dfd6",
    "x": -22.21172523498535,
    "y": 3.2794764041900635,
    "loudness": 0.966453313828,
    "raspiness": 0.00628597848117,
    "color": 18.1040763855,
    "location": 15.917072923405232,
    "stability": 0.331970065832,
    "tonality": 0.395522475243
}