{
    "name": "2904b427",
    "x": 6.387796401977539,
    "y": 10.187711715698242,
    "loudness": 0.914912104607,
    "raspiness": 0.102498076856,
    "color": 19.6380844116,
    "location": 2553.32006836,
    "stability": 0.636352419853,
    "tonality": 0.492194741964
}