{
    "name": "290d7e7d",
    "x": 11.573545455932617,
    "y": 5.786929607391357,
    "loudness": 0.985311627388,
    "raspiness": 0.428877800703,
    "color": 475.529968262,
    "location": 6495.89501953,
    "stability": 0.760204911232,
    "tonality": 0.497109293938
}