{
    "name": "2933c90e",
    "x": 21.067129135131836,
    "y": 26.13149642944336,
    "loudness": 0.99068403244,
    "raspiness": 0.124117337167,
    "color": 5.69281578064,
    "location": 2029.32397461,
    "stability": 0.588363528252,
    "tonality": 0.484102219343
}