{
    "name": "2933a5dc",
    "x": 51.810882568359375,
    "y": -18.76079559326172,
    "loudness": 0.972817778587,
    "raspiness": 0.396587431431,
    "color": 114.33039856,
    "location": 5069.12207031,
    "stability": 0.756088376045,
    "tonality": 0.498155713081
}