{
    "name": "2933a5dc",
    "x": 49.5484504699707,
    "y": -11.013357162475586,
    "loudness": 0.972817778587,
    "raspiness": 0.396587431431,
    "color": 114.33039856,
    "location": 71.19776731267632,
    "stability": 0.756088376045,
    "tonality": 0.498155713081
}