{
    "name": "2933a5dc",
    "x": 10.860940933227539,
    "y": 6.872939109802246,
    "loudness": 0.972817778587,
    "raspiness": 0.396587431431,
    "color": 114.33039856,
    "location": 5069.12207031,
    "stability": 0.756088376045,
    "tonality": 0.498155713081
}