{
    "name": "2934fa44",
    "x": 13.5910062789917,
    "y": 13.240333557128906,
    "loudness": 0.975127577782,
    "raspiness": 0.0942609906197,
    "color": 36.0676689148,
    "location": 2451.97949219,
    "stability": 0.482951402664,
    "tonality": 0.486349225044
}