{
    "name": "2934fa44",
    "x": 13.269601821899414,
    "y": 9.45543098449707,
    "loudness": 0.975127577782,
    "raspiness": 0.0942609906197,
    "color": 36.0676689148,
    "location": 49.5174665364657,
    "stability": 0.482951402664,
    "tonality": 0.486349225044
}