{
    "name": "2934fa44",
    "x": 4.5314226150512695,
    "y": 7.30503511428833,
    "loudness": 0.975127577782,
    "raspiness": 0.0942609906197,
    "color": 36.0676689148,
    "location": 2451.97949219,
    "stability": 0.482951402664,
    "tonality": 0.486349225044
}