{
    "name": "2968fbcd",
    "x": 5.032209873199463,
    "y": 11.347334861755371,
    "loudness": 0.99068403244,
    "raspiness": 0.0603201724589,
    "color": 46.4684181213,
    "location": 1895.03552246,
    "stability": 0.69295412302,
    "tonality": 0.486195266247
}