{
    "name": "2968fbcd",
    "x": 22.37504768371582,
    "y": 45.09272766113281,
    "loudness": 0.99068403244,
    "raspiness": 0.0603201724589,
    "color": 46.4684181213,
    "location": 1895.03552246,
    "stability": 0.69295412302,
    "tonality": 0.486195266247
}