{
    "name": "2979f92a",
    "x": -3.6392717361450195,
    "y": 8.953251838684082,
    "loudness": 0.970379471779,
    "raspiness": 0.040090162307,
    "color": 31.8645458221,
    "location": 1121.12719727,
    "stability": 0.472254246473,
    "tonality": 0.320583552122
}