{
    "name": "297e7f77",
    "x": 39.94375991821289,
    "y": 25.659048080444336,
    "loudness": 0.99068403244,
    "raspiness": 0.151710793376,
    "color": 4.30610466003,
    "location": 2527.95092773,
    "stability": 0.70629966259,
    "tonality": 0.486776709557
}