{
    "name": "297e7f77",
    "x": 34.928462982177734,
    "y": 21.79974937438965,
    "loudness": 0.99068403244,
    "raspiness": 0.151710793376,
    "color": 4.30610466003,
    "location": 50.27873236001481,
    "stability": 0.70629966259,
    "tonality": 0.486776709557
}