{
    "name": "2987ab41",
    "x": -28.849037170410156,
    "y": -20.503555297851562,
    "loudness": 0.0121798356995,
    "raspiness": 0.0439713150263,
    "color": 9.58239650726,
    "location": 30.277383815366214,
    "stability": 0.340316474438,
    "tonality": 0.162632420659
}