{
    "name": "2987ab41",
    "x": 1.42115318775177,
    "y": 0.21889576315879822,
    "loudness": 0.0121798356995,
    "raspiness": 0.0439713150263,
    "color": 9.58239650726,
    "location": 916.719970703,
    "stability": 0.340316474438,
    "tonality": 0.162632420659
}