{
    "name": "299ad29c",
    "x": 7.171814918518066,
    "y": 2.9537863731384277,
    "loudness": 0.164791479707,
    "raspiness": 0.245316937566,
    "color": 209.598968506,
    "location": 3621.33618164,
    "stability": 0.588667929173,
    "tonality": 0.486690342426
}