{
    "name": "299ad29c",
    "x": 27.41981315612793,
    "y": -12.285442352294922,
    "loudness": 0.164791479707,
    "raspiness": 0.245316937566,
    "color": 209.598968506,
    "location": 60.17753884664942,
    "stability": 0.588667929173,
    "tonality": 0.486690342426
}