{
    "name": "29a016e0",
    "x": 11.063813209533691,
    "y": 30.490875244140625,
    "loudness": 0.99068403244,
    "raspiness": 0.100147917867,
    "color": 6.28182029724,
    "location": 1739.28063965,
    "stability": 0.56231456995,
    "tonality": 0.470740586519
}