{
    "name": "29a57707",
    "x": 18.123611450195312,
    "y": 17.07668113708496,
    "loudness": 0.99068403244,
    "raspiness": 0.10541240871,
    "color": 13.0926122665,
    "location": 48.88202275315538,
    "stability": 0.555019080639,
    "tonality": 0.475834816694
}