{
    "name": "29a57707",
    "x": 5.677438735961914,
    "y": 8.120227813720703,
    "loudness": 0.99068403244,
    "raspiness": 0.10541240871,
    "color": 13.0926122665,
    "location": 2389.45214844,
    "stability": 0.555019080639,
    "tonality": 0.475834816694
}