{
    "name": "29a96a60",
    "x": 3.268728494644165,
    "y": 16.956464767456055,
    "loudness": 0.899395227432,
    "raspiness": 0.0536017566919,
    "color": 8.38091850281,
    "location": 39.96695106872677,
    "stability": 0.502979099751,
    "tonality": 0.481314957142
}