{
    "name": "29a96a60",
    "x": 1.3678066730499268,
    "y": 23.68499183654785,
    "loudness": 0.899395227432,
    "raspiness": 0.0536017566919,
    "color": 8.38091850281,
    "location": 1597.35717773,
    "stability": 0.502979099751,
    "tonality": 0.481314957142
}