{
    "name": "29b51ca2",
    "x": -3.595423460006714,
    "y": 30.49498748779297,
    "loudness": 0.99068403244,
    "raspiness": 0.043236143887,
    "color": 3.13410115242,
    "location": 31.596173443472548,
    "stability": 0.576688110828,
    "tonality": 0.461843907833
}