{
    "name": "29c8132a",
    "x": 28.27048683166504,
    "y": 13.707463264465332,
    "loudness": 0.980249881744,
    "raspiness": 0.169849738479,
    "color": 35.2623710632,
    "location": 49.72534918489763,
    "stability": 0.590635836124,
    "tonality": 0.485875219107
}