{
    "name": "29c9e829",
    "x": -37.63754653930664,
    "y": -4.684315204620361,
    "loudness": 0.956903994083,
    "raspiness": 0.0110367704183,
    "color": 5.46335220337,
    "location": 381.732055664,
    "stability": 0.372610867023,
    "tonality": 0.340473562479
}