{
    "name": "29d2bf8b",
    "x": 23.522197723388672,
    "y": 23.510326385498047,
    "loudness": 0.99068403244,
    "raspiness": 0.165283203125,
    "color": 5.86258649826,
    "location": 39.622224247258,
    "stability": 0.651218950748,
    "tonality": 0.476630628109
}