{
    "name": "29d2bf8b",
    "x": 24.270584106445312,
    "y": 29.80968475341797,
    "loudness": 0.99068403244,
    "raspiness": 0.165283203125,
    "color": 5.86258649826,
    "location": 1569.9206543,
    "stability": 0.651218950748,
    "tonality": 0.476630628109
}