{
    "name": "29d5108a",
    "x": 35.5516471862793,
    "y": 19.692806243896484,
    "loudness": 0.99068403244,
    "raspiness": 0.158589676023,
    "color": 3.17467403412,
    "location": 2835.84838867,
    "stability": 0.648068666458,
    "tonality": 0.471129626036
}