{
    "name": "29dcc9de",
    "x": 5.6272501945495605,
    "y": 5.925933837890625,
    "loudness": 0.694671273232,
    "raspiness": 0.137048155069,
    "color": 43.7483177185,
    "location": 2602.97192383,
    "stability": 0.480617374182,
    "tonality": 0.488926410675
}