{
    "name": "29de4510",
    "x": -15.438158988952637,
    "y": 13.551061630249023,
    "loudness": 0.886957764626,
    "raspiness": 0.0210084170103,
    "color": 16.1547298431,
    "location": 366.268829346,
    "stability": 0.421765118837,
    "tonality": 0.462396025658
}