{
    "name": "29e0a702",
    "x": 9.906801223754883,
    "y": 7.721984386444092,
    "loudness": 0.989831507206,
    "raspiness": 0.223917871714,
    "color": 108.970092773,
    "location": 4471.26171875,
    "stability": 0.611167967319,
    "tonality": 0.491546750069
}