{
    "name": "29ea2c57",
    "x": -19.421667098999023,
    "y": -2.5279858112335205,
    "loudness": 0.659572899342,
    "raspiness": 0.0316109023988,
    "color": 3.96368169785,
    "location": 22.409571019789738,
    "stability": 0.261257410049,
    "tonality": 0.398781687021
}