{
    "name": "29ea06f9",
    "x": 14.736311912536621,
    "y": 53.681697845458984,
    "loudness": 0.976265251637,
    "raspiness": 0.0653559863567,
    "color": 18.470954895,
    "location": 1332.00427246,
    "stability": 0.787871181965,
    "tonality": 0.459694653749
}