{
    "name": "29ea2c57",
    "x": -2.4442837238311768,
    "y": 7.66590690612793,
    "loudness": 0.659572899342,
    "raspiness": 0.0316109023988,
    "color": 3.96368169785,
    "location": 502.188873291,
    "stability": 0.261257410049,
    "tonality": 0.398781687021
}