{
    "name": "29f2ff7d",
    "x": 10.423293113708496,
    "y": 26.855995178222656,
    "loudness": 0.99068403244,
    "raspiness": 0.079872533679,
    "color": 28.9466876984,
    "location": 44.07734402002916,
    "stability": 0.600426316261,
    "tonality": 0.451629012823
}