{
    "name": "29f2ff7d",
    "x": 4.208457946777344,
    "y": 9.782541275024414,
    "loudness": 0.99068403244,
    "raspiness": 0.079872533679,
    "color": 28.9466876984,
    "location": 1942.81225586,
    "stability": 0.600426316261,
    "tonality": 0.451629012823
}