{
    "name": "29ff7d7b",
    "x": 0.11262186616659164,
    "y": 6.6578168869018555,
    "loudness": 0.99068403244,
    "raspiness": 0.047132961452,
    "color": 9.98451328278,
    "location": 710.674438477,
    "stability": 0.35758036375,
    "tonality": 0.436719715595
}