{
    "name": "2bc84744",
    "x": 11.39245319366455,
    "y": -19.954633712768555,
    "loudness": 0.110989958048,
    "raspiness": 0.0876432731748,
    "color": 9.77998638153,
    "location": 1677.89758301,
    "stability": 0.603579759598,
    "tonality": 0.461628049612
}