{
    "name": "2bd764ef",
    "x": -3.7295689582824707,
    "y": 8.105420112609863,
    "loudness": 0.980732023716,
    "raspiness": 0.01846056059,
    "color": 10.5603837967,
    "location": 434.830718994,
    "stability": 0.395678162575,
    "tonality": 0.327827006578
}