{
    "name": "2bfa9616",
    "x": 3.4961915016174316,
    "y": 9.765629768371582,
    "loudness": 0.759217321873,
    "raspiness": 0.0707768648863,
    "color": 24.4997711182,
    "location": 1652.52075195,
    "stability": 0.563247442245,
    "tonality": 0.487061202526
}