{
    "name": "2bfa6330",
    "x": 8.461130142211914,
    "y": 6.9133124351501465,
    "loudness": 0.99068403244,
    "raspiness": 0.252397030592,
    "color": 209.401657104,
    "location": 3101.99633789,
    "stability": 0.478994309902,
    "tonality": 0.490601480007
}