{
    "name": "2bfa6330",
    "x": 33.97960662841797,
    "y": -3.7271597385406494,
    "loudness": 0.99068403244,
    "raspiness": 0.252397030592,
    "color": 209.401657104,
    "location": 3101.99633789,
    "stability": 0.478994309902,
    "tonality": 0.490601480007
}