{
    "name": "2c017b88",
    "x": -0.10151083767414093,
    "y": 8.221261024475098,
    "loudness": 0.99068403244,
    "raspiness": 0.0808593779802,
    "color": 3.87724614143,
    "location": 773.225524902,
    "stability": 0.419260889292,
    "tonality": 0.433690816164
}