{
    "name": "2c049598",
    "x": 1.5771147012710571,
    "y": 4.179325580596924,
    "loudness": 0.666378498077,
    "raspiness": 0.0114390207455,
    "color": 4.84324789047,
    "location": 646.565490723,
    "stability": 0.274976670742,
    "tonality": 0.452208995819
}