{
    "name": "2c049598",
    "x": -9.262815475463867,
    "y": -3.779884099960327,
    "loudness": 0.666378498077,
    "raspiness": 0.0114390207455,
    "color": 4.84324789047,
    "location": 25.427652088287665,
    "stability": 0.274976670742,
    "tonality": 0.452208995819
}