{
    "name": "2c0b1898",
    "x": 5.59665584564209,
    "y": 5.793283462524414,
    "loudness": 0.790448188782,
    "raspiness": 0.178062275052,
    "color": 6.15737819672,
    "location": 2343.93066406,
    "stability": 0.466156870127,
    "tonality": 0.489004850388
}