{
    "name": "2c0b1898",
    "x": 17.7880859375,
    "y": 0.16630281507968903,
    "loudness": 0.790448188782,
    "raspiness": 0.178062275052,
    "color": 6.15737819672,
    "location": 2343.93066406,
    "stability": 0.466156870127,
    "tonality": 0.489004850388
}