{
    "name": "2c0b1898",
    "x": 20.484403610229492,
    "y": 2.797116756439209,
    "loudness": 0.790448188782,
    "raspiness": 0.178062275052,
    "color": 6.15737819672,
    "location": 48.4141576820252,
    "stability": 0.466156870127,
    "tonality": 0.489004850388
}