{
    "name": "2c0e354c",
    "x": 5.036829471588135,
    "y": 10.818450927734375,
    "loudness": 0.916329979897,
    "raspiness": 0.100131385028,
    "color": 6.72530555725,
    "location": 1713.3782959,
    "stability": 0.648508727551,
    "tonality": 0.479103982449
}