{
    "name": "2c0e354c",
    "x": 17.68023109436035,
    "y": 30.21847152709961,
    "loudness": 0.916329979897,
    "raspiness": 0.100131385028,
    "color": 6.72530555725,
    "location": 41.39297399197115,
    "stability": 0.648508727551,
    "tonality": 0.479103982449
}