{
    "name": "2c0e354c",
    "x": 19.451284408569336,
    "y": 37.67475128173828,
    "loudness": 0.916329979897,
    "raspiness": 0.100131385028,
    "color": 6.72530555725,
    "location": 1713.3782959,
    "stability": 0.648508727551,
    "tonality": 0.479103982449
}