{
    "name": "2c1acd4e",
    "x": 33.366153717041016,
    "y": -0.5374385118484497,
    "loudness": 0.795217096806,
    "raspiness": 0.268476575613,
    "color": 78.1613540649,
    "location": 55.09498190624986,
    "stability": 0.509844779968,
    "tonality": 0.483960777521
}