{
    "name": "2c1af1c2",
    "x": -2.7641334533691406,
    "y": 21.422391891479492,
    "loudness": 0.99068403244,
    "raspiness": 0.0785807296634,
    "color": 12.498714447,
    "location": 37.06042659940654,
    "stability": 0.513773083687,
    "tonality": 0.446510732174
}