{
    "name": "2c1f9f7a",
    "x": 30.85834312438965,
    "y": 42.332298278808594,
    "loudness": 0.963495314121,
    "raspiness": 0.0707386732101,
    "color": 36.1400909424,
    "location": 2281.33911133,
    "stability": 0.742265760899,
    "tonality": 0.469033449888
}