{
    "name": "2c228548",
    "x": -2.635399103164673,
    "y": 19.938953399658203,
    "loudness": 0.972744762897,
    "raspiness": 0.0218462310731,
    "color": 25.1814842224,
    "location": 33.63024906746901,
    "stability": 0.510651051998,
    "tonality": 0.486989676952
}