{
    "name": "2c28923e",
    "x": 2.0723018646240234,
    "y": 34.22865676879883,
    "loudness": 0.965537786484,
    "raspiness": 0.0594660192728,
    "color": 20.3131752014,
    "location": 32.41076805230015,
    "stability": 0.615118145943,
    "tonality": 0.468348652124
}