{
    "name": "2c35f941",
    "x": -24.456214904785156,
    "y": 18.298234939575195,
    "loudness": 0.879790484905,
    "raspiness": 0.0243215467781,
    "color": 7.13271999359,
    "location": 22.08643147550097,
    "stability": 0.50658428669,
    "tonality": 0.396338880062
}