{
    "name": "2c3d4bb8",
    "x": 3.0911855697631836,
    "y": 11.338773727416992,
    "loudness": 0.598234891891,
    "raspiness": 0.0307553783059,
    "color": 6.33591079712,
    "location": 718.874206543,
    "stability": 0.729205906391,
    "tonality": 0.462154597044
}