{
    "name": "2c3d4bb8",
    "x": 1.9642391204833984,
    "y": 21.905879974365234,
    "loudness": 0.598234891891,
    "raspiness": 0.0307553783059,
    "color": 6.33591079712,
    "location": 26.8118296008124,
    "stability": 0.729205906391,
    "tonality": 0.462154597044
}