{
    "name": "2c4018ad",
    "x": 9.874261856079102,
    "y": 7.723288536071777,
    "loudness": 0.99068403244,
    "raspiness": 0.10590068996,
    "color": 8.23617458344,
    "location": 2705.89624023,
    "stability": 0.376699775457,
    "tonality": 0.470025092363
}