{
    "name": "2c4018ad",
    "x": 10.215362548828125,
    "y": 4.693263530731201,
    "loudness": 0.99068403244,
    "raspiness": 0.10590068996,
    "color": 8.23617458344,
    "location": 52.01822988366674,
    "stability": 0.376699775457,
    "tonality": 0.470025092363
}