{
    "name": "2c42b48b",
    "x": -0.17731761932373047,
    "y": 8.429458618164062,
    "loudness": 0.99068403244,
    "raspiness": 0.060302734375,
    "color": 31.5047245026,
    "location": 1072.3449707,
    "stability": 0.458584994078,
    "tonality": 0.418901890516
}