{
    "name": "2c4735d7",
    "x": 45.78053283691406,
    "y": 9.242727279663086,
    "loudness": 0.947810411453,
    "raspiness": 0.224492534995,
    "color": 43.118309021,
    "location": 56.5758401050307,
    "stability": 0.749846994877,
    "tonality": 0.485926866531
}