{
    "name": "2c4735d7",
    "x": 49.90730285644531,
    "y": 9.011800765991211,
    "loudness": 0.947810411453,
    "raspiness": 0.224492534995,
    "color": 43.118309021,
    "location": 3200.82568359,
    "stability": 0.749846994877,
    "tonality": 0.485926866531
}