{
    "name": "2c4b3304",
    "x": 49.32265090942383,
    "y": 21.28667449951172,
    "loudness": 0.99068403244,
    "raspiness": 0.184688180685,
    "color": 82.994682312,
    "location": 2803.46362305,
    "stability": 0.82974499464,
    "tonality": 0.477502524853
}