{
    "name": "2c4b3304",
    "x": 42.96427536010742,
    "y": 19.041160583496094,
    "loudness": 0.99068403244,
    "raspiness": 0.184688180685,
    "color": 82.994682312,
    "location": 52.9477442678156,
    "stability": 0.82974499464,
    "tonality": 0.477502524853
}