{
    "name": "2c5448df",
    "x": -4.870426654815674,
    "y": 7.336204528808594,
    "loudness": 0.955312490463,
    "raspiness": 0.0276849213988,
    "color": 19.7106285095,
    "location": 776.934387207,
    "stability": 0.257615923882,
    "tonality": 0.22318546474
}