{
    "name": "2c5448df",
    "x": -40.833465576171875,
    "y": -8.316300392150879,
    "loudness": 0.955312490463,
    "raspiness": 0.0276849213988,
    "color": 19.7106285095,
    "location": 27.873542781767085,
    "stability": 0.257615923882,
    "tonality": 0.22318546474
}