{
    "name": "2c560330",
    "x": 0.37894728779792786,
    "y": -24.342761993408203,
    "loudness": 0.232976391912,
    "raspiness": 0.024960719049,
    "color": 6.82539224625,
    "location": 1104.76599121,
    "stability": 0.337600946426,
    "tonality": 0.465306848288
}