{
    "name": "2c6f7a58",
    "x": 9.57813549041748,
    "y": 8.859606742858887,
    "loudness": 0.99068403244,
    "raspiness": 0.247742578387,
    "color": 31.0802593231,
    "location": 3693.41748047,
    "stability": 0.783414542675,
    "tonality": 0.49336463213
}