{
    "name": "2c6f7a58",
    "x": 50.236637115478516,
    "y": 5.392360210418701,
    "loudness": 0.99068403244,
    "raspiness": 0.247742578387,
    "color": 31.0802593231,
    "location": 60.773493238993595,
    "stability": 0.783414542675,
    "tonality": 0.49336463213
}