{
    "name": "2c75674b",
    "x": -27.660749435424805,
    "y": 13.06540298461914,
    "loudness": 0.928178012371,
    "raspiness": 0.0562389753759,
    "color": 22.7484931946,
    "location": 36.25427136738511,
    "stability": 0.456401616335,
    "tonality": 0.361612230539
}