{
    "name": "2c75e086",
    "x": 1.2826141119003296,
    "y": 8.220856666564941,
    "loudness": 0.973749637604,
    "raspiness": 0.024391612038,
    "color": 4.87467336655,
    "location": 796.426330566,
    "stability": 0.495936840773,
    "tonality": 0.460162997246
}