{
    "name": "2c81e1ce",
    "x": 25.01833152770996,
    "y": 25.366168975830078,
    "loudness": 0.717992246151,
    "raspiness": 0.0852067470551,
    "color": 17.0925712585,
    "location": 43.628717214926226,
    "stability": 0.784692883492,
    "tonality": 0.488123714924
}