{
    "name": "2c8e1436",
    "x": 0.4951113164424896,
    "y": -12.985122680664062,
    "loudness": 0.296780705452,
    "raspiness": 0.052195739001,
    "color": 12.2378616333,
    "location": 36.38981153825889,
    "stability": 0.394286930561,
    "tonality": 0.440146535635
}