{
    "name": "2c8e1436",
    "x": 1.1560779809951782,
    "y": -18.88142967224121,
    "loudness": 0.296780705452,
    "raspiness": 0.052195739001,
    "color": 12.2378616333,
    "location": 1324.21838379,
    "stability": 0.394286930561,
    "tonality": 0.440146535635
}