{
    "name": "2c98dea1",
    "x": 21.772459030151367,
    "y": 37.10432052612305,
    "loudness": 0.964985847473,
    "raspiness": 0.0797857791185,
    "color": 20.1058998108,
    "location": 2061.59179688,
    "stability": 0.654161512852,
    "tonality": 0.474020063877
}