{
    "name": "2c98dea1",
    "x": 5.28162956237793,
    "y": 10.686454772949219,
    "loudness": 0.964985847473,
    "raspiness": 0.0797857791185,
    "color": 20.1058998108,
    "location": 2061.59179688,
    "stability": 0.654161512852,
    "tonality": 0.474020063877
}