{
    "name": "2cb63f61",
    "x": 2.8123764991760254,
    "y": 11.394349098205566,
    "loudness": 0.904151439667,
    "raspiness": 0.0585648156703,
    "color": 4.79345750809,
    "location": 901.185424805,
    "stability": 0.677024424076,
    "tonality": 0.45880445838
}