{
    "name": "2cb63f61",
    "x": 1.1898856163024902,
    "y": 47.36898422241211,
    "loudness": 0.904151439667,
    "raspiness": 0.0585648156703,
    "color": 4.79345750809,
    "location": 901.185424805,
    "stability": 0.677024424076,
    "tonality": 0.45880445838
}