{
    "name": "2cbf4f64",
    "x": 6.2749857902526855,
    "y": 3.0192461013793945,
    "loudness": 0.118430688977,
    "raspiness": 0.127776935697,
    "color": 21.1402320862,
    "location": 2666.26098633,
    "stability": 0.781421542168,
    "tonality": 0.496361613274
}