{
    "name": "2cc2a170",
    "x": -29.61399269104004,
    "y": 11.12193775177002,
    "loudness": 0.841712236404,
    "raspiness": 0.055567253381,
    "color": 32.580280304,
    "location": 28.403524303702174,
    "stability": 0.461517304182,
    "tonality": 0.363506257534
}