{
    "name": "2cc24acc",
    "x": 48.96385192871094,
    "y": -1.525248408317566,
    "loudness": 0.99068403244,
    "raspiness": 0.269716471434,
    "color": 152.910888672,
    "location": 3517.23706055,
    "stability": 0.78840047121,
    "tonality": 0.491467386484
}