{
    "name": "2cc2a170",
    "x": -33.318885803222656,
    "y": 6.6893839836120605,
    "loudness": 0.841712236404,
    "raspiness": 0.055567253381,
    "color": 32.580280304,
    "location": 806.760192871,
    "stability": 0.461517304182,
    "tonality": 0.363506257534
}