{
    "name": "2cc4c06d",
    "x": 5.921830654144287,
    "y": 10.609375953674316,
    "loudness": 0.753345966339,
    "raspiness": 0.117466516793,
    "color": 21.4660320282,
    "location": 2193.34399414,
    "stability": 0.649633049965,
    "tonality": 0.484747380018
}