{
    "name": "2cc8683d",
    "x": 16.25634765625,
    "y": 11.028218269348145,
    "loudness": 0.882611632347,
    "raspiness": 0.0996129289269,
    "color": 20.1845722198,
    "location": 2800.05810547,
    "stability": 0.491889744997,
    "tonality": 0.476510107517
}