{
    "name": "2cc8683d",
    "x": 15.889922142028809,
    "y": 7.687000751495361,
    "loudness": 0.882611632347,
    "raspiness": 0.0996129289269,
    "color": 20.1845722198,
    "location": 52.91557526352709,
    "stability": 0.491889744997,
    "tonality": 0.476510107517
}