{
    "name": "2ccaafbb",
    "x": -37.31678009033203,
    "y": 13.938905715942383,
    "loudness": 0.99068403244,
    "raspiness": 0.0418379940093,
    "color": 15.8379449844,
    "location": 694.423278809,
    "stability": 0.484142094851,
    "tonality": 0.361945688725
}