{
    "name": "2ccaafbb",
    "x": -30.779991149902344,
    "y": 15.17988109588623,
    "loudness": 0.99068403244,
    "raspiness": 0.0418379940093,
    "color": 15.8379449844,
    "location": 26.351912241979708,
    "stability": 0.484142094851,
    "tonality": 0.361945688725
}