{
    "name": "2cd3efb6",
    "x": 34.959800720214844,
    "y": 33.91742706298828,
    "loudness": 0.964938402176,
    "raspiness": 0.105702012777,
    "color": 26.759727478,
    "location": 47.721164804623115,
    "stability": 0.797635614872,
    "tonality": 0.493034362793
}