{
    "name": "2cd3efb6",
    "x": 40.36786651611328,
    "y": 41.198516845703125,
    "loudness": 0.964938402176,
    "raspiness": 0.105702012777,
    "color": 26.759727478,
    "location": 2277.30957031,
    "stability": 0.797635614872,
    "tonality": 0.493034362793
}