{
    "name": "2cdffbef",
    "x": -14.037028312683105,
    "y": 10.230056762695312,
    "loudness": 0.693256735802,
    "raspiness": 0.0676163360476,
    "color": 11.1091566086,
    "location": 668.234130859,
    "stability": 0.566175818443,
    "tonality": 0.411990821362
}