{
    "name": "2ce40b6e",
    "x": 41.059383392333984,
    "y": 23.696714401245117,
    "loudness": 0.99068403244,
    "raspiness": 0.163462609053,
    "color": 14.6404542923,
    "location": 51.12462752001231,
    "stability": 0.79153162241,
    "tonality": 0.491707116365
}