{
    "name": "2cea0b5c",
    "x": -17.966468811035156,
    "y": 30.23215675354004,
    "loudness": 0.981272697449,
    "raspiness": 0.045914594084,
    "color": 10.402349472,
    "location": 807.018188477,
    "stability": 0.52567511797,
    "tonality": 0.437402456999
}