{
    "name": "2ced5885",
    "x": 2.1248936653137207,
    "y": 35.88042449951172,
    "loudness": 0.976415753365,
    "raspiness": 0.0541693605483,
    "color": 21.112443924,
    "location": 34.07974764020415,
    "stability": 0.629657864571,
    "tonality": 0.458956211805
}