{
    "name": "2cf471ed",
    "x": -13.613916397094727,
    "y": 11.635074615478516,
    "loudness": 0.989382922649,
    "raspiness": 0.0115885417908,
    "color": 27.3444900513,
    "location": 344.876342773,
    "stability": 0.39745849371,
    "tonality": 0.470722526312
}