{
    "name": "2cf471ed",
    "x": 0.4852661192417145,
    "y": 6.961832046508789,
    "loudness": 0.989382922649,
    "raspiness": 0.0115885417908,
    "color": 27.3444900513,
    "location": 344.876342773,
    "stability": 0.39745849371,
    "tonality": 0.470722526312
}