{
    "name": "2cfa4764",
    "x": -14.77392578125,
    "y": 18.794858932495117,
    "loudness": 0.99068403244,
    "raspiness": 0.0341644287109,
    "color": 5.83509016037,
    "location": 29.350964651557877,
    "stability": 0.48102620244,
    "tonality": 0.430173069239
}