{
    "name": "2cfa4764",
    "x": 0.4348966181278229,
    "y": 8.329263687133789,
    "loudness": 0.99068403244,
    "raspiness": 0.0341644287109,
    "color": 5.83509016037,
    "location": 861.479125977,
    "stability": 0.48102620244,
    "tonality": 0.430173069239
}