{
    "name": "2d189f89",
    "x": 0.9472967982292175,
    "y": -8.001517295837402,
    "loudness": 0.684216678143,
    "raspiness": 0.0599808394909,
    "color": 19.848695755,
    "location": 2132.06811523,
    "stability": 0.253744125366,
    "tonality": 0.488004088402
}