{
    "name": "2d1a30c9",
    "x": -21.724809646606445,
    "y": -14.917661666870117,
    "loudness": 0.99068403244,
    "raspiness": 0.00844029057771,
    "color": 3.03216433525,
    "location": 131.463623047,
    "stability": 0.107892967761,
    "tonality": 0.401615321636
}