{
    "name": "2d1c5686",
    "x": 5.968202114105225,
    "y": 2.3260297775268555,
    "loudness": 0.129324391484,
    "raspiness": 0.131538033485,
    "color": 23.0422954559,
    "location": 2685.51147461,
    "stability": 0.494958311319,
    "tonality": 0.481476098299
}