{
    "name": "2d26925a",
    "x": 8.373473167419434,
    "y": 6.495505332946777,
    "loudness": 0.662397503853,
    "raspiness": 0.203244179487,
    "color": 213.859909058,
    "location": 2787.63769531,
    "stability": 0.52843952179,
    "tonality": 0.486422687769
}