{
    "name": "2d26925a",
    "x": 29.487443923950195,
    "y": -2.8154971599578857,
    "loudness": 0.662397503853,
    "raspiness": 0.203244179487,
    "color": 213.859909058,
    "location": 52.79808420113366,
    "stability": 0.52843952179,
    "tonality": 0.486422687769
}