{
    "name": "2d2ad4e4",
    "x": 16.766937255859375,
    "y": 13.652900695800781,
    "loudness": 0.99068403244,
    "raspiness": 0.163323655725,
    "color": 2.39049911499,
    "location": 45.779570148375136,
    "stability": 0.529532313347,
    "tonality": 0.418387323618
}