{
    "name": "2d2ad4e4",
    "x": 5.0526933670043945,
    "y": 8.216894149780273,
    "loudness": 0.99068403244,
    "raspiness": 0.163323655725,
    "color": 2.39049911499,
    "location": 2095.76904297,
    "stability": 0.529532313347,
    "tonality": 0.418387323618
}