{
    "name": "2d30cfe6",
    "x": -19.28623390197754,
    "y": 23.910478591918945,
    "loudness": 0.99068403244,
    "raspiness": 0.0613576062024,
    "color": 22.8915195465,
    "location": 36.72943993324701,
    "stability": 0.520071208477,
    "tonality": 0.39707121253
}