{
    "name": "2d336768",
    "x": -13.364776611328125,
    "y": 8.570817947387695,
    "loudness": 0.99068403244,
    "raspiness": 0.0505297109485,
    "color": 3.44140529633,
    "location": 738.187072754,
    "stability": 0.354972928762,
    "tonality": 0.459463357925
}