{
    "name": "2d3e9e2a",
    "x": 28.2523250579834,
    "y": -24.109634399414062,
    "loudness": 0.00065587006975,
    "raspiness": 0.264411121607,
    "color": 80.4739456177,
    "location": 3155.35742188,
    "stability": 0.676858782768,
    "tonality": 0.4907155931
}