{
    "name": "2d46507b",
    "x": 7.88783597946167,
    "y": 7.25264835357666,
    "loudness": 0.853081762791,
    "raspiness": 0.19189453125,
    "color": 31.9163818359,
    "location": 3906.27099609,
    "stability": 0.458552539349,
    "tonality": 0.49447029829
}