{
    "name": "2d46507b",
    "x": 28.056900024414062,
    "y": 0.04397590458393097,
    "loudness": 0.853081762791,
    "raspiness": 0.19189453125,
    "color": 31.9163818359,
    "location": 62.500167968494296,
    "stability": 0.458552539349,
    "tonality": 0.49447029829
}