{
    "name": "2d4e60bd",
    "x": -15.741804122924805,
    "y": -36.39252471923828,
    "loudness": 0.0110451821238,
    "raspiness": 0.0842191278934,
    "color": 45.6833496094,
    "location": 1059.03295898,
    "stability": 0.208994105458,
    "tonality": 0.311064064503
}