{
    "name": "2d6570ce",
    "x": -1.8732035160064697,
    "y": 9.84972095489502,
    "loudness": 0.946906507015,
    "raspiness": 0.0512018762529,
    "color": 19.2481632233,
    "location": 1233.43566895,
    "stability": 0.528942465782,
    "tonality": 0.376889616251
}