{
    "name": "2d682737",
    "x": 24.681005477905273,
    "y": 13.491833686828613,
    "loudness": 0.99068403244,
    "raspiness": 0.188836351037,
    "color": 8.55058002472,
    "location": 46.95675422748042,
    "stability": 0.569101929665,
    "tonality": 0.455951392651
}