{
    "name": "2d682737",
    "x": 24.904525756835938,
    "y": 17.36606788635254,
    "loudness": 0.99068403244,
    "raspiness": 0.188836351037,
    "color": 8.55058002472,
    "location": 2204.93676758,
    "stability": 0.569101929665,
    "tonality": 0.455951392651
}