{
    "name": "2d73f565",
    "x": -1.216099739074707,
    "y": 5.915005683898926,
    "loudness": 0.99068403244,
    "raspiness": 0.0164816342294,
    "color": 10.4691448212,
    "location": 303.587799072,
    "stability": 0.229106813669,
    "tonality": 0.410411864519
}