{
    "name": "2d73f565",
    "x": -20.12542152404785,
    "y": -4.864234924316406,
    "loudness": 0.99068403244,
    "raspiness": 0.0164816342294,
    "color": 10.4691448212,
    "location": 17.423771092160273,
    "stability": 0.229106813669,
    "tonality": 0.410411864519
}