{
    "name": "2d871232",
    "x": -11.493623733520508,
    "y": -18.25421905517578,
    "loudness": 0.106678836048,
    "raspiness": 0.0356195420027,
    "color": 3.68739414215,
    "location": 29.586803938326966,
    "stability": 0.44052106142,
    "tonality": 0.372860521078
}