{
    "name": "2d88dcef",
    "x": 3.76379132270813,
    "y": 7.2841925621032715,
    "loudness": 0.99068403244,
    "raspiness": 0.136944115162,
    "color": 7.15101337433,
    "location": 1908.96496582,
    "stability": 0.359304726124,
    "tonality": 0.459269016981
}