{
    "name": "2d8fd57d",
    "x": 5.229170322418213,
    "y": 10.527242660522461,
    "loudness": 0.99068403244,
    "raspiness": 0.0881204009056,
    "color": 10.9900684357,
    "location": 2109.88647461,
    "stability": 0.627564132214,
    "tonality": 0.475114107132
}