{
    "name": "2d928ec4",
    "x": 5.971127510070801,
    "y": 9.574488639831543,
    "loudness": 0.99068403244,
    "raspiness": 0.120849609375,
    "color": 7.6937661171,
    "location": 2089.86743164,
    "stability": 0.632349312305,
    "tonality": 0.471421688795
}