{
    "name": "2d9fcebb",
    "x": 7.329927444458008,
    "y": 9.689342498779297,
    "loudness": 0.828152418137,
    "raspiness": 0.124807782471,
    "color": 19.2921905518,
    "location": 2842.33789062,
    "stability": 0.654492080212,
    "tonality": 0.497353076935
}