{
    "name": "2d9fcebb",
    "x": 29.67888832092285,
    "y": 17.00722312927246,
    "loudness": 0.828152418137,
    "raspiness": 0.124807782471,
    "color": 19.2921905518,
    "location": 53.31358073343039,
    "stability": 0.654492080212,
    "tonality": 0.497353076935
}