{
    "name": "2da9e12a",
    "x": -4.058028697967529,
    "y": 9.016326904296875,
    "loudness": 0.748538553715,
    "raspiness": 0.0213552899659,
    "color": 9.04625034332,
    "location": 369.801330566,
    "stability": 0.567703843117,
    "tonality": 0.295809596777
}