{
    "name": "2dac4861",
    "x": 0.5365150570869446,
    "y": 20.616140365600586,
    "loudness": 0.96437984705,
    "raspiness": 0.104839518666,
    "color": 34.1746711731,
    "location": 32.88605409151423,
    "stability": 0.520163476467,
    "tonality": 0.455565065145
}