{
    "name": "2dac4861",
    "x": 2.167574167251587,
    "y": 9.116657257080078,
    "loudness": 0.96437984705,
    "raspiness": 0.104839518666,
    "color": 34.1746711731,
    "location": 1081.49255371,
    "stability": 0.520163476467,
    "tonality": 0.455565065145
}