{
    "name": "2dad641c",
    "x": 18.653587341308594,
    "y": 18.422155380249023,
    "loudness": 0.758248448372,
    "raspiness": 0.103514820337,
    "color": 21.5600070953,
    "location": 46.72590350747645,
    "stability": 0.627216279507,
    "tonality": 0.453379184008
}