{
    "name": "2db1505d",
    "x": -3.653332233428955,
    "y": -19.910470962524414,
    "loudness": 0.391797959805,
    "raspiness": 0.0220836289227,
    "color": 4.52745008469,
    "location": 640.889587402,
    "stability": 0.329813420773,
    "tonality": 0.476057648659
}