{
    "name": "2db1e842",
    "x": 4.542152404785156,
    "y": 2.8398356437683105,
    "loudness": 0.211578086019,
    "raspiness": 0.0700585916638,
    "color": 7.19962835312,
    "location": 1180.12817383,
    "stability": 0.575780153275,
    "tonality": 0.472838789225
}