{
    "name": "2db1e842",
    "x": 7.200056552886963,
    "y": -17.026636123657227,
    "loudness": 0.211578086019,
    "raspiness": 0.0700585916638,
    "color": 7.19962835312,
    "location": 1180.12817383,
    "stability": 0.575780153275,
    "tonality": 0.472838789225
}