{
    "name": "2db1505d",
    "x": -4.373715400695801,
    "y": -10.901049613952637,
    "loudness": 0.391797959805,
    "raspiness": 0.0220836289227,
    "color": 4.52745008469,
    "location": 25.315797190726585,
    "stability": 0.329813420773,
    "tonality": 0.476057648659
}