{
    "name": "2dbd5c4c",
    "x": -2.660421133041382,
    "y": 37.575950622558594,
    "loudness": 0.99068403244,
    "raspiness": 0.0248372387141,
    "color": 5.82487344742,
    "location": 28.911387845760707,
    "stability": 0.651473164558,
    "tonality": 0.463609337807
}