{
    "name": "2dbd5c4c",
    "x": -6.670003890991211,
    "y": 47.97557830810547,
    "loudness": 0.99068403244,
    "raspiness": 0.0248372387141,
    "color": 5.82487344742,
    "location": 835.868347168,
    "stability": 0.651473164558,
    "tonality": 0.463609337807
}