{
    "name": "2dcca85f",
    "x": 46.384925842285156,
    "y": -10.471148490905762,
    "loudness": 0.99068403244,
    "raspiness": 0.339556515217,
    "color": 106.078666687,
    "location": 70.6726989090554,
    "stability": 0.641204237938,
    "tonality": 0.496751844883
}