{
    "name": "2dcca85f",
    "x": 49.9560546875,
    "y": -15.201067924499512,
    "loudness": 0.99068403244,
    "raspiness": 0.339556515217,
    "color": 106.078666687,
    "location": 4994.63037109,
    "stability": 0.641204237938,
    "tonality": 0.496751844883
}