{
    "name": "2de7d3df",
    "x": -10.455150604248047,
    "y": -24.962657928466797,
    "loudness": 0.00240987655707,
    "raspiness": 0.0179292224348,
    "color": 5.87552213669,
    "location": 17.592607749051872,
    "stability": 0.266189217567,
    "tonality": 0.409927040339
}