{
    "name": "2de7d3df",
    "x": -6.09968900680542,
    "y": -36.15696334838867,
    "loudness": 0.00240987655707,
    "raspiness": 0.0179292224348,
    "color": 5.87552213669,
    "location": 309.499847412,
    "stability": 0.266189217567,
    "tonality": 0.409927040339
}