{
    "name": "2e0af9de",
    "x": -8.57315444946289,
    "y": -17.685827255249023,
    "loudness": 0.14272134006,
    "raspiness": 0.00800893455744,
    "color": 3.88599634171,
    "location": 13.310573098142694,
    "stability": 0.456380426884,
    "tonality": 0.40343183279
}