{
    "name": "2e0af9de",
    "x": 3.230057954788208,
    "y": 1.4396306276321411,
    "loudness": 0.14272134006,
    "raspiness": 0.00800893455744,
    "color": 3.88599634171,
    "location": 177.171356201,
    "stability": 0.456380426884,
    "tonality": 0.40343183279
}