{
    "name": "2e10afe3",
    "x": 41.529422760009766,
    "y": 25.080726623535156,
    "loudness": 0.99068403244,
    "raspiness": 0.145681276917,
    "color": 30.1466121674,
    "location": 52.11668567531899,
    "stability": 0.798677623272,
    "tonality": 0.483481019735
}