{
    "name": "2e150054",
    "x": 4.906722545623779,
    "y": 3.127913236618042,
    "loudness": 0.967347443104,
    "raspiness": 0.0620144307613,
    "color": 14.7059516907,
    "location": 2265.02636719,
    "stability": 0.330657273531,
    "tonality": 0.479223430157
}