{
    "name": "2e150054",
    "x": 3.0742523670196533,
    "y": 6.421160697937012,
    "loudness": 0.967347443104,
    "raspiness": 0.0620144307613,
    "color": 14.7059516907,
    "location": 2265.02636719,
    "stability": 0.330657273531,
    "tonality": 0.479223430157
}