{
    "name": "2e16c417",
    "x": 13.712058067321777,
    "y": 2.2280380725860596,
    "loudness": 0.819427251816,
    "raspiness": 0.107340492308,
    "color": 270.231719971,
    "location": 45.59176871980292,
    "stability": 0.322466105223,
    "tonality": 0.486086398363
}