{
    "name": "2e1973a4",
    "x": 12.174250602722168,
    "y": -21.750179290771484,
    "loudness": 0.101070061326,
    "raspiness": 0.0758212059736,
    "color": 10.0391645432,
    "location": 38.41446210009975,
    "stability": 0.657722175121,
    "tonality": 0.473623275757
}