{
    "name": "2e1973a4",
    "x": 10.896319389343262,
    "y": -18.361801147460938,
    "loudness": 0.101070061326,
    "raspiness": 0.0758212059736,
    "color": 10.0391645432,
    "location": 1475.67089844,
    "stability": 0.657722175121,
    "tonality": 0.473623275757
}