{
    "name": "2e1cd085",
    "x": -11.269495964050293,
    "y": 1.8785243034362793,
    "loudness": 0.973769545555,
    "raspiness": 0.0654023438692,
    "color": 43.9594345093,
    "location": 40.71877997889917,
    "stability": 0.253085434437,
    "tonality": 0.427648276091
}