{
    "name": "2e1cd085",
    "x": -1.2981313467025757,
    "y": 7.318383693695068,
    "loudness": 0.973769545555,
    "raspiness": 0.0654023438692,
    "color": 43.9594345093,
    "location": 1658.01904297,
    "stability": 0.253085434437,
    "tonality": 0.427648276091
}