{
    "name": "2e270b74",
    "x": -19.283184051513672,
    "y": 24.61081886291504,
    "loudness": 0.879345297813,
    "raspiness": 0.0471302382648,
    "color": 12.0280504227,
    "location": 32.2239856924931,
    "stability": 0.551525235176,
    "tonality": 0.4059253335
}