{
    "name": "2e270b74",
    "x": -1.163813829421997,
    "y": 9.636411666870117,
    "loudness": 0.879345297813,
    "raspiness": 0.0471302382648,
    "color": 12.0280504227,
    "location": 1038.38525391,
    "stability": 0.551525235176,
    "tonality": 0.4059253335
}