{
    "name": "2e2f1a7e",
    "x": -16.262516021728516,
    "y": 15.657339096069336,
    "loudness": 0.977661728859,
    "raspiness": 0.0171265564859,
    "color": 12.8110055923,
    "location": 21.188840210426807,
    "stability": 0.463209092617,
    "tonality": 0.430471032858
}