{
    "name": "2e2fa0bf",
    "x": -2.0497286319732666,
    "y": 9.766046524047852,
    "loudness": 0.768712460995,
    "raspiness": 0.0326046571136,
    "color": 7.68016433716,
    "location": 781.387695312,
    "stability": 0.565356969833,
    "tonality": 0.374655067921
}