{
    "name": "2e35864b",
    "x": -4.120965003967285,
    "y": 2.879073143005371,
    "loudness": 0.99068403244,
    "raspiness": 0.036363132298,
    "color": 14.4260969162,
    "location": 38.94656702470707,
    "stability": 0.332413524389,
    "tonality": 0.48046040535
}