{
    "name": "2e35864b",
    "x": 0.9421043395996094,
    "y": 5.981238842010498,
    "loudness": 0.99068403244,
    "raspiness": 0.036363132298,
    "color": 14.4260969162,
    "location": 1516.83508301,
    "stability": 0.332413524389,
    "tonality": 0.48046040535
}