{
    "name": "2e35864b",
    "x": -4.538474082946777,
    "y": 4.882481575012207,
    "loudness": 0.99068403244,
    "raspiness": 0.036363132298,
    "color": 14.4260969162,
    "location": 1516.83508301,
    "stability": 0.332413524389,
    "tonality": 0.48046040535
}