{
    "name": "2e404b8b",
    "x": -28.47401237487793,
    "y": 2.0027058124542236,
    "loudness": 0.99068403244,
    "raspiness": 0.102448217571,
    "color": 4.23289966583,
    "location": 37.80170461857507,
    "stability": 0.316836178303,
    "tonality": 0.340114921331
}