{
    "name": "2e404b8b",
    "x": -30.70013999938965,
    "y": -2.0907721519470215,
    "loudness": 0.99068403244,
    "raspiness": 0.102448217571,
    "color": 4.23289966583,
    "location": 1428.96887207,
    "stability": 0.316836178303,
    "tonality": 0.340114921331
}