{
    "name": "2e48021d",
    "x": 7.470063209533691,
    "y": 7.718410968780518,
    "loudness": 0.99068403244,
    "raspiness": 0.207690432668,
    "color": 11.7925071716,
    "location": 2898.37475586,
    "stability": 0.510671436787,
    "tonality": 0.468911677599
}