{
    "name": "2e4a9850",
    "x": 4.840502738952637,
    "y": 8.2239990234375,
    "loudness": 0.99068403244,
    "raspiness": 0.155231878161,
    "color": 4.85622119904,
    "location": 1580.64978027,
    "stability": 0.504184603691,
    "tonality": 0.429394572973
}