{
    "name": "2e4a9850",
    "x": 12.189509391784668,
    "y": 16.125627517700195,
    "loudness": 0.99068403244,
    "raspiness": 0.155231878161,
    "color": 4.85622119904,
    "location": 39.75738648691586,
    "stability": 0.504184603691,
    "tonality": 0.429394572973
}