{
    "name": "2e4b39f2",
    "x": -10.758316993713379,
    "y": 10.905109405517578,
    "loudness": 0.99068403244,
    "raspiness": 0.0358479805291,
    "color": 6.82195997238,
    "location": 1431.33837891,
    "stability": 0.38592544198,
    "tonality": 0.446827948093
}