{
    "name": "2e4b39f2",
    "x": -8.41390323638916,
    "y": 9.158990859985352,
    "loudness": 0.99068403244,
    "raspiness": 0.0358479805291,
    "color": 6.82195997238,
    "location": 37.83303290657518,
    "stability": 0.38592544198,
    "tonality": 0.446827948093
}