{
    "name": "2e6df938",
    "x": 38.63984680175781,
    "y": -11.227521896362305,
    "loudness": 0.879225552082,
    "raspiness": 0.261226028204,
    "color": 396.733978271,
    "location": 62.713261157429855,
    "stability": 0.591573834419,
    "tonality": 0.489344269037
}