{
    "name": "2e6df938",
    "x": 10.593838691711426,
    "y": 5.948532581329346,
    "loudness": 0.879225552082,
    "raspiness": 0.261226028204,
    "color": 396.733978271,
    "location": 3932.953125,
    "stability": 0.591573834419,
    "tonality": 0.489344269037
}