{
    "name": "2e71ecec",
    "x": 32.805946350097656,
    "y": 26.955812454223633,
    "loudness": 0.953274846077,
    "raspiness": 0.136163964868,
    "color": 26.5718307495,
    "location": 46.71311107269564,
    "stability": 0.723152458668,
    "tonality": 0.49221560359
}