{
    "name": "2e71ecec",
    "x": 6.920207977294922,
    "y": 10.80594539642334,
    "loudness": 0.953274846077,
    "raspiness": 0.136163964868,
    "color": 26.5718307495,
    "location": 2182.11474609,
    "stability": 0.723152458668,
    "tonality": 0.49221560359
}