{
    "name": "2e762cca",
    "x": 12.800466537475586,
    "y": 1.1391031742095947,
    "loudness": 0.978843271732,
    "raspiness": 0.135963186622,
    "color": 27.2581520081,
    "location": 3009.58740234,
    "stability": 0.238946273923,
    "tonality": 0.493928611279
}