{
    "name": "2e762cca",
    "x": 10.783393859863281,
    "y": 1.6495949029922485,
    "loudness": 0.978843271732,
    "raspiness": 0.135963186622,
    "color": 27.2581520081,
    "location": 54.85970654624394,
    "stability": 0.238946273923,
    "tonality": 0.493928611279
}