{
    "name": "2e7a4dc2",
    "x": 21.565460205078125,
    "y": 6.195718765258789,
    "loudness": 0.658190727234,
    "raspiness": 0.156988218427,
    "color": 7.74008274078,
    "location": 2364.11230469,
    "stability": 0.575587749481,
    "tonality": 0.478295743465
}