{
    "name": "2e7a4dc2",
    "x": 21.673158645629883,
    "y": 3.0867979526519775,
    "loudness": 0.658190727234,
    "raspiness": 0.156988218427,
    "color": 7.74008274078,
    "location": 48.62213801027265,
    "stability": 0.575587749481,
    "tonality": 0.478295743465
}