{
    "name": "2e7a4dc2",
    "x": 5.770473003387451,
    "y": 5.886702060699463,
    "loudness": 0.658190727234,
    "raspiness": 0.156988218427,
    "color": 7.74008274078,
    "location": 2364.11230469,
    "stability": 0.575587749481,
    "tonality": 0.478295743465
}