{
    "name": "2e8579ad",
    "x": 0.8104285001754761,
    "y": 9.031028747558594,
    "loudness": 0.983030855656,
    "raspiness": 0.0524120330811,
    "color": 22.4801959991,
    "location": 1336.96740723,
    "stability": 0.538258969784,
    "tonality": 0.449913531542
}