{
    "name": "2e8d6e34",
    "x": -25.59071922302246,
    "y": 5.776566505432129,
    "loudness": 0.974594652653,
    "raspiness": 0.0339447259903,
    "color": 8.1280708313,
    "location": 29.191602528860933,
    "stability": 0.376746088266,
    "tonality": 0.378403842449
}