{
    "name": "2e8d6e34",
    "x": -2.3637502193450928,
    "y": 8.156288146972656,
    "loudness": 0.974594652653,
    "raspiness": 0.0339447259903,
    "color": 8.1280708313,
    "location": 852.149658203,
    "stability": 0.376746088266,
    "tonality": 0.378403842449
}