{
    "name": "2e95fa3d",
    "x": -1.5193407535552979,
    "y": 6.5386857986450195,
    "loudness": 0.99068403244,
    "raspiness": 0.0267783720046,
    "color": 4.23512983322,
    "location": 737.982116699,
    "stability": 0.286843746901,
    "tonality": 0.396644711494
}