{
    "name": "2e97a149",
    "x": 3.3253543376922607,
    "y": 7.367603778839111,
    "loudness": 0.99068403244,
    "raspiness": 0.0774985253811,
    "color": 54.5159072876,
    "location": 1710.78649902,
    "stability": 0.423327863216,
    "tonality": 0.455386728048
}