{
    "name": "2e97a149",
    "x": -1.2654495239257812,
    "y": 14.155040740966797,
    "loudness": 0.99068403244,
    "raspiness": 0.0774985253811,
    "color": 54.5159072876,
    "location": 1710.78649902,
    "stability": 0.423327863216,
    "tonality": 0.455386728048
}