{
    "name": "2ea318e7",
    "x": -8.7658109664917,
    "y": 21.272720336914062,
    "loudness": 0.977888226509,
    "raspiness": 0.0599248185754,
    "color": 12.3411083221,
    "location": 37.92214539461079,
    "stability": 0.50524532795,
    "tonality": 0.432387948036
}