{
    "name": "2ea5702d",
    "x": -11.533456802368164,
    "y": 22.04932403564453,
    "loudness": 0.962660193443,
    "raspiness": 0.0641601532698,
    "color": 16.1830329895,
    "location": 35.925590757703624,
    "stability": 0.513022661209,
    "tonality": 0.424111694098
}