{
    "name": "2ea5702d",
    "x": -16.326862335205078,
    "y": 28.57520294189453,
    "loudness": 0.962660193443,
    "raspiness": 0.0641601532698,
    "color": 16.1830329895,
    "location": 1290.64807129,
    "stability": 0.513022661209,
    "tonality": 0.424111694098
}