{
    "name": "2eb1e5f9",
    "x": -9.301229476928711,
    "y": 19.992074966430664,
    "loudness": 0.943551599979,
    "raspiness": 0.0224261973053,
    "color": 9.55671405792,
    "location": 24.827519019910145,
    "stability": 0.503529131413,
    "tonality": 0.467684149742
}