{
    "name": "2eb1e5f9",
    "x": -12.56700611114502,
    "y": 22.62249755859375,
    "loudness": 0.943551599979,
    "raspiness": 0.0224261973053,
    "color": 9.55671405792,
    "location": 616.405700684,
    "stability": 0.503529131413,
    "tonality": 0.467684149742
}