{
    "name": "2eb83a0b",
    "x": -3.5041308403015137,
    "y": 9.736222267150879,
    "loudness": 0.855028510094,
    "raspiness": 0.0340739563107,
    "color": 16.5289497375,
    "location": 713.299926758,
    "stability": 0.569164454937,
    "tonality": 0.342707276344
}