{
    "name": "2ed3c63d",
    "x": -1.4841244220733643,
    "y": 6.608587265014648,
    "loudness": 0.99068403244,
    "raspiness": 0.0302566010505,
    "color": 6.3601770401,
    "location": 742.931884766,
    "stability": 0.310383677483,
    "tonality": 0.400452971458
}