{
    "name": "2ed52423",
    "x": 8.368340492248535,
    "y": 8.689818382263184,
    "loudness": 0.940969944,
    "raspiness": 0.187553212047,
    "color": 20.2029819489,
    "location": 3462.265625,
    "stability": 0.646214187145,
    "tonality": 0.492131799459
}