{
    "name": "2ed7a267",
    "x": -22.50243377685547,
    "y": -10.449036598205566,
    "loudness": 0.99068403244,
    "raspiness": 0.04296875,
    "color": 8.95026493073,
    "location": 304.466949463,
    "stability": 0.183607265353,
    "tonality": 0.3988019526
}