{
    "name": "2ed838e9",
    "x": 25.874103546142578,
    "y": 0.7539505362510681,
    "loudness": 0.920084536076,
    "raspiness": 0.212227538228,
    "color": 28.3030662537,
    "location": 57.36832537088737,
    "stability": 0.372657567263,
    "tonality": 0.482661038637
}