{
    "name": "2ed838e9",
    "x": 7.696847438812256,
    "y": 7.093157768249512,
    "loudness": 0.920084536076,
    "raspiness": 0.212227538228,
    "color": 28.3030662537,
    "location": 3291.12475586,
    "stability": 0.372657567263,
    "tonality": 0.482661038637
}