{
    "name": "2ee0f61c",
    "x": -12.82866382598877,
    "y": -20.548078536987305,
    "loudness": 0.000797304499429,
    "raspiness": 0.0426650010049,
    "color": 7.38141393661,
    "location": 24.213850310824174,
    "stability": 0.374186307192,
    "tonality": 0.375728756189
}