{
    "name": "2ee0f61c",
    "x": 2.9732890129089355,
    "y": 0.8071597218513489,
    "loudness": 0.000797304499429,
    "raspiness": 0.0426650010049,
    "color": 7.38141393661,
    "location": 586.310546875,
    "stability": 0.374186307192,
    "tonality": 0.375728756189
}