{
    "name": "2ee73a9d",
    "x": 42.92991256713867,
    "y": 32.66892623901367,
    "loudness": 0.89661616087,
    "raspiness": 0.132707268,
    "color": 46.4886283875,
    "location": 2514.52612305,
    "stability": 0.811867594719,
    "tonality": 0.494729042053
}