{
    "name": "2eeac352",
    "x": 16.32831382751465,
    "y": -2.6320416927337646,
    "loudness": 0.438944339752,
    "raspiness": 0.0938937366009,
    "color": 4.96167469025,
    "location": 1841.60986328,
    "stability": 0.700859427452,
    "tonality": 0.480251848698
}