{
    "name": "2eeac352",
    "x": 15.659334182739258,
    "y": -4.168940544128418,
    "loudness": 0.438944339752,
    "raspiness": 0.0938937366009,
    "color": 4.96167469025,
    "location": 42.91398214195462,
    "stability": 0.700859427452,
    "tonality": 0.480251848698
}