{
    "name": "2f06441d",
    "x": 8.337796211242676,
    "y": 42.579463958740234,
    "loudness": 0.99068403244,
    "raspiness": 0.0792781785131,
    "color": 7.83887052536,
    "location": 1368.15673828,
    "stability": 0.621144533157,
    "tonality": 0.469298571348
}