{
    "name": "2f06441d",
    "x": 3.5813279151916504,
    "y": 10.535928726196289,
    "loudness": 0.99068403244,
    "raspiness": 0.0792781785131,
    "color": 7.83887052536,
    "location": 1368.15673828,
    "stability": 0.621144533157,
    "tonality": 0.469298571348
}