{
    "name": "2f17a4e8",
    "x": 28.61163330078125,
    "y": 16.688764572143555,
    "loudness": 0.949349105358,
    "raspiness": 0.181530818343,
    "color": 14.1019201279,
    "location": 2396.87402344,
    "stability": 0.570969343185,
    "tonality": 0.484407782555
}