{
    "name": "2f2429ad",
    "x": -21.047138214111328,
    "y": -23.385940551757812,
    "loudness": 0.167497575283,
    "raspiness": 0.0130863692611,
    "color": 4.2009305954,
    "location": 267.55291748,
    "stability": 0.6074026227,
    "tonality": 0.282559067011
}