{
    "name": "2f2429ad",
    "x": -20.378934860229492,
    "y": -16.568010330200195,
    "loudness": 0.167497575283,
    "raspiness": 0.0130863692611,
    "color": 4.2009305954,
    "location": 16.35704488836538,
    "stability": 0.6074026227,
    "tonality": 0.282559067011
}