{
    "name": "2f2d2e7f",
    "x": -9.454747200012207,
    "y": -1.522092580795288,
    "loudness": 0.99068403244,
    "raspiness": 0.0327287949622,
    "color": 8.73114871979,
    "location": 36.55451301658935,
    "stability": 0.258466154337,
    "tonality": 0.457014203072
}