{
    "name": "2f2d2e7f",
    "x": -9.942198753356934,
    "y": -0.9371935129165649,
    "loudness": 0.99068403244,
    "raspiness": 0.0327287949622,
    "color": 8.73114871979,
    "location": 1336.23242188,
    "stability": 0.258466154337,
    "tonality": 0.457014203072
}