{
    "name": "2f3515c2",
    "x": -32.767372131347656,
    "y": 25.714462280273438,
    "loudness": 0.975501537323,
    "raspiness": 0.0350797921419,
    "color": 29.830575943,
    "location": 31.88318484075893,
    "stability": 0.655597865582,
    "tonality": 0.348573148251
}