{
    "name": "2f3ba7ab",
    "x": 40.03426742553711,
    "y": -8.791681289672852,
    "loudness": 0.944924592972,
    "raspiness": 0.328807801008,
    "color": 143.447860718,
    "location": 71.55203594350058,
    "stability": 0.419393867254,
    "tonality": 0.499525666237
}