{
    "name": "2f3ba7ab",
    "x": 39.25162887573242,
    "y": -12.973082542419434,
    "loudness": 0.944924592972,
    "raspiness": 0.328807801008,
    "color": 143.447860718,
    "location": 5119.69384766,
    "stability": 0.419393867254,
    "tonality": 0.499525666237
}