{
    "name": "2f3ca1dc",
    "x": 10.716870307922363,
    "y": 7.549704074859619,
    "loudness": 0.951075613499,
    "raspiness": 0.274278789759,
    "color": 76.3507461548,
    "location": 4873.73974609,
    "stability": 0.731693089008,
    "tonality": 0.499069005251
}