{
    "name": "2f3ca1dc",
    "x": 48.57074737548828,
    "y": -5.002723693847656,
    "loudness": 0.951075613499,
    "raspiness": 0.274278789759,
    "color": 76.3507461548,
    "location": 69.81217476980645,
    "stability": 0.731693089008,
    "tonality": 0.499069005251
}