{
    "name": "2f45db21",
    "x": 36.93938064575195,
    "y": 26.147624969482422,
    "loudness": 0.921368122101,
    "raspiness": 0.1337890625,
    "color": 22.6226711273,
    "location": 50.245687878563274,
    "stability": 0.763314545155,
    "tonality": 0.493101745844
}