{
    "name": "2f45db21",
    "x": 41.66410827636719,
    "y": 31.356599807739258,
    "loudness": 0.921368122101,
    "raspiness": 0.1337890625,
    "color": 22.6226711273,
    "location": 2524.62915039,
    "stability": 0.763314545155,
    "tonality": 0.493101745844
}