{
    "name": "2f45db21",
    "x": 7.37476110458374,
    "y": 11.004237174987793,
    "loudness": 0.921368122101,
    "raspiness": 0.1337890625,
    "color": 22.6226711273,
    "location": 2524.62915039,
    "stability": 0.763314545155,
    "tonality": 0.493101745844
}