{
    "name": "2f4d09b2",
    "x": -33.065673828125,
    "y": 20.46303367614746,
    "loudness": 0.99068403244,
    "raspiness": 0.0444869995117,
    "color": 35.0676231384,
    "location": 33.089528103616104,
    "stability": 0.548463702202,
    "tonality": 0.352420419455
}