{
    "name": "2f4d09b2",
    "x": -2.763772487640381,
    "y": 9.879226684570312,
    "loudness": 0.99068403244,
    "raspiness": 0.0444869995117,
    "color": 35.0676231384,
    "location": 1094.91687012,
    "stability": 0.548463702202,
    "tonality": 0.352420419455
}