{
    "name": "2f4f25e0",
    "x": -0.2265504002571106,
    "y": 10.80667781829834,
    "loudness": 0.969762682915,
    "raspiness": 0.0622899867594,
    "color": 31.8335800171,
    "location": 1330.73535156,
    "stability": 0.655444204807,
    "tonality": 0.409467071295
}