{
    "name": "2f4f25e0",
    "x": -12.70061206817627,
    "y": 35.90053939819336,
    "loudness": 0.969762682915,
    "raspiness": 0.0622899867594,
    "color": 31.8335800171,
    "location": 36.47924549055257,
    "stability": 0.655444204807,
    "tonality": 0.409467071295
}