{
    "name": "2f50de25",
    "x": -24.22638511657715,
    "y": 28.59709930419922,
    "loudness": 0.99068403244,
    "raspiness": 0.0119811100885,
    "color": 4.10020494461,
    "location": 262.187835693,
    "stability": 0.535635590553,
    "tonality": 0.426793575287
}