{
    "name": "2f5d12f2",
    "x": 20.931039810180664,
    "y": 39.7601203918457,
    "loudness": 0.924139976501,
    "raspiness": 0.0873016938567,
    "color": 17.1745643616,
    "location": 39.6860912643208,
    "stability": 0.745623648167,
    "tonality": 0.482816725969
}