{
    "name": "2f5d12f2",
    "x": 5.1150078773498535,
    "y": 11.901984214782715,
    "loudness": 0.924139976501,
    "raspiness": 0.0873016938567,
    "color": 17.1745643616,
    "location": 1574.98583984,
    "stability": 0.745623648167,
    "tonality": 0.482816725969
}