{
    "name": "2f5fe8ea",
    "x": 0.5878418684005737,
    "y": 10.14455509185791,
    "loudness": 0.984483540058,
    "raspiness": 0.0828395709395,
    "color": 9.76324653625,
    "location": 1283.73071289,
    "stability": 0.611031115055,
    "tonality": 0.429212987423
}