{
    "name": "2f6c4dec",
    "x": -2.9749298095703125,
    "y": 7.649916172027588,
    "loudness": 0.586406946182,
    "raspiness": 0.00807950552553,
    "color": 11.1186828613,
    "location": 237.205596924,
    "stability": 0.289302647114,
    "tonality": 0.349019855261
}