{
    "name": "2f6c4dec",
    "x": -24.982629776000977,
    "y": -6.50700569152832,
    "loudness": 0.586406946182,
    "raspiness": 0.00807950552553,
    "color": 11.1186828613,
    "location": 15.401480348460014,
    "stability": 0.289302647114,
    "tonality": 0.349019855261
}