{
    "name": "2f6f44fa",
    "x": 4.326919078826904,
    "y": 10.23681354522705,
    "loudness": 0.977401435375,
    "raspiness": 0.0584973804653,
    "color": 20.2038173676,
    "location": 1905.74401855,
    "stability": 0.623343706131,
    "tonality": 0.465641319752
}