{
    "name": "2f6f44fa",
    "x": 11.667350769042969,
    "y": 38.21878433227539,
    "loudness": 0.977401435375,
    "raspiness": 0.0584973804653,
    "color": 20.2038173676,
    "location": 1905.74401855,
    "stability": 0.623343706131,
    "tonality": 0.465641319752
}