{
    "name": "2f6f44fa",
    "x": 12.200355529785156,
    "y": 29.7622127532959,
    "loudness": 0.977401435375,
    "raspiness": 0.0584973804653,
    "color": 20.2038173676,
    "location": 43.65482812416056,
    "stability": 0.623343706131,
    "tonality": 0.465641319752
}