{
    "name": "2f77f7c4",
    "x": 0.059241242706775665,
    "y": 4.981846809387207,
    "loudness": 0.99068403244,
    "raspiness": 0.0174363665283,
    "color": 6.13442420959,
    "location": 723.091552734,
    "stability": 0.173202887177,
    "tonality": 0.48189842701
}