{
    "name": "2f77f7c4",
    "x": -13.435880661010742,
    "y": -8.344842910766602,
    "loudness": 0.99068403244,
    "raspiness": 0.0174363665283,
    "color": 6.13442420959,
    "location": 26.890361707013163,
    "stability": 0.173202887177,
    "tonality": 0.48189842701
}