{
    "name": "2f84b9ec",
    "x": -3.882582664489746,
    "y": 7.96484375,
    "loudness": 0.93048030138,
    "raspiness": 0.0307669825852,
    "color": 13.7850484848,
    "location": 631.950073242,
    "stability": 0.386676102877,
    "tonality": 0.320657104254
}