{
    "name": "2f84b9ec",
    "x": -36.14965057373047,
    "y": 1.0277659893035889,
    "loudness": 0.93048030138,
    "raspiness": 0.0307669825852,
    "color": 13.7850484848,
    "location": 25.13861717044118,
    "stability": 0.386676102877,
    "tonality": 0.320657104254
}