{
    "name": "2f9c5f62",
    "x": -4.657196521759033,
    "y": 7.128802299499512,
    "loudness": 0.971264481544,
    "raspiness": 0.0476895533502,
    "color": 27.5815143585,
    "location": 1206.31152344,
    "stability": 0.217861682177,
    "tonality": 0.263201981783
}