{
    "name": "2fb2de13",
    "x": 4.50162410736084,
    "y": 7.04594612121582,
    "loudness": 0.895505726337,
    "raspiness": 0.110677085817,
    "color": 83.6167526245,
    "location": 2721.36694336,
    "stability": 0.428638935089,
    "tonality": 0.48492282629
}