{
    "name": "2fb7c05e",
    "x": -20.643314361572266,
    "y": 19.70821189880371,
    "loudness": 0.99068403244,
    "raspiness": 0.0500325523317,
    "color": 4.08013629913,
    "location": 957.84564209,
    "stability": 0.44921502471,
    "tonality": 0.419698119164
}