{
    "name": "2fb7c05e",
    "x": -16.224624633789062,
    "y": 17.02083969116211,
    "loudness": 0.99068403244,
    "raspiness": 0.0500325523317,
    "color": 4.08013629913,
    "location": 30.94908144178111,
    "stability": 0.44921502471,
    "tonality": 0.419698119164
}