{
    "name": "2fbbe0d8",
    "x": 37.794437408447266,
    "y": -20.78816032409668,
    "loudness": 0.99068403244,
    "raspiness": 0.318321824074,
    "color": 491.07232666,
    "location": 4252.62695312,
    "stability": 0.634474813938,
    "tonality": 0.487553268671
}