{
    "name": "2fbbe0d8",
    "x": 39.6129035949707,
    "y": -16.08502960205078,
    "loudness": 0.99068403244,
    "raspiness": 0.318321824074,
    "color": 491.07232666,
    "location": 65.21216875031837,
    "stability": 0.634474813938,
    "tonality": 0.487553268671
}