{
    "name": "2fc00271",
    "x": -36.11819076538086,
    "y": 10.689373016357422,
    "loudness": 0.893948912621,
    "raspiness": 0.041383177042,
    "color": 10.7862863541,
    "location": 28.984337095662546,
    "stability": 0.487864404917,
    "tonality": 0.332610726357
}