{
    "name": "2fe59aa8",
    "x": -21.824338912963867,
    "y": 33.95796585083008,
    "loudness": 0.99068403244,
    "raspiness": 0.0430175773799,
    "color": 23.6244010925,
    "location": 31.295385011963027,
    "stability": 0.67244887352,
    "tonality": 0.378600180149
}