{
    "name": "2fe59aa8",
    "x": -32.458160400390625,
    "y": 35.685184478759766,
    "loudness": 0.99068403244,
    "raspiness": 0.0430175773799,
    "color": 23.6244010925,
    "location": 979.401123047,
    "stability": 0.67244887352,
    "tonality": 0.378600180149
}