{
    "name": "2fec9eb7",
    "x": 15.540657043457031,
    "y": 4.267568588256836,
    "loudness": 0.550651967525,
    "raspiness": 0.0636534392834,
    "color": 21.8177967072,
    "location": 38.40930908529858,
    "stability": 0.745975315571,
    "tonality": 0.482712507248
}