{
    "name": "2fec3da6",
    "x": 31.30719757080078,
    "y": 23.04965591430664,
    "loudness": 0.940218746662,
    "raspiness": 0.167198479176,
    "color": 10.6729345322,
    "location": 43.431699252965,
    "stability": 0.722629725933,
    "tonality": 0.467619717121
}