{
    "name": "2fec3da6",
    "x": 34.951534271240234,
    "y": 26.641345977783203,
    "loudness": 0.940218746662,
    "raspiness": 0.167198479176,
    "color": 10.6729345322,
    "location": 1886.3125,
    "stability": 0.722629725933,
    "tonality": 0.467619717121
}