{
    "name": "2fec9eb7",
    "x": 5.16815185546875,
    "y": 3.8567256927490234,
    "loudness": 0.550651967525,
    "raspiness": 0.0636534392834,
    "color": 21.8177967072,
    "location": 1475.27502441,
    "stability": 0.745975315571,
    "tonality": 0.482712507248
}