{
    "name": "2ffa79a0",
    "x": 1.0302454233169556,
    "y": 4.96033239364624,
    "loudness": 0.901197135448,
    "raspiness": 0.035025510937,
    "color": 29.7784442902,
    "location": 2088.26806641,
    "stability": 0.138050064445,
    "tonality": 0.473881006241
}