{
    "name": "3019e0c0",
    "x": 2.810408353805542,
    "y": 0.2893104553222656,
    "loudness": 0.000252450961852,
    "raspiness": 0.0638913065195,
    "color": 18.7819480896,
    "location": 1526.20410156,
    "stability": 0.283839672804,
    "tonality": 0.388182073832
}