{
    "name": "3031e1b1",
    "x": 6.759325981140137,
    "y": 7.830390930175781,
    "loudness": 0.99068403244,
    "raspiness": 0.140727803111,
    "color": 21.4026165009,
    "location": 3138.79882812,
    "stability": 0.557790279388,
    "tonality": 0.47598734498
}