{
    "name": "3031e1b1",
    "x": 27.016157150268555,
    "y": 9.595362663269043,
    "loudness": 0.99068403244,
    "raspiness": 0.140727803111,
    "color": 21.4026165009,
    "location": 56.02498396358539,
    "stability": 0.557790279388,
    "tonality": 0.47598734498
}