{
    "name": "3031e1b1",
    "x": 28.287487030029297,
    "y": 11.52145004272461,
    "loudness": 0.99068403244,
    "raspiness": 0.140727803111,
    "color": 21.4026165009,
    "location": 3138.79882812,
    "stability": 0.557790279388,
    "tonality": 0.47598734498
}