{
    "name": "306fd57d",
    "x": 10.477516174316406,
    "y": 6.360401153564453,
    "loudness": 0.503100514412,
    "raspiness": 0.363877743483,
    "color": 221.933197021,
    "location": 5519.20410156,
    "stability": 0.467241674662,
    "tonality": 0.499445229769
}