{
    "name": "306fd57d",
    "x": 38.24618911743164,
    "y": -17.907188415527344,
    "loudness": 0.503100514412,
    "raspiness": 0.363877743483,
    "color": 221.933197021,
    "location": 5519.20410156,
    "stability": 0.467241674662,
    "tonality": 0.499445229769
}