{
    "name": "306f9e3f",
    "x": -25.253856658935547,
    "y": 15.761480331420898,
    "loudness": 0.986832261086,
    "raspiness": 0.0425246581435,
    "color": 43.6622772217,
    "location": 30.841400026036432,
    "stability": 0.464435696602,
    "tonality": 0.384514600039
}