{
    "name": "306fd57d",
    "x": 37.912078857421875,
    "y": -12.513915061950684,
    "loudness": 0.503100514412,
    "raspiness": 0.363877743483,
    "color": 221.933197021,
    "location": 74.29134607449242,
    "stability": 0.467241674662,
    "tonality": 0.499445229769
}