{
    "name": "3078e97f",
    "x": -28.555294036865234,
    "y": 0.9671573638916016,
    "loudness": 0.959820628166,
    "raspiness": 0.0333457030356,
    "color": 13.6856040955,
    "location": 27.204811074605903,
    "stability": 0.338998228312,
    "tonality": 0.356964051723
}