{
    "name": "3078e97f",
    "x": -31.397733688354492,
    "y": -4.938353538513184,
    "loudness": 0.959820628166,
    "raspiness": 0.0333457030356,
    "color": 13.6856040955,
    "location": 740.101745605,
    "stability": 0.338998228312,
    "tonality": 0.356964051723
}