{
    "name": "307b76ab",
    "x": 45.9151725769043,
    "y": -18.46753692626953,
    "loudness": 0.99068403244,
    "raspiness": 0.361751288176,
    "color": 361.34854126,
    "location": 77.79314518323578,
    "stability": 0.719838857651,
    "tonality": 0.495665639639
}