{
    "name": "307b76ab",
    "x": 44.83454513549805,
    "y": -28.469038009643555,
    "loudness": 0.99068403244,
    "raspiness": 0.361751288176,
    "color": 361.34854126,
    "location": 6051.7734375,
    "stability": 0.719838857651,
    "tonality": 0.495665639639
}