{
    "name": "30aad8ba",
    "x": -7.411701679229736,
    "y": 24.678190231323242,
    "loudness": 0.99068403244,
    "raspiness": 0.0585403442383,
    "color": 13.9191923141,
    "location": 32.715871485717756,
    "stability": 0.536305844784,
    "tonality": 0.441141694784
}