{
    "name": "30b5847a",
    "x": 46.7528190612793,
    "y": 3.9001219272613525,
    "loudness": 0.99068403244,
    "raspiness": 0.200613841414,
    "color": 38.8410148621,
    "location": 4385.53271484,
    "stability": 0.67812114954,
    "tonality": 0.488910615444
}