{
    "name": "30b5847a",
    "x": 43.37324523925781,
    "y": 4.081335544586182,
    "loudness": 0.99068403244,
    "raspiness": 0.200613841414,
    "color": 38.8410148621,
    "location": 66.22335475374229,
    "stability": 0.67812114954,
    "tonality": 0.488910615444
}