{
    "name": "30b7b4e4",
    "x": -13.637048721313477,
    "y": -2.239068031311035,
    "loudness": 0.99068403244,
    "raspiness": 0.016808712855,
    "color": 10.4469242096,
    "location": 36.59760600940996,
    "stability": 0.228290319443,
    "tonality": 0.429253429174
}