{
    "name": "30c4e08b",
    "x": -24.710140228271484,
    "y": 17.678749084472656,
    "loudness": 0.957857310772,
    "raspiness": 0.0525057353079,
    "color": 19.9560928345,
    "location": 34.50757106694124,
    "stability": 0.477262943983,
    "tonality": 0.381963700056
}