{
    "name": "30c4e08b",
    "x": -1.631821632385254,
    "y": 8.937591552734375,
    "loudness": 0.957857310772,
    "raspiness": 0.0525057353079,
    "color": 19.9560928345,
    "location": 1190.77246094,
    "stability": 0.477262943983,
    "tonality": 0.381963700056
}