{
    "name": "30cdd2b5",
    "x": 10.94174575805664,
    "y": -24.38608169555664,
    "loudness": 0.0970070064068,
    "raspiness": 0.0954933986068,
    "color": 9.25213336945,
    "location": 29.501540321617107,
    "stability": 0.730804741383,
    "tonality": 0.471369981766
}