{
    "name": "30cf8557",
    "x": -0.6728744506835938,
    "y": 8.246987342834473,
    "loudness": 0.99068403244,
    "raspiness": 0.0711630508304,
    "color": 11.7727117538,
    "location": 1805.67248535,
    "stability": 0.436962366104,
    "tonality": 0.41827455163
}