{
    "name": "30d71cfe",
    "x": -0.9520211815834045,
    "y": -19.76542854309082,
    "loudness": 0.0252686329186,
    "raspiness": 0.0256377346814,
    "color": 13.0424776077,
    "location": 29.13407684471914,
    "stability": 0.41569763422,
    "tonality": 0.467977613211
}