{
    "name": "30e5f399",
    "x": -11.04632568359375,
    "y": 17.21446990966797,
    "loudness": 0.767328798771,
    "raspiness": 0.0219419356436,
    "color": 4.52702379227,
    "location": 18.47111524486272,
    "stability": 0.557157218456,
    "tonality": 0.423421680927
}