{
    "name": "30e59ebe",
    "x": -17.328523635864258,
    "y": 12.577634811401367,
    "loudness": 0.99068403244,
    "raspiness": 0.0581461600959,
    "color": 1.62729120255,
    "location": 1436.36462402,
    "stability": 0.385335177183,
    "tonality": 0.41319334507
}