{
    "name": "30e5f399",
    "x": -14.87228012084961,
    "y": 9.835606575012207,
    "loudness": 0.767328798771,
    "raspiness": 0.0219419356436,
    "color": 4.52702379227,
    "location": 341.182098389,
    "stability": 0.557157218456,
    "tonality": 0.423421680927
}