{
    "name": "30e59ebe",
    "x": -0.6943180561065674,
    "y": 8.001774787902832,
    "loudness": 0.99068403244,
    "raspiness": 0.0581461600959,
    "color": 1.62729120255,
    "location": 1436.36462402,
    "stability": 0.385335177183,
    "tonality": 0.41319334507
}