{
    "name": "3103a8e8",
    "x": 5.284888744354248,
    "y": 3.2431325912475586,
    "loudness": 0.231037557125,
    "raspiness": 0.0903501883149,
    "color": 11.0702505112,
    "location": 2053.79736328,
    "stability": 0.617571413517,
    "tonality": 0.491796225309
}