{
    "name": "311e40c6",
    "x": 27.857364654541016,
    "y": -5.635319709777832,
    "loudness": 0.533587276936,
    "raspiness": 0.237093508244,
    "color": 81.6580810547,
    "location": 62.60922877132412,
    "stability": 0.407065302134,
    "tonality": 0.487035661936
}