{
    "name": "311e40c6",
    "x": 28.391632080078125,
    "y": -7.917598247528076,
    "loudness": 0.533587276936,
    "raspiness": 0.237093508244,
    "color": 81.6580810547,
    "location": 3919.91552734,
    "stability": 0.407065302134,
    "tonality": 0.487035661936
}