{
    "name": "312f1444",
    "x": -29.31012535095215,
    "y": -1.314028024673462,
    "loudness": 0.726083636284,
    "raspiness": 0.0644883140922,
    "color": 12.4815502167,
    "location": 35.21945187023785,
    "stability": 0.331616491079,
    "tonality": 0.337632775307
}