{
    "name": "314b13fe",
    "x": 28.489294052124023,
    "y": 12.330978393554688,
    "loudness": 0.99068403244,
    "raspiness": 0.218649476767,
    "color": 3.80582928658,
    "location": 45.51609433760766,
    "stability": 0.589237689972,
    "tonality": 0.465467661619
}