{
    "name": "314b13fe",
    "x": 7.296928405761719,
    "y": 8.3106689453125,
    "loudness": 0.99068403244,
    "raspiness": 0.218649476767,
    "color": 3.80582928658,
    "location": 2071.71484375,
    "stability": 0.589237689972,
    "tonality": 0.465467661619
}