{
    "name": "314c8a85",
    "x": 0.17014829814434052,
    "y": -25.775924682617188,
    "loudness": 1.3820113054e-05,
    "raspiness": 0.0497599840164,
    "color": 26.03150177,
    "location": 25.887377446064328,
    "stability": 0.63776922226,
    "tonality": 0.413463383913
}