{
    "name": "314c8a85",
    "x": -3.8975658416748047,
    "y": -20.69392204284668,
    "loudness": 1.3820113054e-05,
    "raspiness": 0.0497599840164,
    "color": 26.03150177,
    "location": 670.156311035,
    "stability": 0.63776922226,
    "tonality": 0.413463383913
}