{
    "name": "314c57ed",
    "x": 5.458971977233887,
    "y": -23.582651138305664,
    "loudness": 0.0192131977528,
    "raspiness": 0.0569020286202,
    "color": 3.29572963715,
    "location": 29.64855484166134,
    "stability": 0.575761914253,
    "tonality": 0.469055324793
}