{
    "name": "3152ea60",
    "x": 27.154155731201172,
    "y": 39.19962692260742,
    "loudness": 0.99068403244,
    "raspiness": 0.107059150934,
    "color": 28.1880588531,
    "location": 2084.85644531,
    "stability": 0.69474697113,
    "tonality": 0.472782582045
}