{
    "name": "3155f097",
    "x": -12.180126190185547,
    "y": 23.097063064575195,
    "loudness": 0.99068403244,
    "raspiness": 0.0179812405258,
    "color": 18.1203575134,
    "location": 636.915588379,
    "stability": 0.490613400936,
    "tonality": 0.479094922543
}