{
    "name": "3155f097",
    "x": -7.8054375648498535,
    "y": 18.110628128051758,
    "loudness": 0.99068403244,
    "raspiness": 0.0179812405258,
    "color": 18.1203575134,
    "location": 25.237186617747234,
    "stability": 0.490613400936,
    "tonality": 0.479094922543
}