{
    "name": "315dc79f",
    "x": 1.6354835033416748,
    "y": 28.603429794311523,
    "loudness": 0.915213286877,
    "raspiness": 0.0642264783382,
    "color": 20.8653488159,
    "location": 1902.27124023,
    "stability": 0.548141181469,
    "tonality": 0.449026912451
}