{
    "name": "316af3f0",
    "x": 22.707887649536133,
    "y": -0.6707283854484558,
    "loudness": 0.657801568508,
    "raspiness": 0.186203345656,
    "color": 14.9677762985,
    "location": 2662.71826172,
    "stability": 0.525560975075,
    "tonality": 0.475265979767
}