{
    "name": "318a5116",
    "x": -26.403091430664062,
    "y": 5.216639995574951,
    "loudness": 0.919198811054,
    "raspiness": 0.0126214353368,
    "color": 5.25122117996,
    "location": 260.895629883,
    "stability": 0.366745352745,
    "tonality": 0.396878004074
}