{
    "name": "318a5116",
    "x": -22.812257766723633,
    "y": 6.105222702026367,
    "loudness": 0.919198811054,
    "raspiness": 0.0126214353368,
    "color": 5.25122117996,
    "location": 16.152263924385338,
    "stability": 0.366745352745,
    "tonality": 0.396878004074
}