{
    "name": "318f5562",
    "x": -15.296445846557617,
    "y": -16.376312255859375,
    "loudness": 0.99068403244,
    "raspiness": 0.00406161230057,
    "color": 7.51995849609,
    "location": 120.885765076,
    "stability": 0.0661524087191,
    "tonality": 0.483594298363
}