{
    "name": "318f5562",
    "x": -15.685859680175781,
    "y": -10.132447242736816,
    "loudness": 0.99068403244,
    "raspiness": 0.00406161230057,
    "color": 7.51995849609,
    "location": 10.99480627732931,
    "stability": 0.0661524087191,
    "tonality": 0.483594298363
}