{
    "name": "319a7b44",
    "x": -12.866891860961914,
    "y": 12.513764381408691,
    "loudness": 0.99068403244,
    "raspiness": 0.050271268934,
    "color": 12.9328937531,
    "location": 37.128754807965215,
    "stability": 0.413737475872,
    "tonality": 0.424319893122
}