{
    "name": "319a7b44",
    "x": -0.4527711868286133,
    "y": 8.099347114562988,
    "loudness": 0.99068403244,
    "raspiness": 0.050271268934,
    "color": 12.9328937531,
    "location": 1378.54443359,
    "stability": 0.413737475872,
    "tonality": 0.424319893122
}