{
    "name": "319c6220",
    "x": -3.0844709873199463,
    "y": -34.916873931884766,
    "loudness": 0.00198327912949,
    "raspiness": 0.0253926180303,
    "color": 4.38376188278,
    "location": 403.512512207,
    "stability": 0.277212738991,
    "tonality": 0.433884173632
}