{
    "name": "319c6220",
    "x": -7.032853603363037,
    "y": -24.6511173248291,
    "loudness": 0.00198327912949,
    "raspiness": 0.0253926180303,
    "color": 4.38376188278,
    "location": 20.087620869754584,
    "stability": 0.277212738991,
    "tonality": 0.433884173632
}