{
    "name": "319d145b",
    "x": 6.768543720245361,
    "y": 3.874033212661743,
    "loudness": 0.546401023865,
    "raspiness": 0.180651143193,
    "color": 28.9379310608,
    "location": 2893.60546875,
    "stability": 0.721127986908,
    "tonality": 0.490070700645
}