{
    "name": "319d145b",
    "x": 26.963178634643555,
    "y": -1.4205905199050903,
    "loudness": 0.546401023865,
    "raspiness": 0.180651143193,
    "color": 28.9379310608,
    "location": 53.792243574236615,
    "stability": 0.721127986908,
    "tonality": 0.490070700645
}