{
    "name": "319d145b",
    "x": 28.558975219726562,
    "y": -1.519457459449768,
    "loudness": 0.546401023865,
    "raspiness": 0.180651143193,
    "color": 28.9379310608,
    "location": 2893.60546875,
    "stability": 0.721127986908,
    "tonality": 0.490070700645
}