{
    "name": "31a0e096",
    "x": -27.26905632019043,
    "y": 23.618927001953125,
    "loudness": 0.99068403244,
    "raspiness": 0.054897647351,
    "color": 35.8752746582,
    "location": 35.2715089796283,
    "stability": 0.537113547325,
    "tonality": 0.369666665792
}