{
    "name": "31a32dc6",
    "x": 1.7068393230438232,
    "y": 0.3917038142681122,
    "loudness": 0.00384957250208,
    "raspiness": 0.0258634537458,
    "color": 5.2150053978,
    "location": 376.261413574,
    "stability": 0.35343426466,
    "tonality": 0.246155127883
}