{
    "name": "31a32dc6",
    "x": -24.65493392944336,
    "y": -32.588134765625,
    "loudness": 0.00384957250208,
    "raspiness": 0.0258634537458,
    "color": 5.2150053978,
    "location": 376.261413574,
    "stability": 0.35343426466,
    "tonality": 0.246155127883
}