{
    "name": "31aa5f0a",
    "x": 39.76921463012695,
    "y": -14.97185230255127,
    "loudness": 0.99068403244,
    "raspiness": 0.330670297146,
    "color": 454.103637695,
    "location": 66.09464390644676,
    "stability": 0.528728723526,
    "tonality": 0.495502442122
}