{
    "name": "31ac1840",
    "x": -36.38277816772461,
    "y": -3.6955313682556152,
    "loudness": 0.99068403244,
    "raspiness": 0.0259195957333,
    "color": 6.13873720169,
    "location": 26.105408838112456,
    "stability": 0.322762578726,
    "tonality": 0.308611094952
}