{
    "name": "31ac1840",
    "x": -39.3878288269043,
    "y": -13.899760246276855,
    "loudness": 0.99068403244,
    "raspiness": 0.0259195957333,
    "color": 6.13873720169,
    "location": 681.492370605,
    "stability": 0.322762578726,
    "tonality": 0.308611094952
}