{
    "name": "31add811",
    "x": 15.653303146362305,
    "y": 41.58054733276367,
    "loudness": 0.944973051548,
    "raspiness": 0.0810344442725,
    "color": 47.0717697144,
    "location": 36.73472558057294,
    "stability": 0.735583305359,
    "tonality": 0.473803728819
}