{
    "name": "31add811",
    "x": 16.214136123657227,
    "y": 50.6322135925293,
    "loudness": 0.944973051548,
    "raspiness": 0.0810344442725,
    "color": 47.0717697144,
    "location": 1349.44006348,
    "stability": 0.735583305359,
    "tonality": 0.473803728819
}