{
    "name": "31b0b176",
    "x": -22.97751808166504,
    "y": 33.39112854003906,
    "loudness": 0.953491389751,
    "raspiness": 0.0367176160216,
    "color": 17.938035965,
    "location": 30.560639681688603,
    "stability": 0.679209828377,
    "tonality": 0.377850413322
}