{
    "name": "31b0b176",
    "x": -0.9482489824295044,
    "y": 10.914974212646484,
    "loudness": 0.953491389751,
    "raspiness": 0.0367176160216,
    "color": 17.938035965,
    "location": 933.952697754,
    "stability": 0.679209828377,
    "tonality": 0.377850413322
}