{
    "name": "31b0b176",
    "x": -33.41963195800781,
    "y": 34.92213439941406,
    "loudness": 0.953491389751,
    "raspiness": 0.0367176160216,
    "color": 17.938035965,
    "location": 933.952697754,
    "stability": 0.679209828377,
    "tonality": 0.377850413322
}