{
    "name": "31b2f39c",
    "x": 2.678602695465088,
    "y": 11.935425758361816,
    "loudness": 0.947675347328,
    "raspiness": 0.0302919335663,
    "color": 6.245844841,
    "location": 661.975463867,
    "stability": 0.750091075897,
    "tonality": 0.461971014738
}