{
    "name": "31b2f39c",
    "x": -0.7843236923217773,
    "y": 55.148826599121094,
    "loudness": 0.947675347328,
    "raspiness": 0.0302919335663,
    "color": 6.245844841,
    "location": 661.975463867,
    "stability": 0.750091075897,
    "tonality": 0.461971014738
}