{
    "name": "31b2f39c",
    "x": 2.4274847507476807,
    "y": 44.05918884277344,
    "loudness": 0.947675347328,
    "raspiness": 0.0302919335663,
    "color": 6.245844841,
    "location": 25.728883844174042,
    "stability": 0.750091075897,
    "tonality": 0.461971014738
}