{
    "name": "31cd8de8",
    "x": 43.750572204589844,
    "y": 8.062295913696289,
    "loudness": 0.99068403244,
    "raspiness": 0.236628606915,
    "color": 7.3446598053,
    "location": 55.46564251858983,
    "stability": 0.70216023922,
    "tonality": 0.47757011652
}