{
    "name": "31cd8de8",
    "x": 47.464111328125,
    "y": 7.7229485511779785,
    "loudness": 0.99068403244,
    "raspiness": 0.236628606915,
    "color": 7.3446598053,
    "location": 3076.4375,
    "stability": 0.70216023922,
    "tonality": 0.47757011652
}