{
    "name": "31db8c5e",
    "x": -0.2354416698217392,
    "y": 8.378058433532715,
    "loudness": 0.99068403244,
    "raspiness": 0.115748815238,
    "color": 8.83208847046,
    "location": 891.506774902,
    "stability": 0.448007404804,
    "tonality": 0.429234594107
}