{
    "name": "31dbc5c0",
    "x": -27.72410011291504,
    "y": 21.322118759155273,
    "loudness": 0.859367907047,
    "raspiness": 0.0437979847193,
    "color": 18.6496372223,
    "location": 1019.83575439,
    "stability": 0.536221981049,
    "tonality": 0.387310653925
}