{
    "name": "31db8c5e",
    "x": -10.003959655761719,
    "y": 17.282241821289062,
    "loudness": 0.99068403244,
    "raspiness": 0.115748815238,
    "color": 8.83208847046,
    "location": 29.85811070550178,
    "stability": 0.448007404804,
    "tonality": 0.429234594107
}