{
    "name": "31dbc5c0",
    "x": -23.09563636779785,
    "y": 21.726825714111328,
    "loudness": 0.859367907047,
    "raspiness": 0.0437979847193,
    "color": 18.6496372223,
    "location": 31.934867377053564,
    "stability": 0.536221981049,
    "tonality": 0.387310653925
}