{
    "name": "31e0ba23",
    "x": 2.6287412643432617,
    "y": 20.652450561523438,
    "loudness": 0.806065201759,
    "raspiness": 0.0497871749103,
    "color": 23.497592926,
    "location": 35.33338880237785,
    "stability": 0.562700510025,
    "tonality": 0.480199128389
}