{
    "name": "31e0ba23",
    "x": 2.9918711185455322,
    "y": 27.652667999267578,
    "loudness": 0.806065201759,
    "raspiness": 0.0497871749103,
    "color": 23.497592926,
    "location": 1248.44836426,
    "stability": 0.562700510025,
    "tonality": 0.480199128389
}