{
    "name": "31f474d5",
    "x": -12.887725830078125,
    "y": 40.46699523925781,
    "loudness": 0.987298309803,
    "raspiness": 0.0494030378759,
    "color": 7.42603969574,
    "location": 33.73110546053894,
    "stability": 0.743339002132,
    "tonality": 0.395924270153
}