{
    "name": "31f474d5",
    "x": -21.526094436645508,
    "y": 45.85133361816406,
    "loudness": 0.987298309803,
    "raspiness": 0.0494030378759,
    "color": 7.42603969574,
    "location": 1137.78747559,
    "stability": 0.743339002132,
    "tonality": 0.395924270153
}