{
    "name": "3203fedb",
    "x": 7.930135726928711,
    "y": 7.381324291229248,
    "loudness": 0.933559536934,
    "raspiness": 0.18547347188,
    "color": 51.2315635681,
    "location": 3600.05029297,
    "stability": 0.52909040451,
    "tonality": 0.486389517784
}