{
    "name": "320aff97",
    "x": -20.34941291809082,
    "y": 25.9947566986084,
    "loudness": 0.99068403244,
    "raspiness": 0.0655487775803,
    "color": 15.4098596573,
    "location": 1426.39904785,
    "stability": 0.499697715044,
    "tonality": 0.408924937248
}