{
    "name": "320f812b",
    "x": 3.9702372550964355,
    "y": 3.1107375621795654,
    "loudness": 0.339247554541,
    "raspiness": 0.0973977446556,
    "color": 7.48343801498,
    "location": 1149.98974609,
    "stability": 0.510982632637,
    "tonality": 0.392688453197
}