{
    "name": "320f812b",
    "x": -3.1826083660125732,
    "y": -15.141944885253906,
    "loudness": 0.339247554541,
    "raspiness": 0.0973977446556,
    "color": 7.48343801498,
    "location": 1149.98974609,
    "stability": 0.510982632637,
    "tonality": 0.392688453197
}