{
    "name": "3217ac10",
    "x": -25.01258659362793,
    "y": 18.979900360107422,
    "loudness": 0.827292382717,
    "raspiness": 0.059393491596,
    "color": 14.7247686386,
    "location": 925.64654541,
    "stability": 0.507486462593,
    "tonality": 0.398493409157
}