{
    "name": "3219fa26",
    "x": -3.6024270057678223,
    "y": 8.660831451416016,
    "loudness": 0.787348210812,
    "raspiness": 0.0350717902184,
    "color": 20.3531036377,
    "location": 816.338928223,
    "stability": 0.468265622854,
    "tonality": 0.316847503185
}