{
    "name": "3219fa26",
    "x": -36.24531555175781,
    "y": 6.4013237953186035,
    "loudness": 0.787348210812,
    "raspiness": 0.0350717902184,
    "color": 20.3531036377,
    "location": 28.571645528793052,
    "stability": 0.468265622854,
    "tonality": 0.316847503185
}