{
    "name": "321bd247",
    "x": 2.6665167808532715,
    "y": 1.8769371509552002,
    "loudness": 0.420378059149,
    "raspiness": 0.0356566607952,
    "color": 2.78619527817,
    "location": 414.541137695,
    "stability": 0.498791605234,
    "tonality": 0.382516294718
}