{
    "name": "3226ede7",
    "x": 32.601409912109375,
    "y": 17.971569061279297,
    "loudness": 0.97923719883,
    "raspiness": 0.170250281692,
    "color": 27.4966430664,
    "location": 48.4774079549433,
    "stability": 0.670221805573,
    "tonality": 0.482116192579
}