{
    "name": "3226ede7",
    "x": 7.378032684326172,
    "y": 10.046975135803223,
    "loudness": 0.97923719883,
    "raspiness": 0.170250281692,
    "color": 27.4966430664,
    "location": 2350.05908203,
    "stability": 0.670221805573,
    "tonality": 0.482116192579
}