{
    "name": "323db912",
    "x": 54.4375,
    "y": -6.851974964141846,
    "loudness": 0.99068403244,
    "raspiness": 0.30673828721,
    "color": 42.7729644775,
    "location": 4337.69384766,
    "stability": 0.751639068127,
    "tonality": 0.499628126621
}