{
    "name": "323db912",
    "x": 49.71345138549805,
    "y": -3.251944065093994,
    "loudness": 0.99068403244,
    "raspiness": 0.30673828721,
    "color": 42.7729644775,
    "location": 65.86117101646462,
    "stability": 0.751639068127,
    "tonality": 0.499628126621
}