{
    "name": "324faa97",
    "x": 2.5574913024902344,
    "y": 6.096742630004883,
    "loudness": 0.706007421017,
    "raspiness": 0.0629741251469,
    "color": 15.8590602875,
    "location": 1360.10302734,
    "stability": 0.490884244442,
    "tonality": 0.445993542671
}