{
    "name": "3251bac1",
    "x": -33.35066604614258,
    "y": 5.765598773956299,
    "loudness": 0.913624405861,
    "raspiness": 0.0394577756524,
    "color": 28.1276702881,
    "location": 1018.91723633,
    "stability": 0.427419573069,
    "tonality": 0.357794284821
}