{
    "name": "3251bac1",
    "x": -29.962112426757812,
    "y": 9.161768913269043,
    "loudness": 0.913624405861,
    "raspiness": 0.0394577756524,
    "color": 28.1276702881,
    "location": 31.920483021564696,
    "stability": 0.427419573069,
    "tonality": 0.357794284821
}