{
    "name": "3251bac1",
    "x": -2.6068124771118164,
    "y": 8.463272094726562,
    "loudness": 0.913624405861,
    "raspiness": 0.0394577756524,
    "color": 28.1276702881,
    "location": 1018.91723633,
    "stability": 0.427419573069,
    "tonality": 0.357794284821
}