{
    "name": "3254c6eb",
    "x": 6.575584888458252,
    "y": 11.244216918945312,
    "loudness": 0.906173348427,
    "raspiness": 0.0897375792265,
    "color": 25.0354251862,
    "location": 2457.97705078,
    "stability": 0.742968857288,
    "tonality": 0.49073022604
}