{
    "name": "3254c6eb",
    "x": 36.1322021484375,
    "y": 37.117374420166016,
    "loudness": 0.906173348427,
    "raspiness": 0.0897375792265,
    "color": 25.0354251862,
    "location": 2457.97705078,
    "stability": 0.742968857288,
    "tonality": 0.49073022604
}