{
    "name": "3254c6eb",
    "x": 31.07977294921875,
    "y": 31.106197357177734,
    "loudness": 0.906173348427,
    "raspiness": 0.0897375792265,
    "color": 25.0354251862,
    "location": 49.57798957985287,
    "stability": 0.742968857288,
    "tonality": 0.49073022604
}