{
    "name": "325ae37c",
    "x": 10.393320083618164,
    "y": 6.073174476623535,
    "loudness": 0.99068403244,
    "raspiness": 0.182484775782,
    "color": 315.337524414,
    "location": 3617.12426758,
    "stability": 0.655227541924,
    "tonality": 0.490354061127
}