{
    "name": "325ae37c",
    "x": 37.75539779663086,
    "y": -3.691897392272949,
    "loudness": 0.99068403244,
    "raspiness": 0.182484775782,
    "color": 315.337524414,
    "location": 60.14253293285876,
    "stability": 0.655227541924,
    "tonality": 0.490354061127
}