{
    "name": "325b0d6b",
    "x": 1.0647927522659302,
    "y": 10.22462272644043,
    "loudness": 0.99068403244,
    "raspiness": 0.0290216617286,
    "color": 3.72660493851,
    "location": 396.072235107,
    "stability": 0.604056119919,
    "tonality": 0.41765126586
}