{
    "name": "325b0d6b",
    "x": -16.114871978759766,
    "y": 30.854562759399414,
    "loudness": 0.99068403244,
    "raspiness": 0.0290216617286,
    "color": 3.72660493851,
    "location": 19.901563634724784,
    "stability": 0.604056119919,
    "tonality": 0.41765126586
}