{
    "name": "325cf71e",
    "x": -2.2496931552886963,
    "y": 8.313389778137207,
    "loudness": 0.99068403244,
    "raspiness": 0.0453913770616,
    "color": 89.3469696045,
    "location": 1073.47216797,
    "stability": 0.391760975122,
    "tonality": 0.37248468399
}