{
    "name": "325cf71e",
    "x": -28.45555305480957,
    "y": 6.721620082855225,
    "loudness": 0.99068403244,
    "raspiness": 0.0453913770616,
    "color": 89.3469696045,
    "location": 1073.47216797,
    "stability": 0.391760975122,
    "tonality": 0.37248468399
}