{
    "name": "325cf71e",
    "x": -25.8907413482666,
    "y": 8.637578010559082,
    "loudness": 0.99068403244,
    "raspiness": 0.0453913770616,
    "color": 89.3469696045,
    "location": 32.763885117153,
    "stability": 0.391760975122,
    "tonality": 0.37248468399
}