{
    "name": "326b8ed5",
    "x": 9.29293441772461,
    "y": 7.466251850128174,
    "loudness": 0.99068403244,
    "raspiness": 0.270103245974,
    "color": 30.9540729523,
    "location": 3985.96386719,
    "stability": 0.535337269306,
    "tonality": 0.495770484209
}