{
    "name": "326b8ed5",
    "x": 38.625328063964844,
    "y": -2.1042613983154297,
    "loudness": 0.99068403244,
    "raspiness": 0.270103245974,
    "color": 30.9540729523,
    "location": 63.134490313853014,
    "stability": 0.535337269306,
    "tonality": 0.495770484209
}