{
    "name": "326c9e9a",
    "x": 2.44484543800354,
    "y": 4.429050445556641,
    "loudness": 0.704009711742,
    "raspiness": 0.0448977611959,
    "color": 7.90221786499,
    "location": 1980.72900391,
    "stability": 0.269122868776,
    "tonality": 0.462099522352
}