{
    "name": "326c9e9a",
    "x": -0.5823273062705994,
    "y": -3.3209474086761475,
    "loudness": 0.704009711742,
    "raspiness": 0.0448977611959,
    "color": 7.90221786499,
    "location": 44.505381740976,
    "stability": 0.269122868776,
    "tonality": 0.462099522352
}