{
    "name": "327a2509",
    "x": -2.351595878601074,
    "y": 7.738534450531006,
    "loudness": 0.682539403439,
    "raspiness": 0.00599254248664,
    "color": 6.35926771164,
    "location": 143.336578369,
    "stability": 0.332122445107,
    "tonality": 0.420057654381
}