{
    "name": "327de0ed",
    "x": -17.20530128479004,
    "y": -27.767545700073242,
    "loudness": 0.011388907209,
    "raspiness": 0.0148637015373,
    "color": 5.52918815613,
    "location": 32.74614011421804,
    "stability": 0.184635981917,
    "tonality": 0.346848458052
}