{
    "name": "327de0ed",
    "x": 2.717900276184082,
    "y": -0.10164570808410645,
    "loudness": 0.011388907209,
    "raspiness": 0.0148637015373,
    "color": 5.52918815613,
    "location": 1072.30969238,
    "stability": 0.184635981917,
    "tonality": 0.346848458052
}