{
    "name": "327fea32",
    "x": 0.8875072002410889,
    "y": 8.78628921508789,
    "loudness": 0.963827073574,
    "raspiness": 0.0440060012043,
    "color": 12.5020608902,
    "location": 1088.39807129,
    "stability": 0.501747488976,
    "tonality": 0.444816887379
}