{
    "name": "3289db4d",
    "x": -16.34734344482422,
    "y": -26.90606689453125,
    "loudness": 0.000131933236844,
    "raspiness": 0.0781547576189,
    "color": 2.45915460587,
    "location": 28.766767571348716,
    "stability": 0.201873719692,
    "tonality": 0.359208673239
}