{
    "name": "3289db4d",
    "x": -10.968774795532227,
    "y": -38.512168884277344,
    "loudness": 0.000131933236844,
    "raspiness": 0.0781547576189,
    "color": 2.45915460587,
    "location": 827.526916504,
    "stability": 0.201873719692,
    "tonality": 0.359208673239
}