{
    "name": "32a4c8f0",
    "x": -15.46957778930664,
    "y": 12.32371711730957,
    "loudness": 0.99068403244,
    "raspiness": 0.0965613126755,
    "color": 9.68805885315,
    "location": 1718.51550293,
    "stability": 0.383246272802,
    "tonality": 0.409235596657
}