{
    "name": "32a4c8f0",
    "x": -13.971391677856445,
    "y": 11.029695510864258,
    "loudness": 0.99068403244,
    "raspiness": 0.0965613126755,
    "color": 9.68805885315,
    "location": 41.454981641896794,
    "stability": 0.383246272802,
    "tonality": 0.409235596657
}