{
    "name": "32b8d28c",
    "x": -1.586338758468628,
    "y": 6.488800048828125,
    "loudness": 0.99068403244,
    "raspiness": 0.0949904993176,
    "color": 8.59866333008,
    "location": 39.19388373789972,
    "stability": 0.343138039112,
    "tonality": 0.457457661629
}