{
    "name": "32b8d28c",
    "x": -2.8535120487213135,
    "y": 8.834844589233398,
    "loudness": 0.99068403244,
    "raspiness": 0.0949904993176,
    "color": 8.59866333008,
    "location": 1536.16052246,
    "stability": 0.343138039112,
    "tonality": 0.457457661629
}