{
    "name": "32b8d28c",
    "x": 3.1242856979370117,
    "y": 7.034522533416748,
    "loudness": 0.99068403244,
    "raspiness": 0.0949904993176,
    "color": 8.59866333008,
    "location": 1536.16052246,
    "stability": 0.343138039112,
    "tonality": 0.457457661629
}