{
    "name": "32bbf20f",
    "x": 3.929933786392212,
    "y": 5.138306140899658,
    "loudness": 0.726220488548,
    "raspiness": 0.119905292988,
    "color": 10.524641037,
    "location": 2564.56225586,
    "stability": 0.375317960978,
    "tonality": 0.484547764063
}