{
    "name": "32bbf20f",
    "x": 10.703194618225098,
    "y": -0.09185975790023804,
    "loudness": 0.726220488548,
    "raspiness": 0.119905292988,
    "color": 10.524641037,
    "location": 2564.56225586,
    "stability": 0.375317960978,
    "tonality": 0.484547764063
}