{
    "name": "32bd34b5",
    "x": 4.140082359313965,
    "y": 9.178104400634766,
    "loudness": 0.974730908871,
    "raspiness": 0.0918273925781,
    "color": 17.1174507141,
    "location": 2112.12182617,
    "stability": 0.543373346329,
    "tonality": 0.463157325983
}