{
    "name": "32bd34b5",
    "x": 12.679996490478516,
    "y": 19.488731384277344,
    "loudness": 0.974730908871,
    "raspiness": 0.0918273925781,
    "color": 17.1174507141,
    "location": 45.957826604072565,
    "stability": 0.543373346329,
    "tonality": 0.463157325983
}