{
    "name": "32c2eb1b",
    "x": 35.35247039794922,
    "y": 41.769065856933594,
    "loudness": 0.891722261906,
    "raspiness": 0.090493299067,
    "color": 25.9235458374,
    "location": 2083.39111328,
    "stability": 0.798096179962,
    "tonality": 0.491902172565
}