{
    "name": "32c5c6bd",
    "x": -4.357145309448242,
    "y": 8.040949821472168,
    "loudness": 0.923809051514,
    "raspiness": 0.0124764684588,
    "color": 4.92713451385,
    "location": 278.782440186,
    "stability": 0.399144887924,
    "tonality": 0.284982055426
}