{
    "name": "32cc3e4d",
    "x": 3.8075337409973145,
    "y": 1.0363788604736328,
    "loudness": 0.320076316595,
    "raspiness": 0.0158217698336,
    "color": 14.4341278076,
    "location": 787.647644043,
    "stability": 0.290433943272,
    "tonality": 0.46915781498
}