{
    "name": "32cc3e4d",
    "x": -3.6906468868255615,
    "y": -23.673097610473633,
    "loudness": 0.320076316595,
    "raspiness": 0.0158217698336,
    "color": 14.4341278076,
    "location": 787.647644043,
    "stability": 0.290433943272,
    "tonality": 0.46915781498
}