{
    "name": "32ce1b18",
    "x": 0.5304940342903137,
    "y": 9.888830184936523,
    "loudness": 0.99068403244,
    "raspiness": 0.057957239449,
    "color": 9.37526416779,
    "location": 1313.2109375,
    "stability": 0.584246456623,
    "tonality": 0.433620393276
}