{
    "name": "32ce1b18",
    "x": -6.656037330627441,
    "y": 29.250822067260742,
    "loudness": 0.99068403244,
    "raspiness": 0.057957239449,
    "color": 9.37526416779,
    "location": 36.238252406814546,
    "stability": 0.584246456623,
    "tonality": 0.433620393276
}