{
    "name": "32d47487",
    "x": 18.475311279296875,
    "y": 23.789661407470703,
    "loudness": 0.99068403244,
    "raspiness": 0.127939864993,
    "color": 18.1178455353,
    "location": 41.718991396724824,
    "stability": 0.597898066044,
    "tonality": 0.476046055555
}