{
    "name": "32d47487",
    "x": 5.588588237762451,
    "y": 9.432005882263184,
    "loudness": 0.99068403244,
    "raspiness": 0.127939864993,
    "color": 18.1178455353,
    "location": 1740.47424316,
    "stability": 0.597898066044,
    "tonality": 0.476046055555
}