{
    "name": "32d9a198",
    "x": -41.134971618652344,
    "y": 19.217378616333008,
    "loudness": 0.979155302048,
    "raspiness": 0.0146999787539,
    "color": 9.50199699402,
    "location": 319.499145508,
    "stability": 0.572335898876,
    "tonality": 0.359059393406
}