{
    "name": "32dee61b",
    "x": -11.041366577148438,
    "y": -21.729421615600586,
    "loudness": 0.0382309556007,
    "raspiness": 0.0266504324973,
    "color": 2.65186786652,
    "location": 419.330108643,
    "stability": 0.526874244213,
    "tonality": 0.382697790861
}