{
    "name": "3300aae9",
    "x": 2.607156753540039,
    "y": -0.20806804299354553,
    "loudness": 0.056092299521,
    "raspiness": 0.0261828359216,
    "color": 4.35032320023,
    "location": 295.660095215,
    "stability": 0.142618313432,
    "tonality": 0.331613242626
}