{
    "name": "3300aae9",
    "x": -18.63013458251953,
    "y": -28.171321868896484,
    "loudness": 0.056092299521,
    "raspiness": 0.0261828359216,
    "color": 4.35032320023,
    "location": 17.194769414417863,
    "stability": 0.142618313432,
    "tonality": 0.331613242626
}