{
    "name": "330ba9ae",
    "x": -14.604594230651855,
    "y": 37.35832214355469,
    "loudness": 0.99068403244,
    "raspiness": 0.0400251112878,
    "color": 5.61798095703,
    "location": 919.203552246,
    "stability": 0.57480609417,
    "tonality": 0.440164417028
}