{
    "name": "330ba9ae",
    "x": -8.702067375183105,
    "y": 29.874780654907227,
    "loudness": 0.99068403244,
    "raspiness": 0.0400251112878,
    "color": 5.61798095703,
    "location": 30.318369881080347,
    "stability": 0.57480609417,
    "tonality": 0.440164417028
}