{
    "name": "330f84e3",
    "x": 46.343013763427734,
    "y": -20.041196823120117,
    "loudness": 0.99068403244,
    "raspiness": 0.363743841648,
    "color": 222.181274414,
    "location": 4835.36523438,
    "stability": 0.667916476727,
    "tonality": 0.486205965281
}