{
    "name": "330f84e3",
    "x": 45.53584671020508,
    "y": -13.81648063659668,
    "loudness": 0.99068403244,
    "raspiness": 0.363743841648,
    "color": 222.181274414,
    "location": 69.53679050962879,
    "stability": 0.667916476727,
    "tonality": 0.486205965281
}