{
    "name": "331b3a0f",
    "x": 6.47887659072876,
    "y": 3.2662551403045654,
    "loudness": 0.233887672424,
    "raspiness": 0.19702398777,
    "color": 9.78400230408,
    "location": 2616.50585938,
    "stability": 0.657482862473,
    "tonality": 0.48203420639
}