{
    "name": "332cf451",
    "x": 30.62908935546875,
    "y": 21.709726333618164,
    "loudness": 0.99068403244,
    "raspiness": 0.165675312281,
    "color": 7.17758131027,
    "location": 45.069189159779654,
    "stability": 0.683106660843,
    "tonality": 0.4775185287
}