{
    "name": "332cf451",
    "x": 33.956275939941406,
    "y": 26.694074630737305,
    "loudness": 0.99068403244,
    "raspiness": 0.165675312281,
    "color": 7.17758131027,
    "location": 2031.23181152,
    "stability": 0.683106660843,
    "tonality": 0.4775185287
}