{
    "name": "332d14da",
    "x": -38.28949737548828,
    "y": 16.08863639831543,
    "loudness": 0.884692132473,
    "raspiness": 0.0416933484375,
    "color": 28.0348567963,
    "location": 31.550331232476783,
    "stability": 0.554674386978,
    "tonality": 0.331322669983
}