{
    "name": "332d14da",
    "x": -3.635812759399414,
    "y": 9.700573921203613,
    "loudness": 0.884692132473,
    "raspiness": 0.0416933484375,
    "color": 28.0348567963,
    "location": 995.423400879,
    "stability": 0.554674386978,
    "tonality": 0.331322669983
}