{
    "name": "3353c983",
    "x": 17.585559844970703,
    "y": 27.371248245239258,
    "loudness": 0.99068403244,
    "raspiness": 0.0987067967653,
    "color": 19.2086162567,
    "location": 46.80497634386754,
    "stability": 0.643775999546,
    "tonality": 0.455144703388
}