{
    "name": "3353c983",
    "x": 19.365259170532227,
    "y": 33.35361099243164,
    "loudness": 0.99068403244,
    "raspiness": 0.0987067967653,
    "color": 19.2086162567,
    "location": 2190.70581055,
    "stability": 0.643775999546,
    "tonality": 0.455144703388
}