{
    "name": "335ef9e4",
    "x": 18.588682174682617,
    "y": 21.113922119140625,
    "loudness": 0.898153483868,
    "raspiness": 0.143736690283,
    "color": 3.58280396461,
    "location": 2047.78588867,
    "stability": 0.554725527763,
    "tonality": 0.472745269537
}