{
    "name": "335ef9e4",
    "x": 19.292160034179688,
    "y": 15.474963188171387,
    "loudness": 0.898153483868,
    "raspiness": 0.143736690283,
    "color": 3.58280396461,
    "location": 45.25246831577257,
    "stability": 0.554725527763,
    "tonality": 0.472745269537
}