{
    "name": "335ef9e4",
    "x": 5.808609962463379,
    "y": 8.829806327819824,
    "loudness": 0.898153483868,
    "raspiness": 0.143736690283,
    "color": 3.58280396461,
    "location": 2047.78588867,
    "stability": 0.554725527763,
    "tonality": 0.472745269537
}