{
    "name": "336acd6b",
    "x": 21.56155776977539,
    "y": 7.240152359008789,
    "loudness": 0.610647141933,
    "raspiness": 0.138015642762,
    "color": 10.5686893463,
    "location": 2656.48657227,
    "stability": 0.587656199932,
    "tonality": 0.484939575195
}