{
    "name": "336acd6b",
    "x": 22.626903533935547,
    "y": 3.9408457279205322,
    "loudness": 0.610647141933,
    "raspiness": 0.138015642762,
    "color": 10.5686893463,
    "location": 51.54111535725629,
    "stability": 0.587656199932,
    "tonality": 0.484939575195
}