{
    "name": "336a39a7",
    "x": -25.545616149902344,
    "y": 4.9515790939331055,
    "loudness": 0.898243546486,
    "raspiness": 0.0437819957733,
    "color": 14.5264759064,
    "location": 34.74595827157455,
    "stability": 0.360273599625,
    "tonality": 0.368208944798
}