{
    "name": "336c4c47",
    "x": 3.0704710483551025,
    "y": 8.939940452575684,
    "loudness": 0.971620321274,
    "raspiness": 0.0641049519181,
    "color": 20.9769954681,
    "location": 1649.7130127,
    "stability": 0.522154867649,
    "tonality": 0.48269739747
}