{
    "name": "336c4c47",
    "x": 5.059154033660889,
    "y": 19.654136657714844,
    "loudness": 0.971620321274,
    "raspiness": 0.0641049519181,
    "color": 20.9769954681,
    "location": 40.61665930009508,
    "stability": 0.522154867649,
    "tonality": 0.48269739747
}