{
    "name": "337d994c",
    "x": 25.496639251708984,
    "y": -3.3037703037261963,
    "loudness": 0.623163223267,
    "raspiness": 0.185821682215,
    "color": 20.743473053,
    "location": 57.55231782569665,
    "stability": 0.531701564789,
    "tonality": 0.4888009727
}