{
    "name": "337d994c",
    "x": 25.682756423950195,
    "y": -3.483729124069214,
    "loudness": 0.623163223267,
    "raspiness": 0.185821682215,
    "color": 20.743473053,
    "location": 3312.26928711,
    "stability": 0.531701564789,
    "tonality": 0.4888009727
}