{
    "name": "3397dcf9",
    "x": 4.761096954345703,
    "y": 10.141267776489258,
    "loudness": 0.99068403244,
    "raspiness": 0.103550091386,
    "color": 29.0811157227,
    "location": 1656.12072754,
    "stability": 0.599426805973,
    "tonality": 0.477849990129
}