{
    "name": "339a95ff",
    "x": 7.926427841186523,
    "y": 8.4506196975708,
    "loudness": 0.99068403244,
    "raspiness": 0.220221623778,
    "color": 58.5259132385,
    "location": 2358.0871582,
    "stability": 0.622890651226,
    "tonality": 0.48166307807
}