{
    "name": "339b8f81",
    "x": 24.503450393676758,
    "y": 2.7448370456695557,
    "loudness": 0.814590096474,
    "raspiness": 0.149525508285,
    "color": 119.130683899,
    "location": 55.747871666190086,
    "stability": 0.506494402885,
    "tonality": 0.490931332111
}