{
    "name": "339b8f81",
    "x": 25.125303268432617,
    "y": 4.027706623077393,
    "loudness": 0.814590096474,
    "raspiness": 0.149525508285,
    "color": 119.130683899,
    "location": 3107.82519531,
    "stability": 0.506494402885,
    "tonality": 0.490931332111
}