{
    "name": "33a40fbe",
    "x": -1.409633994102478,
    "y": 7.361249923706055,
    "loudness": 0.815072059631,
    "raspiness": 0.0350991114974,
    "color": 12.3240938187,
    "location": 1269.15161133,
    "stability": 0.293488800526,
    "tonality": 0.421862185001
}