{
    "name": "33ae49c1",
    "x": -43.669315338134766,
    "y": 3.226686477661133,
    "loudness": 0.965167462826,
    "raspiness": 0.0141126243398,
    "color": 9.94480800629,
    "location": 322.418304443,
    "stability": 0.468421965837,
    "tonality": 0.332868427038
}