{
    "name": "33b2e95e",
    "x": -2.606288194656372,
    "y": 0.6242351531982422,
    "loudness": 0.932787775993,
    "raspiness": 0.031298391521,
    "color": 18.9938907623,
    "location": 1808.921875,
    "stability": 0.289099782705,
    "tonality": 0.48317861557
}