{
    "name": "33b21489",
    "x": 30.256498336791992,
    "y": -12.451192855834961,
    "loudness": 0.132333114743,
    "raspiness": 0.287378251553,
    "color": 244.364929199,
    "location": 66.20100266544307,
    "stability": 0.520459592342,
    "tonality": 0.495145976543
}