{
    "name": "33b21489",
    "x": 30.527896881103516,
    "y": -17.97100830078125,
    "loudness": 0.132333114743,
    "raspiness": 0.287378251553,
    "color": 244.364929199,
    "location": 4382.57275391,
    "stability": 0.520459592342,
    "tonality": 0.495145976543
}