{
    "name": "33b2e95e",
    "x": 1.1107853651046753,
    "y": 5.579988956451416,
    "loudness": 0.932787775993,
    "raspiness": 0.031298391521,
    "color": 18.9938907623,
    "location": 1808.921875,
    "stability": 0.289099782705,
    "tonality": 0.48317861557
}