{
    "name": "33b69f9a",
    "x": 3.466857671737671,
    "y": 1.9839696884155273,
    "loudness": 0.000525274139363,
    "raspiness": 0.0582570061088,
    "color": 77.3631057739,
    "location": 844.776062012,
    "stability": 0.630279958248,
    "tonality": 0.397029459476
}