{
    "name": "33b69f9a",
    "x": -0.91745924949646,
    "y": -24.31637191772461,
    "loudness": 0.000525274139363,
    "raspiness": 0.0582570061088,
    "color": 77.3631057739,
    "location": 29.065031601771913,
    "stability": 0.630279958248,
    "tonality": 0.397029459476
}