{
    "name": "33c062e8",
    "x": 20.831212997436523,
    "y": -1.1024291515350342,
    "loudness": 0.657801568508,
    "raspiness": 0.17307844758,
    "color": 17.9302330017,
    "location": 56.15184795979559,
    "stability": 0.432084530592,
    "tonality": 0.488498002291
}