{
    "name": "33c062e8",
    "x": 5.84232234954834,
    "y": 5.755098342895508,
    "loudness": 0.657801568508,
    "raspiness": 0.17307844758,
    "color": 17.9302330017,
    "location": 3153.0300293,
    "stability": 0.432084530592,
    "tonality": 0.488498002291
}