{
    "name": "33cdfcbc",
    "x": -1.1859906911849976,
    "y": 5.720907211303711,
    "loudness": 0.99068403244,
    "raspiness": 0.0541770234704,
    "color": 7.13941240311,
    "location": 576.681335449,
    "stability": 0.174041941762,
    "tonality": 0.413144499063
}