{
    "name": "33cdfcbc",
    "x": -19.062252044677734,
    "y": -5.951770782470703,
    "loudness": 0.99068403244,
    "raspiness": 0.0541770234704,
    "color": 7.13941240311,
    "location": 24.01419029342859,
    "stability": 0.174041941762,
    "tonality": 0.413144499063
}