{
    "name": "33d1cc84",
    "x": 8.976072311401367,
    "y": 9.032024383544922,
    "loudness": 0.969426393509,
    "raspiness": 0.227819368243,
    "color": 53.4777984619,
    "location": 2902.50048828,
    "stability": 0.720539450645,
    "tonality": 0.49169242382
}