{
    "name": "33d24d85",
    "x": 6.283629894256592,
    "y": 9.624842643737793,
    "loudness": 0.99068403244,
    "raspiness": 0.143609970808,
    "color": 20.9900341034,
    "location": 2028.64868164,
    "stability": 0.636986553669,
    "tonality": 0.485747426748
}