{
    "name": "33d24d85",
    "x": 25.150836944580078,
    "y": 21.991945266723633,
    "loudness": 0.99068403244,
    "raspiness": 0.143609970808,
    "color": 20.9900341034,
    "location": 45.040522661709865,
    "stability": 0.636986553669,
    "tonality": 0.485747426748
}