{
    "name": "33d54957",
    "x": 28.74249839782715,
    "y": -23.330856323242188,
    "loudness": 0.0860693752766,
    "raspiness": 0.270802140236,
    "color": 42.5062599182,
    "location": 3588.18164062,
    "stability": 0.70062315464,
    "tonality": 0.49427947402
}