{
    "name": "33d54957",
    "x": 28.144412994384766,
    "y": -16.95231056213379,
    "loudness": 0.0860693752766,
    "raspiness": 0.270802140236,
    "color": 42.5062599182,
    "location": 59.901432709243274,
    "stability": 0.70062315464,
    "tonality": 0.49427947402
}