{
    "name": "33d7ebe0",
    "x": -19.303089141845703,
    "y": 26.523744583129883,
    "loudness": 0.947107434273,
    "raspiness": 0.0528908744454,
    "color": 21.4937667847,
    "location": 35.18391272783628,
    "stability": 0.556297004223,
    "tonality": 0.399054318666
}