{
    "name": "33d7ebe0",
    "x": -0.9019730687141418,
    "y": 10.015847206115723,
    "loudness": 0.947107434273,
    "raspiness": 0.0528908744454,
    "color": 21.4937667847,
    "location": 1237.90771484,
    "stability": 0.556297004223,
    "tonality": 0.399054318666
}