{
    "name": "33d7ebe0",
    "x": -26.158687591552734,
    "y": 31.877473831176758,
    "loudness": 0.947107434273,
    "raspiness": 0.0528908744454,
    "color": 21.4937667847,
    "location": 1237.90771484,
    "stability": 0.556297004223,
    "tonality": 0.399054318666
}