{
    "name": "33dd544d",
    "x": 1.459387183189392,
    "y": -15.20548152923584,
    "loudness": 0.316926419735,
    "raspiness": 0.0464064739645,
    "color": 27.8827476501,
    "location": 1097.32275391,
    "stability": 0.486053913832,
    "tonality": 0.46844086051
}