{
    "name": "33dd544d",
    "x": 2.582658529281616,
    "y": -12.118062973022461,
    "loudness": 0.316926419735,
    "raspiness": 0.0464064739645,
    "color": 27.8827476501,
    "location": 33.12586231194594,
    "stability": 0.486053913832,
    "tonality": 0.46844086051
}