{
    "name": "33dd544d",
    "x": 4.037250518798828,
    "y": 2.986107587814331,
    "loudness": 0.316926419735,
    "raspiness": 0.0464064739645,
    "color": 27.8827476501,
    "location": 1097.32275391,
    "stability": 0.486053913832,
    "tonality": 0.46844086051
}