{
    "name": "33f31906",
    "x": -0.8773704767227173,
    "y": 8.880267143249512,
    "loudness": 0.99068403244,
    "raspiness": 0.0734598562121,
    "color": 41.1304588318,
    "location": 1595.15734863,
    "stability": 0.482771366835,
    "tonality": 0.395878016949
}