{
    "name": "33f5b8da",
    "x": 4.098317623138428,
    "y": 1.642301321029663,
    "loudness": 0.156949162483,
    "raspiness": 0.0189546309412,
    "color": 8.25510406494,
    "location": 671.493286133,
    "stability": 0.430408060551,
    "tonality": 0.473178118467
}