{
    "name": "33f5b8da",
    "x": -1.2666627168655396,
    "y": -18.136377334594727,
    "loudness": 0.156949162483,
    "raspiness": 0.0189546309412,
    "color": 8.25510406494,
    "location": 25.913187494652217,
    "stability": 0.430408060551,
    "tonality": 0.473178118467
}