{
    "name": "33f7555a",
    "x": -24.632495880126953,
    "y": -19.78342056274414,
    "loudness": 0.492345362902,
    "raspiness": 0.0614397339523,
    "color": 10.0826702118,
    "location": 1272.58947754,
    "stability": 0.280756473541,
    "tonality": 0.308077543974
}