{
    "name": "33f7555a",
    "x": -26.763471603393555,
    "y": -11.089298248291016,
    "loudness": 0.492345362902,
    "raspiness": 0.0614397339523,
    "color": 10.0826702118,
    "location": 35.67337210777809,
    "stability": 0.280756473541,
    "tonality": 0.308077543974
}