{
    "name": "33f89f08",
    "x": 33.76531219482422,
    "y": -20.350948333740234,
    "loudness": 0.0767327025533,
    "raspiness": 0.340575128794,
    "color": 368.701568604,
    "location": 4875.97949219,
    "stability": 0.489442795515,
    "tonality": 0.49790045619
}