{
    "name": "340c2dc4",
    "x": -0.7833300828933716,
    "y": 10.767961502075195,
    "loudness": 0.707890689373,
    "raspiness": 0.047217734158,
    "color": 35.4149017334,
    "location": 33.08882901327879,
    "stability": 0.508360087872,
    "tonality": 0.475991547108
}