{
    "name": "340c2dc4",
    "x": 2.663630962371826,
    "y": 5.828132152557373,
    "loudness": 0.707890689373,
    "raspiness": 0.047217734158,
    "color": 35.4149017334,
    "location": 1094.87060547,
    "stability": 0.508360087872,
    "tonality": 0.475991547108
}