{
    "name": "340c2dc4",
    "x": -1.5359318256378174,
    "y": 9.84782886505127,
    "loudness": 0.707890689373,
    "raspiness": 0.047217734158,
    "color": 35.4149017334,
    "location": 1094.87060547,
    "stability": 0.508360087872,
    "tonality": 0.475991547108
}