{
    "name": "342e412b",
    "x": 11.802778244018555,
    "y": -13.193495750427246,
    "loudness": 0.317172169685,
    "raspiness": 0.131959885359,
    "color": 19.2794837952,
    "location": 1765.86975098,
    "stability": 0.509052991867,
    "tonality": 0.463609874249
}