{
    "name": "342e412b",
    "x": 11.441497802734375,
    "y": -10.606087684631348,
    "loudness": 0.317172169685,
    "raspiness": 0.131959885359,
    "color": 19.2794837952,
    "location": 42.02225304502365,
    "stability": 0.509052991867,
    "tonality": 0.463609874249
}