{
    "name": "3444f2be",
    "x": -37.24864196777344,
    "y": 1.9453186988830566,
    "loudness": 0.982633590698,
    "raspiness": 0.0349335856736,
    "color": 33.8672103882,
    "location": 28.106338209717038,
    "stability": 0.398185491562,
    "tonality": 0.323659390211
}