{
    "name": "3457a86f",
    "x": 12.613819122314453,
    "y": 27.870485305786133,
    "loudness": 0.99068403244,
    "raspiness": 0.112182617188,
    "color": 5.41797780991,
    "location": 42.36958823071095,
    "stability": 0.625198841095,
    "tonality": 0.444638907909
}