{
    "name": "3457a86f",
    "x": 9.698115348815918,
    "y": 34.7684211730957,
    "loudness": 0.99068403244,
    "raspiness": 0.112182617188,
    "color": 5.41797780991,
    "location": 1795.18200684,
    "stability": 0.625198841095,
    "tonality": 0.444638907909
}