{
    "name": "3457a86f",
    "x": 4.186554431915283,
    "y": 10.292121887207031,
    "loudness": 0.99068403244,
    "raspiness": 0.112182617188,
    "color": 5.41797780991,
    "location": 1795.18200684,
    "stability": 0.625198841095,
    "tonality": 0.444638907909
}