{
    "name": "3464ede4",
    "x": 5.8653693199157715,
    "y": 2.225095748901367,
    "loudness": 0.158479183912,
    "raspiness": 0.17318148911,
    "color": 4.60893917084,
    "location": 1970.82141113,
    "stability": 0.475663661957,
    "tonality": 0.476236075163
}