{
    "name": "3464ede4",
    "x": 17.345237731933594,
    "y": -22.57891273498535,
    "loudness": 0.158479183912,
    "raspiness": 0.17318148911,
    "color": 4.60893917084,
    "location": 1970.82141113,
    "stability": 0.475663661957,
    "tonality": 0.476236075163
}