{
    "name": "3464ede4",
    "x": 14.947002410888672,
    "y": -13.398585319519043,
    "loudness": 0.158479183912,
    "raspiness": 0.17318148911,
    "color": 4.60893917084,
    "location": 44.393934395703205,
    "stability": 0.475663661957,
    "tonality": 0.476236075163
}