{
    "name": "346deed5",
    "x": 4.703965187072754,
    "y": 4.106722831726074,
    "loudness": 0.553638517857,
    "raspiness": 0.0817376002669,
    "color": 18.68318367,
    "location": 1286.57092285,
    "stability": 0.613264143467,
    "tonality": 0.470770269632
}