{
    "name": "3486d1db",
    "x": 24.865562438964844,
    "y": 27.143478393554688,
    "loudness": 0.99068403244,
    "raspiness": 0.107409514487,
    "color": 10.3000488281,
    "location": 47.12602576804032,
    "stability": 0.651846170425,
    "tonality": 0.483395248652
}