{
    "name": "3486d1db",
    "x": 6.290928840637207,
    "y": 10.427505493164062,
    "loudness": 0.99068403244,
    "raspiness": 0.107409514487,
    "color": 10.3000488281,
    "location": 2220.86230469,
    "stability": 0.651846170425,
    "tonality": 0.483395248652
}