{
    "name": "349ff282",
    "x": 28.01618003845215,
    "y": 28.05059814453125,
    "loudness": 0.962560594082,
    "raspiness": 0.113414764404,
    "color": 16.0186347961,
    "location": 46.73333541135278,
    "stability": 0.692576408386,
    "tonality": 0.48376467824
}