{
    "name": "349ff282",
    "x": 30.738964080810547,
    "y": 35.05403518676758,
    "loudness": 0.962560594082,
    "raspiness": 0.113414764404,
    "color": 16.0186347961,
    "location": 2184.00463867,
    "stability": 0.692576408386,
    "tonality": 0.48376467824
}