{
    "name": "34a1086e",
    "x": 46.936805725097656,
    "y": -7.80973482131958,
    "loudness": 0.99068403244,
    "raspiness": 0.293170809746,
    "color": 91.9285354614,
    "location": 66.78691263428786,
    "stability": 0.652991890907,
    "tonality": 0.487929522991
}