{
    "name": "34a1086e",
    "x": 10.629791259765625,
    "y": 7.597958564758301,
    "loudness": 0.99068403244,
    "raspiness": 0.293170809746,
    "color": 91.9285354614,
    "location": 4460.49169922,
    "stability": 0.652991890907,
    "tonality": 0.487929522991
}