{
    "name": "34a90030",
    "x": 7.496787071228027,
    "y": 3.293450355529785,
    "loudness": 0.22713367641,
    "raspiness": 0.37555244565,
    "color": 89.3114700317,
    "location": 3572.3137207,
    "stability": 0.626064300537,
    "tonality": 0.495377808809
}