{
    "name": "34a90030",
    "x": 30.42322540283203,
    "y": -11.816096305847168,
    "loudness": 0.22713367641,
    "raspiness": 0.37555244565,
    "color": 89.3114700317,
    "location": 59.76883569804585,
    "stability": 0.626064300537,
    "tonality": 0.495377808809
}