{
    "name": "34b2a4f7",
    "x": 34.15345764160156,
    "y": 19.52354621887207,
    "loudness": 0.99068403244,
    "raspiness": 0.1796875,
    "color": 2.88331365585,
    "location": 48.50829755454215,
    "stability": 0.694284796715,
    "tonality": 0.461070805788
}