{
    "name": "34b432be",
    "x": -0.7376914620399475,
    "y": 28.73506736755371,
    "loudness": 0.98450756073,
    "raspiness": 0.0603490099311,
    "color": 19.2418766022,
    "location": 1503.04150391,
    "stability": 0.523947417736,
    "tonality": 0.461779534817
}