{
    "name": "34b432be",
    "x": 2.6564459800720215,
    "y": 9.074091911315918,
    "loudness": 0.98450756073,
    "raspiness": 0.0603490099311,
    "color": 19.2418766022,
    "location": 1503.04150391,
    "stability": 0.523947417736,
    "tonality": 0.461779534817
}