{
    "name": "34bb94e8",
    "x": 33.60979461669922,
    "y": 35.6343879699707,
    "loudness": 0.945799529552,
    "raspiness": 0.111673057079,
    "color": 25.4700431824,
    "location": 45.47717383303409,
    "stability": 0.806168019772,
    "tonality": 0.486988037825
}