{
    "name": "34bb94e8",
    "x": 6.5338521003723145,
    "y": 12.009420394897461,
    "loudness": 0.945799529552,
    "raspiness": 0.111673057079,
    "color": 25.4700431824,
    "location": 2068.17333984,
    "stability": 0.806168019772,
    "tonality": 0.486988037825
}