{
    "name": "34c01286",
    "x": -16.809804916381836,
    "y": 10.335467338562012,
    "loudness": 0.975496530533,
    "raspiness": 0.049628585577,
    "color": 15.1682062149,
    "location": 31.74868699615781,
    "stability": 0.393041580915,
    "tonality": 0.419351041317
}