{
    "name": "34c01286",
    "x": -0.35521674156188965,
    "y": 8.040504455566406,
    "loudness": 0.975496530533,
    "raspiness": 0.049628585577,
    "color": 15.1682062149,
    "location": 1007.97912598,
    "stability": 0.393041580915,
    "tonality": 0.419351041317
}