{
    "name": "34c5db34",
    "x": 5.168537139892578,
    "y": 2.5952870845794678,
    "loudness": 0.00959712546319,
    "raspiness": 0.123303592205,
    "color": 5.14906311035,
    "location": 1407.41564941,
    "stability": 0.650503516197,
    "tonality": 0.45040845871
}