{
    "name": "34c5db34",
    "x": 12.183893203735352,
    "y": -22.536327362060547,
    "loudness": 0.00959712546319,
    "raspiness": 0.123303592205,
    "color": 5.14906311035,
    "location": 37.515538772753885,
    "stability": 0.650503516197,
    "tonality": 0.45040845871
}