{
    "name": "34d0a285",
    "x": 3.288405656814575,
    "y": 0.19627255201339722,
    "loudness": 0.000117588708235,
    "raspiness": 0.0350363366306,
    "color": 4.37066602707,
    "location": 416.325164795,
    "stability": 0.159838736057,
    "tonality": 0.409124523401
}