{
    "name": "34d3e8bc",
    "x": 3.4312217235565186,
    "y": 9.866869926452637,
    "loudness": 0.725387215614,
    "raspiness": 0.064768537879,
    "color": 18.0558338165,
    "location": 1471.09802246,
    "stability": 0.544848024845,
    "tonality": 0.462915837765
}