{
    "name": "34d3e8bc",
    "x": 4.85559606552124,
    "y": 19.071489334106445,
    "loudness": 0.725387215614,
    "raspiness": 0.064768537879,
    "color": 18.0558338165,
    "location": 1471.09802246,
    "stability": 0.544848024845,
    "tonality": 0.462915837765
}