{
    "name": "34dacafb",
    "x": -45.817771911621094,
    "y": 4.855902671813965,
    "loudness": 0.923428595066,
    "raspiness": 0.0119560612366,
    "color": 13.4341039658,
    "location": 417.744110107,
    "stability": 0.506624519825,
    "tonality": 0.326276242733
}