{
    "name": "34dacafb",
    "x": -38.317054748535156,
    "y": 10.82464599609375,
    "loudness": 0.923428595066,
    "raspiness": 0.0119560612366,
    "color": 13.4341039658,
    "location": 20.43878935032601,
    "stability": 0.506624519825,
    "tonality": 0.326276242733
}