{
    "name": "34dd9426",
    "x": -40.10885238647461,
    "y": -9.90566635131836,
    "loudness": 0.956868290901,
    "raspiness": 0.00984495691955,
    "color": 5.64480257034,
    "location": 14.74652627675413,
    "stability": 0.162721633911,
    "tonality": 0.195118948817
}