{
    "name": "34dd9426",
    "x": -5.038877964019775,
    "y": 7.2086615562438965,
    "loudness": 0.956868290901,
    "raspiness": 0.00984495691955,
    "color": 5.64480257034,
    "location": 217.460037231,
    "stability": 0.162721633911,
    "tonality": 0.195118948817
}