{
    "name": "34e4d187",
    "x": 2.311988353729248,
    "y": 5.271910667419434,
    "loudness": 0.637703835964,
    "raspiness": 0.0122533868998,
    "color": 4.54085206985,
    "location": 298.399658203,
    "stability": 0.524115502834,
    "tonality": 0.399772763252
}