{
    "name": "34e4d187",
    "x": -13.527539253234863,
    "y": 6.414957046508789,
    "loudness": 0.637703835964,
    "raspiness": 0.0122533868998,
    "color": 4.54085206985,
    "location": 17.274248412101755,
    "stability": 0.524115502834,
    "tonality": 0.399772763252
}