{
    "name": "34f10443",
    "x": 46.911376953125,
    "y": 11.021270751953125,
    "loudness": 0.99068403244,
    "raspiness": 0.188742890954,
    "color": 35.5913887024,
    "location": 62.97127204940361,
    "stability": 0.781565904617,
    "tonality": 0.496448397636
}