{
    "name": "34f10443",
    "x": 9.427804946899414,
    "y": 9.239791870117188,
    "loudness": 0.99068403244,
    "raspiness": 0.188742890954,
    "color": 35.5913887024,
    "location": 3965.38110352,
    "stability": 0.781565904617,
    "tonality": 0.496448397636
}