{
    "name": "3505e582",
    "x": -4.026839256286621,
    "y": 7.036059856414795,
    "loudness": 0.968342900276,
    "raspiness": 0.0452340841293,
    "color": 27.3741588593,
    "location": 1062.7355957,
    "stability": 0.252880811691,
    "tonality": 0.305736243725
}