{
    "name": "354bd271",
    "x": 51.44327163696289,
    "y": -7.18274450302124,
    "loudness": 0.99068403244,
    "raspiness": 0.38070243597,
    "color": 54.2933082581,
    "location": 66.8230997497123,
    "stability": 0.807199656963,
    "tonality": 0.496253162622
}