{
    "name": "354bd271",
    "x": 52.5142822265625,
    "y": -13.929102897644043,
    "loudness": 0.99068403244,
    "raspiness": 0.38070243597,
    "color": 54.2933082581,
    "location": 4465.32666016,
    "stability": 0.807199656963,
    "tonality": 0.496253162622
}