{
    "name": "354cabb9",
    "x": 0.2841329574584961,
    "y": 5.822140693664551,
    "loudness": 0.98342448473,
    "raspiness": 0.0176775101572,
    "color": 33.9154205322,
    "location": 1061.87438965,
    "stability": 0.269900947809,
    "tonality": 0.465788096189
}