{
    "name": "354c7009",
    "x": -0.6288347840309143,
    "y": 5.089992046356201,
    "loudness": 0.99068403244,
    "raspiness": 0.00365149462596,
    "color": 2.28965520859,
    "location": 70.7169570923,
    "stability": 0.0730476975441,
    "tonality": 0.425109833479
}