{
    "name": "354c7009",
    "x": -18.81100845336914,
    "y": -9.733527183532715,
    "loudness": 0.99068403244,
    "raspiness": 0.00365149462596,
    "color": 2.28965520859,
    "location": 8.409337494256013,
    "stability": 0.0730476975441,
    "tonality": 0.425109833479
}