{
    "name": "3564bae2",
    "x": -23.06781578063965,
    "y": 9.321586608886719,
    "loudness": 0.984647214413,
    "raspiness": 0.0141052603722,
    "color": 13.3204393387,
    "location": 18.172831384707226,
    "stability": 0.406076014042,
    "tonality": 0.399084061384
}