{
    "name": "3564bae2",
    "x": -27.899635314941406,
    "y": 9.209748268127441,
    "loudness": 0.984647214413,
    "raspiness": 0.0141052603722,
    "color": 13.3204393387,
    "location": 330.251800537,
    "stability": 0.406076014042,
    "tonality": 0.399084061384
}