{
    "name": "356f6f26",
    "x": 11.33747386932373,
    "y": 17.889328002929688,
    "loudness": 0.852139890194,
    "raspiness": 0.107005171478,
    "color": 23.4626941681,
    "location": 1929.31152344,
    "stability": 0.505087256432,
    "tonality": 0.477030515671
}