{
    "name": "356f6f26",
    "x": 11.195893287658691,
    "y": 13.236297607421875,
    "loudness": 0.852139890194,
    "raspiness": 0.107005171478,
    "color": 23.4626941681,
    "location": 43.92392882518594,
    "stability": 0.505087256432,
    "tonality": 0.477030515671
}