{
    "name": "357a5b9a",
    "x": -5.127181529998779,
    "y": 3.677786111831665,
    "loudness": 0.977704167366,
    "raspiness": 0.0351867675781,
    "color": 9.93155384064,
    "location": 38.70630411857996,
    "stability": 0.33863940835,
    "tonality": 0.477268725634
}