{
    "name": "357a5b9a",
    "x": -4.751160144805908,
    "y": 5.832014083862305,
    "loudness": 0.977704167366,
    "raspiness": 0.0351867675781,
    "color": 9.93155384064,
    "location": 1498.17797852,
    "stability": 0.33863940835,
    "tonality": 0.477268725634
}