{
    "name": "357f7e95",
    "x": 27.298328399658203,
    "y": -4.4409499168396,
    "loudness": 0.579908847809,
    "raspiness": 0.213549047709,
    "color": 21.681520462,
    "location": 3201.44628906,
    "stability": 0.582923829556,
    "tonality": 0.472178518772
}