{
    "name": "3586bc2d",
    "x": -30.79238510131836,
    "y": 3.6550490856170654,
    "loudness": 0.847649157047,
    "raspiness": 0.0145986611024,
    "color": 4.33718538284,
    "location": 22.14406785599701,
    "stability": 0.381916970015,
    "tonality": 0.35653346777
}