{
    "name": "3586bc2d",
    "x": -3.017965793609619,
    "y": 8.18106460571289,
    "loudness": 0.847649157047,
    "raspiness": 0.0145986611024,
    "color": 4.33718538284,
    "location": 490.359741211,
    "stability": 0.381916970015,
    "tonality": 0.35653346777
}