{
    "name": "3592e056",
    "x": -2.028625249862671,
    "y": 7.715816497802734,
    "loudness": 0.685799062252,
    "raspiness": 0.0242892801762,
    "color": 6.35047006607,
    "location": 808.731445312,
    "stability": 0.418222814798,
    "tonality": 0.424048453569
}