{
    "name": "35a38d01",
    "x": -1.1136093139648438,
    "y": 45.222373962402344,
    "loudness": 0.99068403244,
    "raspiness": 0.0618551000953,
    "color": 5.93584871292,
    "location": 1161.84936523,
    "stability": 0.60997992754,
    "tonality": 0.463798761368
}