{
    "name": "35a38d01",
    "x": 2.281015634536743,
    "y": 10.355997085571289,
    "loudness": 0.99068403244,
    "raspiness": 0.0618551000953,
    "color": 5.93584871292,
    "location": 1161.84936523,
    "stability": 0.60997992754,
    "tonality": 0.463798761368
}