{
    "name": "35accc11",
    "x": 21.25385093688965,
    "y": 41.962188720703125,
    "loudness": 0.99068403244,
    "raspiness": 0.0840608552098,
    "color": 27.0218276978,
    "location": 38.71375257799223,
    "stability": 0.787652611732,
    "tonality": 0.475733339787
}