{
    "name": "35accc11",
    "x": 5.121593475341797,
    "y": 12.16907024383545,
    "loudness": 0.99068403244,
    "raspiness": 0.0840608552098,
    "color": 27.0218276978,
    "location": 1498.75463867,
    "stability": 0.787652611732,
    "tonality": 0.475733339787
}