{
    "name": "35ad5cd8",
    "x": 24.03594398498535,
    "y": 17.344377517700195,
    "loudness": 0.941487967968,
    "raspiness": 0.144465953112,
    "color": 26.381652832,
    "location": 2469.47583008,
    "stability": 0.551306247711,
    "tonality": 0.479242235422
}