{
    "name": "35ad5cd8",
    "x": 23.71023178100586,
    "y": 12.141393661499023,
    "loudness": 0.941487967968,
    "raspiness": 0.144465953112,
    "color": 26.381652832,
    "location": 49.69382084404458,
    "stability": 0.551306247711,
    "tonality": 0.479242235422
}