{
    "name": "35bd35da",
    "x": -1.0250239372253418,
    "y": 9.453402519226074,
    "loudness": 0.83851224184,
    "raspiness": 0.0430343411863,
    "color": 13.2200813293,
    "location": 898.309265137,
    "stability": 0.540362656116,
    "tonality": 0.415760457516
}