{
    "name": "35d75ab7",
    "x": -29.605789184570312,
    "y": 20.087114334106445,
    "loudness": 0.986712038517,
    "raspiness": 0.0154111962765,
    "color": 4.89607477188,
    "location": 17.744033025442665,
    "stability": 0.534027218819,
    "tonality": 0.377232342958
}