{
    "name": "35d75ab7",
    "x": -37.215675354003906,
    "y": 19.87539291381836,
    "loudness": 0.986712038517,
    "raspiness": 0.0154111962765,
    "color": 4.89607477188,
    "location": 314.850708008,
    "stability": 0.534027218819,
    "tonality": 0.377232342958
}