{
    "name": "35d7ac24",
    "x": 6.92223596572876,
    "y": 6.756472110748291,
    "loudness": 0.988898992538,
    "raspiness": 0.155930995941,
    "color": 41.9200363159,
    "location": 2636.99267578,
    "stability": 0.225485235453,
    "tonality": 0.4757373631
}