{
    "name": "35d7ac24",
    "x": 10.6785249710083,
    "y": 0.7956440448760986,
    "loudness": 0.988898992538,
    "raspiness": 0.155930995941,
    "color": 41.9200363159,
    "location": 2636.99267578,
    "stability": 0.225485235453,
    "tonality": 0.4757373631
}