{
    "name": "35e0b4ea",
    "x": 5.218024253845215,
    "y": 8.118022918701172,
    "loudness": 0.99068403244,
    "raspiness": 0.18896484375,
    "color": 7.62139797211,
    "location": 2314.02758789,
    "stability": 0.52616584301,
    "tonality": 0.4272377491
}