{
    "name": "35e97db3",
    "x": 14.050869941711426,
    "y": 2.1906824111938477,
    "loudness": 0.977175295353,
    "raspiness": 0.146277800202,
    "color": 20.7233047485,
    "location": 3111.79785156,
    "stability": 0.248169317842,
    "tonality": 0.499518930912
}