{
    "name": "35f0e452",
    "x": -19.62689971923828,
    "y": 4.2406721115112305,
    "loudness": 0.99068403244,
    "raspiness": 0.0287334732711,
    "color": 7.84863758087,
    "location": 33.17300288065583,
    "stability": 0.340146690607,
    "tonality": 0.40170404315
}