{
    "name": "35f0e452",
    "x": -1.6119635105133057,
    "y": 6.92034387588501,
    "loudness": 0.99068403244,
    "raspiness": 0.0287334732711,
    "color": 7.84863758087,
    "location": 1100.44812012,
    "stability": 0.340146690607,
    "tonality": 0.40170404315
}