{
    "name": "35f05c5d",
    "x": 3.9145896434783936,
    "y": 8.752622604370117,
    "loudness": 0.880983769894,
    "raspiness": 0.0862456858158,
    "color": 16.8735275269,
    "location": 1954.52587891,
    "stability": 0.540254175663,
    "tonality": 0.445404589176
}