{
    "name": "35f0e452",
    "x": -22.174114227294922,
    "y": 4.526852607727051,
    "loudness": 0.99068403244,
    "raspiness": 0.0287334732711,
    "color": 7.84863758087,
    "location": 1100.44812012,
    "stability": 0.340146690607,
    "tonality": 0.40170404315
}