{
    "name": "35f05c5d",
    "x": 6.665523529052734,
    "y": 19.77027702331543,
    "loudness": 0.880983769894,
    "raspiness": 0.0862456858158,
    "color": 16.8735275269,
    "location": 44.21002011885993,
    "stability": 0.540254175663,
    "tonality": 0.445404589176
}