{
    "name": "35f2639c",
    "x": 1.755218505859375,
    "y": 7.6751532554626465,
    "loudness": 0.99068403244,
    "raspiness": 0.0397338867188,
    "color": 17.482219696,
    "location": 1353.67358398,
    "stability": 0.463132530451,
    "tonality": 0.485052168369
}