{
    "name": "35f2639c",
    "x": -1.3292582035064697,
    "y": 14.803840637207031,
    "loudness": 0.99068403244,
    "raspiness": 0.0397338867188,
    "color": 17.482219696,
    "location": 36.792303325288024,
    "stability": 0.463132530451,
    "tonality": 0.485052168369
}