{
    "name": "35f2639c",
    "x": -3.8801653385162354,
    "y": 21.17397117614746,
    "loudness": 0.99068403244,
    "raspiness": 0.0397338867188,
    "color": 17.482219696,
    "location": 1353.67358398,
    "stability": 0.463132530451,
    "tonality": 0.485052168369
}