{
    "name": "35f589b8",
    "x": -3.8456313610076904,
    "y": -16.85856056213379,
    "loudness": 0.0579361282289,
    "raspiness": 0.0664733201265,
    "color": 51.1814842224,
    "location": 37.88715029175459,
    "stability": 0.0485440343618,
    "tonality": 0.471411436796
}