{
    "name": "35f589b8",
    "x": 3.680835008621216,
    "y": -33.95909118652344,
    "loudness": 0.0579361282289,
    "raspiness": 0.0664733201265,
    "color": 51.1814842224,
    "location": 1435.43615723,
    "stability": 0.0485440343618,
    "tonality": 0.471411436796
}