{
    "name": "35f6b357",
    "x": -12.779107093811035,
    "y": 18.185489654541016,
    "loudness": 0.99068403244,
    "raspiness": 0.0221929773688,
    "color": 9.71883296967,
    "location": 616.450439453,
    "stability": 0.448930174112,
    "tonality": 0.463696926832
}