{
    "name": "35fb9b2e",
    "x": -5.362577438354492,
    "y": 49.742122650146484,
    "loudness": 0.959177017212,
    "raspiness": 0.0321693234146,
    "color": 15.2359390259,
    "location": 723.131530762,
    "stability": 0.666509449482,
    "tonality": 0.46487608552
}