{
    "name": "35fb9b2e",
    "x": -1.2607226371765137,
    "y": 38.638484954833984,
    "loudness": 0.959177017212,
    "raspiness": 0.0321693234146,
    "color": 15.2359390259,
    "location": 26.891105049104993,
    "stability": 0.666509449482,
    "tonality": 0.46487608552
}