{
    "name": "35fd6638",
    "x": 7.122160911560059,
    "y": 6.946442127227783,
    "loudness": 0.848531126976,
    "raspiness": 0.147268742323,
    "color": 42.2677459717,
    "location": 3546.125,
    "stability": 0.339175462723,
    "tonality": 0.488614886999
}