{
    "name": "3600d08e",
    "x": 11.9472074508667,
    "y": -14.763501167297363,
    "loudness": 0.00286910776049,
    "raspiness": 0.168706819415,
    "color": 21.1630363464,
    "location": 51.21851643478167,
    "stability": 0.369792729616,
    "tonality": 0.43486264348
}