{
    "name": "3600d08e",
    "x": 5.967024803161621,
    "y": 2.1389009952545166,
    "loudness": 0.00286910776049,
    "raspiness": 0.168706819415,
    "color": 21.1630363464,
    "location": 2623.33642578,
    "stability": 0.369792729616,
    "tonality": 0.43486264348
}