{
    "name": "3601d225",
    "x": -25.984132766723633,
    "y": -19.041053771972656,
    "loudness": 0.00208820286207,
    "raspiness": 0.0189416278154,
    "color": 3.15067315102,
    "location": 15.747493483884982,
    "stability": 0.499218821526,
    "tonality": 0.20333096385
}