{
    "name": "3601d225",
    "x": 1.5835093259811401,
    "y": 0.5350108742713928,
    "loudness": 0.00208820286207,
    "raspiness": 0.0189416278154,
    "color": 3.15067315102,
    "location": 247.983551025,
    "stability": 0.499218821526,
    "tonality": 0.20333096385
}