{
    "name": "3618cb03",
    "x": -17.088565826416016,
    "y": 18.316001892089844,
    "loudness": 0.971886456013,
    "raspiness": 0.0192619916052,
    "color": 6.42581653595,
    "location": 20.99846025907614,
    "stability": 0.477085590363,
    "tonality": 0.427548795938
}