{
    "name": "3618cb03",
    "x": -23.529356002807617,
    "y": 20.72201919555664,
    "loudness": 0.971886456013,
    "raspiness": 0.0192619916052,
    "color": 6.42581653595,
    "location": 440.935333252,
    "stability": 0.477085590363,
    "tonality": 0.427548795938
}