{
    "name": "3623e99e",
    "x": 35.99828338623047,
    "y": 17.162858963012695,
    "loudness": 0.707682728767,
    "raspiness": 0.148660168052,
    "color": 16.7834796906,
    "location": 57.35767669780567,
    "stability": 0.766363561153,
    "tonality": 0.479841470718
}