{
    "name": "3623e99e",
    "x": 8.02336311340332,
    "y": 9.686075210571289,
    "loudness": 0.707682728767,
    "raspiness": 0.148660168052,
    "color": 16.7834796906,
    "location": 3289.90307617,
    "stability": 0.766363561153,
    "tonality": 0.479841470718
}