{
    "name": "3626eabd",
    "x": 44.25082778930664,
    "y": 10.792060852050781,
    "loudness": 0.981757640839,
    "raspiness": 0.224629566073,
    "color": 88.4437103271,
    "location": 54.50750736715081,
    "stability": 0.757949948311,
    "tonality": 0.490345716476
}