{
    "name": "3626eabd",
    "x": 8.916316986083984,
    "y": 9.1741943359375,
    "loudness": 0.981757640839,
    "raspiness": 0.224629566073,
    "color": 88.4437103271,
    "location": 2971.06835938,
    "stability": 0.757949948311,
    "tonality": 0.490345716476
}