{
    "name": "363c41b3",
    "x": -8.000728607177734,
    "y": -3.3064372539520264,
    "loudness": 0.99068403244,
    "raspiness": 0.085885182023,
    "color": 3.96713876724,
    "location": 1093.79211426,
    "stability": 0.210445061326,
    "tonality": 0.452821463346
}