{
    "name": "363c41b3",
    "x": 0.6435061693191528,
    "y": 5.227538585662842,
    "loudness": 0.99068403244,
    "raspiness": 0.085885182023,
    "color": 3.96713876724,
    "location": 1093.79211426,
    "stability": 0.210445061326,
    "tonality": 0.452821463346
}