{
    "name": "3640c702",
    "x": 4.026891708374023,
    "y": -6.193885803222656,
    "loudness": 0.567587018013,
    "raspiness": 0.067047573626,
    "color": 14.1937179565,
    "location": 1735.8248291,
    "stability": 0.375848025084,
    "tonality": 0.459860563278
}