{
    "name": "3640c702",
    "x": 4.176823616027832,
    "y": -3.3987197875976562,
    "loudness": 0.567587018013,
    "raspiness": 0.067047573626,
    "color": 14.1937179565,
    "location": 41.663231140899285,
    "stability": 0.375848025084,
    "tonality": 0.459860563278
}