{
    "name": "3649d60c",
    "x": -22.550182342529297,
    "y": 28.13205909729004,
    "loudness": 0.975024998188,
    "raspiness": 0.0577134937048,
    "color": 32.7754135132,
    "location": 34.342767203299154,
    "stability": 0.574038147926,
    "tonality": 0.389483004808
}