{
    "name": "3649d60c",
    "x": -29.95748519897461,
    "y": 31.501251220703125,
    "loudness": 0.975024998188,
    "raspiness": 0.0577134937048,
    "color": 32.7754135132,
    "location": 1179.42565918,
    "stability": 0.574038147926,
    "tonality": 0.389483004808
}