{
    "name": "3650faee",
    "x": 3.241342782974243,
    "y": 11.155112266540527,
    "loudness": 0.675819337368,
    "raspiness": 0.0653889998794,
    "color": 11.2914047241,
    "location": 1142.73413086,
    "stability": 0.677679955959,
    "tonality": 0.474327772856
}