{
    "name": "3650faee",
    "x": 5.989719390869141,
    "y": 21.703245162963867,
    "loudness": 0.675819337368,
    "raspiness": 0.0653889998794,
    "color": 11.2914047241,
    "location": 33.804350768207335,
    "stability": 0.677679955959,
    "tonality": 0.474327772856
}