{
    "name": "365bee4a",
    "x": 42.305755615234375,
    "y": -17.723758697509766,
    "loudness": 0.987487137318,
    "raspiness": 0.39907130599,
    "color": 397.024963379,
    "location": 74.41034480540995,
    "stability": 0.397300153971,
    "tonality": 0.497965574265
}