{
    "name": "365d9809",
    "x": 9.918545722961426,
    "y": 17.97576332092285,
    "loudness": 0.99068403244,
    "raspiness": 0.0654296875,
    "color": 27.2419509888,
    "location": 45.54753430055243,
    "stability": 0.517955064774,
    "tonality": 0.485700458288
}