{
    "name": "365d9809",
    "x": 3.4923665523529053,
    "y": 8.903651237487793,
    "loudness": 0.99068403244,
    "raspiness": 0.0654296875,
    "color": 27.2419509888,
    "location": 2074.57788086,
    "stability": 0.517955064774,
    "tonality": 0.485700458288
}