{
    "name": "3662e614",
    "x": -18.948673248291016,
    "y": 12.71148681640625,
    "loudness": 0.792522907257,
    "raspiness": 0.0459992289543,
    "color": 30.6937923431,
    "location": 38.79995362587435,
    "stability": 0.447307169437,
    "tonality": 0.399298071861
}