{
    "name": "3662e614",
    "x": -1.4789255857467651,
    "y": 8.566718101501465,
    "loudness": 0.792522907257,
    "raspiness": 0.0459992289543,
    "color": 30.6937923431,
    "location": 1505.43640137,
    "stability": 0.447307169437,
    "tonality": 0.399298071861
}