{
    "name": "3662e614",
    "x": -22.035667419433594,
    "y": 11.734028816223145,
    "loudness": 0.792522907257,
    "raspiness": 0.0459992289543,
    "color": 30.6937923431,
    "location": 1505.43640137,
    "stability": 0.447307169437,
    "tonality": 0.399298071861
}