{
    "name": "366a5492",
    "x": 6.245199680328369,
    "y": -15.580769538879395,
    "loudness": 0.263875573874,
    "raspiness": 0.0731670707464,
    "color": 16.2695560455,
    "location": 1461.77856445,
    "stability": 0.513818502426,
    "tonality": 0.463131844997
}