{
    "name": "366a5492",
    "x": 6.323129177093506,
    "y": -13.776018142700195,
    "loudness": 0.263875573874,
    "raspiness": 0.0731670707464,
    "color": 16.2695560455,
    "location": 38.23321284498597,
    "stability": 0.513818502426,
    "tonality": 0.463131844997
}