{
    "name": "366a5492",
    "x": 4.459687232971191,
    "y": 3.133741855621338,
    "loudness": 0.263875573874,
    "raspiness": 0.0731670707464,
    "color": 16.2695560455,
    "location": 1461.77856445,
    "stability": 0.513818502426,
    "tonality": 0.463131844997
}