{
    "name": "3679b950",
    "x": 50.92595291137695,
    "y": 12.897727012634277,
    "loudness": 0.99068403244,
    "raspiness": 0.208305031061,
    "color": 9.56848907471,
    "location": 3216.05883789,
    "stability": 0.729117572308,
    "tonality": 0.488132655621
}