{
    "name": "367ad7b1",
    "x": -28.74284553527832,
    "y": -33.88408660888672,
    "loudness": 0.0842695981264,
    "raspiness": 0.0127039542422,
    "color": 6.2877573967,
    "location": 315.042663574,
    "stability": 0.341245532036,
    "tonality": 0.1327906847
}