{
    "name": "367e990f",
    "x": 13.912657737731934,
    "y": -19.434907913208008,
    "loudness": 0.14688962698,
    "raspiness": 0.11549936235,
    "color": 8.12784099579,
    "location": 1762.1159668,
    "stability": 0.577355384827,
    "tonality": 0.474134296179
}