{
    "name": "368b7628",
    "x": -13.709692001342773,
    "y": 26.1699161529541,
    "loudness": 0.99068403244,
    "raspiness": 0.040488589555,
    "color": 18.5913543701,
    "location": 23.943092270632047,
    "stability": 0.540210008621,
    "tonality": 0.43848374486
}