{
    "name": "368b7628",
    "x": 1.0191179513931274,
    "y": 9.3522310256958,
    "loudness": 0.99068403244,
    "raspiness": 0.040488589555,
    "color": 18.5913543701,
    "location": 573.27166748,
    "stability": 0.540210008621,
    "tonality": 0.43848374486
}