{
    "name": "368b7628",
    "x": -21.61261558532715,
    "y": 31.93202018737793,
    "loudness": 0.99068403244,
    "raspiness": 0.040488589555,
    "color": 18.5913543701,
    "location": 573.27166748,
    "stability": 0.540210008621,
    "tonality": 0.43848374486
}