{
    "name": "368d4b71",
    "x": -4.634099960327148,
    "y": 10.945022583007812,
    "loudness": 0.739199280739,
    "raspiness": 0.0426601395011,
    "color": 7.31154966354,
    "location": 1122.49768066,
    "stability": 0.498067289591,
    "tonality": 0.457829684019
}