{
    "name": "368de55c",
    "x": -20.759777069091797,
    "y": 45.59328079223633,
    "loudness": 0.902080059052,
    "raspiness": 0.059814453125,
    "color": 15.7836065292,
    "location": 1063.19946289,
    "stability": 0.780277729034,
    "tonality": 0.382784068584
}