{
    "name": "368de55c",
    "x": -0.12581905722618103,
    "y": 11.421577453613281,
    "loudness": 0.902080059052,
    "raspiness": 0.059814453125,
    "color": 15.7836065292,
    "location": 1063.19946289,
    "stability": 0.780277729034,
    "tonality": 0.382784068584
}