{
    "name": "36af0778",
    "x": 7.2248125076293945,
    "y": 10.187621116638184,
    "loudness": 0.906220197678,
    "raspiness": 0.156387627125,
    "color": 14.8618803024,
    "location": 2265.91601562,
    "stability": 0.675333201885,
    "tonality": 0.487910926342
}