{
    "name": "36af0778",
    "x": 30.800832748413086,
    "y": 20.368207931518555,
    "loudness": 0.906220197678,
    "raspiness": 0.156387627125,
    "color": 14.8618803024,
    "location": 47.601638791327346,
    "stability": 0.675333201885,
    "tonality": 0.487910926342
}