{
    "name": "36b3f8ec",
    "x": 8.765046119689941,
    "y": 9.541670799255371,
    "loudness": 0.99068403244,
    "raspiness": 0.173427730799,
    "color": 101.134628296,
    "location": 3278.02709961,
    "stability": 0.739316225052,
    "tonality": 0.48101875186
}