{
    "name": "36b9767a",
    "x": -0.429421067237854,
    "y": 10.356431007385254,
    "loudness": 0.988106012344,
    "raspiness": 0.0697086676955,
    "color": 15.1983327866,
    "location": 1320.87243652,
    "stability": 0.611760377884,
    "tonality": 0.400742828846
}