{
    "name": "36b9767a",
    "x": -22.22151756286621,
    "y": 35.385684967041016,
    "loudness": 0.988106012344,
    "raspiness": 0.0697086676955,
    "color": 15.1983327866,
    "location": 1320.87243652,
    "stability": 0.611760377884,
    "tonality": 0.400742828846
}