{
    "name": "36ba581c",
    "x": -16.42572021484375,
    "y": -2.1881861686706543,
    "loudness": 0.930335402489,
    "raspiness": 0.0164614822716,
    "color": 4.14893484116,
    "location": 605.491088867,
    "stability": 0.281270980835,
    "tonality": 0.444545537233
}