{
    "name": "36bdf504",
    "x": 3.430544376373291,
    "y": 1.2799935340881348,
    "loudness": 0.00138612743467,
    "raspiness": 0.0227546226233,
    "color": 3.17278003693,
    "location": 307.541351318,
    "stability": 0.411663323641,
    "tonality": 0.410644114017
}