{
    "name": "36c81c76",
    "x": 22.49010467529297,
    "y": -0.25285735726356506,
    "loudness": 0.657801568508,
    "raspiness": 0.187201142311,
    "color": 20.0864620209,
    "location": 51.69299774263435,
    "stability": 0.524841487408,
    "tonality": 0.477574765682
}