{
    "name": "36ccf0c8",
    "x": -30.279193878173828,
    "y": 13.019339561462402,
    "loudness": 0.931615889072,
    "raspiness": 0.0673724263906,
    "color": 8.30154800415,
    "location": 1067.39331055,
    "stability": 0.451687276363,
    "tonality": 0.372689962387
}