{
    "name": "36ccf0c8",
    "x": -1.9633933305740356,
    "y": 8.767004013061523,
    "loudness": 0.931615889072,
    "raspiness": 0.0673724263906,
    "color": 8.30154800415,
    "location": 1067.39331055,
    "stability": 0.451687276363,
    "tonality": 0.372689962387
}