{
    "name": "36d06cc0",
    "x": -4.823351860046387,
    "y": 37.957923889160156,
    "loudness": 0.99068403244,
    "raspiness": 0.0441406257451,
    "color": 11.3440523148,
    "location": 1150.70812988,
    "stability": 0.560751795769,
    "tonality": 0.466110050678
}