{
    "name": "36d2468c",
    "x": 10.86094856262207,
    "y": 16.582294464111328,
    "loudness": 0.99068403244,
    "raspiness": 0.165656596422,
    "color": 6.63574838638,
    "location": 34.40434294504111,
    "stability": 0.490630537271,
    "tonality": 0.430853545666
}