{
    "name": "36d20ab5",
    "x": -42.34721374511719,
    "y": 8.102364540100098,
    "loudness": 0.921788752079,
    "raspiness": 0.0270319841802,
    "color": 11.9451799393,
    "location": 25.179694771958612,
    "stability": 0.504011869431,
    "tonality": 0.302854657173
}