{
    "name": "36d2468c",
    "x": 4.8502726554870605,
    "y": 8.238277435302734,
    "loudness": 0.99068403244,
    "raspiness": 0.165656596422,
    "color": 6.63574838638,
    "location": 1183.65881348,
    "stability": 0.490630537271,
    "tonality": 0.430853545666
}