{
    "name": "36d20ab5",
    "x": -48.338050842285156,
    "y": 0.8744820952415466,
    "loudness": 0.921788752079,
    "raspiness": 0.0270319841802,
    "color": 11.9451799393,
    "location": 634.017028809,
    "stability": 0.504011869431,
    "tonality": 0.302854657173
}