{
    "name": "36defe49",
    "x": -44.242244720458984,
    "y": -0.7143864035606384,
    "loudness": 0.887953400612,
    "raspiness": 0.0372221618891,
    "color": 16.2591648102,
    "location": 668.72277832,
    "stability": 0.46288818121,
    "tonality": 0.314418792725
}