{
    "name": "36e38450",
    "x": 41.69309616088867,
    "y": -3.410548210144043,
    "loudness": 0.99068403244,
    "raspiness": 0.345683842897,
    "color": 8.85143375397,
    "location": 3070.84301758,
    "stability": 0.541483104229,
    "tonality": 0.482514768839
}