{
    "name": "36e38450",
    "x": 40.19123840332031,
    "y": -1.376754641532898,
    "loudness": 0.99068403244,
    "raspiness": 0.345683842897,
    "color": 8.85143375397,
    "location": 55.41518760755033,
    "stability": 0.541483104229,
    "tonality": 0.482514768839
}