{
    "name": "36f0d419",
    "x": 8.807470321655273,
    "y": 8.99582290649414,
    "loudness": 0.99068403244,
    "raspiness": 0.201629638672,
    "color": 40.2260894775,
    "location": 3068.05639648,
    "stability": 0.714555323124,
    "tonality": 0.472084760666
}