{
    "name": "36f96922",
    "x": 5.13547420501709,
    "y": 2.610642433166504,
    "loudness": 0.0428648106754,
    "raspiness": 0.115767300129,
    "color": 93.1991348267,
    "location": 1359.63378906,
    "stability": 0.651770293713,
    "tonality": 0.483395695686
}