{
    "name": "36f96922",
    "x": 14.801270484924316,
    "y": -22.211830139160156,
    "loudness": 0.0428648106754,
    "raspiness": 0.115767300129,
    "color": 93.1991348267,
    "location": 36.87321235070251,
    "stability": 0.651770293713,
    "tonality": 0.483395695686
}