{
    "name": "3707da71",
    "x": -2.309208869934082,
    "y": 7.531683444976807,
    "loudness": 0.93008685112,
    "raspiness": 0.043861169368,
    "color": 12.8786230087,
    "location": 1106.04296875,
    "stability": 0.372489988804,
    "tonality": 0.374477177858
}