{
    "name": "3731f5d2",
    "x": 9.743051528930664,
    "y": 20.26786231994629,
    "loudness": 0.99068403244,
    "raspiness": 0.158543631434,
    "color": 2.97180867195,
    "location": 2132.39526367,
    "stability": 0.584544181824,
    "tonality": 0.430425405502
}