{
    "name": "373a3df7",
    "x": 29.90273094177246,
    "y": 49.59592056274414,
    "loudness": 0.977899312973,
    "raspiness": 0.0886024087667,
    "color": 12.9432830811,
    "location": 1818.75842285,
    "stability": 0.783438622952,
    "tonality": 0.486461669207
}