{
    "name": "373a3df7",
    "x": 27.179893493652344,
    "y": 40.61539840698242,
    "loudness": 0.977899312973,
    "raspiness": 0.0886024087667,
    "color": 12.9432830811,
    "location": 42.6469040242079,
    "stability": 0.783438622952,
    "tonality": 0.486461669207
}