{
    "name": "373f60bf",
    "x": -7.692091464996338,
    "y": -25.608402252197266,
    "loudness": 0.00414972333238,
    "raspiness": 0.00544971553609,
    "color": 9.8490114212,
    "location": 12.228473667510594,
    "stability": 0.11284545064,
    "tonality": 0.446466773748
}