{
    "name": "373f60bf",
    "x": -1.9613910913467407,
    "y": -40.611637115478516,
    "loudness": 0.00414972333238,
    "raspiness": 0.00544971553609,
    "color": 9.8490114212,
    "location": 149.535568237,
    "stability": 0.11284545064,
    "tonality": 0.446466773748
}