{
    "name": "373f60bf",
    "x": 3.4638569355010986,
    "y": 0.26253873109817505,
    "loudness": 0.00414972333238,
    "raspiness": 0.00544971553609,
    "color": 9.8490114212,
    "location": 149.535568237,
    "stability": 0.11284545064,
    "tonality": 0.446466773748
}