{
    "name": "374f172c",
    "x": -0.6026330590248108,
    "y": 6.695685386657715,
    "loudness": 0.99068403244,
    "raspiness": 0.012383944355,
    "color": 11.5528078079,
    "location": 275.532623291,
    "stability": 0.324879467487,
    "tonality": 0.426072478294
}