{
    "name": "374f172c",
    "x": -21.526077270507812,
    "y": 3.6255581378936768,
    "loudness": 0.99068403244,
    "raspiness": 0.012383944355,
    "color": 11.5528078079,
    "location": 275.532623291,
    "stability": 0.324879467487,
    "tonality": 0.426072478294
}