{
    "name": "374f172c",
    "x": -17.51068878173828,
    "y": 4.099514007568359,
    "loudness": 0.99068403244,
    "raspiness": 0.012383944355,
    "color": 11.5528078079,
    "location": 16.599175379849445,
    "stability": 0.324879467487,
    "tonality": 0.426072478294
}