{
    "name": "375bfb8e",
    "x": 15.91822624206543,
    "y": 26.93081283569336,
    "loudness": 0.99068403244,
    "raspiness": 0.102526545525,
    "color": 10.8584079742,
    "location": 2239.80981445,
    "stability": 0.565480709076,
    "tonality": 0.460798799992
}