{
    "name": "375bfb8e",
    "x": 15.929398536682129,
    "y": 20.203454971313477,
    "loudness": 0.99068403244,
    "raspiness": 0.102526545525,
    "color": 10.8584079742,
    "location": 47.32662902056304,
    "stability": 0.565480709076,
    "tonality": 0.460798799992
}