{
    "name": "3769aa70",
    "x": 1.2098747491836548,
    "y": 23.83367347717285,
    "loudness": 0.99068403244,
    "raspiness": 0.0782859101892,
    "color": 38.8820343018,
    "location": 32.1974973097289,
    "stability": 0.535021483898,
    "tonality": 0.482721894979
}