{
    "name": "3769aa70",
    "x": 2.2706639766693115,
    "y": 9.229279518127441,
    "loudness": 0.99068403244,
    "raspiness": 0.0782859101892,
    "color": 38.8820343018,
    "location": 1036.67883301,
    "stability": 0.535021483898,
    "tonality": 0.482721894979
}