{
    "name": "376dab91",
    "x": -12.081860542297363,
    "y": 21.241498947143555,
    "loudness": 0.99068403244,
    "raspiness": 0.0433268211782,
    "color": 6.20042181015,
    "location": 24.255244680913858,
    "stability": 0.501018345356,
    "tonality": 0.443664610386
}