{
    "name": "3798cb82",
    "x": 3.9074513912200928,
    "y": 9.28368854522705,
    "loudness": 0.99068403244,
    "raspiness": 0.0776548013091,
    "color": 11.8480758667,
    "location": 2206.82861328,
    "stability": 0.585094153881,
    "tonality": 0.484991133213
}