{
    "name": "3798cb82",
    "x": 14.667328834533691,
    "y": 23.13553810119629,
    "loudness": 0.99068403244,
    "raspiness": 0.0776548013091,
    "color": 11.8480758667,
    "location": 46.9768944618522,
    "stability": 0.585094153881,
    "tonality": 0.484991133213
}