{
    "name": "37ab0462",
    "x": 37.766845703125,
    "y": 9.363478660583496,
    "loudness": 0.99068403244,
    "raspiness": 0.172393798828,
    "color": 17.9697265625,
    "location": 59.70255045850219,
    "stability": 0.633032679558,
    "tonality": 0.490509688854
}