{
    "name": "37ac629d",
    "x": 7.455669403076172,
    "y": 7.77763032913208,
    "loudness": 0.99068403244,
    "raspiness": 0.210548534989,
    "color": 14.0171308517,
    "location": 2898.44311523,
    "stability": 0.523423612118,
    "tonality": 0.466190487146
}