{
    "name": "37ac629d",
    "x": 28.3941650390625,
    "y": 6.35999870300293,
    "loudness": 0.99068403244,
    "raspiness": 0.210548534989,
    "color": 14.0171308517,
    "location": 53.837190818522465,
    "stability": 0.523423612118,
    "tonality": 0.466190487146
}