{
    "name": "37b2166d",
    "x": 3.793916940689087,
    "y": 7.8617095947265625,
    "loudness": 0.951953351498,
    "raspiness": 0.105095006526,
    "color": 38.4082641602,
    "location": 1667.30078125,
    "stability": 0.445453196764,
    "tonality": 0.438443750143
}