{
    "name": "37bffa64",
    "x": 5.717886447906494,
    "y": 12.056166648864746,
    "loudness": 0.99068403244,
    "raspiness": 0.0875400677323,
    "color": 9.84577655792,
    "location": 1899.57373047,
    "stability": 0.76840287447,
    "tonality": 0.486393868923
}