{
    "name": "37bffa64",
    "x": 27.44841194152832,
    "y": 39.276580810546875,
    "loudness": 0.99068403244,
    "raspiness": 0.0875400677323,
    "color": 9.84577655792,
    "location": 43.5840995142724,
    "stability": 0.76840287447,
    "tonality": 0.486393868923
}