{
    "name": "37c85fee",
    "x": -4.899024963378906,
    "y": 28.57221221923828,
    "loudness": 0.99068403244,
    "raspiness": 0.0377080999315,
    "color": 7.20810508728,
    "location": 31.068584744207453,
    "stability": 0.567564308643,
    "tonality": 0.459105312824
}