{
    "name": "37c85fee",
    "x": -7.8690643310546875,
    "y": 37.82503890991211,
    "loudness": 0.99068403244,
    "raspiness": 0.0377080999315,
    "color": 7.20810508728,
    "location": 965.256958008,
    "stability": 0.567564308643,
    "tonality": 0.459105312824
}