{
    "name": "37cebbd4",
    "x": -6.646590709686279,
    "y": 20.81234359741211,
    "loudness": 0.982459008694,
    "raspiness": 0.0473852269351,
    "color": 48.7391700745,
    "location": 1187.9465332,
    "stability": 0.467558681965,
    "tonality": 0.482620805502
}