{
    "name": "37cebbd4",
    "x": -2.6972861289978027,
    "y": 15.82059383392334,
    "loudness": 0.982459008694,
    "raspiness": 0.0473852269351,
    "color": 48.7391700745,
    "location": 34.46660025589991,
    "stability": 0.467558681965,
    "tonality": 0.482620805502
}