{
    "name": "37d0eed3",
    "x": 18.710081100463867,
    "y": 34.01316452026367,
    "loudness": 0.99068403244,
    "raspiness": 0.106132313609,
    "color": 4.73842382431,
    "location": 40.1441053498518,
    "stability": 0.676445424557,
    "tonality": 0.475375384092
}