{
    "name": "37d0eec4",
    "x": 2.2505269050598145,
    "y": -0.077031210064888,
    "loudness": 0.0240618977696,
    "raspiness": 0.00590508664027,
    "color": 3.03291487694,
    "location": 150.175476074,
    "stability": 0.282966166735,
    "tonality": 0.295240223408
}