{
    "name": "37d0eed3",
    "x": 18.782184600830078,
    "y": 42.555023193359375,
    "loudness": 0.99068403244,
    "raspiness": 0.106132313609,
    "color": 4.73842382431,
    "location": 1611.54919434,
    "stability": 0.676445424557,
    "tonality": 0.475375384092
}