{
    "name": "37d26e27",
    "x": -3.5516676902770996,
    "y": 8.667673110961914,
    "loudness": 0.904159128666,
    "raspiness": 0.0273993965238,
    "color": 9.44514083862,
    "location": 666.627380371,
    "stability": 0.463137984276,
    "tonality": 0.336107701063
}