{
    "name": "37d26e27",
    "x": -40.76576614379883,
    "y": 3.08058762550354,
    "loudness": 0.904159128666,
    "raspiness": 0.0273993965238,
    "color": 9.44514083862,
    "location": 666.627380371,
    "stability": 0.463137984276,
    "tonality": 0.336107701063
}