{
    "name": "37d26e27",
    "x": -36.0162239074707,
    "y": 8.777820587158203,
    "loudness": 0.904159128666,
    "raspiness": 0.0273993965238,
    "color": 9.44514083862,
    "location": 25.8191281876635,
    "stability": 0.463137984276,
    "tonality": 0.336107701063
}