{
    "name": "37d5d788",
    "x": 2.33056902885437,
    "y": 5.464598655700684,
    "loudness": 0.673568546772,
    "raspiness": 0.0751990750432,
    "color": 8.30336666107,
    "location": 820.741271973,
    "stability": 0.575840353966,
    "tonality": 0.403467446566
}