{
    "name": "37d5d788",
    "x": -12.9396390914917,
    "y": 15.528482437133789,
    "loudness": 0.673568546772,
    "raspiness": 0.0751990750432,
    "color": 8.30336666107,
    "location": 28.64858237283304,
    "stability": 0.575840353966,
    "tonality": 0.403467446566
}