{
    "name": "37ddee5e",
    "x": -3.3487935066223145,
    "y": -27.40860939025879,
    "loudness": 0.00104133121204,
    "raspiness": 0.0143210021779,
    "color": 7.47467279434,
    "location": 432.616363525,
    "stability": 0.469963997602,
    "tonality": 0.444630503654
}