{
    "name": "37ddee5e",
    "x": -2.143519401550293,
    "y": -24.495990753173828,
    "loudness": 0.00104133121204,
    "raspiness": 0.0143210021779,
    "color": 7.47467279434,
    "location": 20.79943180774417,
    "stability": 0.469963997602,
    "tonality": 0.444630503654
}