{
    "name": "37e13c23",
    "x": 7.532071113586426,
    "y": 8.11081314086914,
    "loudness": 0.99068403244,
    "raspiness": 0.176894873381,
    "color": 13.1769351959,
    "location": 2987.62084961,
    "stability": 0.544917404652,
    "tonality": 0.489710390568
}