{
    "name": "37e13c23",
    "x": 28.920482635498047,
    "y": 6.755483627319336,
    "loudness": 0.99068403244,
    "raspiness": 0.176894873381,
    "color": 13.1769351959,
    "location": 54.65913326800929,
    "stability": 0.544917404652,
    "tonality": 0.489710390568
}