{
    "name": "37e5557d",
    "x": 4.405460357666016,
    "y": 8.800047874450684,
    "loudness": 0.879715979099,
    "raspiness": 0.121739149094,
    "color": 41.1239509583,
    "location": 2032.20837402,
    "stability": 0.563852906227,
    "tonality": 0.462471663952
}