{
    "name": "37e5557d",
    "x": 14.642045974731445,
    "y": 20.760374069213867,
    "loudness": 0.879715979099,
    "raspiness": 0.121739149094,
    "color": 41.1239509583,
    "location": 2032.20837402,
    "stability": 0.563852906227,
    "tonality": 0.462471663952
}