{
    "name": "37eb63b4",
    "x": 0.49591028690338135,
    "y": 8.274126052856445,
    "loudness": 0.978085041046,
    "raspiness": 0.0208427589387,
    "color": 18.1621608734,
    "location": 568.892150879,
    "stability": 0.497503787279,
    "tonality": 0.433671832085
}