{
    "name": "37eb63b4",
    "x": -22.86094856262207,
    "y": 23.39349937438965,
    "loudness": 0.978085041046,
    "raspiness": 0.0208427589387,
    "color": 18.1621608734,
    "location": 568.892150879,
    "stability": 0.497503787279,
    "tonality": 0.433671832085
}