{
    "name": "37eb63b4",
    "x": -15.241140365600586,
    "y": 20.655839920043945,
    "loudness": 0.978085041046,
    "raspiness": 0.0208427589387,
    "color": 18.1621608734,
    "location": 23.851460141446267,
    "stability": 0.497503787279,
    "tonality": 0.433671832085
}