{
    "name": "37f5403f",
    "x": 5.632274150848389,
    "y": 5.715986728668213,
    "loudness": 0.657801568508,
    "raspiness": 0.173949182034,
    "color": 14.6697587967,
    "location": 2555.14160156,
    "stability": 0.495019197464,
    "tonality": 0.453826934099
}