{
    "name": "37f5403f",
    "x": 16.391437530517578,
    "y": 0.6362282037734985,
    "loudness": 0.657801568508,
    "raspiness": 0.173949182034,
    "color": 14.6697587967,
    "location": 2555.14160156,
    "stability": 0.495019197464,
    "tonality": 0.453826934099
}