{
    "name": "37fb0c92",
    "x": 46.8402099609375,
    "y": 10.103857040405273,
    "loudness": 0.99068403244,
    "raspiness": 0.207489013672,
    "color": 53.4369354248,
    "location": 3273.21484375,
    "stability": 0.690515339375,
    "tonality": 0.486658871174
}