{
    "name": "3804ed01",
    "x": 4.979485034942627,
    "y": 2.0584092140197754,
    "loudness": 0.0627163648605,
    "raspiness": 0.058686889708,
    "color": 17.7091083527,
    "location": 1771.17041016,
    "stability": 0.517322778702,
    "tonality": 0.474746018648
}