{
    "name": "380ca85c",
    "x": 4.348230838775635,
    "y": 7.645341873168945,
    "loudness": 0.961790919304,
    "raspiness": 0.12704731524,
    "color": 47.134929657,
    "location": 1741.39868164,
    "stability": 0.41888359189,
    "tonality": 0.472464621067
}