{
    "name": "380ca85c",
    "x": 8.633309364318848,
    "y": 10.729386329650879,
    "loudness": 0.961790919304,
    "raspiness": 0.12704731524,
    "color": 47.134929657,
    "location": 41.73006927432544,
    "stability": 0.41888359189,
    "tonality": 0.472464621067
}