{
    "name": "3814ab19",
    "x": 9.936457633972168,
    "y": -2.5067191123962402,
    "loudness": 0.401163339615,
    "raspiness": 0.0547141693532,
    "color": 10.4531097412,
    "location": 1247.59399414,
    "stability": 0.720978796482,
    "tonality": 0.471145808697
}