{
    "name": "3814ab19",
    "x": 11.394658088684082,
    "y": -6.217850685119629,
    "loudness": 0.401163339615,
    "raspiness": 0.0547141693532,
    "color": 10.4531097412,
    "location": 35.32129660898648,
    "stability": 0.720978796482,
    "tonality": 0.471145808697
}