{
    "name": "381c8f4f",
    "x": -3.3126702308654785,
    "y": 8.30807113647461,
    "loudness": 0.96412807703,
    "raspiness": 0.027562873438,
    "color": 16.9648456573,
    "location": 613.695495605,
    "stability": 0.405508160591,
    "tonality": 0.346371561289
}