{
    "name": "381c8f4f",
    "x": -32.55086135864258,
    "y": 5.460816383361816,
    "loudness": 0.96412807703,
    "raspiness": 0.027562873438,
    "color": 16.9648456573,
    "location": 24.772878226096378,
    "stability": 0.405508160591,
    "tonality": 0.346371561289
}