{
    "name": "3824a5f6",
    "x": 21.897144317626953,
    "y": 35.2133674621582,
    "loudness": 0.99068403244,
    "raspiness": 0.0779506117105,
    "color": 4.6418633461,
    "location": 43.66890223557263,
    "stability": 0.701566338539,
    "tonality": 0.483421593904
}