{
    "name": "3835cfbd",
    "x": 36.011634826660156,
    "y": 3.541822910308838,
    "loudness": 0.99068403244,
    "raspiness": 0.179387554526,
    "color": 24.1663589478,
    "location": 3992.89379883,
    "stability": 0.56793397665,
    "tonality": 0.45992192626
}