{
    "name": "3835cfbd",
    "x": 8.109471321105957,
    "y": 7.509931564331055,
    "loudness": 0.99068403244,
    "raspiness": 0.179387554526,
    "color": 24.1663589478,
    "location": 3992.89379883,
    "stability": 0.56793397665,
    "tonality": 0.45992192626
}