{
    "name": "383de66f",
    "x": 7.034433364868164,
    "y": 10.562103271484375,
    "loudness": 0.836405575275,
    "raspiness": 0.145883947611,
    "color": 11.3036174774,
    "location": 1773.8157959,
    "stability": 0.771922528744,
    "tonality": 0.48296007514
}