{
    "name": "383d6533",
    "x": -2.5828328132629395,
    "y": 16.881410598754883,
    "loudness": 0.99068403244,
    "raspiness": 0.0701714381576,
    "color": 36.9936218262,
    "location": 43.2143464179432,
    "stability": 0.47879832983,
    "tonality": 0.434023201466
}