{
    "name": "383de66f",
    "x": 31.269001007080078,
    "y": 27.8217830657959,
    "loudness": 0.836405575275,
    "raspiness": 0.145883947611,
    "color": 11.3036174774,
    "location": 42.11669260400204,
    "stability": 0.771922528744,
    "tonality": 0.48296007514
}