{
    "name": "3846f2fa",
    "x": -23.886293411254883,
    "y": 11.97892951965332,
    "loudness": 0.943135261536,
    "raspiness": 0.0113588310778,
    "color": 10.7218227386,
    "location": 269.78994751,
    "stability": 0.41378095746,
    "tonality": 0.428028970957
}