{
    "name": "384e198d",
    "x": 12.005537986755371,
    "y": 35.071571350097656,
    "loudness": 0.99068403244,
    "raspiness": 0.112121582031,
    "color": 29.3135261536,
    "location": 1443.94909668,
    "stability": 0.584246098995,
    "tonality": 0.462205469608
}