{
    "name": "384e198d",
    "x": 12.116597175598145,
    "y": 25.705045700073242,
    "loudness": 0.99068403244,
    "raspiness": 0.112121582031,
    "color": 29.3135261536,
    "location": 37.99933021357087,
    "stability": 0.584246098995,
    "tonality": 0.462205469608
}