{
    "name": "384f43cf",
    "x": -5.022001266479492,
    "y": 7.196098804473877,
    "loudness": 0.969864785671,
    "raspiness": 0.0258025396615,
    "color": 17.8641033173,
    "location": 531.511047363,
    "stability": 0.113249331713,
    "tonality": 0.187227293849
}