{
    "name": "384f43cf",
    "x": -40.3285026550293,
    "y": -12.472661018371582,
    "loudness": 0.969864785671,
    "raspiness": 0.0258025396615,
    "color": 17.8641033173,
    "location": 23.054523360134773,
    "stability": 0.113249331713,
    "tonality": 0.187227293849
}