{
    "name": "385c2814",
    "x": -4.27508544921875,
    "y": 7.413907527923584,
    "loudness": 0.99068403244,
    "raspiness": 0.0246351715177,
    "color": 3.78794574738,
    "location": 630.633789062,
    "stability": 0.315894424915,
    "tonality": 0.285642921925
}