{
    "name": "385c2814",
    "x": -39.19087219238281,
    "y": -5.860420227050781,
    "loudness": 0.99068403244,
    "raspiness": 0.0246351715177,
    "color": 3.78794574738,
    "location": 25.112423002609685,
    "stability": 0.315894424915,
    "tonality": 0.285642921925
}