{
    "name": "385e9493",
    "x": -42.89956283569336,
    "y": -10.421113014221191,
    "loudness": 0.716093719006,
    "raspiness": 0.0149366036057,
    "color": 3.2659573555,
    "location": 331.070129395,
    "stability": 0.554435670376,
    "tonality": 0.198298379779
}