{
    "name": "386b8fc7",
    "x": 4.021392822265625,
    "y": 2.5928478240966797,
    "loudness": 0.20585128665,
    "raspiness": 0.0270166024566,
    "color": 8.74717998505,
    "location": 763.597045898,
    "stability": 0.546243071556,
    "tonality": 0.473041921854
}