{
    "name": "3874b7b5",
    "x": 4.488858222961426,
    "y": 38.4893798828125,
    "loudness": 0.90454095602,
    "raspiness": 0.0451756827533,
    "color": 9.30565261841,
    "location": 32.03706121072905,
    "stability": 0.68642771244,
    "tonality": 0.470389097929
}