{
    "name": "3874b7b5",
    "x": 3.397305488586426,
    "y": 45.85394287109375,
    "loudness": 0.90454095602,
    "raspiness": 0.0451756827533,
    "color": 9.30565261841,
    "location": 1026.37329102,
    "stability": 0.68642771244,
    "tonality": 0.470389097929
}