{
    "name": "388d1301",
    "x": 30.25059700012207,
    "y": 15.167601585388184,
    "loudness": 0.940579712391,
    "raspiness": 0.163161888719,
    "color": 14.05671978,
    "location": 51.03822479887011,
    "stability": 0.630369961262,
    "tonality": 0.476011097431
}