{
    "name": "388d1301",
    "x": 32.703643798828125,
    "y": 20.36554527282715,
    "loudness": 0.940579712391,
    "raspiness": 0.163161888719,
    "color": 14.05671978,
    "location": 2604.90039062,
    "stability": 0.630369961262,
    "tonality": 0.476011097431
}