{
    "name": "389ef6d7",
    "x": 19.708049774169922,
    "y": -12.454375267028809,
    "loudness": 0.134965240955,
    "raspiness": 0.178552374244,
    "color": 36.4104766846,
    "location": 59.87178480077239,
    "stability": 0.452949792147,
    "tonality": 0.490045875311
}