{
    "name": "389ef6d7",
    "x": 22.320831298828125,
    "y": -23.229034423828125,
    "loudness": 0.134965240955,
    "raspiness": 0.178552374244,
    "color": 36.4104766846,
    "location": 3584.63061523,
    "stability": 0.452949792147,
    "tonality": 0.490045875311
}