{
    "name": "38b1ac4e",
    "x": 12.387650489807129,
    "y": 11.178643226623535,
    "loudness": 0.99068403244,
    "raspiness": 0.130848526955,
    "color": 32.6159210205,
    "location": 53.09661465931703,
    "stability": 0.443954974413,
    "tonality": 0.406855106354
}