{
    "name": "38b1ac4e",
    "x": 5.063631057739258,
    "y": 8.052017211914062,
    "loudness": 0.99068403244,
    "raspiness": 0.130848526955,
    "color": 32.6159210205,
    "location": 2819.25048828,
    "stability": 0.443954974413,
    "tonality": 0.406855106354
}