{
    "name": "38bc302a",
    "x": 2.5727732181549072,
    "y": 5.152306079864502,
    "loudness": 0.520785450935,
    "raspiness": 0.0123207280412,
    "color": 7.46433877945,
    "location": 363.950592041,
    "stability": 0.522936105728,
    "tonality": 0.469741553068
}