{
    "name": "38cb633d",
    "x": 19.921030044555664,
    "y": -2.446049928665161,
    "loudness": 0.657911419868,
    "raspiness": 0.179985895753,
    "color": 14.2608766556,
    "location": 49.39192994953731,
    "stability": 0.518844485283,
    "tonality": 0.46057459712
}