{
    "name": "38cb633d",
    "x": 18.963470458984375,
    "y": 0.7385884523391724,
    "loudness": 0.657911419868,
    "raspiness": 0.179985895753,
    "color": 14.2608766556,
    "location": 2439.56274414,
    "stability": 0.518844485283,
    "tonality": 0.46057459712
}