{
    "name": "38cee215",
    "x": 7.870853900909424,
    "y": -12.53154182434082,
    "loudness": 0.289976865053,
    "raspiness": 0.0687231421471,
    "color": 8.09296417236,
    "location": 40.46115849404216,
    "stability": 0.529929578304,
    "tonality": 0.464569479227
}