{
    "name": "38cee215",
    "x": 8.114349365234375,
    "y": -13.3802490234375,
    "loudness": 0.289976865053,
    "raspiness": 0.0687231421471,
    "color": 8.09296417236,
    "location": 1637.10534668,
    "stability": 0.529929578304,
    "tonality": 0.464569479227
}