{
    "name": "38d2e014",
    "x": 26.73414421081543,
    "y": 31.992351531982422,
    "loudness": 0.969563543797,
    "raspiness": 0.126096859574,
    "color": 32.2288703918,
    "location": 1995.84375,
    "stability": 0.65365344286,
    "tonality": 0.482205331326
}