{
    "name": "38d2e014",
    "x": 24.534088134765625,
    "y": 25.997900009155273,
    "loudness": 0.969563543797,
    "raspiness": 0.126096859574,
    "color": 32.2288703918,
    "location": 44.67486709549341,
    "stability": 0.65365344286,
    "tonality": 0.482205331326
}