{
    "name": "38d2e014",
    "x": 6.2314934730529785,
    "y": 10.233890533447266,
    "loudness": 0.969563543797,
    "raspiness": 0.126096859574,
    "color": 32.2288703918,
    "location": 1995.84375,
    "stability": 0.65365344286,
    "tonality": 0.482205331326
}