{
    "name": "38d30516",
    "x": 16.43547248840332,
    "y": 42.97020721435547,
    "loudness": 0.923207104206,
    "raspiness": 0.0585428886116,
    "color": 24.8473854065,
    "location": 36.14491604707362,
    "stability": 0.784359395504,
    "tonality": 0.481896340847
}