{
    "name": "38e1a81c",
    "x": -0.30664846301078796,
    "y": 8.218369483947754,
    "loudness": 0.99068403244,
    "raspiness": 0.0670968219638,
    "color": 13.4964790344,
    "location": 1520.16442871,
    "stability": 0.442523747683,
    "tonality": 0.430700033903
}