{
    "name": "38e16501",
    "x": -4.273292064666748,
    "y": 29.982072830200195,
    "loudness": 0.99068403244,
    "raspiness": 0.0715379938483,
    "color": 17.4650363922,
    "location": 1199.28283691,
    "stability": 0.521119892597,
    "tonality": 0.460310727358
}