{
    "name": "38e16501",
    "x": -1.4724080562591553,
    "y": 22.670875549316406,
    "loudness": 0.99068403244,
    "raspiness": 0.0715379938483,
    "color": 17.4650363922,
    "location": 34.63066324675287,
    "stability": 0.521119892597,
    "tonality": 0.460310727358
}