{
    "name": "38ec4038",
    "x": 6.883049964904785,
    "y": 3.5774548053741455,
    "loudness": 0.369586259127,
    "raspiness": 0.216462254524,
    "color": 44.6333084106,
    "location": 3326.30053711,
    "stability": 0.608811557293,
    "tonality": 0.492267310619
}