{
    "name": "38ec4038",
    "x": 26.646909713745117,
    "y": -9.365922927856445,
    "loudness": 0.369586259127,
    "raspiness": 0.216462254524,
    "color": 44.6333084106,
    "location": 57.67408895778068,
    "stability": 0.608811557293,
    "tonality": 0.492267310619
}