{
    "name": "38ee5f4c",
    "x": 31.136133193969727,
    "y": 34.91231918334961,
    "loudness": 0.99068403244,
    "raspiness": 0.0946702212095,
    "color": 16.8392982483,
    "location": 47.71773953175067,
    "stability": 0.793714225292,
    "tonality": 0.465723574162
}