{
    "name": "38f3f2c6",
    "x": 3.8969032764434814,
    "y": 3.0752787590026855,
    "loudness": 0.359436452389,
    "raspiness": 0.0548087060452,
    "color": 21.6351909637,
    "location": 1136.89685059,
    "stability": 0.488509327173,
    "tonality": 0.415837824345
}