{
    "name": "38f5a8df",
    "x": 36.64424514770508,
    "y": 8.65917682647705,
    "loudness": 0.99068403244,
    "raspiness": 0.192993164062,
    "color": 8.16801357269,
    "location": 55.93732323645814,
    "stability": 0.627607643604,
    "tonality": 0.491187095642
}