{
    "name": "38f5a8df",
    "x": 38.8946533203125,
    "y": 10.865676879882812,
    "loudness": 0.99068403244,
    "raspiness": 0.192993164062,
    "color": 8.16801357269,
    "location": 3128.98413086,
    "stability": 0.627607643604,
    "tonality": 0.491187095642
}