{
    "name": "38f63d36",
    "x": -4.113979816436768,
    "y": 8.5654878616333,
    "loudness": 0.99068403244,
    "raspiness": 0.031494140625,
    "color": 8.47622585297,
    "location": 690.407409668,
    "stability": 0.443224400282,
    "tonality": 0.315616905689
}