{
    "name": "38f63d36",
    "x": -38.975135803222656,
    "y": 4.773747444152832,
    "loudness": 0.99068403244,
    "raspiness": 0.031494140625,
    "color": 8.47622585297,
    "location": 26.275604839242046,
    "stability": 0.443224400282,
    "tonality": 0.315616905689
}