{
    "name": "38fddec0",
    "x": 46.61669921875,
    "y": -12.058349609375,
    "loudness": 0.99068403244,
    "raspiness": 0.342213124037,
    "color": 50.3206329346,
    "location": 4483.7109375,
    "stability": 0.576518058777,
    "tonality": 0.490208089352
}