{
    "name": "38fddec0",
    "x": 44.1184196472168,
    "y": -7.717918395996094,
    "loudness": 0.99068403244,
    "raspiness": 0.342213124037,
    "color": 50.3206329346,
    "location": 66.96051775113452,
    "stability": 0.576518058777,
    "tonality": 0.490208089352
}