{
    "name": "390de47b",
    "x": 6.702518463134766,
    "y": 26.244789123535156,
    "loudness": 0.99068403244,
    "raspiness": 0.0820201560855,
    "color": 2.63901329041,
    "location": 1655.64050293,
    "stability": 0.504407286644,
    "tonality": 0.483255773783
}