{
    "name": "390de47b",
    "x": 6.576789379119873,
    "y": 18.262479782104492,
    "loudness": 0.99068403244,
    "raspiness": 0.0820201560855,
    "color": 2.63901329041,
    "location": 40.6895625797329,
    "stability": 0.504407286644,
    "tonality": 0.483255773783
}