{
    "name": "390de47b",
    "x": 3.2066426277160645,
    "y": 8.854206085205078,
    "loudness": 0.99068403244,
    "raspiness": 0.0820201560855,
    "color": 2.63901329041,
    "location": 1655.64050293,
    "stability": 0.504407286644,
    "tonality": 0.483255773783
}