{
    "name": "391dea43",
    "x": 0.7875599265098572,
    "y": 8.975040435791016,
    "loudness": 0.99068403244,
    "raspiness": 0.0513822101057,
    "color": 14.5738811493,
    "location": 1288.63427734,
    "stability": 0.518952250481,
    "tonality": 0.444378167391
}