{
    "name": "391dea43",
    "x": -9.335268020629883,
    "y": 28.476037979125977,
    "loudness": 0.99068403244,
    "raspiness": 0.0513822101057,
    "color": 14.5738811493,
    "location": 1288.63427734,
    "stability": 0.518952250481,
    "tonality": 0.444378167391
}