{
    "name": "391fbd84",
    "x": 0.801821231842041,
    "y": 9.019502639770508,
    "loudness": 0.99068403244,
    "raspiness": 0.0382052958012,
    "color": 12.5989999771,
    "location": 1401.41577148,
    "stability": 0.552671134472,
    "tonality": 0.445116728544
}