{
    "name": "391fbd84",
    "x": -4.183645725250244,
    "y": 25.649280548095703,
    "loudness": 0.99068403244,
    "raspiness": 0.0382052958012,
    "color": 12.5989999771,
    "location": 37.435488129313875,
    "stability": 0.552671134472,
    "tonality": 0.445116728544
}