{
    "name": "392c6f03",
    "x": -7.894458770751953,
    "y": 18.210378646850586,
    "loudness": 0.99068403244,
    "raspiness": 0.0716083198786,
    "color": 7.13820362091,
    "location": 21.80281897000936,
    "stability": 0.478890001774,
    "tonality": 0.466864645481
}