{
    "name": "3966c159",
    "x": 32.560890197753906,
    "y": 14.76081657409668,
    "loudness": 0.990682542324,
    "raspiness": 0.136441096663,
    "color": 36.6952209473,
    "location": 55.26182132792947,
    "stability": 0.624987661839,
    "tonality": 0.489404827356
}