{
    "name": "3966c159",
    "x": 7.627157211303711,
    "y": 8.98007869720459,
    "loudness": 0.990682542324,
    "raspiness": 0.136441096663,
    "color": 36.6952209473,
    "location": 3053.86889648,
    "stability": 0.624987661839,
    "tonality": 0.489404827356
}