{
    "name": "3977c290",
    "x": 35.28572082519531,
    "y": 18.47018814086914,
    "loudness": 0.99068403244,
    "raspiness": 0.17425827682,
    "color": 14.7325849533,
    "location": 49.81377184303553,
    "stability": 0.695196807384,
    "tonality": 0.487004369497
}