{
    "name": "3977c290",
    "x": 39.539791107177734,
    "y": 22.904542922973633,
    "loudness": 0.99068403244,
    "raspiness": 0.17425827682,
    "color": 14.7325849533,
    "location": 2481.41186523,
    "stability": 0.695196807384,
    "tonality": 0.487004369497
}