{
    "name": "3994f7ef",
    "x": 2.7216670513153076,
    "y": 39.281028747558594,
    "loudness": 0.985924065113,
    "raspiness": 0.0614581592381,
    "color": 29.2030391693,
    "location": 1402.02856445,
    "stability": 0.587386608124,
    "tonality": 0.476030856371
}