{
    "name": "39a63f30",
    "x": 0.26131683588027954,
    "y": 6.661135196685791,
    "loudness": 0.99068403244,
    "raspiness": 0.0361810363829,
    "color": 10.1392269135,
    "location": 954.537353516,
    "stability": 0.363804370165,
    "tonality": 0.445604711771
}