{
    "name": "39b0f258",
    "x": 33.423526763916016,
    "y": 0.9919615983963013,
    "loudness": 0.99068403244,
    "raspiness": 0.220286980271,
    "color": 12.702911377,
    "location": 59.964353017522,
    "stability": 0.520714044571,
    "tonality": 0.482146829367
}