{
    "name": "39b0f258",
    "x": 8.096842765808105,
    "y": 7.415882587432861,
    "loudness": 0.99068403244,
    "raspiness": 0.220286980271,
    "color": 12.702911377,
    "location": 3595.72363281,
    "stability": 0.520714044571,
    "tonality": 0.482146829367
}