{
    "name": "39ba3461",
    "x": -28.137754440307617,
    "y": 24.498268127441406,
    "loudness": 0.948386788368,
    "raspiness": 0.0611723139882,
    "color": 26.6469726562,
    "location": 1404.7833252,
    "stability": 0.51773250103,
    "tonality": 0.384701967239
}