{
    "name": "39cebcd7",
    "x": -18.631790161132812,
    "y": -8.367066383361816,
    "loudness": 0.99068403244,
    "raspiness": 0.0256281681359,
    "color": 10.116276741,
    "location": 535.215270996,
    "stability": 0.206476777792,
    "tonality": 0.431373596191
}