{
    "name": "39d69471",
    "x": -16.609344482421875,
    "y": -5.057372093200684,
    "loudness": 0.979103624821,
    "raspiness": 0.00476481113583,
    "color": 3.32056307793,
    "location": 18.400879780842,
    "stability": 0.208838239312,
    "tonality": 0.435714125633
}