{
    "name": "39daded1",
    "x": 5.432674884796143,
    "y": 7.34799337387085,
    "loudness": 0.968829751015,
    "raspiness": 0.0458543673158,
    "color": 11.7529945374,
    "location": 2278.33740234,
    "stability": 0.404289990664,
    "tonality": 0.483482003212
}