{
    "name": "39e89705",
    "x": 8.142966270446777,
    "y": 7.478773593902588,
    "loudness": 0.99068403244,
    "raspiness": 0.212391242385,
    "color": 15.9187860489,
    "location": 3475.21484375,
    "stability": 0.53512609005,
    "tonality": 0.484893977642
}