{
    "name": "39ec9cc6",
    "x": 33.48950958251953,
    "y": 29.626296997070312,
    "loudness": 0.873254776001,
    "raspiness": 0.118434019387,
    "color": 25.0534934998,
    "location": 2392.29077148,
    "stability": 0.71643948555,
    "tonality": 0.490826457739
}