{
    "name": "39ec9cc6",
    "x": 31.225378036499023,
    "y": 25.656190872192383,
    "loudness": 0.873254776001,
    "raspiness": 0.118434019387,
    "color": 25.0534934998,
    "location": 48.91104958473085,
    "stability": 0.71643948555,
    "tonality": 0.490826457739
}