{
    "name": "39ec9cc6",
    "x": 6.905749320983887,
    "y": 10.68833065032959,
    "loudness": 0.873254776001,
    "raspiness": 0.118434019387,
    "color": 25.0534934998,
    "location": 2392.29077148,
    "stability": 0.71643948555,
    "tonality": 0.490826457739
}