{
    "name": "39eee2a5",
    "x": -7.813348770141602,
    "y": 23.065719604492188,
    "loudness": 0.99068403244,
    "raspiness": 0.0589393042028,
    "color": 6.04706192017,
    "location": 1052.35595703,
    "stability": 0.471054792404,
    "tonality": 0.460540056229
}