{
    "name": "39eee2a5",
    "x": 1.1863298416137695,
    "y": 7.884281158447266,
    "loudness": 0.99068403244,
    "raspiness": 0.0589393042028,
    "color": 6.04706192017,
    "location": 1052.35595703,
    "stability": 0.471054792404,
    "tonality": 0.460540056229
}