{
    "name": "39eee2a5",
    "x": -4.622322082519531,
    "y": 17.794036865234375,
    "loudness": 0.99068403244,
    "raspiness": 0.0589393042028,
    "color": 6.04706192017,
    "location": 32.44003632904871,
    "stability": 0.471054792404,
    "tonality": 0.460540056229
}