{
    "name": "39efc992",
    "x": -1.8413848876953125,
    "y": 9.011309623718262,
    "loudness": 0.944227278233,
    "raspiness": 0.0436888858676,
    "color": 14.5552549362,
    "location": 956.601379395,
    "stability": 0.460379570723,
    "tonality": 0.391954451799
}