{
    "name": "39f70db0",
    "x": -3.6446034908294678,
    "y": -2.8993825912475586,
    "loudness": 0.821016073227,
    "raspiness": 0.0355471782386,
    "color": 8.03512763977,
    "location": 1709.33239746,
    "stability": 0.269081532955,
    "tonality": 0.481490135193
}