{
    "name": "39f86ded",
    "x": -18.340805053710938,
    "y": -18.307159423828125,
    "loudness": 0.3689891994,
    "raspiness": 0.0262917038053,
    "color": 5.32199811935,
    "location": 599.103088379,
    "stability": 0.507055699825,
    "tonality": 0.331107199192
}