{
    "name": "39fca828",
    "x": -32.7907829284668,
    "y": 15.384814262390137,
    "loudness": 0.925462067127,
    "raspiness": 0.0324734896421,
    "color": 11.0446643829,
    "location": 26.381513469283753,
    "stability": 0.502601325512,
    "tonality": 0.357169002295
}