{
    "name": "3a0471fd",
    "x": -21.677343368530273,
    "y": -13.369834899902344,
    "loudness": 0.373551428318,
    "raspiness": 0.0577715300024,
    "color": 7.64812803268,
    "location": 29.29959154071947,
    "stability": 0.557495415211,
    "tonality": 0.287481129169
}