{
    "name": "3a0e1a71",
    "x": 31.67815399169922,
    "y": -30.680978775024414,
    "loudness": 0.99068403244,
    "raspiness": 0.235984519124,
    "color": 1417.84082031,
    "location": 2376.48095703,
    "stability": 0.525780081749,
    "tonality": 0.47022613883
}