{
    "name": "3a0e1a71",
    "x": 34.95257568359375,
    "y": -21.249469757080078,
    "loudness": 0.99068403244,
    "raspiness": 0.235984519124,
    "color": 1417.84082031,
    "location": 48.74916365467207,
    "stability": 0.525780081749,
    "tonality": 0.47022613883
}