{
    "name": "3a134223",
    "x": 20.55599594116211,
    "y": 4.6138014793396,
    "loudness": 0.518418729305,
    "raspiness": 0.128469139338,
    "color": 18.6662311554,
    "location": 46.15960602648164,
    "stability": 0.758698999882,
    "tonality": 0.489246815443
}