{
    "name": "3a134223",
    "x": 5.629106044769287,
    "y": 3.967782735824585,
    "loudness": 0.518418729305,
    "raspiness": 0.128469139338,
    "color": 18.6662311554,
    "location": 2130.70922852,
    "stability": 0.758698999882,
    "tonality": 0.489246815443
}