{
    "name": "3a151637",
    "x": -26.510601043701172,
    "y": -0.691643476486206,
    "loudness": 0.760993659496,
    "raspiness": 0.0417796336114,
    "color": 12.7641801834,
    "location": 29.80144252485104,
    "stability": 0.334256201982,
    "tonality": 0.35655683279
}