{
    "name": "3a151637",
    "x": -3.1636786460876465,
    "y": 7.79141092300415,
    "loudness": 0.760993659496,
    "raspiness": 0.0417796336114,
    "color": 12.7641801834,
    "location": 888.125976562,
    "stability": 0.334256201982,
    "tonality": 0.35655683279
}