{
    "name": "3a1b2a66",
    "x": -1.5060986280441284,
    "y": 22.997495651245117,
    "loudness": 0.948257684708,
    "raspiness": 0.0491359531879,
    "color": 24.4667339325,
    "location": 42.4660049012148,
    "stability": 0.540994226933,
    "tonality": 0.439169585705
}