{
    "name": "3a1b2a66",
    "x": -4.7545623779296875,
    "y": 28.871524810791016,
    "loudness": 0.948257684708,
    "raspiness": 0.0491359531879,
    "color": 24.4667339325,
    "location": 1803.36157227,
    "stability": 0.540994226933,
    "tonality": 0.439169585705
}