{
    "name": "3a2e4d2e",
    "x": 18.07105255126953,
    "y": 1.9529567956924438,
    "loudness": 0.578466057777,
    "raspiness": 0.12535096705,
    "color": 21.1449203491,
    "location": 2494.52148438,
    "stability": 0.499578088522,
    "tonality": 0.488746166229
}