{
    "name": "3a3df080",
    "x": 3.462736129760742,
    "y": 11.790250778198242,
    "loudness": 0.99068403244,
    "raspiness": 0.0576699748635,
    "color": 6.56886816025,
    "location": 1199.06530762,
    "stability": 0.719805121422,
    "tonality": 0.458821773529
}