{
    "name": "3a3d0279",
    "x": 42.41987228393555,
    "y": -4.5236077308654785,
    "loudness": 0.99068403244,
    "raspiness": 0.240234375,
    "color": 134.023483276,
    "location": 3845.45703125,
    "stability": 0.606739223003,
    "tonality": 0.496798068285
}