{
    "name": "3a40f0c7",
    "x": 38.50481033325195,
    "y": -34.58324432373047,
    "loudness": 0.99068403244,
    "raspiness": 0.46830791235,
    "color": 640.401123047,
    "location": 6897.31396484,
    "stability": 0.627165257931,
    "tonality": 0.496830463409
}