{
    "name": "3a42efbc",
    "x": -17.46207046508789,
    "y": 19.5617733001709,
    "loudness": 0.99068403244,
    "raspiness": 0.0607010684907,
    "color": 12.0535202026,
    "location": 1558.59606934,
    "stability": 0.453546285629,
    "tonality": 0.412956297398
}