{
    "name": "3a42efbc",
    "x": -14.278669357299805,
    "y": 16.3472957611084,
    "loudness": 0.99068403244,
    "raspiness": 0.0607010684907,
    "color": 12.0535202026,
    "location": 39.47905861770263,
    "stability": 0.453546285629,
    "tonality": 0.412956297398
}