{
    "name": "3a460182",
    "x": -27.56069564819336,
    "y": 14.042327880859375,
    "loudness": 0.96279925108,
    "raspiness": 0.0125266332179,
    "color": 10.8753213882,
    "location": 18.597226729837974,
    "stability": 0.45872142911,
    "tonality": 0.38443633914
}