{
    "name": "3a460182",
    "x": -33.722049713134766,
    "y": 12.640162467956543,
    "loudness": 0.96279925108,
    "raspiness": 0.0125266332179,
    "color": 10.8753213882,
    "location": 345.856842041,
    "stability": 0.45872142911,
    "tonality": 0.38443633914
}