{
    "name": "3a460182",
    "x": -2.5248749256134033,
    "y": 9.110991477966309,
    "loudness": 0.96279925108,
    "raspiness": 0.0125266332179,
    "color": 10.8753213882,
    "location": 345.856842041,
    "stability": 0.45872142911,
    "tonality": 0.38443633914
}