{
    "name": "3a48280f",
    "x": 32.694252014160156,
    "y": 33.5042610168457,
    "loudness": 0.858472704887,
    "raspiness": 0.100220859051,
    "color": 29.6530380249,
    "location": 46.53131820849266,
    "stability": 0.804053664207,
    "tonality": 0.4904717803
}