{
    "name": "3a48280f",
    "x": 36.653541564941406,
    "y": 37.68263626098633,
    "loudness": 0.858472704887,
    "raspiness": 0.100220859051,
    "color": 29.6530380249,
    "location": 2165.16357422,
    "stability": 0.804053664207,
    "tonality": 0.4904717803
}