{
    "name": "3a49f221",
    "x": 20.741106033325195,
    "y": -0.9287617206573486,
    "loudness": 0.800852179527,
    "raspiness": 0.18159724772,
    "color": 10.092622757,
    "location": 2679.92773438,
    "stability": 0.473552405834,
    "tonality": 0.469512164593
}