{
    "name": "3a4abb1d",
    "x": -6.671431064605713,
    "y": -21.49225425720215,
    "loudness": 0.0557676069438,
    "raspiness": 0.0175323486328,
    "color": 4.44377422333,
    "location": 26.102737505346063,
    "stability": 0.369221836329,
    "tonality": 0.427137851715
}