{
    "name": "3a4abb1d",
    "x": 3.6217334270477295,
    "y": 1.2207157611846924,
    "loudness": 0.0557676069438,
    "raspiness": 0.0175323486328,
    "color": 4.44377422333,
    "location": 681.352905273,
    "stability": 0.369221836329,
    "tonality": 0.427137851715
}