{
    "name": "3a4abb1d",
    "x": -4.900038719177246,
    "y": -29.67734718322754,
    "loudness": 0.0557676069438,
    "raspiness": 0.0175323486328,
    "color": 4.44377422333,
    "location": 681.352905273,
    "stability": 0.369221836329,
    "tonality": 0.427137851715
}