{
    "name": "3a55b826",
    "x": -4.579884052276611,
    "y": -9.573771476745605,
    "loudness": 0.960946321487,
    "raspiness": 0.0114428009838,
    "color": 36.6111412048,
    "location": 1907.24682617,
    "stability": 0.0602684654295,
    "tonality": 0.481061905622
}