{
    "name": "3a58a282",
    "x": -0.15545439720153809,
    "y": 10.813304901123047,
    "loudness": 0.99068403244,
    "raspiness": 0.0743080675602,
    "color": 30.8423442841,
    "location": 1566.80529785,
    "stability": 0.671760439873,
    "tonality": 0.401192218065
}