{
    "name": "3a6d46a7",
    "x": -16.668859481811523,
    "y": -33.09821701049805,
    "loudness": 0.194426953793,
    "raspiness": 0.0168695226312,
    "color": 2.44407439232,
    "location": 230.302062988,
    "stability": 0.270480006933,
    "tonality": 0.332865357399
}