{
    "name": "3a77d7c4",
    "x": -23.218040466308594,
    "y": 23.166242599487305,
    "loudness": 0.756739795208,
    "raspiness": 0.0400229655206,
    "color": 29.4104747772,
    "location": 35.545971829167925,
    "stability": 0.597424387932,
    "tonality": 0.377333253622
}