{
    "name": "3a77d7c4",
    "x": -29.747791290283203,
    "y": 19.927127838134766,
    "loudness": 0.756739795208,
    "raspiness": 0.0400229655206,
    "color": 29.4104747772,
    "location": 1263.51611328,
    "stability": 0.597424387932,
    "tonality": 0.377333253622
}