{
    "name": "3a7f4b9f",
    "x": -28.461923599243164,
    "y": 10.285377502441406,
    "loudness": 0.988895893097,
    "raspiness": 0.0470848381519,
    "color": 13.3385057449,
    "location": 1157.13110352,
    "stability": 0.407390803099,
    "tonality": 0.383455783129
}