{
    "name": "3a7f4b9f",
    "x": -23.52985954284668,
    "y": 10.255562782287598,
    "loudness": 0.988895893097,
    "raspiness": 0.0470848381519,
    "color": 13.3385057449,
    "location": 34.01662980837461,
    "stability": 0.407390803099,
    "tonality": 0.383455783129
}