{
    "name": "3a80061f",
    "x": -32.863807678222656,
    "y": 7.147316932678223,
    "loudness": 0.82473295927,
    "raspiness": 0.0277179591358,
    "color": 8.62466716766,
    "location": 26.269454286604432,
    "stability": 0.444006621838,
    "tonality": 0.340074956417
}