{
    "name": "3a81bb6d",
    "x": 35.64949417114258,
    "y": -9.085182189941406,
    "loudness": 0.667592227459,
    "raspiness": 0.250394582748,
    "color": 206.162261963,
    "location": 3692.95654297,
    "stability": 0.618404090405,
    "tonality": 0.494605243206
}