{
    "name": "3a81bb6d",
    "x": 8.500287055969238,
    "y": 6.141800403594971,
    "loudness": 0.667592227459,
    "raspiness": 0.250394582748,
    "color": 206.162261963,
    "location": 3692.95654297,
    "stability": 0.618404090405,
    "tonality": 0.494605243206
}