{
    "name": "3a89d0e3",
    "x": -3.506934642791748,
    "y": 38.489070892333984,
    "loudness": 0.961567282677,
    "raspiness": 0.0329052433372,
    "color": 13.2139558792,
    "location": 1295.9005127,
    "stability": 0.572961211205,
    "tonality": 0.462429821491
}