{
    "name": "3a90abf3",
    "x": 30.5361270904541,
    "y": 33.470191955566406,
    "loudness": 0.839274525642,
    "raspiness": 0.0925432890654,
    "color": 29.0442790985,
    "location": 46.20599944563477,
    "stability": 0.804250538349,
    "tonality": 0.493682652712
}