{
    "name": "3a9085ca",
    "x": 22.813940048217773,
    "y": 6.852816581726074,
    "loudness": 0.99068403244,
    "raspiness": 0.174208819866,
    "color": 19.3938217163,
    "location": 50.40027039471118,
    "stability": 0.46614870429,
    "tonality": 0.48943901062
}