{
    "name": "3a90abf3",
    "x": 6.524960517883301,
    "y": 11.908501625061035,
    "loudness": 0.839274525642,
    "raspiness": 0.0925432890654,
    "color": 29.0442790985,
    "location": 2134.99438477,
    "stability": 0.804250538349,
    "tonality": 0.493682652712
}