{
    "name": "3a9085ca",
    "x": 6.861489772796631,
    "y": 7.660977363586426,
    "loudness": 0.99068403244,
    "raspiness": 0.174208819866,
    "color": 19.3938217163,
    "location": 2540.18725586,
    "stability": 0.46614870429,
    "tonality": 0.48943901062
}