{
    "name": "3a9f7224",
    "x": 7.431392669677734,
    "y": 9.148613929748535,
    "loudness": 0.99068403244,
    "raspiness": 0.124951168895,
    "color": 10.9027118683,
    "location": 2966.06298828,
    "stability": 0.661733746529,
    "tonality": 0.477202475071
}