{
    "name": "3a9f7224",
    "x": 34.61771011352539,
    "y": 22.156360626220703,
    "loudness": 0.99068403244,
    "raspiness": 0.124951168895,
    "color": 10.9027118683,
    "location": 2966.06298828,
    "stability": 0.661733746529,
    "tonality": 0.477202475071
}