{
    "name": "3aadc6c2",
    "x": 3.201967716217041,
    "y": -28.81477165222168,
    "loudness": 0.0366452559829,
    "raspiness": 0.0376728996634,
    "color": 16.2281322479,
    "location": 1157.44348145,
    "stability": 0.449285954237,
    "tonality": 0.483211040497
}