{
    "name": "3aadc6c2",
    "x": 2.5537798404693604,
    "y": -20.15541648864746,
    "loudness": 0.0366452559829,
    "raspiness": 0.0376728996634,
    "color": 16.2281322479,
    "location": 34.02122104584137,
    "stability": 0.449285954237,
    "tonality": 0.483211040497
}