{
    "name": "3aafb6ad",
    "x": 22.04206085205078,
    "y": -18.5225830078125,
    "loudness": 0.0552975647151,
    "raspiness": 0.15421102941,
    "color": 55.7393455505,
    "location": 3152.25683594,
    "stability": 0.631837069988,
    "tonality": 0.4946372509
}