{
    "name": "3ab854dd",
    "x": 0.13977807760238647,
    "y": 11.34282398223877,
    "loudness": 0.979717135429,
    "raspiness": 0.0466671176255,
    "color": 14.8787536621,
    "location": 972.216796875,
    "stability": 0.745217144489,
    "tonality": 0.422805249691
}