{
    "name": "3abbfbc2",
    "x": 8.432056427001953,
    "y": -33.64715576171875,
    "loudness": 0.0361039824784,
    "raspiness": 0.103122152388,
    "color": 22.784538269,
    "location": 1789.90710449,
    "stability": 0.268583506346,
    "tonality": 0.486560761929
}