{
    "name": "3abbfbc2",
    "x": 2.815969467163086,
    "y": -16.003799438476562,
    "loudness": 0.0361039824784,
    "raspiness": 0.103122152388,
    "color": 22.784538269,
    "location": 42.30729375048704,
    "stability": 0.268583506346,
    "tonality": 0.486560761929
}