{
    "name": "3abd9b8d",
    "x": 31.640052795410156,
    "y": 8.253552436828613,
    "loudness": 0.99068403244,
    "raspiness": 0.181041374803,
    "color": 39.8390846252,
    "location": 2974.45117188,
    "stability": 0.544689953327,
    "tonality": 0.494114279747
}