{
    "name": "3abe8ab2",
    "x": 29.334712982177734,
    "y": 33.2724609375,
    "loudness": 0.977094113827,
    "raspiness": 0.0910321250558,
    "color": 33.4456329346,
    "location": 46.85533962698381,
    "stability": 0.733407855034,
    "tonality": 0.490328580141
}