{
    "name": "3abe8ab2",
    "x": 33.02714920043945,
    "y": 41.291229248046875,
    "loudness": 0.977094113827,
    "raspiness": 0.0910321250558,
    "color": 33.4456329346,
    "location": 2195.42285156,
    "stability": 0.733407855034,
    "tonality": 0.490328580141
}