{
    "name": "3abe8ab2",
    "x": 6.473756790161133,
    "y": 11.121915817260742,
    "loudness": 0.977094113827,
    "raspiness": 0.0910321250558,
    "color": 33.4456329346,
    "location": 2195.42285156,
    "stability": 0.733407855034,
    "tonality": 0.490328580141
}