{
    "name": "3ac0e2ca",
    "x": 29.99559211730957,
    "y": -32.8597526550293,
    "loudness": 0.377317488194,
    "raspiness": 0.433248311281,
    "color": 1292.95654297,
    "location": 5784.33203125,
    "stability": 0.392110705376,
    "tonality": 0.496398210526
}