{
    "name": "3ac277ba",
    "x": 41.40317916870117,
    "y": -0.412082314491272,
    "loudness": 0.99068403244,
    "raspiness": 0.263826072216,
    "color": 38.9522438049,
    "location": 60.701646941495746,
    "stability": 0.607736825943,
    "tonality": 0.486141115427
}