{
    "name": "3ac4653e",
    "x": 49.096778869628906,
    "y": -9.464862823486328,
    "loudness": 0.99068403244,
    "raspiness": 0.375851511955,
    "color": 97.2312927246,
    "location": 69.91953033781049,
    "stability": 0.763834178448,
    "tonality": 0.491929680109
}