{
    "name": "3ac4653e",
    "x": 10.832562446594238,
    "y": 6.936549186706543,
    "loudness": 0.99068403244,
    "raspiness": 0.375851511955,
    "color": 97.2312927246,
    "location": 4888.74072266,
    "stability": 0.763834178448,
    "tonality": 0.491929680109
}