{
    "name": "3acce964",
    "x": 2.213780641555786,
    "y": 1.11430823802948,
    "loudness": 0.0451092086732,
    "raspiness": 0.0191078186035,
    "color": 2.96076607704,
    "location": 284.05480957,
    "stability": 0.509940564632,
    "tonality": 0.313252180815
}