{
    "name": "3ad40d01",
    "x": 36.53561019897461,
    "y": -20.803760528564453,
    "loudness": 0.973287642002,
    "raspiness": 0.374251812696,
    "color": 954.883666992,
    "location": 58.526621964025914,
    "stability": 0.632035970688,
    "tonality": 0.460975527763
}