{
    "name": "3ad40d01",
    "x": 32.53083419799805,
    "y": -29.2261962890625,
    "loudness": 0.973287642002,
    "raspiness": 0.374251812696,
    "color": 954.883666992,
    "location": 3425.36547852,
    "stability": 0.632035970688,
    "tonality": 0.460975527763
}