{
    "name": "3ae08499",
    "x": 11.659132957458496,
    "y": -7.458052635192871,
    "loudness": 0.388518184423,
    "raspiness": 0.131348505616,
    "color": 59.8710708618,
    "location": 53.265267489237296,
    "stability": 0.345916897058,
    "tonality": 0.489924252033
}