{
    "name": "3ae76b24",
    "x": -2.246891736984253,
    "y": 9.617944717407227,
    "loudness": 0.99068403244,
    "raspiness": 0.0186440907419,
    "color": 13.8531742096,
    "location": 462.601226807,
    "stability": 0.535675346851,
    "tonality": 0.393580019474
}