{
    "name": "3ae76b24",
    "x": -25.367284774780273,
    "y": 21.184165954589844,
    "loudness": 0.99068403244,
    "raspiness": 0.0186440907419,
    "color": 13.8531742096,
    "location": 21.50816651430335,
    "stability": 0.535675346851,
    "tonality": 0.393580019474
}