{
    "name": "3aeb3ecc",
    "x": 10.526926040649414,
    "y": 6.567270278930664,
    "loudness": 0.99068403244,
    "raspiness": 0.375710219145,
    "color": 191.180511475,
    "location": 4510.4140625,
    "stability": 0.570764064789,
    "tonality": 0.493786484003
}