{
    "name": "3aeb3ecc",
    "x": 44.38768768310547,
    "y": -11.772073745727539,
    "loudness": 0.99068403244,
    "raspiness": 0.375710219145,
    "color": 191.180511475,
    "location": 67.15961630697424,
    "stability": 0.570764064789,
    "tonality": 0.493786484003
}