{
    "name": "3af3565c",
    "x": 2.411348819732666,
    "y": -0.16796763241291046,
    "loudness": 0.000399644020945,
    "raspiness": 0.0146293258294,
    "color": 3.60452675819,
    "location": 206.151199341,
    "stability": 0.249508216977,
    "tonality": 0.305591881275
}