{
    "name": "3af3565c",
    "x": -20.86383819580078,
    "y": -24.586631774902344,
    "loudness": 0.000399644020945,
    "raspiness": 0.0146293258294,
    "color": 3.60452675819,
    "location": 14.357966406876706,
    "stability": 0.249508216977,
    "tonality": 0.305591881275
}