{
    "name": "3b02b296",
    "x": 18.60283851623535,
    "y": 6.988691806793213,
    "loudness": 0.99068403244,
    "raspiness": 0.119981557131,
    "color": 21.1121959686,
    "location": 2956.27636719,
    "stability": 0.435203760862,
    "tonality": 0.483521819115
}