{
    "name": "3b02b296",
    "x": 17.450178146362305,
    "y": 4.5921196937561035,
    "loudness": 0.99068403244,
    "raspiness": 0.119981557131,
    "color": 21.1121959686,
    "location": 54.37165039972577,
    "stability": 0.435203760862,
    "tonality": 0.483521819115
}