{
    "name": "3b04a2b1",
    "x": -12.639516830444336,
    "y": 6.582998275756836,
    "loudness": 0.940572977066,
    "raspiness": 0.0236775707453,
    "color": 6.98781347275,
    "location": 708.121032715,
    "stability": 0.358293920755,
    "tonality": 0.461086302996
}