{
    "name": "3b060741",
    "x": 11.588067054748535,
    "y": -11.110939025878906,
    "loudness": 0.299173563719,
    "raspiness": 0.106405168772,
    "color": 17.8065013885,
    "location": 44.01157712352512,
    "stability": 0.523275852203,
    "tonality": 0.481036454439
}