{
    "name": "3b0b9d26",
    "x": 21.6790714263916,
    "y": 4.339783668518066,
    "loudness": 0.98314499855,
    "raspiness": 0.136079013348,
    "color": 18.9501361847,
    "location": 3108.14331055,
    "stability": 0.432300418615,
    "tonality": 0.492552250624
}