{
    "name": "3b0d3e23",
    "x": -2.954719066619873,
    "y": 8.248835563659668,
    "loudness": 0.986984908581,
    "raspiness": 0.0303464867175,
    "color": 12.2220611572,
    "location": 588.86340332,
    "stability": 0.401086598635,
    "tonality": 0.359483957291
}