{
    "name": "3b0d3e23",
    "x": -30.289833068847656,
    "y": 6.322710990905762,
    "loudness": 0.986984908581,
    "raspiness": 0.0303464867175,
    "color": 12.2220611572,
    "location": 24.26650785176969,
    "stability": 0.401086598635,
    "tonality": 0.359483957291
}