{
    "name": "3b0d3e23",
    "x": -36.80768966674805,
    "y": 2.86417293548584,
    "loudness": 0.986984908581,
    "raspiness": 0.0303464867175,
    "color": 12.2220611572,
    "location": 588.86340332,
    "stability": 0.401086598635,
    "tonality": 0.359483957291
}