{
    "name": "3b0ed2e4",
    "x": 3.1590280532836914,
    "y": 10.99578857421875,
    "loudness": 0.619243621826,
    "raspiness": 0.0450262539089,
    "color": 15.2509098053,
    "location": 1098.98718262,
    "stability": 0.610549867153,
    "tonality": 0.480655997992
}