{
    "name": "3b1d5657",
    "x": 6.9241766929626465,
    "y": 43.58098220825195,
    "loudness": 0.83932030201,
    "raspiness": 0.0487592071295,
    "color": 3.94109678268,
    "location": 1188.34326172,
    "stability": 0.704367637634,
    "tonality": 0.478664368391
}