{
    "name": "3b44e22f",
    "x": -6.961556911468506,
    "y": 6.9674530029296875,
    "loudness": 0.964291036129,
    "raspiness": 0.0677341148257,
    "color": 32.6657524109,
    "location": 39.02135332891467,
    "stability": 0.359336853027,
    "tonality": 0.443894952536
}