{
    "name": "3b44e22f",
    "x": -8.488520622253418,
    "y": 9.615620613098145,
    "loudness": 0.964291036129,
    "raspiness": 0.0677341148257,
    "color": 32.6657524109,
    "location": 1522.66601562,
    "stability": 0.359336853027,
    "tonality": 0.443894952536
}