{
    "name": "3b466a76",
    "x": 13.331125259399414,
    "y": -18.91762351989746,
    "loudness": 0.16479472816,
    "raspiness": 0.101120404899,
    "color": 29.4155731201,
    "location": 39.02333974584953,
    "stability": 0.649419605732,
    "tonality": 0.473008900881
}