{
    "name": "3b466a76",
    "x": 13.092635154724121,
    "y": -15.857349395751953,
    "loudness": 0.16479472816,
    "raspiness": 0.101120404899,
    "color": 29.4155731201,
    "location": 1522.82104492,
    "stability": 0.649419605732,
    "tonality": 0.473008900881
}