{
    "name": "3b50856f",
    "x": -15.170592308044434,
    "y": -19.37792205810547,
    "loudness": 0.00504307262599,
    "raspiness": 0.0154978809878,
    "color": 3.4703130722,
    "location": 16.469926650929565,
    "stability": 0.43085411191,
    "tonality": 0.354484140873
}