{
    "name": "3b50856f",
    "x": 2.619913339614868,
    "y": 1.0797148942947388,
    "loudness": 0.00504307262599,
    "raspiness": 0.0154978809878,
    "color": 3.4703130722,
    "location": 271.258483887,
    "stability": 0.43085411191,
    "tonality": 0.354484140873
}