{
    "name": "3b56254e",
    "x": 3.0675652027130127,
    "y": 9.137989044189453,
    "loudness": 0.99068403244,
    "raspiness": 0.0550231933594,
    "color": 24.3308410645,
    "location": 1666.5838623,
    "stability": 0.553874671459,
    "tonality": 0.476070284843
}