{
    "name": "3b577ca2",
    "x": -13.932621955871582,
    "y": 28.878618240356445,
    "loudness": 0.99068403244,
    "raspiness": 0.0410766601562,
    "color": 6.08989334106,
    "location": 25.01511871950641,
    "stability": 0.574246585369,
    "tonality": 0.428094774485
}