{
    "name": "3b577ca2",
    "x": 1.0649864673614502,
    "y": 9.873117446899414,
    "loudness": 0.99068403244,
    "raspiness": 0.0410766601562,
    "color": 6.08989334106,
    "location": 625.756164551,
    "stability": 0.574246585369,
    "tonality": 0.428094774485
}