{
    "name": "3b60c423",
    "x": -47.22100830078125,
    "y": -8.367684364318848,
    "loudness": 0.976193845272,
    "raspiness": 0.0199278742075,
    "color": 10.6554603577,
    "location": 475.80279541,
    "stability": 0.486029416323,
    "tonality": 0.248402670026
}