{
    "name": "3b6b430a",
    "x": -36.65682601928711,
    "y": -15.538152694702148,
    "loudness": 0.823286354542,
    "raspiness": 0.0207804664969,
    "color": 8.26218795776,
    "location": 458.370910645,
    "stability": 0.296379238367,
    "tonality": 0.290724664927
}