{
    "name": "3b6b430a",
    "x": -35.9074592590332,
    "y": -6.13369607925415,
    "loudness": 0.823286354542,
    "raspiness": 0.0207804664969,
    "color": 8.26218795776,
    "location": 21.40959856337806,
    "stability": 0.296379238367,
    "tonality": 0.290724664927
}