{
    "name": "3b72ed77",
    "x": 3.488126277923584,
    "y": 9.068434715270996,
    "loudness": 0.93584382534,
    "raspiness": 0.0577778220177,
    "color": 12.3427143097,
    "location": 2063.51660156,
    "stability": 0.538826346397,
    "tonality": 0.48399579525
}