{
    "name": "3b79f91e",
    "x": 23.560434341430664,
    "y": 5.203338623046875,
    "loudness": 0.935803055763,
    "raspiness": 0.140655010939,
    "color": 30.1827640533,
    "location": 57.198760844881946,
    "stability": 0.495254844427,
    "tonality": 0.493779599667
}