{
    "name": "3b79f91e",
    "x": 7.024589538574219,
    "y": 7.274824619293213,
    "loudness": 0.935803055763,
    "raspiness": 0.140655010939,
    "color": 30.1827640533,
    "location": 3271.69824219,
    "stability": 0.495254844427,
    "tonality": 0.493779599667
}