{
    "name": "3b802d90",
    "x": 12.95215129852295,
    "y": 27.029346466064453,
    "loudness": 0.99068403244,
    "raspiness": 0.0894368514419,
    "color": 17.353685379,
    "location": 42.614677544127915,
    "stability": 0.605242967606,
    "tonality": 0.466813921928
}