{
    "name": "3b802d90",
    "x": 4.14739990234375,
    "y": 9.983695030212402,
    "loudness": 0.99068403244,
    "raspiness": 0.0894368514419,
    "color": 17.353685379,
    "location": 1816.01074219,
    "stability": 0.605242967606,
    "tonality": 0.466813921928
}