{
    "name": "3b842547",
    "x": -4.0489182472229,
    "y": 7.782265663146973,
    "loudness": 0.904614746571,
    "raspiness": 0.0261742863804,
    "color": 12.5505065918,
    "location": 595.532714844,
    "stability": 0.361525118351,
    "tonality": 0.304344832897
}