{
    "name": "3b842547",
    "x": -37.91187286376953,
    "y": -2.2141330242156982,
    "loudness": 0.904614746571,
    "raspiness": 0.0261742863804,
    "color": 12.5505065918,
    "location": 24.403538981959155,
    "stability": 0.361525118351,
    "tonality": 0.304344832897
}