{
    "name": "3b9d580c",
    "x": 24.4374942779541,
    "y": 7.76025915145874,
    "loudness": 0.99068403244,
    "raspiness": 0.140838623047,
    "color": 9.88669300079,
    "location": 55.17206085356972,
    "stability": 0.526339888573,
    "tonality": 0.48120996356
}