{
    "name": "3b9d580c",
    "x": 6.6175360679626465,
    "y": 7.702588081359863,
    "loudness": 0.99068403244,
    "raspiness": 0.140838623047,
    "color": 9.88669300079,
    "location": 3043.95629883,
    "stability": 0.526339888573,
    "tonality": 0.48120996356
}