{
    "name": "3b9fd9e4",
    "x": -4.126119136810303,
    "y": 12.016286849975586,
    "loudness": 0.788900494576,
    "raspiness": 0.0389626249671,
    "color": 67.6815567017,
    "location": 28.685086150820602,
    "stability": 0.483084708452,
    "tonality": 0.461424946785
}