{
    "name": "3b9fd9e4",
    "x": -4.178496360778809,
    "y": 12.70309066772461,
    "loudness": 0.788900494576,
    "raspiness": 0.0389626249671,
    "color": 67.6815567017,
    "location": 822.83416748,
    "stability": 0.483084708452,
    "tonality": 0.461424946785
}