{
    "name": "3ba2f20d",
    "x": 38.328392028808594,
    "y": 27.09156036376953,
    "loudness": 0.946754932404,
    "raspiness": 0.145144686103,
    "color": 32.7149810791,
    "location": 48.21531450410751,
    "stability": 0.792786061764,
    "tonality": 0.490138977766
}