{
    "name": "3bb61de8",
    "x": 8.175629615783691,
    "y": 29.20649528503418,
    "loudness": 0.99068403244,
    "raspiness": 0.07275390625,
    "color": 19.7421360016,
    "location": 1782.67480469,
    "stability": 0.543230652809,
    "tonality": 0.476220399141
}