{
    "name": "3bbe245d",
    "x": -36.879425048828125,
    "y": -7.588101863861084,
    "loudness": 0.99068403244,
    "raspiness": 0.013710715808,
    "color": 9.16021156311,
    "location": 378.786743164,
    "stability": 0.355378270149,
    "tonality": 0.335738867521
}