{
    "name": "3bc4f95e",
    "x": -28.41663932800293,
    "y": -2.0483429431915283,
    "loudness": 0.66943526268,
    "raspiness": 0.0336033888161,
    "color": 8.72197246552,
    "location": 721.629821777,
    "stability": 0.441700190306,
    "tonality": 0.354699879885
}