{
    "name": "3bc50b52",
    "x": 39.222694396972656,
    "y": 6.177123546600342,
    "loudness": 0.976361274719,
    "raspiness": 0.164152830839,
    "color": 34.1222496033,
    "location": 65.08194579121002,
    "stability": 0.637746155262,
    "tonality": 0.490421742201
}