{
    "name": "3bcb442a",
    "x": -19.119779586791992,
    "y": 23.529409408569336,
    "loudness": 0.99068403244,
    "raspiness": 0.0277084894478,
    "color": 8.15310382843,
    "location": 23.865949742865883,
    "stability": 0.531203627586,
    "tonality": 0.413817346096
}