{
    "name": "3bcb442a",
    "x": 0.38300588726997375,
    "y": 8.423807144165039,
    "loudness": 0.99068403244,
    "raspiness": 0.0277084894478,
    "color": 8.15310382843,
    "location": 569.583557129,
    "stability": 0.531203627586,
    "tonality": 0.413817346096
}