{
    "name": "3bd02251",
    "x": 1.1188745498657227,
    "y": 9.659261703491211,
    "loudness": 0.99068403244,
    "raspiness": 0.0191291365772,
    "color": 12.8962125778,
    "location": 368.95916748,
    "stability": 0.560128450394,
    "tonality": 0.437953948975
}