{
    "name": "3bd02251",
    "x": -14.744585990905762,
    "y": 27.44614028930664,
    "loudness": 0.99068403244,
    "raspiness": 0.0191291365772,
    "color": 12.8962125778,
    "location": 19.208309854851883,
    "stability": 0.560128450394,
    "tonality": 0.437953948975
}