{
    "name": "3bd11bdc",
    "x": 7.898039817810059,
    "y": 9.012947082519531,
    "loudness": 0.99068403244,
    "raspiness": 0.144008085132,
    "color": 69.1439285278,
    "location": 3236.83813477,
    "stability": 0.674458801746,
    "tonality": 0.474516540766
}