{
    "name": "3bd11bdc",
    "x": 40.36600875854492,
    "y": 18.937524795532227,
    "loudness": 0.99068403244,
    "raspiness": 0.144008085132,
    "color": 69.1439285278,
    "location": 3236.83813477,
    "stability": 0.674458801746,
    "tonality": 0.474516540766
}