{
    "name": "3bd11bdc",
    "x": 36.94322967529297,
    "y": 15.569038391113281,
    "loudness": 0.99068403244,
    "raspiness": 0.144008085132,
    "color": 69.1439285278,
    "location": 56.893216948683786,
    "stability": 0.674458801746,
    "tonality": 0.474516540766
}