{
    "name": "3bd38b39",
    "x": -3.681654214859009,
    "y": -27.892610549926758,
    "loudness": 0.0867993831635,
    "raspiness": 0.0224516373128,
    "color": 11.322268486,
    "location": 544.392089844,
    "stability": 0.434899479151,
    "tonality": 0.445054709911
}