{
    "name": "3bd52441",
    "x": -48.34306335449219,
    "y": -9.598756790161133,
    "loudness": 0.962602555752,
    "raspiness": 0.0237906742841,
    "color": 11.6534576416,
    "location": 492.085205078,
    "stability": 0.448178350925,
    "tonality": 0.262118816376
}