{
    "name": "3bd52441",
    "x": -43.87552261352539,
    "y": 1.7852296829223633,
    "loudness": 0.962602555752,
    "raspiness": 0.0237906742841,
    "color": 11.6534576416,
    "location": 22.18299360045889,
    "stability": 0.448178350925,
    "tonality": 0.262118816376
}