{
    "name": "3bd7b59c",
    "x": 18.590166091918945,
    "y": -0.8947849869728088,
    "loudness": 0.475376188755,
    "raspiness": 0.128019452095,
    "color": 20.9200439453,
    "location": 1768.02270508,
    "stability": 0.693873286247,
    "tonality": 0.480059236288
}