{
    "name": "3bd7b59c",
    "x": 16.720304489135742,
    "y": -2.057795524597168,
    "loudness": 0.475376188755,
    "raspiness": 0.128019452095,
    "color": 20.9200439453,
    "location": 42.04786207502113,
    "stability": 0.693873286247,
    "tonality": 0.480059236288
}