{
    "name": "3be44863",
    "x": 5.044948577880859,
    "y": 10.784379959106445,
    "loudness": 0.952856481075,
    "raspiness": 0.0798185914755,
    "color": 10.7000360489,
    "location": 1910.09802246,
    "stability": 0.644167125225,
    "tonality": 0.477294206619
}