{
    "name": "3be44863",
    "x": 17.45952606201172,
    "y": 30.850444793701172,
    "loudness": 0.952856481075,
    "raspiness": 0.0798185914755,
    "color": 10.7000360489,
    "location": 43.70466819986167,
    "stability": 0.644167125225,
    "tonality": 0.477294206619
}