{
    "name": "3beb7086",
    "x": 7.919135093688965,
    "y": 8.602472305297852,
    "loudness": 0.99068403244,
    "raspiness": 0.183251097798,
    "color": 67.2253875732,
    "location": 3118.44238281,
    "stability": 0.620350420475,
    "tonality": 0.486038953066
}