{
    "name": "3beb7086",
    "x": 34.778751373291016,
    "y": 9.835246086120605,
    "loudness": 0.99068403244,
    "raspiness": 0.183251097798,
    "color": 67.2253875732,
    "location": 55.84301552396683,
    "stability": 0.620350420475,
    "tonality": 0.486038953066
}