{
    "name": "3bf2a899",
    "x": -36.143741607666016,
    "y": -7.516993999481201,
    "loudness": 0.95528626442,
    "raspiness": 0.0119704026729,
    "color": 5.38150835037,
    "location": 16.277160482375297,
    "stability": 0.256725937128,
    "tonality": 0.298882007599
}