{
    "name": "3bf2a899",
    "x": -37.14867401123047,
    "y": -17.038938522338867,
    "loudness": 0.95528626442,
    "raspiness": 0.0119704026729,
    "color": 5.38150835037,
    "location": 264.945953369,
    "stability": 0.256725937128,
    "tonality": 0.298882007599
}