{
    "name": "3bfb1c63",
    "x": -37.756591796875,
    "y": 19.056697845458984,
    "loudness": 0.99068403244,
    "raspiness": 0.104323506355,
    "color": 3.74312114716,
    "location": 33.91444853362649,
    "stability": 0.632434248924,
    "tonality": 0.321051746607
}