{
    "name": "3bfb1c63",
    "x": -42.74763870239258,
    "y": 14.920605659484863,
    "loudness": 0.99068403244,
    "raspiness": 0.104323506355,
    "color": 3.74312114716,
    "location": 1150.18981934,
    "stability": 0.632434248924,
    "tonality": 0.321051746607
}