{
    "name": "3c002b9b",
    "x": 23.47092628479004,
    "y": -4.246373176574707,
    "loudness": 0.439542561769,
    "raspiness": 0.190969228745,
    "color": 33.9170684814,
    "location": 1941.90100098,
    "stability": 0.751425325871,
    "tonality": 0.48222437501
}