{
    "name": "3c04c85f",
    "x": -27.0155029296875,
    "y": 39.833702087402344,
    "loudness": 0.973918795586,
    "raspiness": 0.0476427972317,
    "color": 40.096408844,
    "location": 1231.58691406,
    "stability": 0.67811524868,
    "tonality": 0.390477895737
}