{
    "name": "3c09352b",
    "x": 2.0728707313537598,
    "y": 10.9940824508667,
    "loudness": 0.849375665188,
    "raspiness": 0.0284309629351,
    "color": 15.1380567551,
    "location": 578.355407715,
    "stability": 0.633001923561,
    "tonality": 0.453800022602
}