{
    "name": "3c204254",
    "x": -21.134313583374023,
    "y": 6.772891521453857,
    "loudness": 0.99068403244,
    "raspiness": 0.0472262203693,
    "color": 162.423233032,
    "location": 1132.41455078,
    "stability": 0.324901789427,
    "tonality": 0.399802654982
}