{
    "name": "3c210ce3",
    "x": 10.073339462280273,
    "y": 28.394712448120117,
    "loudness": 0.939705252647,
    "raspiness": 0.0516322553158,
    "color": 17.1374950409,
    "location": 42.231715833837484,
    "stability": 0.606583595276,
    "tonality": 0.484861701727
}