{
    "name": "3c239857",
    "x": 5.685769557952881,
    "y": -10.33518123626709,
    "loudness": 0.389077186584,
    "raspiness": 0.06392352283,
    "color": 11.3194322586,
    "location": 1918.34143066,
    "stability": 0.402334153652,
    "tonality": 0.480885326862
}