{
    "name": "3c24b853",
    "x": -0.6278878450393677,
    "y": -0.5871079564094543,
    "loudness": 0.958609163761,
    "raspiness": 0.0653126835823,
    "color": 36.7157936096,
    "location": 45.846734842298204,
    "stability": 0.243031591177,
    "tonality": 0.469420284033
}