{
    "name": "3c32e5d3",
    "x": -11.207162857055664,
    "y": -7.13416051864624,
    "loudness": 0.945209741592,
    "raspiness": 0.00889398250729,
    "color": 6.99363899231,
    "location": 1263.53186035,
    "stability": 0.193328604102,
    "tonality": 0.462719351053
}