{
    "name": "3c32e5d3",
    "x": -10.180780410766602,
    "y": -5.062153339385986,
    "loudness": 0.945209741592,
    "raspiness": 0.00889398250729,
    "color": 6.99363899231,
    "location": 35.54619333135406,
    "stability": 0.193328604102,
    "tonality": 0.462719351053
}