{
    "name": "3c362989",
    "x": 30.084300994873047,
    "y": 31.377721786499023,
    "loudness": 0.954913675785,
    "raspiness": 0.118217773736,
    "color": 16.9416484833,
    "location": 2164.28833008,
    "stability": 0.662415146828,
    "tonality": 0.484802007675
}