{
    "name": "3c362989",
    "x": 6.366539001464844,
    "y": 10.378787994384766,
    "loudness": 0.954913675785,
    "raspiness": 0.118217773736,
    "color": 16.9416484833,
    "location": 2164.28833008,
    "stability": 0.662415146828,
    "tonality": 0.484802007675
}