{
    "name": "3c362989",
    "x": 25.56472396850586,
    "y": 25.820829391479492,
    "loudness": 0.954913675785,
    "raspiness": 0.118217773736,
    "color": 16.9416484833,
    "location": 46.52191236482008,
    "stability": 0.662415146828,
    "tonality": 0.484802007675
}