{
    "name": "3c45ae64",
    "x": 25.08696746826172,
    "y": -17.176464080810547,
    "loudness": 0.0335996411741,
    "raspiness": 0.228413701057,
    "color": 4.61785507202,
    "location": 57.661055863381485,
    "stability": 0.622627973557,
    "tonality": 0.473471343517
}