{
    "name": "3c45ae64",
    "x": 6.749231338500977,
    "y": 2.8810548782348633,
    "loudness": 0.0335996411741,
    "raspiness": 0.228413701057,
    "color": 4.61785507202,
    "location": 3324.79736328,
    "stability": 0.622627973557,
    "tonality": 0.473471343517
}