{
    "name": "3c45277d",
    "x": 37.93128967285156,
    "y": 30.229331970214844,
    "loudness": 0.99068403244,
    "raspiness": 0.12841796875,
    "color": 30.7227668762,
    "location": 48.57106082041034,
    "stability": 0.798347532749,
    "tonality": 0.480977147818
}