{
    "name": "3c4631c7",
    "x": -0.7024876475334167,
    "y": 8.316454887390137,
    "loudness": 0.99068403244,
    "raspiness": 0.0686466023326,
    "color": 9.05498695374,
    "location": 1497.57385254,
    "stability": 0.428872942924,
    "tonality": 0.41097047925
}