{
    "name": "3c462bc9",
    "x": 41.82835006713867,
    "y": -6.203638076782227,
    "loudness": 0.981657207012,
    "raspiness": 0.2919921875,
    "color": 160.308822632,
    "location": 62.22652081371736,
    "stability": 0.644750833511,
    "tonality": 0.493783175945
}