{
    "name": "3c4762d7",
    "x": 8.802806854248047,
    "y": 0.940934419631958,
    "loudness": 0.99068403244,
    "raspiness": 0.079277344048,
    "color": 89.8163146973,
    "location": 2741.86694336,
    "stability": 0.27877920866,
    "tonality": 0.478100955486
}