{
    "name": "3c4b21ac",
    "x": -12.88469409942627,
    "y": 49.0335807800293,
    "loudness": 0.944968640804,
    "raspiness": 0.0701756328344,
    "color": 24.9717464447,
    "location": 1685.64367676,
    "stability": 0.796991348267,
    "tonality": 0.417738229036
}