{
    "name": "3c55ce83",
    "x": 9.551932334899902,
    "y": 53.439125061035156,
    "loudness": 0.988907396793,
    "raspiness": 0.0626972839236,
    "color": 13.5725393295,
    "location": 1200.29467773,
    "stability": 0.698420584202,
    "tonality": 0.477384656668
}