{
    "name": "3c55ce83",
    "x": 8.974334716796875,
    "y": 41.10594177246094,
    "loudness": 0.988907396793,
    "raspiness": 0.0626972839236,
    "color": 13.5725393295,
    "location": 34.64526919696252,
    "stability": 0.698420584202,
    "tonality": 0.477384656668
}