{
    "name": "3c55ce83",
    "x": 3.6494758129119873,
    "y": 11.546335220336914,
    "loudness": 0.988907396793,
    "raspiness": 0.0626972839236,
    "color": 13.5725393295,
    "location": 1200.29467773,
    "stability": 0.698420584202,
    "tonality": 0.477384656668
}