{
    "name": "3c5bfea2",
    "x": 3.2238824367523193,
    "y": 0.09928299486637115,
    "loudness": 0.000193041676539,
    "raspiness": 0.0164142046124,
    "color": 3.5293943882,
    "location": 198.112091064,
    "stability": 0.132823869586,
    "tonality": 0.40089058876
}