{
    "name": "3c6610b0",
    "x": -4.934008598327637,
    "y": -16.493375778198242,
    "loudness": 0.508106946945,
    "raspiness": 0.0286434274167,
    "color": 10.2008247375,
    "location": 1061.87182617,
    "stability": 0.255841732025,
    "tonality": 0.467497467995
}