{
    "name": "3c66098d",
    "x": 2.0402796268463135,
    "y": -6.152956485748291,
    "loudness": 0.636125326157,
    "raspiness": 0.0935446321964,
    "color": 9.64062690735,
    "location": 45.78507876481158,
    "stability": 0.183640748262,
    "tonality": 0.485789477825
}