{
    "name": "3c68cd4b",
    "x": 15.171807289123535,
    "y": 9.530196189880371,
    "loudness": 0.99068403244,
    "raspiness": 0.112082086504,
    "color": 8.77272891998,
    "location": 50.43050021128087,
    "stability": 0.484436303377,
    "tonality": 0.472915142775
}