{
    "name": "3c68cd4b",
    "x": 15.970169067382812,
    "y": 13.310585021972656,
    "loudness": 0.99068403244,
    "raspiness": 0.112082086504,
    "color": 8.77272891998,
    "location": 2543.23535156,
    "stability": 0.484436303377,
    "tonality": 0.472915142775
}