{
    "name": "3c694bfc",
    "x": 3.821190118789673,
    "y": 9.444587707519531,
    "loudness": 0.962300777435,
    "raspiness": 0.0860828235745,
    "color": 12.7738790512,
    "location": 1885.59057617,
    "stability": 0.572476804256,
    "tonality": 0.480325758457
}