{
    "name": "3c694bfc",
    "x": 11.674588203430176,
    "y": 23.269933700561523,
    "loudness": 0.962300777435,
    "raspiness": 0.0860828235745,
    "color": 12.7738790512,
    "location": 43.42338743315634,
    "stability": 0.572476804256,
    "tonality": 0.480325758457
}