{
    "name": "3c71a915",
    "x": 3.995844602584839,
    "y": 5.6785125732421875,
    "loudness": 0.671124756336,
    "raspiness": 0.134619563818,
    "color": 13.4580106735,
    "location": 2273.74438477,
    "stability": 0.518375337124,
    "tonality": 0.383508294821
}