{
    "name": "3c713bcf",
    "x": -1.6626116037368774,
    "y": 9.543971061706543,
    "loudness": 0.957318365574,
    "raspiness": 0.0446153208613,
    "color": 19.6392879486,
    "location": 903.216918945,
    "stability": 0.520714402199,
    "tonality": 0.391907274723
}