{
    "name": "3c713bcf",
    "x": -24.13957977294922,
    "y": 21.982072830200195,
    "loudness": 0.957318365574,
    "raspiness": 0.0446153208613,
    "color": 19.6392879486,
    "location": 30.0535674911482,
    "stability": 0.520714402199,
    "tonality": 0.391907274723
}