{
    "name": "3c71a915",
    "x": 8.118922233581543,
    "y": 8.483774185180664,
    "loudness": 0.671124756336,
    "raspiness": 0.134619563818,
    "color": 13.4580106735,
    "location": 47.683795830135004,
    "stability": 0.518375337124,
    "tonality": 0.383508294821
}