{
    "name": "3c731886",
    "x": 10.830094337463379,
    "y": 5.550495147705078,
    "loudness": 0.788218319416,
    "raspiness": 0.179393947124,
    "color": 482.06072998,
    "location": 3748.09741211,
    "stability": 0.411718130112,
    "tonality": 0.490287512541
}