{
    "name": "3c731886",
    "x": 31.626420974731445,
    "y": -14.09615707397461,
    "loudness": 0.788218319416,
    "raspiness": 0.179393947124,
    "color": 482.06072998,
    "location": 3748.09741211,
    "stability": 0.411718130112,
    "tonality": 0.490287512541
}