{
    "name": "3c731886",
    "x": 33.70157241821289,
    "y": -10.00888442993164,
    "loudness": 0.788218319416,
    "raspiness": 0.179393947124,
    "color": 482.06072998,
    "location": 61.22170703361676,
    "stability": 0.411718130112,
    "tonality": 0.490287512541
}