{
    "name": "3c82d509",
    "x": -45.36405944824219,
    "y": 7.480627536773682,
    "loudness": 0.99068403244,
    "raspiness": 0.0892728343606,
    "color": 4.090965271,
    "location": 833.942993164,
    "stability": 0.594587445259,
    "tonality": 0.283538490534
}