{
    "name": "3c82d509",
    "x": -4.009359359741211,
    "y": 9.657096862792969,
    "loudness": 0.99068403244,
    "raspiness": 0.0892728343606,
    "color": 4.090965271,
    "location": 833.942993164,
    "stability": 0.594587445259,
    "tonality": 0.283538490534
}