{
    "name": "3c8323d0",
    "x": 2.251332998275757,
    "y": 1.2622231245040894,
    "loudness": 0.216776758432,
    "raspiness": 0.0394188761711,
    "color": 6.69256687164,
    "location": 868.734741211,
    "stability": 0.593225181103,
    "tonality": 0.320658683777
}