{
    "name": "3c8323d0",
    "x": -15.922539710998535,
    "y": -15.550626754760742,
    "loudness": 0.216776758432,
    "raspiness": 0.0394188761711,
    "color": 6.69256687164,
    "location": 29.47430645852418,
    "stability": 0.593225181103,
    "tonality": 0.320658683777
}