{
    "name": "3c87c17a",
    "x": 50.248165130615234,
    "y": 0.11473561823368073,
    "loudness": 0.99068403244,
    "raspiness": 0.291418999434,
    "color": 11.6504859924,
    "location": 64.19651379015842,
    "stability": 0.784897983074,
    "tonality": 0.493396103382
}