{
    "name": "3c893bd5",
    "x": -5.128220558166504,
    "y": 47.851768493652344,
    "loudness": 0.979415416718,
    "raspiness": 0.0504992008209,
    "color": 6.6857843399,
    "location": 971.397888184,
    "stability": 0.637263119221,
    "tonality": 0.454475075006
}