{
    "name": "3c893bd5",
    "x": 2.246980905532837,
    "y": 10.889485359191895,
    "loudness": 0.979415416718,
    "raspiness": 0.0504992008209,
    "color": 6.6857843399,
    "location": 971.397888184,
    "stability": 0.637263119221,
    "tonality": 0.454475075006
}