{
    "name": "3c8dc12d",
    "x": -21.685163497924805,
    "y": 1.9808506965637207,
    "loudness": 0.890547573566,
    "raspiness": 0.0296111162752,
    "color": 17.9134082794,
    "location": 35.70643789332674,
    "stability": 0.304311841726,
    "tonality": 0.386958628893
}