{
    "name": "3c8dc12d",
    "x": -23.12860870361328,
    "y": 0.7693778872489929,
    "loudness": 0.890547573566,
    "raspiness": 0.0296111162752,
    "color": 17.9134082794,
    "location": 1274.94970703,
    "stability": 0.304311841726,
    "tonality": 0.386958628893
}