{
    "name": "3c966bb8",
    "x": -24.117124557495117,
    "y": -1.4278457164764404,
    "loudness": 0.568737387657,
    "raspiness": 0.0225830078125,
    "color": 8.44264030457,
    "location": 23.92574011475925,
    "stability": 0.429165780544,
    "tonality": 0.360232889652
}