{
    "name": "3c99d0bd",
    "x": 4.224729061126709,
    "y": 3.3321781158447266,
    "loudness": 0.34355327487,
    "raspiness": 0.111443161964,
    "color": 15.9229354858,
    "location": 1766.99023438,
    "stability": 0.574507534504,
    "tonality": 0.40008443594
}