{
    "name": "3c9aa9e8",
    "x": 33.21235656738281,
    "y": 39.094058990478516,
    "loudness": 0.861704647541,
    "raspiness": 0.0964449122548,
    "color": 24.9623260498,
    "location": 2085.97729492,
    "stability": 0.780420184135,
    "tonality": 0.491618365049
}