{
    "name": "3c9abefe",
    "x": -28.899648666381836,
    "y": -8.623819351196289,
    "loudness": 0.645327687263,
    "raspiness": 0.0168402772397,
    "color": 3.95307016373,
    "location": 346.814422607,
    "stability": 0.391438364983,
    "tonality": 0.335636228323
}