{
    "name": "3c9abefe",
    "x": -28.8536434173584,
    "y": -0.6933112740516663,
    "loudness": 0.645327687263,
    "raspiness": 0.0168402772397,
    "color": 3.95307016373,
    "location": 18.622954185815953,
    "stability": 0.391438364983,
    "tonality": 0.335636228323
}