{
    "name": "3c9b706e",
    "x": -19.907752990722656,
    "y": 5.721235275268555,
    "loudness": 0.99068403244,
    "raspiness": 0.0197045113891,
    "color": 11.6097650528,
    "location": 36.044944681744205,
    "stability": 0.35486343503,
    "tonality": 0.398661404848
}