{
    "name": "3ca0ecf2",
    "x": 47.15476608276367,
    "y": -16.735383987426758,
    "loudness": 0.99068403244,
    "raspiness": 0.381017357111,
    "color": 230.109924316,
    "location": 78.7661224815593,
    "stability": 0.642579913139,
    "tonality": 0.496683388948
}