{
    "name": "3ca0ecf2",
    "x": 47.68903732299805,
    "y": -25.02602767944336,
    "loudness": 0.99068403244,
    "raspiness": 0.381017357111,
    "color": 230.109924316,
    "location": 6204.10205078,
    "stability": 0.642579913139,
    "tonality": 0.496683388948
}