{
    "name": "3ca538bf",
    "x": 8.644878387451172,
    "y": 8.155259132385254,
    "loudness": 0.99068403244,
    "raspiness": 0.282900065184,
    "color": 76.7106781006,
    "location": 2347.53076172,
    "stability": 0.608702778816,
    "tonality": 0.481630682945
}