{
    "name": "3ca538bf",
    "x": 37.34315490722656,
    "y": 5.251481533050537,
    "loudness": 0.99068403244,
    "raspiness": 0.282900065184,
    "color": 76.7106781006,
    "location": 48.451323632280676,
    "stability": 0.608702778816,
    "tonality": 0.481630682945
}