{
    "name": "3ca538bf",
    "x": 39.09648895263672,
    "y": 6.1344313621521,
    "loudness": 0.99068403244,
    "raspiness": 0.282900065184,
    "color": 76.7106781006,
    "location": 2347.53076172,
    "stability": 0.608702778816,
    "tonality": 0.481630682945
}