{
    "name": "3ca7fb97",
    "x": 49.21323776245117,
    "y": 4.550586700439453,
    "loudness": 0.99068403244,
    "raspiness": 0.250708788633,
    "color": 32.2702255249,
    "location": 60.2938665354943,
    "stability": 0.760303378105,
    "tonality": 0.486341655254
}