{
    "name": "3ca7fb97",
    "x": 53.29377365112305,
    "y": 2.854424476623535,
    "loudness": 0.99068403244,
    "raspiness": 0.250708788633,
    "color": 32.2702255249,
    "location": 3635.3503418,
    "stability": 0.760303378105,
    "tonality": 0.486341655254
}