{
    "name": "3ca7fb97",
    "x": 9.533576965332031,
    "y": 8.768254280090332,
    "loudness": 0.99068403244,
    "raspiness": 0.250708788633,
    "color": 32.2702255249,
    "location": 3635.3503418,
    "stability": 0.760303378105,
    "tonality": 0.486341655254
}