{
    "name": "3cb083af",
    "x": 8.345489501953125,
    "y": 9.837292671203613,
    "loudness": 0.961441934109,
    "raspiness": 0.150338307023,
    "color": 34.3827552795,
    "location": 3058.46801758,
    "stability": 0.736152946949,
    "tonality": 0.482956707478
}