{
    "name": "3cb73c84",
    "x": -13.394968032836914,
    "y": 50.13667678833008,
    "loudness": 0.97826975584,
    "raspiness": 0.0517578125,
    "color": 15.5045900345,
    "location": 1122.59423828,
    "stability": 0.76214069128,
    "tonality": 0.424237877131
}