{
    "name": "3cb73c84",
    "x": -4.172947406768799,
    "y": 42.746978759765625,
    "loudness": 0.97826975584,
    "raspiness": 0.0517578125,
    "color": 15.5045900345,
    "location": 33.50513749083862,
    "stability": 0.76214069128,
    "tonality": 0.424237877131
}