{
    "name": "3cbe9902",
    "x": -2.813944101333618,
    "y": 9.024801254272461,
    "loudness": 0.956085145473,
    "raspiness": 0.0275613013655,
    "color": 15.6807575226,
    "location": 908.526000977,
    "stability": 0.455607354641,
    "tonality": 0.354724884033
}