{
    "name": "3cc6911c",
    "x": -1.2783726453781128,
    "y": 5.745606899261475,
    "loudness": 0.99068403244,
    "raspiness": 0.031419403851,
    "color": 59.2851104736,
    "location": 542.959350586,
    "stability": 0.146997541189,
    "tonality": 0.39204660058
}