{
    "name": "3cc6911c",
    "x": -22.570598602294922,
    "y": -11.143057823181152,
    "loudness": 0.99068403244,
    "raspiness": 0.031419403851,
    "color": 59.2851104736,
    "location": 542.959350586,
    "stability": 0.146997541189,
    "tonality": 0.39204660058
}