{
    "name": "3cd1b8b6",
    "x": -16.156400680541992,
    "y": 21.449739456176758,
    "loudness": 0.979667663574,
    "raspiness": 0.0754865184426,
    "color": 30.9245643616,
    "location": 1480.26208496,
    "stability": 0.472926735878,
    "tonality": 0.41680431366
}