{
    "name": "3cd67000",
    "x": 48.61484909057617,
    "y": 9.769676208496094,
    "loudness": 0.99068403244,
    "raspiness": 0.22314453125,
    "color": 5.58917999268,
    "location": 57.726149617049636,
    "stability": 0.74884814024,
    "tonality": 0.491567879915
}