{
    "name": "3cd67000",
    "x": 9.24655532836914,
    "y": 9.008018493652344,
    "loudness": 0.99068403244,
    "raspiness": 0.22314453125,
    "color": 5.58917999268,
    "location": 3332.30834961,
    "stability": 0.74884814024,
    "tonality": 0.491567879915
}