{
    "name": "3ce200df",
    "x": 36.27390670776367,
    "y": 7.656803131103516,
    "loudness": 0.840757071972,
    "raspiness": 0.215767771006,
    "color": 76.5345687866,
    "location": 52.63295571540706,
    "stability": 0.645723700523,
    "tonality": 0.488760650158
}