{
    "name": "3d0b0e35",
    "x": -12.580551147460938,
    "y": 44.965126037597656,
    "loudness": 0.98582470417,
    "raspiness": 0.0197390988469,
    "color": 16.244644165,
    "location": 362.627105713,
    "stability": 0.642606556416,
    "tonality": 0.451840639114
}