{
    "name": "3d2641e5",
    "x": 7.289219856262207,
    "y": 9.192413330078125,
    "loudness": 0.99068403244,
    "raspiness": 0.136009961367,
    "color": 4.17175769806,
    "location": 2697.76782227,
    "stability": 0.640849232674,
    "tonality": 0.485558241606
}