{
    "name": "3d2641e5",
    "x": 33.42258834838867,
    "y": 22.195316314697266,
    "loudness": 0.99068403244,
    "raspiness": 0.136009961367,
    "color": 4.17175769806,
    "location": 2697.76782227,
    "stability": 0.640849232674,
    "tonality": 0.485558241606
}