{
    "name": "3d2641e5",
    "x": 30.52050018310547,
    "y": 18.618783950805664,
    "loudness": 0.99068403244,
    "raspiness": 0.136009961367,
    "color": 4.17175769806,
    "location": 51.940040645632926,
    "stability": 0.640849232674,
    "tonality": 0.485558241606
}