{
    "name": "3d314961",
    "x": 30.108976364135742,
    "y": 39.76335144042969,
    "loudness": 0.99068403244,
    "raspiness": 0.0790617018938,
    "color": 34.3408088684,
    "location": 45.53374864449445,
    "stability": 0.840408504009,
    "tonality": 0.481076717377
}