{
    "name": "3d314961",
    "x": 32.27211380004883,
    "y": 46.86056137084961,
    "loudness": 0.99068403244,
    "raspiness": 0.0790617018938,
    "color": 34.3408088684,
    "location": 2073.32226562,
    "stability": 0.840408504009,
    "tonality": 0.481076717377
}