{
    "name": "3d3439f1",
    "x": 9.82658863067627,
    "y": 7.593581199645996,
    "loudness": 0.99068403244,
    "raspiness": 0.283902555704,
    "color": 132.419784546,
    "location": 3804.27197266,
    "stability": 0.682513058186,
    "tonality": 0.495855808258
}