{
    "name": "3d3b9761",
    "x": 3.3975658416748047,
    "y": 3.984621286392212,
    "loudness": 0.32495880127,
    "raspiness": 0.0624643824995,
    "color": 15.2808551788,
    "location": 1673.9354248,
    "stability": 0.412648528814,
    "tonality": 0.469271123409
}