{
    "name": "3d3b9761",
    "x": 4.158255100250244,
    "y": -10.789307594299316,
    "loudness": 0.32495880127,
    "raspiness": 0.0624643824995,
    "color": 15.2808551788,
    "location": 40.91375593611518,
    "stability": 0.412648528814,
    "tonality": 0.469271123409
}