{
    "name": "3d49cad3",
    "x": 6.431203365325928,
    "y": 3.0627694129943848,
    "loudness": 0.209674417973,
    "raspiness": 0.146524295211,
    "color": 61.1115722656,
    "location": 2843.96362305,
    "stability": 0.692601501942,
    "tonality": 0.491565495729
}