{
    "name": "3d49cad3",
    "x": 22.11044692993164,
    "y": -13.366439819335938,
    "loudness": 0.209674417973,
    "raspiness": 0.146524295211,
    "color": 61.1115722656,
    "location": 53.32882544225027,
    "stability": 0.692601501942,
    "tonality": 0.491565495729
}