{
    "name": "3d4fcc98",
    "x": 15.283321380615234,
    "y": 36.77384567260742,
    "loudness": 0.99068403244,
    "raspiness": 0.0647135451436,
    "color": 21.4815711975,
    "location": 40.553269004483475,
    "stability": 0.680797278881,
    "tonality": 0.478198111057
}