{
    "name": "3d4fcc98",
    "x": 17.92047119140625,
    "y": 46.199981689453125,
    "loudness": 0.99068403244,
    "raspiness": 0.0647135451436,
    "color": 21.4815711975,
    "location": 1644.56762695,
    "stability": 0.680797278881,
    "tonality": 0.478198111057
}