{
    "name": "3d51eb7a",
    "x": 13.226080894470215,
    "y": -1.1886942386627197,
    "loudness": 0.657886266708,
    "raspiness": 0.154134109616,
    "color": 8.81792354584,
    "location": 49.433694840159376,
    "stability": 0.374809235334,
    "tonality": 0.476071417332
}