{
    "name": "3d51eb7a",
    "x": 12.861202239990234,
    "y": -3.5730817317962646,
    "loudness": 0.657886266708,
    "raspiness": 0.154134109616,
    "color": 8.81792354584,
    "location": 2443.69018555,
    "stability": 0.374809235334,
    "tonality": 0.476071417332
}