{
    "name": "3d51eb7a",
    "x": 4.066956043243408,
    "y": 5.093687057495117,
    "loudness": 0.657886266708,
    "raspiness": 0.154134109616,
    "color": 8.81792354584,
    "location": 2443.69018555,
    "stability": 0.374809235334,
    "tonality": 0.476071417332
}