{
    "name": "3d576e50",
    "x": -24.50644302368164,
    "y": 40.40131759643555,
    "loudness": 0.982159793377,
    "raspiness": 0.0695735961199,
    "color": 46.6590766907,
    "location": 1280.00061035,
    "stability": 0.674919426441,
    "tonality": 0.390655338764
}