{
    "name": "3d5b75bf",
    "x": 6.736568927764893,
    "y": 7.367762088775635,
    "loudness": 0.989488840103,
    "raspiness": 0.141689538956,
    "color": 9.83885383606,
    "location": 2804.47998047,
    "stability": 0.434069484472,
    "tonality": 0.494078069925
}