{
    "name": "3d61daec",
    "x": 4.567821025848389,
    "y": 11.45261001586914,
    "loudness": 0.99068403244,
    "raspiness": 0.0751008093357,
    "color": 4.0651102066,
    "location": 1718.42529297,
    "stability": 0.69816917181,
    "tonality": 0.447159439325
}