{
    "name": "3d6534dd",
    "x": 10.8375825881958,
    "y": 7.355873107910156,
    "loudness": 0.99068403244,
    "raspiness": 0.324143618345,
    "color": 80.0643768311,
    "location": 5255.35644531,
    "stability": 0.700917959213,
    "tonality": 0.480384320021
}