{
    "name": "3d678687",
    "x": 1.9521291255950928,
    "y": 4.0084638595581055,
    "loudness": 0.571456968784,
    "raspiness": 0.0254563558847,
    "color": 28.9273967743,
    "location": 1094.96252441,
    "stability": 0.332836717367,
    "tonality": 0.471995145082
}