{
    "name": "3d7507e9",
    "x": 42.24024200439453,
    "y": 7.112868785858154,
    "loudness": 0.882250666618,
    "raspiness": 0.241022840142,
    "color": 101.95664978,
    "location": 54.2952270433599,
    "stability": 0.722986757755,
    "tonality": 0.491820365191
}