{
    "name": "3d7507e9",
    "x": 44.3995361328125,
    "y": 6.196308612823486,
    "loudness": 0.882250666618,
    "raspiness": 0.241022840142,
    "color": 101.95664978,
    "location": 2947.97167969,
    "stability": 0.722986757755,
    "tonality": 0.491820365191
}