{
    "name": "3d795d2a",
    "x": 5.485249996185303,
    "y": 10.048149108886719,
    "loudness": 0.927018404007,
    "raspiness": 0.131264492869,
    "color": 29.3633003235,
    "location": 1682.33178711,
    "stability": 0.643752157688,
    "tonality": 0.474369555712
}