{
    "name": "3d795d2a",
    "x": 20.700700759887695,
    "y": 26.73180389404297,
    "loudness": 0.927018404007,
    "raspiness": 0.131264492869,
    "color": 29.3633003235,
    "location": 41.016238090663556,
    "stability": 0.643752157688,
    "tonality": 0.474369555712
}