{
    "name": "3d88d530",
    "x": -10.487041473388672,
    "y": -36.84244155883789,
    "loudness": 0.00268128141761,
    "raspiness": 0.0695684552193,
    "color": 10.440328598,
    "location": 1968.54504395,
    "stability": 0.166322529316,
    "tonality": 0.342297494411
}