{
    "name": "3d94c79e",
    "x": -21.639541625976562,
    "y": -19.13633155822754,
    "loudness": 0.298766225576,
    "raspiness": 0.063720703125,
    "color": 13.7917156219,
    "location": 33.13649933064747,
    "stability": 0.250942915678,
    "tonality": 0.307537972927
}