{
    "name": "3d94c79e",
    "x": 2.3265764713287354,
    "y": 0.21499145030975342,
    "loudness": 0.298766225576,
    "raspiness": 0.063720703125,
    "color": 13.7917156219,
    "location": 1098.02758789,
    "stability": 0.250942915678,
    "tonality": 0.307537972927
}