{
    "name": "3d9a58e7",
    "x": -19.288713455200195,
    "y": 11.063243865966797,
    "loudness": 0.979129493237,
    "raspiness": 0.0441527254879,
    "color": 22.4682006836,
    "location": 24.86389096119109,
    "stability": 0.409135907888,
    "tonality": 0.412524908781
}