{
    "name": "3d9a58e7",
    "x": -0.6310540437698364,
    "y": 7.3904829025268555,
    "loudness": 0.979129493237,
    "raspiness": 0.0441527254879,
    "color": 22.4682006836,
    "location": 618.21307373,
    "stability": 0.409135907888,
    "tonality": 0.412524908781
}