{
    "name": "3d9e95c0",
    "x": -21.583154678344727,
    "y": 6.727240562438965,
    "loudness": 0.978329002857,
    "raspiness": 0.0437127351761,
    "color": 40.2185211182,
    "location": 38.77071333996835,
    "stability": 0.367192596197,
    "tonality": 0.382715135813
}