{
    "name": "3d9e95c0",
    "x": -24.05108642578125,
    "y": 6.369288444519043,
    "loudness": 0.978329002857,
    "raspiness": 0.0437127351761,
    "color": 40.2185211182,
    "location": 1503.16821289,
    "stability": 0.367192596197,
    "tonality": 0.382715135813
}