{
    "name": "3db64708",
    "x": 8.354345321655273,
    "y": 5.512943267822266,
    "loudness": 0.577752530575,
    "raspiness": 0.072617135942,
    "color": 19.8684425354,
    "location": 40.04872520592884,
    "stability": 0.587257087231,
    "tonality": 0.4608682096
}