{
    "name": "3db64708",
    "x": 4.7239251136779785,
    "y": 4.114950656890869,
    "loudness": 0.577752530575,
    "raspiness": 0.072617135942,
    "color": 19.8684425354,
    "location": 1603.90039062,
    "stability": 0.587257087231,
    "tonality": 0.4608682096
}