{
    "name": "3dbb6542",
    "x": -44.37702941894531,
    "y": 7.153331279754639,
    "loudness": 0.953671514988,
    "raspiness": 0.018540635705,
    "color": 8.70793437958,
    "location": 20.308584358172286,
    "stability": 0.567981541157,
    "tonality": 0.266047269106
}