{
    "name": "3dbb6542",
    "x": -4.593329429626465,
    "y": 9.158145904541016,
    "loudness": 0.953671514988,
    "raspiness": 0.018540635705,
    "color": 8.70793437958,
    "location": 412.438598633,
    "stability": 0.567981541157,
    "tonality": 0.266047269106
}