{
    "name": "3dbd3ff7",
    "x": 3.6183698177337646,
    "y": 9.003302574157715,
    "loudness": 0.911336004734,
    "raspiness": 0.0907904952765,
    "color": 12.640370369,
    "location": 1844.35021973,
    "stability": 0.5128454566,
    "tonality": 0.467365652323
}