{
    "name": "3dbd3ff7",
    "x": 8.43137264251709,
    "y": 17.17845916748047,
    "loudness": 0.911336004734,
    "raspiness": 0.0907904952765,
    "color": 12.640370369,
    "location": 42.9458987533152,
    "stability": 0.5128454566,
    "tonality": 0.467365652323
}