{
    "name": "3dc1faa7",
    "x": -13.792922973632812,
    "y": 6.260442733764648,
    "loudness": 0.959297955036,
    "raspiness": 0.020162101835,
    "color": 18.9583892822,
    "location": 385.166351318,
    "stability": 0.34139046073,
    "tonality": 0.47149053216
}