{
    "name": "3dc2885b",
    "x": -13.71733570098877,
    "y": -7.506168842315674,
    "loudness": 0.99068403244,
    "raspiness": 0.0355834960938,
    "color": 4.76667737961,
    "location": 24.62534328162757,
    "stability": 0.162542849779,
    "tonality": 0.473773568869
}