{
    "name": "3dc2885b",
    "x": -15.655190467834473,
    "y": -10.391093254089355,
    "loudness": 0.99068403244,
    "raspiness": 0.0355834960938,
    "color": 4.76667737961,
    "location": 606.407531738,
    "stability": 0.162542849779,
    "tonality": 0.473773568869
}