{
    "name": "3dc30df9",
    "x": -5.786708831787109,
    "y": -12.909396171569824,
    "loudness": 0.306889235973,
    "raspiness": 0.0216954126954,
    "color": 6.14000225067,
    "location": 24.69535451594085,
    "stability": 0.526730358601,
    "tonality": 0.409053832293
}