{
    "name": "3dc717ea",
    "x": -30.277433395385742,
    "y": -13.767510414123535,
    "loudness": 0.50606584549,
    "raspiness": 0.0105328150094,
    "color": 5.1277141571,
    "location": 14.75153407507165,
    "stability": 0.159056141973,
    "tonality": 0.267390102148
}