{
    "name": "3dc717ea",
    "x": -28.40778350830078,
    "y": -23.115825653076172,
    "loudness": 0.50606584549,
    "raspiness": 0.0105328150094,
    "color": 5.1277141571,
    "location": 217.607757568,
    "stability": 0.159056141973,
    "tonality": 0.267390102148
}