{
    "name": "3dc717ea",
    "x": -4.56550407409668,
    "y": 7.085509300231934,
    "loudness": 0.50606584549,
    "raspiness": 0.0105328150094,
    "color": 5.1277141571,
    "location": 217.607757568,
    "stability": 0.159056141973,
    "tonality": 0.267390102148
}