{
    "name": "3de13acc",
    "x": -36.96762466430664,
    "y": 5.58368444442749,
    "loudness": 0.970040857792,
    "raspiness": 0.296225816011,
    "color": 34.160610199,
    "location": 1815.65002441,
    "stability": 0.586786866188,
    "tonality": 0.229819729924
}