{
    "name": "3de13acc",
    "x": -38.166744232177734,
    "y": 7.671421527862549,
    "loudness": 0.970040857792,
    "raspiness": 0.296225816011,
    "color": 34.160610199,
    "location": 42.610445015394994,
    "stability": 0.586786866188,
    "tonality": 0.229819729924
}