{
    "name": "3de13acc",
    "x": -3.665090799331665,
    "y": 9.391871452331543,
    "loudness": 0.970040857792,
    "raspiness": 0.296225816011,
    "color": 34.160610199,
    "location": 1815.65002441,
    "stability": 0.586786866188,
    "tonality": 0.229819729924
}