{
    "name": "3dee39ff",
    "x": -11.124672889709473,
    "y": 24.96725082397461,
    "loudness": 0.983009696007,
    "raspiness": 0.0297320820391,
    "color": 3.40823698044,
    "location": 24.33889679038473,
    "stability": 0.53267621994,
    "tonality": 0.45376303792
}