{
    "name": "3dee39ff",
    "x": -17.27412986755371,
    "y": 31.276094436645508,
    "loudness": 0.983009696007,
    "raspiness": 0.0297320820391,
    "color": 3.40823698044,
    "location": 592.381896973,
    "stability": 0.53267621994,
    "tonality": 0.45376303792
}