{
    "name": "3dee39ff",
    "x": 1.2166632413864136,
    "y": 9.351907730102539,
    "loudness": 0.983009696007,
    "raspiness": 0.0297320820391,
    "color": 3.40823698044,
    "location": 592.381896973,
    "stability": 0.53267621994,
    "tonality": 0.45376303792
}