{
    "name": "3def93b9",
    "x": 37.279422760009766,
    "y": -8.598329544067383,
    "loudness": 0.697640836239,
    "raspiness": 0.314846694469,
    "color": 133.204589844,
    "location": 69.44089635034963,
    "stability": 0.415543347597,
    "tonality": 0.498581260443
}