{
    "name": "3def93b9",
    "x": 36.926082611083984,
    "y": -13.160094261169434,
    "loudness": 0.697640836239,
    "raspiness": 0.314846694469,
    "color": 133.204589844,
    "location": 4822.03808594,
    "stability": 0.415543347597,
    "tonality": 0.498581260443
}