{
    "name": "3df53f0c",
    "x": -3.8635692596435547,
    "y": -1.7820922136306763,
    "loudness": 0.99068403244,
    "raspiness": 0.069252230227,
    "color": 17.2958145142,
    "location": 40.573561184470854,
    "stability": 0.248200491071,
    "tonality": 0.476771175861
}