{
    "name": "3e205ca5",
    "x": 13.897541046142578,
    "y": 26.82155418395996,
    "loudness": 0.844603896141,
    "raspiness": 0.0881736651063,
    "color": 10.8500452042,
    "location": 40.77798717788802,
    "stability": 0.626320302486,
    "tonality": 0.483726680279
}