{
    "name": "3e23db4c",
    "x": 34.36362075805664,
    "y": 18.53644371032715,
    "loudness": 0.935416102409,
    "raspiness": 0.17437940836,
    "color": 47.8746032715,
    "location": 2480.18432617,
    "stability": 0.638747513294,
    "tonality": 0.489211708307
}