{
    "name": "3e246c06",
    "x": 6.806976795196533,
    "y": 23.231307983398438,
    "loudness": 0.834107160568,
    "raspiness": 0.0660720095038,
    "color": 22.6225605011,
    "location": 1624.14624023,
    "stability": 0.521276831627,
    "tonality": 0.470111042261
}