{
    "name": "3e246c06",
    "x": 4.81585168838501,
    "y": 16.703163146972656,
    "loudness": 0.834107160568,
    "raspiness": 0.0660720095038,
    "color": 22.6225605011,
    "location": 40.30069776356236,
    "stability": 0.521276831627,
    "tonality": 0.470111042261
}