{
    "name": "3e326ff4",
    "x": 44.3175163269043,
    "y": 36.29523849487305,
    "loudness": 0.960648179054,
    "raspiness": 0.118992492557,
    "color": 18.6071033478,
    "location": 2494.99291992,
    "stability": 0.793880999088,
    "tonality": 0.486167728901
}