{
    "name": "3e33282d",
    "x": -2.5146052837371826,
    "y": 9.314813613891602,
    "loudness": 0.986131548882,
    "raspiness": 0.0216805227101,
    "color": 8.34899902344,
    "location": 336.867523193,
    "stability": 0.490083366632,
    "tonality": 0.38073271513
}