{
    "name": "3e351b36",
    "x": 8.610358238220215,
    "y": 8.510285377502441,
    "loudness": 0.99068403244,
    "raspiness": 0.199526190758,
    "color": 25.5549926758,
    "location": 3712.43896484,
    "stability": 0.638284444809,
    "tonality": 0.487154275179
}