{
    "name": "3e409f47",
    "x": 10.541885375976562,
    "y": -18.69557762145996,
    "loudness": 0.0211571510881,
    "raspiness": 0.0979987457395,
    "color": 22.4880905151,
    "location": 42.60236551941688,
    "stability": 0.516107738018,
    "tonality": 0.477661460638
}