{
    "name": "3e410f2b",
    "x": 7.865331649780273,
    "y": 2.484246253967285,
    "loudness": 0.966881275177,
    "raspiness": 0.100302271545,
    "color": 76.7062683105,
    "location": 2277.48730469,
    "stability": 0.283988445997,
    "tonality": 0.488793075085
}