{
    "name": "3e410f2b",
    "x": 4.934127330780029,
    "y": 1.0211570262908936,
    "loudness": 0.966881275177,
    "raspiness": 0.100302271545,
    "color": 76.7062683105,
    "location": 47.723026985827296,
    "stability": 0.283988445997,
    "tonality": 0.488793075085
}