{
    "name": "3e4c9e54",
    "x": 30.0814151763916,
    "y": 7.425738334655762,
    "loudness": 0.99068403244,
    "raspiness": 0.23544922471,
    "color": 8.27073574066,
    "location": 51.04855369136328,
    "stability": 0.531438052654,
    "tonality": 0.460237890482
}