{
    "name": "3e4c9e54",
    "x": 7.459834098815918,
    "y": 7.950457572937012,
    "loudness": 0.99068403244,
    "raspiness": 0.23544922471,
    "color": 8.27073574066,
    "location": 2605.95483398,
    "stability": 0.531438052654,
    "tonality": 0.460237890482
}