{
    "name": "3e4ea67e",
    "x": 1.7546972036361694,
    "y": 10.222827911376953,
    "loudness": 0.99068403244,
    "raspiness": 0.064342148602,
    "color": 12.780664444,
    "location": 1314.34521484,
    "stability": 0.591433107853,
    "tonality": 0.44925814867
}