{
    "name": "3e52cc7a",
    "x": 38.89919662475586,
    "y": -13.419376373291016,
    "loudness": 0.943728625774,
    "raspiness": 0.268651604652,
    "color": 346.205993652,
    "location": 3746.57641602,
    "stability": 0.686974227428,
    "tonality": 0.487144500017
}