{
    "name": "3e69ba3a",
    "x": 39.7198600769043,
    "y": 25.865671157836914,
    "loudness": 0.99068403244,
    "raspiness": 0.164788663387,
    "color": 7.05566501617,
    "location": 2264.80126953,
    "stability": 0.721914708614,
    "tonality": 0.492387294769
}