{
    "name": "3e69ba3a",
    "x": 35.78169631958008,
    "y": 21.785001754760742,
    "loudness": 0.99068403244,
    "raspiness": 0.164788663387,
    "color": 7.05566501617,
    "location": 47.589928236235025,
    "stability": 0.721914708614,
    "tonality": 0.492387294769
}