{
    "name": "3e6e8db6",
    "x": -0.07091175019741058,
    "y": 11.408255577087402,
    "loudness": 0.821820735931,
    "raspiness": 0.058485083282,
    "color": 20.9893131256,
    "location": 1302.3659668,
    "stability": 0.783009529114,
    "tonality": 0.388173371553
}