{
    "name": "3e6e8db6",
    "x": -18.371746063232422,
    "y": 44.49431228637695,
    "loudness": 0.821820735931,
    "raspiness": 0.058485083282,
    "color": 20.9893131256,
    "location": 1302.3659668,
    "stability": 0.783009529114,
    "tonality": 0.388173371553
}