{
    "name": "3e70496c",
    "x": -12.354842185974121,
    "y": 3.964465856552124,
    "loudness": 0.99068403244,
    "raspiness": 0.0194091796875,
    "color": 10.2881259918,
    "location": 21.199057158609673,
    "stability": 0.33981308341,
    "tonality": 0.472261697054
}