{
    "name": "3e70496c",
    "x": -13.211496353149414,
    "y": 4.815056324005127,
    "loudness": 0.99068403244,
    "raspiness": 0.0194091796875,
    "color": 10.2881259918,
    "location": 449.400024414,
    "stability": 0.33981308341,
    "tonality": 0.472261697054
}