{
    "name": "3e782d24",
    "x": 4.610757827758789,
    "y": 38.04025650024414,
    "loudness": 0.99068403244,
    "raspiness": 0.0481262207031,
    "color": 11.1123037338,
    "location": 34.48429889268448,
    "stability": 0.650465428829,
    "tonality": 0.467179864645
}