{
    "name": "3e7b6f14",
    "x": 11.219491958618164,
    "y": 6.4749016761779785,
    "loudness": 0.99068403244,
    "raspiness": 0.39003905654,
    "color": 254.739562988,
    "location": 5773.22607422,
    "stability": 0.623894810677,
    "tonality": 0.495215892792
}