{
    "name": "3e7c0c48",
    "x": -4.254509925842285,
    "y": -20.5352840423584,
    "loudness": 0.0969395264983,
    "raspiness": 0.0148811861873,
    "color": 6.22424840927,
    "location": 17.413258098845258,
    "stability": 0.42987844348,
    "tonality": 0.438966929913
}