{
    "name": "3e8687d9",
    "x": 5.710295677185059,
    "y": 6.05145788192749,
    "loudness": 0.63370102644,
    "raspiness": 0.112942963839,
    "color": 14.9407300949,
    "location": 3357.67993164,
    "stability": 0.515345394611,
    "tonality": 0.495093852282
}