{
    "name": "3e8687d9",
    "x": 20.492055892944336,
    "y": 2.289806842803955,
    "loudness": 0.63370102644,
    "raspiness": 0.112942963839,
    "color": 14.9407300949,
    "location": 57.94549103804368,
    "stability": 0.515345394611,
    "tonality": 0.495093852282
}