{
    "name": "3e93dd4c",
    "x": 43.986392974853516,
    "y": 1.6336294412612915,
    "loudness": 0.99068403244,
    "raspiness": 0.265970379114,
    "color": 14.2350358963,
    "location": 59.85311610776836,
    "stability": 0.653100907803,
    "tonality": 0.490128397942
}