{
    "name": "3eaddda8",
    "x": -2.459390163421631,
    "y": 7.4339213371276855,
    "loudness": 0.937284231186,
    "raspiness": 0.0436330400407,
    "color": 6.59959936142,
    "location": 1124.14257812,
    "stability": 0.376277923584,
    "tonality": 0.360560983419
}