{
    "name": "3eaddda8",
    "x": -31.17841339111328,
    "y": 1.8507258892059326,
    "loudness": 0.937284231186,
    "raspiness": 0.0436330400407,
    "color": 6.59959936142,
    "location": 1124.14257812,
    "stability": 0.376277923584,
    "tonality": 0.360560983419
}