{
    "name": "3ec68757",
    "x": -9.076178550720215,
    "y": -28.16714096069336,
    "loudness": 0.00180299242493,
    "raspiness": 0.066501416266,
    "color": 2.61393046379,
    "location": 539.147644043,
    "stability": 0.409354239702,
    "tonality": 0.396771609783
}