{
    "name": "3ecef0f4",
    "x": 34.78583526611328,
    "y": 45.8424072265625,
    "loudness": 0.934395849705,
    "raspiness": 0.0968578830361,
    "color": 22.1369724274,
    "location": 1998.38671875,
    "stability": 0.788026034832,
    "tonality": 0.489412844181
}