{
    "name": "3ecef0f4",
    "x": 30.971710205078125,
    "y": 37.809593200683594,
    "loudness": 0.934395849705,
    "raspiness": 0.0968578830361,
    "color": 22.1369724274,
    "location": 44.703318878468075,
    "stability": 0.788026034832,
    "tonality": 0.489412844181
}