{
    "name": "3ed07532",
    "x": -36.69793701171875,
    "y": -26.256179809570312,
    "loudness": 0.99068403244,
    "raspiness": 0.0956920310855,
    "color": 12.0259027481,
    "location": 990.776367188,
    "stability": 0.164472982287,
    "tonality": 0.150176867843
}