{
    "name": "3ed07532",
    "x": -5.040682315826416,
    "y": 7.240036964416504,
    "loudness": 0.99068403244,
    "raspiness": 0.0956920310855,
    "color": 12.0259027481,
    "location": 990.776367188,
    "stability": 0.164472982287,
    "tonality": 0.150176867843
}