{
    "name": "3ed699d0",
    "x": 6.032704830169678,
    "y": 2.4837498664855957,
    "loudness": 0.0421512909234,
    "raspiness": 0.14748261869,
    "color": 15.4791507721,
    "location": 2620.24414062,
    "stability": 0.546461105347,
    "tonality": 0.454847455025
}