{
    "name": "3ed699d0",
    "x": 17.740259170532227,
    "y": -17.182191848754883,
    "loudness": 0.0421512909234,
    "raspiness": 0.14748261869,
    "color": 15.4791507721,
    "location": 51.18832035357285,
    "stability": 0.546461105347,
    "tonality": 0.454847455025
}