{
    "name": "3edc4278",
    "x": -29.71268653869629,
    "y": -9.019795417785645,
    "loudness": 0.99068403244,
    "raspiness": 0.0238396134228,
    "color": 4.55600214005,
    "location": 664.205383301,
    "stability": 0.276744931936,
    "tonality": 0.356064319611
}