{
    "name": "3ee056f2",
    "x": 3.2622745037078857,
    "y": 9.063506126403809,
    "loudness": 0.916663229465,
    "raspiness": 0.100638255477,
    "color": 6.23995113373,
    "location": 1450.98706055,
    "stability": 0.53623354435,
    "tonality": 0.47314375639
}