{
    "name": "3ee056f2",
    "x": 7.039583206176758,
    "y": 27.47270965576172,
    "loudness": 0.916663229465,
    "raspiness": 0.100638255477,
    "color": 6.23995113373,
    "location": 1450.98706055,
    "stability": 0.53623354435,
    "tonality": 0.47314375639
}