{
    "name": "3ee25773",
    "x": -0.9811750650405884,
    "y": 10.665400505065918,
    "loudness": 0.99068403244,
    "raspiness": 0.0689995661378,
    "color": 28.4048728943,
    "location": 1505.90625,
    "stability": 0.648712158203,
    "tonality": 0.362122178078
}