{
    "name": "3eed2e68",
    "x": -29.24182891845703,
    "y": -8.260866165161133,
    "loudness": 0.979019641876,
    "raspiness": 0.0203565750271,
    "color": 4.85373926163,
    "location": 20.24151810452961,
    "stability": 0.159641742706,
    "tonality": 0.337719708681
}