{
    "name": "3eed2e68",
    "x": -3.509976387023926,
    "y": 6.962209701538086,
    "loudness": 0.979019641876,
    "raspiness": 0.0203565750271,
    "color": 4.85373926163,
    "location": 409.719055176,
    "stability": 0.159641742706,
    "tonality": 0.337719708681
}