{
    "name": "3ef05695",
    "x": 9.133346557617188,
    "y": -0.7410263419151306,
    "loudness": 0.71706032753,
    "raspiness": 0.100957900286,
    "color": 22.8786029816,
    "location": 2538.53417969,
    "stability": 0.350779801607,
    "tonality": 0.490690141916
}