{
    "name": "3ef1e964",
    "x": 7.502992153167725,
    "y": 10.161521911621094,
    "loudness": 0.99068403244,
    "raspiness": 0.169842392206,
    "color": 14.5448284149,
    "location": 2436.00683594,
    "stability": 0.695714354515,
    "tonality": 0.482657581568
}