{
    "name": "3ef1e964",
    "x": 39.281700134277344,
    "y": 24.602998733520508,
    "loudness": 0.99068403244,
    "raspiness": 0.169842392206,
    "color": 14.5448284149,
    "location": 2436.00683594,
    "stability": 0.695714354515,
    "tonality": 0.482657581568
}