{
    "name": "3ef1e964",
    "x": 34.62125778198242,
    "y": 19.185054779052734,
    "loudness": 0.99068403244,
    "raspiness": 0.169842392206,
    "color": 14.5448284149,
    "location": 49.35591996853063,
    "stability": 0.695714354515,
    "tonality": 0.482657581568
}