{
    "name": "3f0c40c0",
    "x": 1.04289710521698,
    "y": 5.597896099090576,
    "loudness": 0.915326356888,
    "raspiness": 0.0415681935847,
    "color": 10.7852897644,
    "location": 1665.77038574,
    "stability": 0.280467629433,
    "tonality": 0.479766994715
}