{
    "name": "3f0c2a46",
    "x": 45.23109817504883,
    "y": -18.614484786987305,
    "loudness": 0.99068403244,
    "raspiness": 0.339996337891,
    "color": 351.394195557,
    "location": 77.81531746905618,
    "stability": 0.672717630863,
    "tonality": 0.495153516531
}