{
    "name": "3f0c2a46",
    "x": 44.208641052246094,
    "y": -26.5306396484375,
    "loudness": 0.99068403244,
    "raspiness": 0.339996337891,
    "color": 351.394195557,
    "location": 6055.22363281,
    "stability": 0.672717630863,
    "tonality": 0.495153516531
}