{
    "name": "3f13875c",
    "x": 6.377140522003174,
    "y": 10.73188591003418,
    "loudness": 0.945689201355,
    "raspiness": 0.120736926794,
    "color": 14.6183605194,
    "location": 1968.05383301,
    "stability": 0.706890761852,
    "tonality": 0.477797418833
}