{
    "name": "3f13875c",
    "x": 27.181121826171875,
    "y": 29.66900634765625,
    "loudness": 0.945689201355,
    "raspiness": 0.120736926794,
    "color": 14.6183605194,
    "location": 44.36275276636922,
    "stability": 0.706890761852,
    "tonality": 0.477797418833
}