{
    "name": "3f1e7231",
    "x": 0.3501061499118805,
    "y": 11.079778671264648,
    "loudness": 0.849726915359,
    "raspiness": 0.0538250468671,
    "color": 65.1369094849,
    "location": 1533.02514648,
    "stability": 0.429436683655,
    "tonality": 0.48548039794
}