{
    "name": "3f272bc9",
    "x": -3.433915138244629,
    "y": 15.512049674987793,
    "loudness": 0.99068403244,
    "raspiness": 0.0358318164945,
    "color": 10.8084306717,
    "location": 35.636858977328515,
    "stability": 0.460423260927,
    "tonality": 0.471849143505
}