{
    "name": "3f272bc9",
    "x": 1.7367093563079834,
    "y": 7.660268783569336,
    "loudness": 0.99068403244,
    "raspiness": 0.0358318164945,
    "color": 10.8084306717,
    "location": 1269.98571777,
    "stability": 0.460423260927,
    "tonality": 0.471849143505
}