{
    "name": "3f2933f9",
    "x": -15.203557968139648,
    "y": 3.215024709701538,
    "loudness": 0.99068403244,
    "raspiness": 0.031601563096,
    "color": 4.57656145096,
    "location": 31.845864058304336,
    "stability": 0.335349321365,
    "tonality": 0.429215908051
}