{
    "name": "3f2933f9",
    "x": -18.411752700805664,
    "y": 4.59973669052124,
    "loudness": 0.99068403244,
    "raspiness": 0.031601563096,
    "color": 4.57656145096,
    "location": 1014.15905762,
    "stability": 0.335349321365,
    "tonality": 0.429215908051
}