{
    "name": "3f309887",
    "x": -16.090351104736328,
    "y": 13.68886661529541,
    "loudness": 0.99068403244,
    "raspiness": 0.0352090373635,
    "color": 13.4981594086,
    "location": 1468.17224121,
    "stability": 0.407802134752,
    "tonality": 0.420582264662
}