{
    "name": "3f309887",
    "x": -14.857531547546387,
    "y": 11.60409927368164,
    "loudness": 0.99068403244,
    "raspiness": 0.0352090373635,
    "color": 13.4981594086,
    "location": 38.316735784902136,
    "stability": 0.407802134752,
    "tonality": 0.420582264662
}