{
    "name": "3f395899",
    "x": 33.97212600708008,
    "y": 21.565324783325195,
    "loudness": 0.99068403244,
    "raspiness": 0.164512485266,
    "color": 56.3683280945,
    "location": 46.93492783812499,
    "stability": 0.720741331577,
    "tonality": 0.478664815426
}