{
    "name": "3f3b55e7",
    "x": 13.815964698791504,
    "y": -15.300212860107422,
    "loudness": 0.0965121388435,
    "raspiness": 0.0848410278559,
    "color": 9.61915397644,
    "location": 1879.45507812,
    "stability": 0.69894105196,
    "tonality": 0.48251157999
}