{
    "name": "3f3b55e7",
    "x": 14.852152824401855,
    "y": -19.8695125579834,
    "loudness": 0.0965121388435,
    "raspiness": 0.0848410278559,
    "color": 9.61915397644,
    "location": 43.352682478942405,
    "stability": 0.69894105196,
    "tonality": 0.48251157999
}