{
    "name": "3f3b55e7",
    "x": 5.146462917327881,
    "y": 2.827080726623535,
    "loudness": 0.0965121388435,
    "raspiness": 0.0848410278559,
    "color": 9.61915397644,
    "location": 1879.45507812,
    "stability": 0.69894105196,
    "tonality": 0.48251157999
}