{
    "name": "3f3f7481",
    "x": -2.753405809402466,
    "y": -3.6916756629943848,
    "loudness": 0.957733273506,
    "raspiness": 0.0180409755558,
    "color": 4.48528909683,
    "location": 49.003014296673626,
    "stability": 0.171756818891,
    "tonality": 0.460560947657
}