{
    "name": "3f3f7481",
    "x": -1.3621214628219604,
    "y": -4.421356201171875,
    "loudness": 0.957733273506,
    "raspiness": 0.0180409755558,
    "color": 4.48528909683,
    "location": 2401.29541016,
    "stability": 0.171756818891,
    "tonality": 0.460560947657
}