{
    "name": "3f4e1fb2",
    "x": 3.7641396522521973,
    "y": 33.24833679199219,
    "loudness": 0.801464736462,
    "raspiness": 0.050494864583,
    "color": 16.2515411377,
    "location": 1321.8416748,
    "stability": 0.623556435108,
    "tonality": 0.463722914457
}