{
    "name": "3f52541c",
    "x": 8.59068775177002,
    "y": -10.603224754333496,
    "loudness": 0.371846050024,
    "raspiness": 0.0797404497862,
    "color": 5.76186275482,
    "location": 1859.98962402,
    "stability": 0.481515109539,
    "tonality": 0.47370544076
}