{
    "name": "3f54f3c3",
    "x": 17.57809829711914,
    "y": -7.643638610839844,
    "loudness": 0.303892493248,
    "raspiness": 0.0931835025549,
    "color": 21.6777515411,
    "location": 2352.22583008,
    "stability": 0.778659701347,
    "tonality": 0.455420255661
}