{
    "name": "3f5625b1",
    "x": 0.9642709493637085,
    "y": -15.367953300476074,
    "loudness": 0.165061354637,
    "raspiness": 0.0359169244766,
    "color": 69.8200531006,
    "location": 40.846496536422805,
    "stability": 0.305515140295,
    "tonality": 0.48186185956
}