{
    "name": "3f5625b1",
    "x": 4.543271064758301,
    "y": 1.2320659160614014,
    "loudness": 0.165061354637,
    "raspiness": 0.0359169244766,
    "color": 69.8200531006,
    "location": 1668.4362793,
    "stability": 0.305515140295,
    "tonality": 0.48186185956
}