{
    "name": "3f5bfd26",
    "x": 32.45821762084961,
    "y": 38.05360794067383,
    "loudness": 0.92630058527,
    "raspiness": 0.0950551256537,
    "color": 22.3759937286,
    "location": 44.75744635152904,
    "stability": 0.810653090477,
    "tonality": 0.490579992533
}