{
    "name": "3f6dbc86",
    "x": 9.41019344329834,
    "y": -22.79659652709961,
    "loudness": 0.0828479900956,
    "raspiness": 0.089714422822,
    "color": 11.0265769958,
    "location": 1505.22900391,
    "stability": 0.570740520954,
    "tonality": 0.450428396463
}