{
    "name": "3f6dbc86",
    "x": 8.995227813720703,
    "y": -20.217872619628906,
    "loudness": 0.0828479900956,
    "raspiness": 0.089714422822,
    "color": 11.0265769958,
    "location": 38.79728088294333,
    "stability": 0.570740520954,
    "tonality": 0.450428396463
}