{
    "name": "3f6d2c76",
    "x": 0.1526349037885666,
    "y": -21.93132209777832,
    "loudness": 0.00226881238632,
    "raspiness": 0.0369531735778,
    "color": 7.00549888611,
    "location": 30.533235046142753,
    "stability": 0.488176941872,
    "tonality": 0.44230607152
}