{
    "name": "3f78b9c5",
    "x": 10.250984191894531,
    "y": 11.201436042785645,
    "loudness": 0.99068403244,
    "raspiness": 0.146090224385,
    "color": 7.39244794846,
    "location": 39.87968508188097,
    "stability": 0.406148761511,
    "tonality": 0.478134334087
}