{
    "name": "3f78b9c5",
    "x": 10.70900821685791,
    "y": 15.18468952178955,
    "loudness": 0.99068403244,
    "raspiness": 0.146090224385,
    "color": 7.39244794846,
    "location": 1590.38928223,
    "stability": 0.406148761511,
    "tonality": 0.478134334087
}