{
    "name": "3f7b7686",
    "x": 2.3480782508850098,
    "y": 9.944581985473633,
    "loudness": 0.979914605618,
    "raspiness": 0.0495954230428,
    "color": 8.08336639404,
    "location": 1275.1965332,
    "stability": 0.586923778057,
    "tonality": 0.472134500742
}