{
    "name": "3f7e6da8",
    "x": -30.540477752685547,
    "y": 12.674253463745117,
    "loudness": 0.973723948002,
    "raspiness": 0.0399792343378,
    "color": 16.7674446106,
    "location": 27.898523916490635,
    "stability": 0.455920994282,
    "tonality": 0.361991226673
}