{
    "name": "3f7e6da8",
    "x": -36.175071716308594,
    "y": 11.155386924743652,
    "loudness": 0.973723948002,
    "raspiness": 0.0399792343378,
    "color": 16.7674446106,
    "location": 778.327636719,
    "stability": 0.455920994282,
    "tonality": 0.361991226673
}