{
    "name": "3f801ad6",
    "x": 37.95176696777344,
    "y": 9.398454666137695,
    "loudness": 0.925645053387,
    "raspiness": 0.192755877972,
    "color": 27.6235790253,
    "location": 3281.43408203,
    "stability": 0.612977981567,
    "tonality": 0.488874316216
}