{
    "name": "3f801ad6",
    "x": 8.057809829711914,
    "y": 8.54681396484375,
    "loudness": 0.925645053387,
    "raspiness": 0.192755877972,
    "color": 27.6235790253,
    "location": 3281.43408203,
    "stability": 0.612977981567,
    "tonality": 0.488874316216
}