{
    "name": "3f8d2bee",
    "x": -34.835601806640625,
    "y": 10.149150848388672,
    "loudness": 0.865091979504,
    "raspiness": 0.0372406505048,
    "color": 14.2712907791,
    "location": 29.992048099771377,
    "stability": 0.47928455472,
    "tonality": 0.337743073702
}