{
    "name": "3f8d2bee",
    "x": -38.95295333862305,
    "y": 4.55398416519165,
    "loudness": 0.865091979504,
    "raspiness": 0.0372406505048,
    "color": 14.2712907791,
    "location": 899.522949219,
    "stability": 0.47928455472,
    "tonality": 0.337743073702
}