{
    "name": "3f97d1ca",
    "x": 4.589632511138916,
    "y": 1.961180329322815,
    "loudness": 0.00608789874241,
    "raspiness": 0.0805749818683,
    "color": 2.25474524498,
    "location": 894.321655273,
    "stability": 0.510074615479,
    "tonality": 0.462675571442
}