{
    "name": "3f97d1ca",
    "x": 4.019124984741211,
    "y": -21.95620346069336,
    "loudness": 0.00608789874241,
    "raspiness": 0.0805749818683,
    "color": 2.25474524498,
    "location": 29.90521117251975,
    "stability": 0.510074615479,
    "tonality": 0.462675571442
}