{
    "name": "3f9adde5",
    "x": 0.9508345723152161,
    "y": -6.356703758239746,
    "loudness": 0.422175168991,
    "raspiness": 0.0562511496246,
    "color": 7.77244472504,
    "location": 978.886047363,
    "stability": 0.574422121048,
    "tonality": 0.458730190992
}