{
    "name": "3f9adde5",
    "x": 3.8361310958862305,
    "y": -7.194729804992676,
    "loudness": 0.422175168991,
    "raspiness": 0.0562511496246,
    "color": 7.77244472504,
    "location": 31.287154670295603,
    "stability": 0.574422121048,
    "tonality": 0.458730190992
}