{
    "name": "3f9e54b9",
    "x": 31.020774841308594,
    "y": 20.624788284301758,
    "loudness": 0.798706233501,
    "raspiness": 0.138749554753,
    "color": 48.9930419922,
    "location": 2509.17797852,
    "stability": 0.676603257656,
    "tonality": 0.484376907349
}