{
    "name": "3f9eaa47",
    "x": -15.509305000305176,
    "y": -0.805672287940979,
    "loudness": 0.99068403244,
    "raspiness": 0.0170278400183,
    "color": 9.24225234985,
    "location": 28.815565099300066,
    "stability": 0.291624218225,
    "tonality": 0.436309546232
}