{
    "name": "3f9e54b9",
    "x": 30.007431030273438,
    "y": 18.14982032775879,
    "loudness": 0.798706233501,
    "raspiness": 0.138749554753,
    "color": 48.9930419922,
    "location": 50.091695704178356,
    "stability": 0.676603257656,
    "tonality": 0.484376907349
}