{
    "name": "3fac24bb",
    "x": -33.54629898071289,
    "y": 12.296930313110352,
    "loudness": 0.950352430344,
    "raspiness": 0.0447298549116,
    "color": 29.4080047607,
    "location": 33.21032642492392,
    "stability": 0.475562244654,
    "tonality": 0.345928519964
}