{
    "name": "3fb27eb8",
    "x": 38.52050018310547,
    "y": 43.01942443847656,
    "loudness": 0.973833918571,
    "raspiness": 0.102815173566,
    "color": 26.3435821533,
    "location": 2178.36376953,
    "stability": 0.799441218376,
    "tonality": 0.491742998362
}