{
    "name": "3fbc907f",
    "x": 3.0540659427642822,
    "y": 10.570463180541992,
    "loudness": 0.903502345085,
    "raspiness": 0.0581899993122,
    "color": 12.2865362167,
    "location": 1355.77294922,
    "stability": 0.633791089058,
    "tonality": 0.482407778502
}