{
    "name": "3fbc907f",
    "x": 7.23240852355957,
    "y": 32.78571319580078,
    "loudness": 0.903502345085,
    "raspiness": 0.0581899993122,
    "color": 12.2865362167,
    "location": 36.820822223573444,
    "stability": 0.633791089058,
    "tonality": 0.482407778502
}