{
    "name": "3fc5aa0c",
    "x": -28.519290924072266,
    "y": 15.004714965820312,
    "loudness": 0.99068403244,
    "raspiness": 0.0227605644614,
    "color": 6.08428192139,
    "location": 16.988922998206803,
    "stability": 0.464496582747,
    "tonality": 0.380799561739
}