{
    "name": "3fc5aa0c",
    "x": -2.6049726009368896,
    "y": 9.121975898742676,
    "loudness": 0.99068403244,
    "raspiness": 0.0227605644614,
    "color": 6.08428192139,
    "location": 288.623504639,
    "stability": 0.464496582747,
    "tonality": 0.380799561739
}