{
    "name": "3fd6adb9",
    "x": -0.5039152503013611,
    "y": 54.01478958129883,
    "loudness": 0.940293610096,
    "raspiness": 0.0335092693567,
    "color": 6.6248998642,
    "location": 741.885131836,
    "stability": 0.730325043201,
    "tonality": 0.460889458656
}