{
    "name": "3fd6adb9",
    "x": 2.6791317462921143,
    "y": 11.928848266601562,
    "loudness": 0.940293610096,
    "raspiness": 0.0335092693567,
    "color": 6.6248998642,
    "location": 741.885131836,
    "stability": 0.730325043201,
    "tonality": 0.460889458656
}