{
    "name": "3fd6adb9",
    "x": 1.8959029912948608,
    "y": 43.45363235473633,
    "loudness": 0.940293610096,
    "raspiness": 0.0335092693567,
    "color": 6.6248998642,
    "location": 27.23756839066219,
    "stability": 0.730325043201,
    "tonality": 0.460889458656
}