{
    "name": "3fd99189",
    "x": 41.919647216796875,
    "y": -19.914236068725586,
    "loudness": 0.707150042057,
    "raspiness": 0.402097135782,
    "color": 264.245117188,
    "location": 5163.65576172,
    "stability": 0.557702720165,
    "tonality": 0.496772140265
}