{
    "name": "3fd93883",
    "x": 5.385569095611572,
    "y": 10.478516578674316,
    "loudness": 0.96747136116,
    "raspiness": 0.0987357646227,
    "color": 23.7961521149,
    "location": 2150.89135742,
    "stability": 0.645628333092,
    "tonality": 0.458558887243
}