{
    "name": "3fd93883",
    "x": 18.94806480407715,
    "y": 28.164793014526367,
    "loudness": 0.96747136116,
    "raspiness": 0.0987357646227,
    "color": 23.7961521149,
    "location": 46.37770323571446,
    "stability": 0.645628333092,
    "tonality": 0.458558887243
}