{
    "name": "3fe0597b",
    "x": 6.98535680770874,
    "y": 7.862778186798096,
    "loudness": 0.99068403244,
    "raspiness": 0.229115262628,
    "color": 15.2587633133,
    "location": 2558.96069336,
    "stability": 0.397388517857,
    "tonality": 0.445371240377
}