{
    "name": "3ff0d94e",
    "x": -7.2312188148498535,
    "y": -20.308046340942383,
    "loudness": 0.272888839245,
    "raspiness": 0.0233764648438,
    "color": 6.8028459549,
    "location": 534.888671875,
    "stability": 0.438662558794,
    "tonality": 0.424775272608
}