{
    "name": "3ff0d94e",
    "x": -5.906219959259033,
    "y": -15.56735897064209,
    "loudness": 0.272888839245,
    "raspiness": 0.0233764648438,
    "color": 6.8028459549,
    "location": 23.127660319950223,
    "stability": 0.438662558794,
    "tonality": 0.424775272608
}