{
    "name": "4016e50e",
    "x": 15.712993621826172,
    "y": 20.46393585205078,
    "loudness": 0.99068403244,
    "raspiness": 0.107370473444,
    "color": 26.675567627,
    "location": 48.44026201807748,
    "stability": 0.56792140007,
    "tonality": 0.454531461
}