{
    "name": "4024dab4",
    "x": 9.717474937438965,
    "y": 18.792295455932617,
    "loudness": 0.99068403244,
    "raspiness": 0.156267866492,
    "color": 9.39060306549,
    "location": 1454.3425293,
    "stability": 0.442273914814,
    "tonality": 0.454622685909
}