{
    "name": "4037c4b7",
    "x": 9.622446060180664,
    "y": -25.278959274291992,
    "loudness": 0.0194349233061,
    "raspiness": 0.0437802448869,
    "color": 7.45129442215,
    "location": 31.366183436608924,
    "stability": 0.756560266018,
    "tonality": 0.476139724255
}