{
    "name": "4038f93c",
    "x": 11.868209838867188,
    "y": -25.054250717163086,
    "loudness": 0.00440383749083,
    "raspiness": 0.0622792467475,
    "color": 8.23500728607,
    "location": 36.87292929833484,
    "stability": 0.713149309158,
    "tonality": 0.477335125208
}