{
    "name": "4038f93c",
    "x": 9.53865909576416,
    "y": -18.67767333984375,
    "loudness": 0.00440383749083,
    "raspiness": 0.0622792467475,
    "color": 8.23500728607,
    "location": 1359.61291504,
    "stability": 0.713149309158,
    "tonality": 0.477335125208
}