{
    "name": "403aa626",
    "x": -1.28913414478302,
    "y": -0.949413001537323,
    "loudness": 0.947738707066,
    "raspiness": 0.0400403626263,
    "color": 6.57343626022,
    "location": 44.408460096247424,
    "stability": 0.26448610425,
    "tonality": 0.474805057049
}