{
    "name": "403aa626",
    "x": 1.1804040670394897,
    "y": 5.472354412078857,
    "loudness": 0.947738707066,
    "raspiness": 0.0400403626263,
    "color": 6.57343626022,
    "location": 1972.11132812,
    "stability": 0.26448610425,
    "tonality": 0.474805057049
}