{
    "name": "403aa626",
    "x": -0.35230395197868347,
    "y": -0.9525518417358398,
    "loudness": 0.947738707066,
    "raspiness": 0.0400403626263,
    "color": 6.57343626022,
    "location": 1972.11132812,
    "stability": 0.26448610425,
    "tonality": 0.474805057049
}