{
    "name": "403ff069",
    "x": 33.25846862792969,
    "y": -6.056351661682129,
    "loudness": 0.662447154522,
    "raspiness": 0.240173876286,
    "color": 86.7236099243,
    "location": 3588.20483398,
    "stability": 0.577310204506,
    "tonality": 0.486038446426
}