{
    "name": "403ff069",
    "x": 32.60444259643555,
    "y": -4.085900783538818,
    "loudness": 0.662447154522,
    "raspiness": 0.240173876286,
    "color": 86.7236099243,
    "location": 59.901626304967714,
    "stability": 0.577310204506,
    "tonality": 0.486038446426
}