{
    "name": "404c1e72",
    "x": -28.919204711914062,
    "y": 4.244724273681641,
    "loudness": 0.760368585587,
    "raspiness": 0.0366411060095,
    "color": 6.59925937653,
    "location": 917.786254883,
    "stability": 0.436363607645,
    "tonality": 0.371178269386
}