{
    "name": "404c1e72",
    "x": -26.454164505004883,
    "y": 8.175661087036133,
    "loudness": 0.760368585587,
    "raspiness": 0.0366411060095,
    "color": 6.59925937653,
    "location": 30.294987289698604,
    "stability": 0.436363607645,
    "tonality": 0.371178269386
}