{
    "name": "405b00ef",
    "x": -16.02376365661621,
    "y": 20.762784957885742,
    "loudness": 0.99068403244,
    "raspiness": 0.0183628629893,
    "color": 5.60250616074,
    "location": 26.797429613434943,
    "stability": 0.496005237103,
    "tonality": 0.429282903671
}