{
    "name": "405b6af2",
    "x": 1.428483486175537,
    "y": 6.54811954498291,
    "loudness": 0.811155319214,
    "raspiness": 0.026617731899,
    "color": 7.7998008728,
    "location": 903.125488281,
    "stability": 0.361010402441,
    "tonality": 0.469839334488
}