{
    "name": "405b6af2",
    "x": -7.951774597167969,
    "y": 5.270036220550537,
    "loudness": 0.811155319214,
    "raspiness": 0.026617731899,
    "color": 7.7998008728,
    "location": 903.125488281,
    "stability": 0.361010402441,
    "tonality": 0.469839334488
}