{
    "name": "405b00ef",
    "x": 0.4715200662612915,
    "y": 8.261181831359863,
    "loudness": 0.99068403244,
    "raspiness": 0.0183628629893,
    "color": 5.60250616074,
    "location": 718.102233887,
    "stability": 0.496005237103,
    "tonality": 0.429282903671
}