{
    "name": "4064c354",
    "x": 7.962717533111572,
    "y": -27.187477111816406,
    "loudness": 0.00771155906841,
    "raspiness": 0.0887622013688,
    "color": 16.2628612518,
    "location": 1113.55627441,
    "stability": 0.525058448315,
    "tonality": 0.484682768583
}