{
    "name": "4064c354",
    "x": 7.278143405914307,
    "y": -21.93821907043457,
    "loudness": 0.00771155906841,
    "raspiness": 0.0887622013688,
    "color": 16.2628612518,
    "location": 33.369990626459575,
    "stability": 0.525058448315,
    "tonality": 0.484682768583
}