{
    "name": "407b82f8",
    "x": 6.704960823059082,
    "y": 3.155266284942627,
    "loudness": 0.177670195699,
    "raspiness": 0.194602265954,
    "color": 60.9101524353,
    "location": 2960.02587891,
    "stability": 0.686919987202,
    "tonality": 0.492980331182
}