{
    "name": "407b82f8",
    "x": 24.788196563720703,
    "y": -15.144779205322266,
    "loudness": 0.177670195699,
    "raspiness": 0.194602265954,
    "color": 60.9101524353,
    "location": 54.40611986633489,
    "stability": 0.686919987202,
    "tonality": 0.492980331182
}