{
    "name": "407b82f8",
    "x": 24.930919647216797,
    "y": -16.806900024414062,
    "loudness": 0.177670195699,
    "raspiness": 0.194602265954,
    "color": 60.9101524353,
    "location": 2960.02587891,
    "stability": 0.686919987202,
    "tonality": 0.492980331182
}