{
    "name": "40a40896",
    "x": -3.7162539958953857,
    "y": 9.742987632751465,
    "loudness": 0.978307366371,
    "raspiness": 0.0496317148209,
    "color": 47.6568984985,
    "location": 1015.8963623,
    "stability": 0.538259625435,
    "tonality": 0.331022113562
}