{
    "name": "40a40896",
    "x": -37.69165802001953,
    "y": 15.859676361083984,
    "loudness": 0.978307366371,
    "raspiness": 0.0496317148209,
    "color": 47.6568984985,
    "location": 31.873129157646257,
    "stability": 0.538259625435,
    "tonality": 0.331022113562
}