{
    "name": "40a40896",
    "x": -44.36249923706055,
    "y": 11.941676139831543,
    "loudness": 0.978307366371,
    "raspiness": 0.0496317148209,
    "color": 47.6568984985,
    "location": 1015.8963623,
    "stability": 0.538259625435,
    "tonality": 0.331022113562
}