{
    "name": "40a5bbad",
    "x": -46.9463996887207,
    "y": 16.398448944091797,
    "loudness": 0.928977489471,
    "raspiness": 0.0285092834383,
    "color": 14.988527298,
    "location": 540.47442627,
    "stability": 0.669841587543,
    "tonality": 0.321306079626
}