{
    "name": "40abcc5e",
    "x": -18.832809448242188,
    "y": 20.165313720703125,
    "loudness": 0.984172046185,
    "raspiness": 0.0472566448152,
    "color": 31.3934516907,
    "location": 37.99372410398854,
    "stability": 0.49242207408,
    "tonality": 0.398940563202
}