{
    "name": "40abcc5e",
    "x": -24.622743606567383,
    "y": 23.887134552001953,
    "loudness": 0.984172046185,
    "raspiness": 0.0472566448152,
    "color": 31.3934516907,
    "location": 1443.52307129,
    "stability": 0.49242207408,
    "tonality": 0.398940563202
}