{
    "name": "40b4d48a",
    "x": -4.673969268798828,
    "y": -5.728607177734375,
    "loudness": 0.560609221458,
    "raspiness": 0.0340608470142,
    "color": 13.9308567047,
    "location": 31.52557884610527,
    "stability": 0.321712434292,
    "tonality": 0.462016701698
}