{
    "name": "40b4d48a",
    "x": -6.076603889465332,
    "y": -12.162370681762695,
    "loudness": 0.560609221458,
    "raspiness": 0.0340608470142,
    "color": 13.9308567047,
    "location": 993.862121582,
    "stability": 0.321712434292,
    "tonality": 0.462016701698
}