{
    "name": "40ba86f3",
    "x": -0.6279573440551758,
    "y": 8.103331565856934,
    "loudness": 0.691490828991,
    "raspiness": 0.053866494447,
    "color": 5.84280920029,
    "location": 1193.54467773,
    "stability": 0.491797715425,
    "tonality": 0.473803311586
}