{
    "name": "40ba86f3",
    "x": 0.03822636976838112,
    "y": 7.988640308380127,
    "loudness": 0.691490828991,
    "raspiness": 0.053866494447,
    "color": 5.84280920029,
    "location": 34.54771595532764,
    "stability": 0.491797715425,
    "tonality": 0.473803311586
}