{
    "name": "40c2cec1",
    "x": -46.912872314453125,
    "y": 13.629213333129883,
    "loudness": 0.9202029109,
    "raspiness": 0.0377067700028,
    "color": 11.8332166672,
    "location": 708.609802246,
    "stability": 0.584167659283,
    "tonality": 0.327415555716
}