{
    "name": "40c2cec1",
    "x": -39.38280487060547,
    "y": 17.55080223083496,
    "loudness": 0.9202029109,
    "raspiness": 0.0377067700028,
    "color": 11.8332166672,
    "location": 26.619725810871905,
    "stability": 0.584167659283,
    "tonality": 0.327415555716
}