{
    "name": "40c62081",
    "x": -8.287904739379883,
    "y": 33.08964920043945,
    "loudness": 0.715752065182,
    "raspiness": 0.0462974645197,
    "color": 8.05381393433,
    "location": 32.6088434311921,
    "stability": 0.657488226891,
    "tonality": 0.419705331326
}