{
    "name": "40c62081",
    "x": 0.581039309501648,
    "y": 11.209615707397461,
    "loudness": 0.715752065182,
    "raspiness": 0.0462974645197,
    "color": 8.05381393433,
    "location": 1063.33666992,
    "stability": 0.657488226891,
    "tonality": 0.419705331326
}