{
    "name": "40c62081",
    "x": -11.516401290893555,
    "y": 34.58616638183594,
    "loudness": 0.715752065182,
    "raspiness": 0.0462974645197,
    "color": 8.05381393433,
    "location": 1063.33666992,
    "stability": 0.657488226891,
    "tonality": 0.419705331326
}