{
    "name": "40d61e46",
    "x": 42.146270751953125,
    "y": 10.202143669128418,
    "loudness": 0.925623118877,
    "raspiness": 0.195662841201,
    "color": 18.2870025635,
    "location": 3381.6862793,
    "stability": 0.653019249439,
    "tonality": 0.492450296879
}