{
    "name": "40df75ef",
    "x": -10.414373397827148,
    "y": -30.336400985717773,
    "loudness": 0.0383737906814,
    "raspiness": 0.029915465042,
    "color": 5.34927845001,
    "location": 558.166259766,
    "stability": 0.360428839922,
    "tonality": 0.384712815285
}