{
    "name": "40f0e853",
    "x": 9.900541305541992,
    "y": 7.550518989562988,
    "loudness": 0.99068403244,
    "raspiness": 0.305967867374,
    "color": 14.1417007446,
    "location": 3545.59960938,
    "stability": 0.658732116222,
    "tonality": 0.478609979153
}