{
    "name": "40f51bc3",
    "x": -2.7448182106018066,
    "y": -15.525014877319336,
    "loudness": 0.298138171434,
    "raspiness": 0.0294259600341,
    "color": 5.79942750931,
    "location": 504.313171387,
    "stability": 0.502198338509,
    "tonality": 0.463990390301
}