{
    "name": "40f51bc3",
    "x": -0.8344662189483643,
    "y": -13.090996742248535,
    "loudness": 0.298138171434,
    "raspiness": 0.0294259600341,
    "color": 5.79942750931,
    "location": 22.456918118633286,
    "stability": 0.502198338509,
    "tonality": 0.463990390301
}