{
    "name": "410b8cc3",
    "x": -6.235128879547119,
    "y": -2.1082944869995117,
    "loudness": 0.508118867874,
    "raspiness": 0.0275422260165,
    "color": 5.27021932602,
    "location": 22.960775348188918,
    "stability": 0.552073478699,
    "tonality": 0.420656502247
}