{
    "name": "410b8cc3",
    "x": -9.372645378112793,
    "y": -3.427611827850342,
    "loudness": 0.508118867874,
    "raspiness": 0.0275422260165,
    "color": 5.27021932602,
    "location": 527.19720459,
    "stability": 0.552073478699,
    "tonality": 0.420656502247
}