{
    "name": "4117c1f9",
    "x": 7.027163982391357,
    "y": 3.1338987350463867,
    "loudness": 0.00924674142152,
    "raspiness": 0.234312459826,
    "color": 65.7624511719,
    "location": 3212.19384766,
    "stability": 0.767429113388,
    "tonality": 0.491921186447
}