{
    "name": "4117c1f9",
    "x": 26.826169967651367,
    "y": -23.847862243652344,
    "loudness": 0.00924674142152,
    "raspiness": 0.234312459826,
    "color": 65.7624511719,
    "location": 3212.19384766,
    "stability": 0.767429113388,
    "tonality": 0.491921186447
}