{
    "name": "412b75e6",
    "x": 32.05542755126953,
    "y": -2.5700294971466064,
    "loudness": 0.830767929554,
    "raspiness": 0.22016723454,
    "color": 219.715820312,
    "location": 2628.96020508,
    "stability": 0.515621066093,
    "tonality": 0.479848861694
}