{
    "name": "4136ba6a",
    "x": 9.246134757995605,
    "y": 23.1721248626709,
    "loudness": 0.904104173183,
    "raspiness": 0.0714690238237,
    "color": 11.252073288,
    "location": 41.90945119671695,
    "stability": 0.570847988129,
    "tonality": 0.482047051191
}