{
    "name": "413d90c2",
    "x": 0.3399830460548401,
    "y": 10.514448165893555,
    "loudness": 0.891451239586,
    "raspiness": 0.103315509856,
    "color": 32.83568573,
    "location": 1636.10437012,
    "stability": 0.624428570271,
    "tonality": 0.428229659796
}