{
    "name": "4161f2a2",
    "x": 45.33582305908203,
    "y": 7.997743606567383,
    "loudness": 0.99068403244,
    "raspiness": 0.224945068359,
    "color": 24.721162796,
    "location": 57.44236029151309,
    "stability": 0.712064266205,
    "tonality": 0.492269724607
}