{
    "name": "4161f2a2",
    "x": 9.205928802490234,
    "y": 8.922410011291504,
    "loudness": 0.99068403244,
    "raspiness": 0.224945068359,
    "color": 24.721162796,
    "location": 3299.62475586,
    "stability": 0.712064266205,
    "tonality": 0.492269724607
}