{
    "name": "417badf9",
    "x": 28.384624481201172,
    "y": -11.023259162902832,
    "loudness": 0.334000706673,
    "raspiness": 0.266038149595,
    "color": 30.3311004639,
    "location": 57.39705883823665,
    "stability": 0.718417882919,
    "tonality": 0.491650432348
}