{
    "name": "417badf9",
    "x": 29.754785537719727,
    "y": -14.604951858520508,
    "loudness": 0.334000706673,
    "raspiness": 0.266038149595,
    "color": 30.3311004639,
    "location": 3294.42236328,
    "stability": 0.718417882919,
    "tonality": 0.491650432348
}