{
    "name": "418cb760",
    "x": -28.997907638549805,
    "y": 12.215574264526367,
    "loudness": 0.922097325325,
    "raspiness": 0.0119934082031,
    "color": 4.48885774612,
    "location": 15.721544991793904,
    "stability": 0.452965587378,
    "tonality": 0.373333454132
}