{
    "name": "418db99e",
    "x": -11.055419921875,
    "y": -0.5525103211402893,
    "loudness": 0.96327060461,
    "raspiness": 0.0145189939067,
    "color": 20.7968902588,
    "location": 29.999734495891794,
    "stability": 0.290916025639,
    "tonality": 0.468645274639
}