{
    "name": "419ea7d6",
    "x": 9.867582321166992,
    "y": 51.63727569580078,
    "loudness": 0.985434949398,
    "raspiness": 0.0657270774245,
    "color": 27.2005271912,
    "location": 1219.13684082,
    "stability": 0.690461754799,
    "tonality": 0.478467315435
}