{
    "name": "41a0e93b",
    "x": 13.718812942504883,
    "y": -1.9606740474700928,
    "loudness": 0.53266620636,
    "raspiness": 0.181566432118,
    "color": 7.22943305969,
    "location": 37.724351670770965,
    "stability": 0.458321392536,
    "tonality": 0.476082295179
}