{
    "name": "41a0e93b",
    "x": 12.139164924621582,
    "y": 0.0938568040728569,
    "loudness": 0.53266620636,
    "raspiness": 0.181566432118,
    "color": 7.22943305969,
    "location": 1423.12670898,
    "stability": 0.458321392536,
    "tonality": 0.476082295179
}