{
    "name": "41a68fc0",
    "x": 17.668128967285156,
    "y": 11.619476318359375,
    "loudness": 0.99068403244,
    "raspiness": 0.120659060776,
    "color": 4.98029661179,
    "location": 48.16721717672716,
    "stability": 0.513760924339,
    "tonality": 0.479242175817
}