{
    "name": "41c1f5f8",
    "x": -14.413965225219727,
    "y": 7.96171236038208,
    "loudness": 0.99068403244,
    "raspiness": 0.0685831680894,
    "color": 11.0313673019,
    "location": 40.26121980653343,
    "stability": 0.351115375757,
    "tonality": 0.411830276251
}