{
    "name": "41c4751e",
    "x": -24.398061752319336,
    "y": 19.557327270507812,
    "loudness": 0.99068403244,
    "raspiness": 0.055419921875,
    "color": 17.8721504211,
    "location": 1460.57299805,
    "stability": 0.464011907578,
    "tonality": 0.390258699656
}