{
    "name": "41d9c342",
    "x": -3.9502780437469482,
    "y": 7.40083122253418,
    "loudness": 0.965749382973,
    "raspiness": 0.0166637636721,
    "color": 9.74604892731,
    "location": 366.859161377,
    "stability": 0.316444307566,
    "tonality": 0.319098502398
}