{
    "name": "41d9c342",
    "x": -37.54829406738281,
    "y": -12.64670467376709,
    "loudness": 0.965749382973,
    "raspiness": 0.0166637636721,
    "color": 9.74604892731,
    "location": 366.859161377,
    "stability": 0.316444307566,
    "tonality": 0.319098502398
}