{
    "name": "41d9c342",
    "x": -35.02833938598633,
    "y": -4.642453193664551,
    "loudness": 0.965749382973,
    "raspiness": 0.0166637636721,
    "color": 9.74604892731,
    "location": 19.153567849802815,
    "stability": 0.316444307566,
    "tonality": 0.319098502398
}