{
    "name": "41dcab5d",
    "x": 28.156993865966797,
    "y": 19.133909225463867,
    "loudness": 0.950533509254,
    "raspiness": 0.144378423691,
    "color": 12.5994729996,
    "location": 48.94487791608025,
    "stability": 0.632055521011,
    "tonality": 0.474987655878
}