{
    "name": "41dcab5d",
    "x": 6.7791643142700195,
    "y": 9.200167655944824,
    "loudness": 0.950533509254,
    "raspiness": 0.144378423691,
    "color": 12.5994729996,
    "location": 2395.60107422,
    "stability": 0.632055521011,
    "tonality": 0.474987655878
}