{
    "name": "41eadcab",
    "x": 0.6816572546958923,
    "y": -23.945520401000977,
    "loudness": 0.0679486393929,
    "raspiness": 0.0234694611281,
    "color": 4.89508914948,
    "location": 560.24597168,
    "stability": 0.526871621609,
    "tonality": 0.466938972473
}