{
    "name": "41f09672",
    "x": 12.002937316894531,
    "y": -19.20089340209961,
    "loudness": 0.0488200038671,
    "raspiness": 0.110301189125,
    "color": 27.4500598907,
    "location": 1372.58105469,
    "stability": 0.638689935207,
    "tonality": 0.468993842602
}