{
    "name": "420b6ee8",
    "x": -4.259164333343506,
    "y": 9.383695602416992,
    "loudness": 0.99068403244,
    "raspiness": 0.0238403324038,
    "color": 16.2178096771,
    "location": 520.56842041,
    "stability": 0.558048844337,
    "tonality": 0.297434478998
}