{
    "name": "420b6ee8",
    "x": -50.070064544677734,
    "y": 3.6173813343048096,
    "loudness": 0.99068403244,
    "raspiness": 0.0238403324038,
    "color": 16.2178096771,
    "location": 520.56842041,
    "stability": 0.558048844337,
    "tonality": 0.297434478998
}