{
    "name": "420d9b56",
    "x": 2.6380956172943115,
    "y": -0.16568712890148163,
    "loudness": 0.0002584035974,
    "raspiness": 0.042922001332,
    "color": 3.27987265587,
    "location": 492.574005127,
    "stability": 0.161000207067,
    "tonality": 0.338531076908
}