{
    "name": "420ecbc6",
    "x": 8.487738609313965,
    "y": 6.474090099334717,
    "loudness": 0.577279627323,
    "raspiness": 0.219443187118,
    "color": 346.259613037,
    "location": 2432.39135742,
    "stability": 0.589610040188,
    "tonality": 0.478470772505
}