{
    "name": "420ecbc6",
    "x": 31.753137588500977,
    "y": -5.458561897277832,
    "loudness": 0.577279627323,
    "raspiness": 0.219443187118,
    "color": 346.259613037,
    "location": 49.319279773938305,
    "stability": 0.589610040188,
    "tonality": 0.478470772505
}