{
    "name": "4217d933",
    "x": -8.89828872680664,
    "y": 21.823158264160156,
    "loudness": 0.958156168461,
    "raspiness": 0.0355328060687,
    "color": 6.29933929443,
    "location": 24.63904585340106,
    "stability": 0.505023777485,
    "tonality": 0.464309334755
}