{
    "name": "4217d933",
    "x": -13.323448181152344,
    "y": 25.12765121459961,
    "loudness": 0.958156168461,
    "raspiness": 0.0355328060687,
    "color": 6.29933929443,
    "location": 607.082580566,
    "stability": 0.505023777485,
    "tonality": 0.464309334755
}