{
    "name": "4217d933",
    "x": 1.23953115940094,
    "y": 8.171045303344727,
    "loudness": 0.958156168461,
    "raspiness": 0.0355328060687,
    "color": 6.29933929443,
    "location": 607.082580566,
    "stability": 0.505023777485,
    "tonality": 0.464309334755
}