{
    "name": "421dcfe3",
    "x": 8.037574768066406,
    "y": 13.875516891479492,
    "loudness": 0.99068403244,
    "raspiness": 0.110089108348,
    "color": 13.5046892166,
    "location": 41.3190236906682,
    "stability": 0.470121383667,
    "tonality": 0.466748535633
}