{
    "name": "4239e428",
    "x": 28.99311637878418,
    "y": -20.26055335998535,
    "loudness": 0.00109087431338,
    "raspiness": 0.255718380213,
    "color": 141.338851929,
    "location": 4448.25390625,
    "stability": 0.376176923513,
    "tonality": 0.497078120708
}