{
    "name": "4245ef44",
    "x": 10.05996036529541,
    "y": 7.395587921142578,
    "loudness": 0.99068403244,
    "raspiness": 0.311868101358,
    "color": 98.109375,
    "location": 3778.45629883,
    "stability": 0.656222641468,
    "tonality": 0.483664035797
}