{
    "name": "4245ef44",
    "x": 46.08578872680664,
    "y": -4.736809253692627,
    "loudness": 0.99068403244,
    "raspiness": 0.311868101358,
    "color": 98.109375,
    "location": 61.46914916305577,
    "stability": 0.656222641468,
    "tonality": 0.483664035797
}