{
    "name": "4249de71",
    "x": 10.577938079833984,
    "y": 43.102012634277344,
    "loudness": 0.97923964262,
    "raspiness": 0.0663696303964,
    "color": 15.5721378326,
    "location": 1545.09240723,
    "stability": 0.638314664364,
    "tonality": 0.475038617849
}