{
    "name": "4249de71",
    "x": 3.4029030799865723,
    "y": 10.424500465393066,
    "loudness": 0.97923964262,
    "raspiness": 0.0663696303964,
    "color": 15.5721378326,
    "location": 1545.09240723,
    "stability": 0.638314664364,
    "tonality": 0.475038617849
}