{
    "name": "4249de71",
    "x": 10.651875495910645,
    "y": 33.311279296875,
    "loudness": 0.97923964262,
    "raspiness": 0.0663696303964,
    "color": 15.5721378326,
    "location": 39.307663466937335,
    "stability": 0.638314664364,
    "tonality": 0.475038617849
}