{
    "name": "424ef292",
    "x": 24.627296447753906,
    "y": 40.81710433959961,
    "loudness": 0.990369975567,
    "raspiness": 0.103824451566,
    "color": 34.6299934387,
    "location": 1797.39050293,
    "stability": 0.691939592361,
    "tonality": 0.48574757576
}