{
    "name": "424ef292",
    "x": 22.61697769165039,
    "y": 33.0421142578125,
    "loudness": 0.990369975567,
    "raspiness": 0.103824451566,
    "color": 34.6299934387,
    "location": 42.39564249931825,
    "stability": 0.691939592361,
    "tonality": 0.48574757576
}