{
    "name": "4286d72e",
    "x": 27.46380043029785,
    "y": 8.18795108795166,
    "loudness": 0.99068403244,
    "raspiness": 0.204337283969,
    "color": 11.0102710724,
    "location": 2788.23168945,
    "stability": 0.496723502874,
    "tonality": 0.470649808645
}