{
    "name": "4286d72e",
    "x": 27.808670043945312,
    "y": 5.228034973144531,
    "loudness": 0.99068403244,
    "raspiness": 0.204337283969,
    "color": 11.0102710724,
    "location": 52.803709050122606,
    "stability": 0.496723502874,
    "tonality": 0.470649808645
}