{
    "name": "428d8096",
    "x": 11.17550277709961,
    "y": 6.5748491287231445,
    "loudness": 0.99068403244,
    "raspiness": 0.358255535364,
    "color": 173.109649658,
    "location": 5752.71240234,
    "stability": 0.682630300522,
    "tonality": 0.492318272591
}