{
    "name": "428ed21a",
    "x": -0.11374540627002716,
    "y": 20.51766586303711,
    "loudness": 0.99068403244,
    "raspiness": 0.0725686997175,
    "color": 5.03088235855,
    "location": 35.95241877843548,
    "stability": 0.507460474968,
    "tonality": 0.46463099122
}