{
    "name": "42a59a10",
    "x": 38.75810241699219,
    "y": 1.7680549621582031,
    "loudness": 0.683000087738,
    "raspiness": 0.23578967154,
    "color": 75.6978912354,
    "location": 3113.56958008,
    "stability": 0.716361284256,
    "tonality": 0.488552391529
}