{
    "name": "42a59a10",
    "x": 37.72538375854492,
    "y": 2.0687050819396973,
    "loudness": 0.683000087738,
    "raspiness": 0.23578967154,
    "color": 75.6978912354,
    "location": 55.79936899356479,
    "stability": 0.716361284256,
    "tonality": 0.488552391529
}