{
    "name": "42a59a10",
    "x": 8.835082054138184,
    "y": 9.02186107635498,
    "loudness": 0.683000087738,
    "raspiness": 0.23578967154,
    "color": 75.6978912354,
    "location": 3113.56958008,
    "stability": 0.716361284256,
    "tonality": 0.488552391529
}