{
    "name": "42a718ea",
    "x": -2.92482852935791,
    "y": -20.38619613647461,
    "loudness": 0.0629493817687,
    "raspiness": 0.0430712625384,
    "color": 3.05709147453,
    "location": 26.86844033318644,
    "stability": 0.345813274384,
    "tonality": 0.467689692974
}