{
    "name": "42a718ea",
    "x": 4.065185070037842,
    "y": 1.2328282594680786,
    "loudness": 0.0629493817687,
    "raspiness": 0.0430712625384,
    "color": 3.05709147453,
    "location": 721.913085938,
    "stability": 0.345813274384,
    "tonality": 0.467689692974
}