{
    "name": "42a977da",
    "x": 55.143516540527344,
    "y": 14.045793533325195,
    "loudness": 0.99068403244,
    "raspiness": 0.193643257022,
    "color": 7.45894527435,
    "location": 3539.51708984,
    "stability": 0.842467188835,
    "tonality": 0.485197067261
}