{
    "name": "42a977da",
    "x": 9.154751777648926,
    "y": 9.592940330505371,
    "loudness": 0.99068403244,
    "raspiness": 0.193643257022,
    "color": 7.45894527435,
    "location": 3539.51708984,
    "stability": 0.842467188835,
    "tonality": 0.485197067261
}