{
    "name": "42ad8a52",
    "x": 18.20055389404297,
    "y": 35.10847854614258,
    "loudness": 0.99068403244,
    "raspiness": 0.127068012953,
    "color": 14.4147176743,
    "location": 39.05374433124179,
    "stability": 0.71594029665,
    "tonality": 0.454742759466
}