{
    "name": "42ad8a52",
    "x": 4.5714545249938965,
    "y": 11.214451789855957,
    "loudness": 0.99068403244,
    "raspiness": 0.127068012953,
    "color": 14.4147176743,
    "location": 1525.19494629,
    "stability": 0.71594029665,
    "tonality": 0.454742759466
}