{
    "name": "42b0e12c",
    "x": 9.970866203308105,
    "y": 34.259212493896484,
    "loudness": 0.99068403244,
    "raspiness": 0.0823471993208,
    "color": 8.04452133179,
    "location": 38.20390943725524,
    "stability": 0.646973669529,
    "tonality": 0.460144400597
}