{
    "name": "42b0e12c",
    "x": 3.684743642807007,
    "y": 10.64505672454834,
    "loudness": 0.99068403244,
    "raspiness": 0.0823471993208,
    "color": 8.04452133179,
    "location": 1459.53869629,
    "stability": 0.646973669529,
    "tonality": 0.460144400597
}