{
    "name": "42c2f288",
    "x": -17.95195198059082,
    "y": -21.078174591064453,
    "loudness": 0.295579403639,
    "raspiness": 0.0548621974885,
    "color": 17.1266803741,
    "location": 32.41570912752025,
    "stability": 0.235578075051,
    "tonality": 0.357054710388
}