{
    "name": "42c2f288",
    "x": 2.504063844680786,
    "y": 0.22825923562049866,
    "loudness": 0.295579403639,
    "raspiness": 0.0548621974885,
    "color": 17.1266803741,
    "location": 1050.77819824,
    "stability": 0.235578075051,
    "tonality": 0.357054710388
}