{
    "name": "42cb4b7d",
    "x": 4.83316707611084,
    "y": 0.8667532205581665,
    "loudness": 0.00283210049383,
    "raspiness": 0.0922905802727,
    "color": 12.9113521576,
    "location": 1907.34423828,
    "stability": 0.151491507888,
    "tonality": 0.479956269264
}