{
    "name": "42cea3c1",
    "x": 4.556455135345459,
    "y": 3.473393440246582,
    "loudness": 0.43819001317,
    "raspiness": 0.0557019673288,
    "color": 11.8348894119,
    "location": 1208.44665527,
    "stability": 0.655187249184,
    "tonality": 0.467506587505
}