{
    "name": "42e248e4",
    "x": -1.7463513612747192,
    "y": 8.765217781066895,
    "loudness": 0.879766464233,
    "raspiness": 0.0530112162232,
    "color": 13.4725580215,
    "location": 1130.57836914,
    "stability": 0.465308755636,
    "tonality": 0.378450214863
}