{
    "name": "42e248e4",
    "x": -25.082096099853516,
    "y": 14.282153129577637,
    "loudness": 0.879766464233,
    "raspiness": 0.0530112162232,
    "color": 13.4725580215,
    "location": 33.62407424956113,
    "stability": 0.465308755636,
    "tonality": 0.378450214863
}