{
    "name": "42ef28b8",
    "x": 17.204320907592773,
    "y": 5.000290393829346,
    "loudness": 0.99068403244,
    "raspiness": 0.101725257933,
    "color": 10.1170377731,
    "location": 56.986116558947934,
    "stability": 0.453676015139,
    "tonality": 0.479265213013
}