{
    "name": "42ef28b8",
    "x": 18.269636154174805,
    "y": 6.999569416046143,
    "loudness": 0.99068403244,
    "raspiness": 0.101725257933,
    "color": 10.1170377731,
    "location": 3247.41748047,
    "stability": 0.453676015139,
    "tonality": 0.479265213013
}