{
    "name": "42faaa9e",
    "x": -11.015278816223145,
    "y": 14.943181991577148,
    "loudness": 0.803265631199,
    "raspiness": 0.0104054920375,
    "color": 3.06858706474,
    "location": 17.02524980313064,
    "stability": 0.503261685371,
    "tonality": 0.440530121326
}