{
    "name": "42faaa9e",
    "x": 2.059056520462036,
    "y": 5.85302734375,
    "loudness": 0.803265631199,
    "raspiness": 0.0104054920375,
    "color": 3.06858706474,
    "location": 289.859130859,
    "stability": 0.503261685371,
    "tonality": 0.440530121326
}