{
    "name": "4305d21f",
    "x": 21.505496978759766,
    "y": 40.54131317138672,
    "loudness": 0.922497272491,
    "raspiness": 0.0910673514009,
    "color": 16.5232658386,
    "location": 1783.04638672,
    "stability": 0.680373430252,
    "tonality": 0.48244073987
}