{
    "name": "4309a65b",
    "x": 20.49152183532715,
    "y": 43.543418884277344,
    "loudness": 0.928585469723,
    "raspiness": 0.0789374709129,
    "color": 6.76857089996,
    "location": 1756.63232422,
    "stability": 0.698648393154,
    "tonality": 0.486135184765
}