{
    "name": "430cb829",
    "x": 0.03318313881754875,
    "y": 30.67262840270996,
    "loudness": 0.760697603226,
    "raspiness": 0.049509268254,
    "color": 6.06804895401,
    "location": 1009.36535645,
    "stability": 0.619294285774,
    "tonality": 0.461182624102
}