{
    "name": "430cb829",
    "x": 1.281546950340271,
    "y": 25.131052017211914,
    "loudness": 0.760697603226,
    "raspiness": 0.049509268254,
    "color": 6.06804895401,
    "location": 31.770510799324583,
    "stability": 0.619294285774,
    "tonality": 0.461182624102
}