{
    "name": "4310d9eb",
    "x": 7.899696350097656,
    "y": 6.806845188140869,
    "loudness": 0.790547609329,
    "raspiness": 0.234813570976,
    "color": 104.275184631,
    "location": 3938.11914062,
    "stability": 0.353043287992,
    "tonality": 0.485611468554
}