{
    "name": "4310d9eb",
    "x": 29.124494552612305,
    "y": -2.5072009563446045,
    "loudness": 0.790547609329,
    "raspiness": 0.234813570976,
    "color": 104.275184631,
    "location": 62.754435226683384,
    "stability": 0.353043287992,
    "tonality": 0.485611468554
}