{
    "name": "431a2c13",
    "x": 5.600998878479004,
    "y": 5.789834976196289,
    "loudness": 0.657801568508,
    "raspiness": 0.160964623094,
    "color": 31.125120163,
    "location": 2272.15771484,
    "stability": 0.499170273542,
    "tonality": 0.468352764845
}