{
    "name": "431a2c13",
    "x": 16.054637908935547,
    "y": 3.693169116973877,
    "loudness": 0.657801568508,
    "raspiness": 0.160964623094,
    "color": 31.125120163,
    "location": 2272.15771484,
    "stability": 0.499170273542,
    "tonality": 0.468352764845
}