{
    "name": "432d8a59",
    "x": 0.4428994655609131,
    "y": 37.05012893676758,
    "loudness": 0.99068403244,
    "raspiness": 0.0440726913512,
    "color": 5.29958105087,
    "location": 32.237743325642384,
    "stability": 0.634055733681,
    "tonality": 0.462265729904
}