{
    "name": "432d8a59",
    "x": 2.2709603309631348,
    "y": 10.868730545043945,
    "loudness": 0.99068403244,
    "raspiness": 0.0440726913512,
    "color": 5.29958105087,
    "location": 1039.27209473,
    "stability": 0.634055733681,
    "tonality": 0.462265729904
}