{
    "name": "433c3a13",
    "x": 29.061809539794922,
    "y": 0.8993661403656006,
    "loudness": 0.99068403244,
    "raspiness": 0.221665322781,
    "color": 14.9336776733,
    "location": 57.824751657918945,
    "stability": 0.43238389492,
    "tonality": 0.485500961542
}