{
    "name": "433c3a13",
    "x": 28.896991729736328,
    "y": 0.41943320631980896,
    "loudness": 0.99068403244,
    "raspiness": 0.221665322781,
    "color": 14.9336776733,
    "location": 3343.7019043,
    "stability": 0.43238389492,
    "tonality": 0.485500961542
}