{
    "name": "433d641a",
    "x": 30.20978546142578,
    "y": 30.70368766784668,
    "loudness": 0.943943738937,
    "raspiness": 0.124665915966,
    "color": 14.8315534592,
    "location": 2218.80981445,
    "stability": 0.665521740913,
    "tonality": 0.48037263751
}