{
    "name": "435ea687",
    "x": 10.581138610839844,
    "y": 7.649790287017822,
    "loudness": 0.99068403244,
    "raspiness": 0.285303503275,
    "color": 101.582427979,
    "location": 4291.24951172,
    "stability": 0.650555253029,
    "tonality": 0.483252555132
}