{
    "name": "4363c142",
    "x": 3.698383092880249,
    "y": -2.8779826164245605,
    "loudness": 0.650830745697,
    "raspiness": 0.0622362159193,
    "color": 39.0552139282,
    "location": 43.527054715314705,
    "stability": 0.331809163094,
    "tonality": 0.485781013966
}