{
    "name": "4363c142",
    "x": 3.2356760501861572,
    "y": -5.169323444366455,
    "loudness": 0.650830745697,
    "raspiness": 0.0622362159193,
    "color": 39.0552139282,
    "location": 1894.60449219,
    "stability": 0.331809163094,
    "tonality": 0.485781013966
}