{
    "name": "436afb11",
    "x": 10.729391098022461,
    "y": 6.956136226654053,
    "loudness": 0.984607279301,
    "raspiness": 0.492776542902,
    "color": 42.6236839294,
    "location": 4003.8762207,
    "stability": 0.795712411404,
    "tonality": 0.495402187109
}