{
    "name": "436afb11",
    "x": 49.48363494873047,
    "y": -15.071633338928223,
    "loudness": 0.984607279301,
    "raspiness": 0.492776542902,
    "color": 42.6236839294,
    "location": 4003.8762207,
    "stability": 0.795712411404,
    "tonality": 0.495402187109
}