{
    "name": "436dea8c",
    "x": 29.35394287109375,
    "y": 27.66071891784668,
    "loudness": 0.941199064255,
    "raspiness": 0.111928038299,
    "color": 14.5633945465,
    "location": 48.1804672235544,
    "stability": 0.701611399651,
    "tonality": 0.487271547318
}