{
    "name": "436dea8c",
    "x": 6.5895490646362305,
    "y": 10.770428657531738,
    "loudness": 0.941199064255,
    "raspiness": 0.111928038299,
    "color": 14.5633945465,
    "location": 2321.35742188,
    "stability": 0.701611399651,
    "tonality": 0.487271547318
}