{
    "name": "436ec5c3",
    "x": 2.8943369388580322,
    "y": 11.947819709777832,
    "loudness": 0.99068403244,
    "raspiness": 0.0508404374123,
    "color": 4.28224992752,
    "location": 803.320617676,
    "stability": 0.778712391853,
    "tonality": 0.463168829679
}