{
    "name": "436ec5c3",
    "x": 5.260502815246582,
    "y": 44.49268341064453,
    "loudness": 0.99068403244,
    "raspiness": 0.0508404374123,
    "color": 4.28224992752,
    "location": 28.342911242072503,
    "stability": 0.778712391853,
    "tonality": 0.463168829679
}