{
    "name": "436ec5c3",
    "x": 3.5222816467285156,
    "y": 54.86107635498047,
    "loudness": 0.99068403244,
    "raspiness": 0.0508404374123,
    "color": 4.28224992752,
    "location": 803.320617676,
    "stability": 0.778712391853,
    "tonality": 0.463168829679
}