{
    "name": "437ccea5",
    "x": -17.54987335205078,
    "y": -15.861644744873047,
    "loudness": 0.99068403244,
    "raspiness": 0.00478916941211,
    "color": 38.5432052612,
    "location": 170.510818481,
    "stability": 0.0772125050426,
    "tonality": 0.456580907106
}