{
    "name": "437ccea5",
    "x": -16.30864715576172,
    "y": -11.233651161193848,
    "loudness": 0.99068403244,
    "raspiness": 0.00478916941211,
    "color": 38.5432052612,
    "location": 13.057979111677273,
    "stability": 0.0772125050426,
    "tonality": 0.456580907106
}