{
    "name": "438b6454",
    "x": 29.21233558654785,
    "y": 21.182262420654297,
    "loudness": 0.836394488811,
    "raspiness": 0.129386648536,
    "color": 15.8370666504,
    "location": 49.29461910452296,
    "stability": 0.682897925377,
    "tonality": 0.485775321722
}