{
    "name": "438b6454",
    "x": 6.952038764953613,
    "y": 10.443717002868652,
    "loudness": 0.836394488811,
    "raspiness": 0.129386648536,
    "color": 15.8370666504,
    "location": 2429.95947266,
    "stability": 0.682897925377,
    "tonality": 0.485775321722
}