{
    "name": "4397bc6f",
    "x": 11.6817045211792,
    "y": -20.255176544189453,
    "loudness": 0.143458813429,
    "raspiness": 0.0558249950409,
    "color": 6.2778544426,
    "location": 38.09914114071339,
    "stability": 0.68445110321,
    "tonality": 0.480837374926
}