{
    "name": "43a1236c",
    "x": -0.14026407897472382,
    "y": -28.214563369750977,
    "loudness": 0.0246626213193,
    "raspiness": 0.0176589712501,
    "color": 6.58315086365,
    "location": 639.222045898,
    "stability": 0.431699842215,
    "tonality": 0.4749789536
}