{
    "name": "43a84fec",
    "x": 33.80147933959961,
    "y": 37.36191940307617,
    "loudness": 0.835335552692,
    "raspiness": 0.0887048691511,
    "color": 16.8731517792,
    "location": 2160.3034668,
    "stability": 0.799237906933,
    "tonality": 0.494045585394
}