{
    "name": "43a84fec",
    "x": 30.77490997314453,
    "y": 32.99385070800781,
    "loudness": 0.835335552692,
    "raspiness": 0.0887048691511,
    "color": 16.8731517792,
    "location": 46.47906482277801,
    "stability": 0.799237906933,
    "tonality": 0.494045585394
}