{
    "name": "43a920c9",
    "x": -12.42667293548584,
    "y": -43.46357727050781,
    "loudness": 0.000291319331154,
    "raspiness": 0.00900969747454,
    "color": 4.42132520676,
    "location": 135.10118103,
    "stability": 0.0894199311733,
    "tonality": 0.345062255859
}