{
    "name": "43b3a112",
    "x": 12.299172401428223,
    "y": 23.18865394592285,
    "loudness": 0.876669764519,
    "raspiness": 0.0734177529812,
    "color": 12.7556581497,
    "location": 45.05420861440139,
    "stability": 0.589222192764,
    "tonality": 0.463904231787
}