{
    "name": "43b3610a",
    "x": 2.1786293983459473,
    "y": 4.0377421379089355,
    "loudness": 0.513803601265,
    "raspiness": 0.0315438620746,
    "color": 15.6986722946,
    "location": 1264.95397949,
    "stability": 0.338764458895,
    "tonality": 0.48013406992
}