{
    "name": "43b3a112",
    "x": 3.939098358154297,
    "y": 9.532678604125977,
    "loudness": 0.876669764519,
    "raspiness": 0.0734177529812,
    "color": 12.7556581497,
    "location": 2029.88171387,
    "stability": 0.589222192764,
    "tonality": 0.463904231787
}