{
    "name": "43c12681",
    "x": 51.11099624633789,
    "y": -3.892987012863159,
    "loudness": 0.99068403244,
    "raspiness": 0.363232433796,
    "color": 32.9107055664,
    "location": 62.710049377830984,
    "stability": 0.806231796741,
    "tonality": 0.496810823679
}