{
    "name": "43c12681",
    "x": 52.62718200683594,
    "y": -9.197110176086426,
    "loudness": 0.99068403244,
    "raspiness": 0.363232433796,
    "color": 32.9107055664,
    "location": 3932.55029297,
    "stability": 0.806231796741,
    "tonality": 0.496810823679
}