{
    "name": "43c5b733",
    "x": -20.02167320251465,
    "y": 0.48214754462242126,
    "loudness": 0.99068403244,
    "raspiness": 0.00998195167631,
    "color": 16.3826828003,
    "location": 17.729189426338703,
    "stability": 0.299224436283,
    "tonality": 0.409467339516
}