{
    "name": "43d0fe93",
    "x": -2.406888484954834,
    "y": 5.257413864135742,
    "loudness": 0.584412932396,
    "raspiness": 0.0630728676915,
    "color": 4.10880565643,
    "location": 26.319236491072456,
    "stability": 0.606092751026,
    "tonality": 0.434580415487
}