{
    "name": "43e872b1",
    "x": -11.401090621948242,
    "y": -10.476972579956055,
    "loudness": 0.960957765579,
    "raspiness": 0.0129667241126,
    "color": 23.6453075409,
    "location": 1075.2980957,
    "stability": 0.134077623487,
    "tonality": 0.476443678141
}