{
    "name": "43f36cbf",
    "x": 29.988773345947266,
    "y": -7.304581642150879,
    "loudness": 0.575094223022,
    "raspiness": 0.227196663618,
    "color": 30.2447242737,
    "location": 3479.14331055,
    "stability": 0.595636487007,
    "tonality": 0.493823200464
}