{
    "name": "43f36cbf",
    "x": 8.136672019958496,
    "y": 5.949795722961426,
    "loudness": 0.575094223022,
    "raspiness": 0.227196663618,
    "color": 30.2447242737,
    "location": 3479.14331055,
    "stability": 0.595636487007,
    "tonality": 0.493823200464
}