{
    "name": "43f58abe",
    "x": -34.352684020996094,
    "y": 4.121116638183594,
    "loudness": 0.99068403244,
    "raspiness": 0.0232563633472,
    "color": 6.95584630966,
    "location": 24.805375236528874,
    "stability": 0.404525339603,
    "tonality": 0.338230729103
}