{
    "name": "43f58abe",
    "x": -3.5472280979156494,
    "y": 8.23108959197998,
    "loudness": 0.99068403244,
    "raspiness": 0.0232563633472,
    "color": 6.95584630966,
    "location": 615.306640625,
    "stability": 0.404525339603,
    "tonality": 0.338230729103
}