{
    "name": "43fc0633",
    "x": -2.3649179935455322,
    "y": 9.074396133422852,
    "loudness": 0.976110041142,
    "raspiness": 0.0456805750728,
    "color": 28.0944957733,
    "location": 928.110656738,
    "stability": 0.476485133171,
    "tonality": 0.365911155939
}