{
    "name": "43fd7a48",
    "x": 6.93367338180542,
    "y": 11.463561058044434,
    "loudness": 0.815890073776,
    "raspiness": 0.131290763617,
    "color": 35.5816421509,
    "location": 2534.40283203,
    "stability": 0.807650864124,
    "tonality": 0.494176775217
}