{
    "name": "43ff8df2",
    "x": -0.09113238006830215,
    "y": 8.04667854309082,
    "loudness": 0.99068403244,
    "raspiness": 0.0587456598878,
    "color": 13.3330469131,
    "location": 1411.15393066,
    "stability": 0.427916765213,
    "tonality": 0.440870463848
}