{
    "name": "43ff8df2",
    "x": -8.028626441955566,
    "y": 13.496176719665527,
    "loudness": 0.99068403244,
    "raspiness": 0.0587456598878,
    "color": 13.3330469131,
    "location": 37.565328837373436,
    "stability": 0.427916765213,
    "tonality": 0.440870463848
}