{
    "name": "440f3953",
    "x": 6.703100204467773,
    "y": -4.60551118850708,
    "loudness": 0.563087284565,
    "raspiness": 0.088909715414,
    "color": 7.11349534988,
    "location": 2031.89086914,
    "stability": 0.360090821981,
    "tonality": 0.459216147661
}