{
    "name": "4412da08",
    "x": 33.424747467041016,
    "y": 19.647518157958984,
    "loudness": 0.886388897896,
    "raspiness": 0.151490941644,
    "color": 38.4318809509,
    "location": 50.09533879264617,
    "stability": 0.689385056496,
    "tonality": 0.487979531288
}