{
    "name": "4412da08",
    "x": 7.112932205200195,
    "y": 10.311012268066406,
    "loudness": 0.886388897896,
    "raspiness": 0.151490941644,
    "color": 38.4318809509,
    "location": 2509.54296875,
    "stability": 0.689385056496,
    "tonality": 0.487979531288
}