{
    "name": "4419dc7d",
    "x": 5.64603328704834,
    "y": 5.752877235412598,
    "loudness": 0.657801568508,
    "raspiness": 0.173117399216,
    "color": 13.7180490494,
    "location": 2488.51586914,
    "stability": 0.499026745558,
    "tonality": 0.472040981054
}