{
    "name": "441a4e7d",
    "x": 33.80509567260742,
    "y": 11.37454605102539,
    "loudness": 0.790681362152,
    "raspiness": 0.193616181612,
    "color": 37.6229057312,
    "location": 2769.0625,
    "stability": 0.660947263241,
    "tonality": 0.484151273966
}