{
    "name": "441dc645",
    "x": 3.1298983097076416,
    "y": 11.300738334655762,
    "loudness": 0.99068403244,
    "raspiness": 0.076981395483,
    "color": 8.2678861618,
    "location": 1042.74365234,
    "stability": 0.655377209187,
    "tonality": 0.462975502014
}