{
    "name": "441dc645",
    "x": 5.4881672859191895,
    "y": 39.24402618408203,
    "loudness": 0.99068403244,
    "raspiness": 0.076981395483,
    "color": 8.2678861618,
    "location": 32.29154149835526,
    "stability": 0.655377209187,
    "tonality": 0.462975502014
}