{
    "name": "4421fddd",
    "x": -11.406242370605469,
    "y": 36.01841354370117,
    "loudness": 0.737685680389,
    "raspiness": 0.0408216975629,
    "color": 10.2358608246,
    "location": 29.229313765516288,
    "stability": 0.715412139893,
    "tonality": 0.400927573442
}