{
    "name": "4430e0ee",
    "x": 17.606111526489258,
    "y": 14.04806137084961,
    "loudness": 0.99068403244,
    "raspiness": 0.170686423779,
    "color": 2.64991140366,
    "location": 46.97428807581867,
    "stability": 0.518548727036,
    "tonality": 0.421105474234
}