{
    "name": "4430e0ee",
    "x": 4.800868034362793,
    "y": 14.854455947875977,
    "loudness": 0.99068403244,
    "raspiness": 0.170686423779,
    "color": 2.64991140366,
    "location": 2206.58374023,
    "stability": 0.518548727036,
    "tonality": 0.421105474234
}