{
    "name": "444f9db5",
    "x": -1.7898155450820923,
    "y": 9.98924732208252,
    "loudness": 0.948734462261,
    "raspiness": 0.0415619201958,
    "color": 21.7721614838,
    "location": 905.90020752,
    "stability": 0.594755351543,
    "tonality": 0.378116190434
}