{
    "name": "444f9db5",
    "x": -26.870899200439453,
    "y": 27.43395233154297,
    "loudness": 0.948734462261,
    "raspiness": 0.0415619201958,
    "color": 21.7721614838,
    "location": 30.098176149394835,
    "stability": 0.594755351543,
    "tonality": 0.378116190434
}