{
    "name": "445b88ad",
    "x": 2.733164072036743,
    "y": 5.491732120513916,
    "loudness": 0.607452630997,
    "raspiness": 0.0466146841645,
    "color": 11.1665821075,
    "location": 1191.63000488,
    "stability": 0.512908816338,
    "tonality": 0.467133015394
}