{
    "name": "445b88ad",
    "x": 0.9884604215621948,
    "y": 4.735442638397217,
    "loudness": 0.607452630997,
    "raspiness": 0.0466146841645,
    "color": 11.1665821075,
    "location": 34.51999427694043,
    "stability": 0.512908816338,
    "tonality": 0.467133015394
}