{
    "name": "448d0cb1",
    "x": 17.703401565551758,
    "y": -23.493478775024414,
    "loudness": 0.171899795532,
    "raspiness": 0.154518544674,
    "color": 15.5153226852,
    "location": 2706.01660156,
    "stability": 0.493296951056,
    "tonality": 0.455166906118
}