{
    "name": "448d0cb1",
    "x": 16.17658233642578,
    "y": -13.468445777893066,
    "loudness": 0.171899795532,
    "raspiness": 0.154518544674,
    "color": 15.5153226852,
    "location": 52.0193867856975,
    "stability": 0.493296951056,
    "tonality": 0.455166906118
}