{
    "name": "44ae3104",
    "x": -25.80738639831543,
    "y": 9.837430000305176,
    "loudness": 0.846652448177,
    "raspiness": 0.0503758862615,
    "color": 18.7432746887,
    "location": 1360.76721191,
    "stability": 0.435373514891,
    "tonality": 0.379434883595
}