{
    "name": "44ae8221",
    "x": -5.960082054138184,
    "y": 3.6466991901397705,
    "loudness": 0.62321048975,
    "raspiness": 0.0321909412742,
    "color": 6.30776071548,
    "location": 19.61491533410226,
    "stability": 0.443263232708,
    "tonality": 0.460232496262
}