{
    "name": "44ae3104",
    "x": -23.644519805908203,
    "y": 12.270880699157715,
    "loudness": 0.846652448177,
    "raspiness": 0.0503758862615,
    "color": 18.7432746887,
    "location": 36.888578339507745,
    "stability": 0.435373514891,
    "tonality": 0.379434883595
}