{
    "name": "44b0d72a",
    "x": -2.8432366847991943,
    "y": 8.306453704833984,
    "loudness": 0.861969470978,
    "raspiness": 0.0411465764046,
    "color": 15.9866542816,
    "location": 914.022216797,
    "stability": 0.411432147026,
    "tonality": 0.354022681713
}