{
    "name": "44b0d72a",
    "x": -30.169048309326172,
    "y": 6.64792013168335,
    "loudness": 0.861969470978,
    "raspiness": 0.0411465764046,
    "color": 15.9866542816,
    "location": 30.232800346593766,
    "stability": 0.411432147026,
    "tonality": 0.354022681713
}