{
    "name": "44b3dad2",
    "x": 40.1988525390625,
    "y": 30.067319869995117,
    "loudness": 0.896168529987,
    "raspiness": 0.141276046634,
    "color": 27.4610881805,
    "location": 2298.45605469,
    "stability": 0.763875961304,
    "tonality": 0.486311554909
}