{
    "name": "44c5094c",
    "x": -24.61771011352539,
    "y": 10.870123863220215,
    "loudness": 0.978071928024,
    "raspiness": 0.0488709583879,
    "color": 18.979133606,
    "location": 28.73970816127053,
    "stability": 0.413992643356,
    "tonality": 0.384869635105
}