{
    "name": "44c5094c",
    "x": -2.2761454582214355,
    "y": 8.387714385986328,
    "loudness": 0.978071928024,
    "raspiness": 0.0488709583879,
    "color": 18.979133606,
    "location": 825.970825195,
    "stability": 0.413992643356,
    "tonality": 0.384869635105
}