{
    "name": "44cde481",
    "x": 9.740310668945312,
    "y": 26.346647262573242,
    "loudness": 0.958717942238,
    "raspiness": 0.0943369790912,
    "color": 28.3072414398,
    "location": 39.01047942386763,
    "stability": 0.582351744175,
    "tonality": 0.467574387789
}