{
    "name": "44cde481",
    "x": 3.846928358078003,
    "y": 10.08731746673584,
    "loudness": 0.958717942238,
    "raspiness": 0.0943369790912,
    "color": 28.3072414398,
    "location": 1521.81750488,
    "stability": 0.582351744175,
    "tonality": 0.467574387789
}