{
    "name": "44d161b1",
    "x": -22.255023956298828,
    "y": -32.99835205078125,
    "loudness": 0.00240093935281,
    "raspiness": 0.0268756169826,
    "color": 4.63084030151,
    "location": 612.617431641,
    "stability": 0.323884755373,
    "tonality": 0.253519803286
}