{
    "name": "44d161b1",
    "x": -25.443010330200195,
    "y": -22.503433227539062,
    "loudness": 0.00240093935281,
    "raspiness": 0.0268756169826,
    "color": 4.63084030151,
    "location": 24.751109705243522,
    "stability": 0.323884755373,
    "tonality": 0.253519803286
}