{
    "name": "44d68d6e",
    "x": -29.491689682006836,
    "y": 0.31654971837997437,
    "loudness": 0.99068403244,
    "raspiness": 0.0209203250706,
    "color": 2.04061532021,
    "location": 21.200483007139248,
    "stability": 0.333015322685,
    "tonality": 0.357240885496
}