{
    "name": "44dafff6",
    "x": 0.3599284887313843,
    "y": 13.298643112182617,
    "loudness": 0.640939891338,
    "raspiness": 0.0528240837157,
    "color": 252.821182251,
    "location": 28.37404815825546,
    "stability": 0.584316372871,
    "tonality": 0.467152327299
}