{
    "name": "44dafff6",
    "x": 2.7714791297912598,
    "y": 5.881347179412842,
    "loudness": 0.640939891338,
    "raspiness": 0.0528240837157,
    "color": 252.821182251,
    "location": 805.086608887,
    "stability": 0.584316372871,
    "tonality": 0.467152327299
}