{
    "name": "44e26366",
    "x": 5.091194152832031,
    "y": 18.264955520629883,
    "loudness": 0.99068403244,
    "raspiness": 0.159879982471,
    "color": 15.4766817093,
    "location": 2186.21020508,
    "stability": 0.545134425163,
    "tonality": 0.417518734932
}