{
    "name": "44ecc876",
    "x": 15.317218780517578,
    "y": 51.64510726928711,
    "loudness": 0.934304535389,
    "raspiness": 0.058702096343,
    "color": 13.1336393356,
    "location": 1363.57128906,
    "stability": 0.745375871658,
    "tonality": 0.478337973356
}