{
    "name": "44ec7beb",
    "x": 0.6598158478736877,
    "y": 6.776548862457275,
    "loudness": 0.99068403244,
    "raspiness": 0.0320542268455,
    "color": 7.35450935364,
    "location": 1396.72412109,
    "stability": 0.370150387287,
    "tonality": 0.456091672182
}