{
    "name": "44ecc876",
    "x": 14.715078353881836,
    "y": 41.84954833984375,
    "loudness": 0.934304535389,
    "raspiness": 0.058702096343,
    "color": 13.1336393356,
    "location": 36.926566169358345,
    "stability": 0.745375871658,
    "tonality": 0.478337973356
}