{
    "name": "44ec7beb",
    "x": -7.109643936157227,
    "y": 6.196341037750244,
    "loudness": 0.99068403244,
    "raspiness": 0.0320542268455,
    "color": 7.35450935364,
    "location": 37.372772456562544,
    "stability": 0.370150387287,
    "tonality": 0.456091672182
}