{
    "name": "44efa03d",
    "x": 48.04052734375,
    "y": 3.7968902587890625,
    "loudness": 0.867974638939,
    "raspiness": 0.244579330087,
    "color": 67.1938400269,
    "location": 3382.5234375,
    "stability": 0.735070884228,
    "tonality": 0.490269780159
}