{
    "name": "44efa03d",
    "x": 44.42067337036133,
    "y": 4.569774150848389,
    "loudness": 0.867974638939,
    "raspiness": 0.244579330087,
    "color": 67.1938400269,
    "location": 58.15946558815684,
    "stability": 0.735070884228,
    "tonality": 0.490269780159
}