{
    "name": "44f2161a",
    "x": -10.641894340515137,
    "y": -16.1393985748291,
    "loudness": 0.199715673923,
    "raspiness": 0.173265203834,
    "color": 3.18476963043,
    "location": 38.10226492966002,
    "stability": 0.634768486023,
    "tonality": 0.311268568039
}