{
    "name": "44f9acf9",
    "x": 0.35065320134162903,
    "y": 9.553852081298828,
    "loudness": 0.987769424915,
    "raspiness": 0.0479074306786,
    "color": 24.5923614502,
    "location": 1149.47961426,
    "stability": 0.56297492981,
    "tonality": 0.433768004179
}