{
    "name": "44f9acf9",
    "x": -8.949417114257812,
    "y": 27.209423065185547,
    "loudness": 0.987769424915,
    "raspiness": 0.0479074306786,
    "color": 24.5923614502,
    "location": 33.90397637829522,
    "stability": 0.56297492981,
    "tonality": 0.433768004179
}