{
    "name": "44fb3eeb",
    "x": -28.211397171020508,
    "y": -14.759459495544434,
    "loudness": 0.428467065096,
    "raspiness": 0.0432538762689,
    "color": 11.4247713089,
    "location": 29.168317940601238,
    "stability": 0.391834914684,
    "tonality": 0.243594065309
}