{
    "name": "44fb3eeb",
    "x": 1.6835824251174927,
    "y": 0.6078887581825256,
    "loudness": 0.428467065096,
    "raspiness": 0.0432538762689,
    "color": 11.4247713089,
    "location": 850.790771484,
    "stability": 0.391834914684,
    "tonality": 0.243594065309
}