{
    "name": "44fb3eeb",
    "x": -27.203399658203125,
    "y": -24.739824295043945,
    "loudness": 0.428467065096,
    "raspiness": 0.0432538762689,
    "color": 11.4247713089,
    "location": 850.790771484,
    "stability": 0.391834914684,
    "tonality": 0.243594065309
}