{
    "name": "4509d8c8",
    "x": -0.697782039642334,
    "y": 9.122122764587402,
    "loudness": 0.99068403244,
    "raspiness": 0.0847338289022,
    "color": 24.5604705811,
    "location": 1512.10437012,
    "stability": 0.534711897373,
    "tonality": 0.393563956022
}