{
    "name": "4509d8c8",
    "x": -22.206937789916992,
    "y": 26.812355041503906,
    "loudness": 0.99068403244,
    "raspiness": 0.0847338289022,
    "color": 24.5604705811,
    "location": 1512.10437012,
    "stability": 0.534711897373,
    "tonality": 0.393563956022
}