{
    "name": "4509d8c8",
    "x": -17.639310836791992,
    "y": 23.943796157836914,
    "loudness": 0.99068403244,
    "raspiness": 0.0847338289022,
    "color": 24.5604705811,
    "location": 38.8857862222175,
    "stability": 0.534711897373,
    "tonality": 0.393563956022
}