{
    "name": "450b7adb",
    "x": 11.154867172241211,
    "y": 6.384177207946777,
    "loudness": 0.785436332226,
    "raspiness": 0.0867265313864,
    "color": 75.0701522827,
    "location": 2285.88647461,
    "stability": 0.418974876404,
    "tonality": 0.479977548122
}