{
    "name": "450cd355",
    "x": 0.5027691721916199,
    "y": 0.5792360901832581,
    "loudness": 0.888135254383,
    "raspiness": 0.040457457304,
    "color": 8.07822418213,
    "location": 2098.25219727,
    "stability": 0.300167322159,
    "tonality": 0.488975465298
}