{
    "name": "450cd355",
    "x": 1.3564945459365845,
    "y": 5.598512649536133,
    "loudness": 0.888135254383,
    "raspiness": 0.040457457304,
    "color": 8.07822418213,
    "location": 2098.25219727,
    "stability": 0.300167322159,
    "tonality": 0.488975465298
}