{
    "name": "4517a4af",
    "x": -1.2448036670684814,
    "y": -13.870336532592773,
    "loudness": 0.32480764389,
    "raspiness": 0.0949897617102,
    "color": 11.9559879303,
    "location": 1344.23400879,
    "stability": 0.57279253006,
    "tonality": 0.396463364363
}