{
    "name": "4526e386",
    "x": 21.120407104492188,
    "y": 22.090478897094727,
    "loudness": 0.968335449696,
    "raspiness": 0.115865074098,
    "color": 7.43938350677,
    "location": 46.82005112662736,
    "stability": 0.601120591164,
    "tonality": 0.473960608244
}