{
    "name": "452a9812",
    "x": 5.255329132080078,
    "y": 24.854820251464844,
    "loudness": 0.99068403244,
    "raspiness": 0.0688720718026,
    "color": 9.37096977234,
    "location": 1744.91760254,
    "stability": 0.501906991005,
    "tonality": 0.47580075264
}