{
    "name": "4541aa66",
    "x": -39.380943298339844,
    "y": -8.279701232910156,
    "loudness": 0.99068403244,
    "raspiness": 0.119678847492,
    "color": 4.16578435898,
    "location": 29.173403356122165,
    "stability": 0.160246193409,
    "tonality": 0.141237094998
}