{
    "name": "4541aa66",
    "x": -36.07147979736328,
    "y": -25.1915225982666,
    "loudness": 0.99068403244,
    "raspiness": 0.119678847492,
    "color": 4.16578435898,
    "location": 851.087463379,
    "stability": 0.160246193409,
    "tonality": 0.141237094998
}