{
    "name": "4546e002",
    "x": -5.694738864898682,
    "y": -42.14217758178711,
    "loudness": 0.000249219854595,
    "raspiness": 0.0272729769349,
    "color": 4.30959129333,
    "location": 317.720306396,
    "stability": 0.119079872966,
    "tonality": 0.403557181358
}