{
    "name": "4546e002",
    "x": -10.572013854980469,
    "y": -26.848546981811523,
    "loudness": 0.000249219854595,
    "raspiness": 0.0272729769349,
    "color": 4.30959129333,
    "location": 17.824710555742552,
    "stability": 0.119079872966,
    "tonality": 0.403557181358
}