{
    "name": "4549ffaf",
    "x": 3.158787488937378,
    "y": 0.24877813458442688,
    "loudness": 0.0712867826223,
    "raspiness": 0.00368792167865,
    "color": 4.58986330032,
    "location": 363.67489624,
    "stability": 0.210828244686,
    "tonality": 0.382488548756
}