{
    "name": "4549ffaf",
    "x": -8.977806091308594,
    "y": -38.74120330810547,
    "loudness": 0.0712867826223,
    "raspiness": 0.00368792167865,
    "color": 4.58986330032,
    "location": 363.67489624,
    "stability": 0.210828244686,
    "tonality": 0.382488548756
}