{
    "name": "4551f231",
    "x": 10.735509872436523,
    "y": -25.222122192382812,
    "loudness": 0.0873670503497,
    "raspiness": 0.0874189808965,
    "color": 11.6350383759,
    "location": 1789.51159668,
    "stability": 0.517627894878,
    "tonality": 0.471460402012
}