{
    "name": "455aee34",
    "x": 21.18498992919922,
    "y": 14.41067123413086,
    "loudness": 0.964968621731,
    "raspiness": 0.141059979796,
    "color": 24.2191066742,
    "location": 2458.0378418,
    "stability": 0.518233478069,
    "tonality": 0.484900593758
}