{
    "name": "456cc727",
    "x": 2.6739070415496826,
    "y": 19.6625919342041,
    "loudness": 0.99068403244,
    "raspiness": 0.0634830743074,
    "color": 39.5364074707,
    "location": 42.72366610568433,
    "stability": 0.509743154049,
    "tonality": 0.454072475433
}