{
    "name": "456cc727",
    "x": 3.5306432247161865,
    "y": 8.295865058898926,
    "loudness": 0.99068403244,
    "raspiness": 0.0634830743074,
    "color": 39.5364074707,
    "location": 1825.31164551,
    "stability": 0.509743154049,
    "tonality": 0.454072475433
}