{
    "name": "458b1992",
    "x": -9.60600471496582,
    "y": 7.978949069976807,
    "loudness": 0.756859958172,
    "raspiness": 0.013390048407,
    "color": 5.63694858551,
    "location": 21.13770016260047,
    "stability": 0.426023095846,
    "tonality": 0.44874727726
}