{
    "name": "458b1992",
    "x": 2.102403163909912,
    "y": 5.779404640197754,
    "loudness": 0.756859958172,
    "raspiness": 0.013390048407,
    "color": 5.63694858551,
    "location": 446.802368164,
    "stability": 0.426023095846,
    "tonality": 0.44874727726
}