{
    "name": "458b1992",
    "x": -12.693593978881836,
    "y": 7.243801116943359,
    "loudness": 0.756859958172,
    "raspiness": 0.013390048407,
    "color": 5.63694858551,
    "location": 446.802368164,
    "stability": 0.426023095846,
    "tonality": 0.44874727726
}