{
    "name": "458ea6cc",
    "x": 1.0355713367462158,
    "y": 5.071927070617676,
    "loudness": 0.953629851341,
    "raspiness": 0.0594290234149,
    "color": 84.1465148926,
    "location": 1918.47070312,
    "stability": 0.203650087118,
    "tonality": 0.483218371868
}