{
    "name": "4590ba37",
    "x": 31.701900482177734,
    "y": 36.38496017456055,
    "loudness": 0.827317774296,
    "raspiness": 0.0866892784834,
    "color": 27.1729221344,
    "location": 1971.93310547,
    "stability": 0.791394472122,
    "tonality": 0.492461651564
}