{
    "name": "4590ba37",
    "x": 29.263916015625,
    "y": 33.21841812133789,
    "loudness": 0.827317774296,
    "raspiness": 0.0866892784834,
    "color": 27.1729221344,
    "location": 44.40645342143414,
    "stability": 0.791394472122,
    "tonality": 0.492461651564
}