{
    "name": "45a8823e",
    "x": 4.916860580444336,
    "y": -1.1951546669006348,
    "loudness": 0.582249045372,
    "raspiness": 0.0706824585795,
    "color": 13.6421060562,
    "location": 42.03246542150484,
    "stability": 0.417069554329,
    "tonality": 0.467623561621
}