{
    "name": "45a8823e",
    "x": 4.769526481628418,
    "y": -2.9982717037200928,
    "loudness": 0.582249045372,
    "raspiness": 0.0706824585795,
    "color": 13.6421060562,
    "location": 1766.72814941,
    "stability": 0.417069554329,
    "tonality": 0.467623561621
}