{
    "name": "45a8823e",
    "x": 3.5055434703826904,
    "y": 4.490182399749756,
    "loudness": 0.582249045372,
    "raspiness": 0.0706824585795,
    "color": 13.6421060562,
    "location": 1766.72814941,
    "stability": 0.417069554329,
    "tonality": 0.467623561621
}