{
    "name": "45a8d396",
    "x": 1.4476207494735718,
    "y": 9.25461196899414,
    "loudness": 0.99068403244,
    "raspiness": 0.0740872919559,
    "color": 18.0305805206,
    "location": 43.108708143135075,
    "stability": 0.405490458012,
    "tonality": 0.457837283611
}