{
    "name": "45b9bc91",
    "x": 1.4001104831695557,
    "y": -3.3072071075439453,
    "loudness": 0.658654987812,
    "raspiness": 0.0896245241165,
    "color": 4.27699041367,
    "location": 40.526680905670034,
    "stability": 0.287962555885,
    "tonality": 0.470259636641
}