{
    "name": "45bf81f1",
    "x": -15.264582633972168,
    "y": 26.777341842651367,
    "loudness": 0.99068403244,
    "raspiness": 0.0371475219727,
    "color": 3.92256999016,
    "location": 22.438090962134012,
    "stability": 0.546671152115,
    "tonality": 0.432921260595
}