{
    "name": "45bf81f1",
    "x": -23.644786834716797,
    "y": 32.166290283203125,
    "loudness": 0.99068403244,
    "raspiness": 0.0371475219727,
    "color": 3.92256999016,
    "location": 503.467926025,
    "stability": 0.546671152115,
    "tonality": 0.432921260595
}