{
    "name": "45c077da",
    "x": -27.924619674682617,
    "y": 10.118721008300781,
    "loudness": 0.937275052071,
    "raspiness": 0.00753120752051,
    "color": 7.96001672745,
    "location": 14.218478491561607,
    "stability": 0.427020847797,
    "tonality": 0.378887921572
}