{
    "name": "45c077da",
    "x": -33.68290328979492,
    "y": 8.79351806640625,
    "loudness": 0.937275052071,
    "raspiness": 0.00753120752051,
    "color": 7.96001672745,
    "location": 202.165130615,
    "stability": 0.427020847797,
    "tonality": 0.378887921572
}