{
    "name": "45ce1b24",
    "x": -11.239806175231934,
    "y": 46.2110595703125,
    "loudness": 0.974784493446,
    "raspiness": 0.0598784014583,
    "color": 17.848400116,
    "location": 1019.45947266,
    "stability": 0.679031193256,
    "tonality": 0.428638279438
}