{
    "name": "45ce1b24",
    "x": -5.500424385070801,
    "y": 38.89739990234375,
    "loudness": 0.974784493446,
    "raspiness": 0.0598784014583,
    "color": 17.848400116,
    "location": 31.928975440185987,
    "stability": 0.679031193256,
    "tonality": 0.428638279438
}