{
    "name": "45ce1b24",
    "x": 0.9727599620819092,
    "y": 10.955536842346191,
    "loudness": 0.974784493446,
    "raspiness": 0.0598784014583,
    "color": 17.848400116,
    "location": 1019.45947266,
    "stability": 0.679031193256,
    "tonality": 0.428638279438
}