{
    "name": "45d405ca",
    "x": -3.0290868282318115,
    "y": 7.126102924346924,
    "loudness": 0.977449119091,
    "raspiness": 0.056530136615,
    "color": 22.2014160156,
    "location": 1454.55285645,
    "stability": 0.309494763613,
    "tonality": 0.321789264679
}