{
    "name": "45d71502",
    "x": 21.08255386352539,
    "y": -9.188277244567871,
    "loudness": 0.310569137335,
    "raspiness": 0.173793032765,
    "color": 10.5858030319,
    "location": 2039.83007812,
    "stability": 0.70177936554,
    "tonality": 0.456636607647
}