{
    "name": "45d71502",
    "x": 5.989867210388184,
    "y": 3.552896022796631,
    "loudness": 0.310569137335,
    "raspiness": 0.173793032765,
    "color": 10.5858030319,
    "location": 2039.83007812,
    "stability": 0.70177936554,
    "tonality": 0.456636607647
}