{
    "name": "45d71502",
    "x": 19.128944396972656,
    "y": -9.92391300201416,
    "loudness": 0.310569137335,
    "raspiness": 0.173793032765,
    "color": 10.5858030319,
    "location": 45.16447805654351,
    "stability": 0.70177936554,
    "tonality": 0.456636607647
}