{
    "name": "45da8553",
    "x": 9.286887168884277,
    "y": -19.465307235717773,
    "loudness": 0.0792893320322,
    "raspiness": 0.0802444592118,
    "color": 20.9309844971,
    "location": 41.6499593782515,
    "stability": 0.548145949841,
    "tonality": 0.452668875456
}