{
    "name": "45da8553",
    "x": 4.932703971862793,
    "y": 2.1312904357910156,
    "loudness": 0.0792893320322,
    "raspiness": 0.0802444592118,
    "color": 20.9309844971,
    "location": 1734.71911621,
    "stability": 0.548145949841,
    "tonality": 0.452668875456
}