{
    "name": "45de3233",
    "x": -4.351609230041504,
    "y": 8.088336944580078,
    "loudness": 0.967363476753,
    "raspiness": 0.0243689902127,
    "color": 15.696346283,
    "location": 895.005859375,
    "stability": 0.402238458395,
    "tonality": 0.299725562334
}