{
    "name": "45e241c1",
    "x": -25.425352096557617,
    "y": 26.662660598754883,
    "loudness": 0.825903356075,
    "raspiness": 0.0463016070426,
    "color": 15.8455228806,
    "location": 33.053744853344526,
    "stability": 0.615347981453,
    "tonality": 0.372760385275
}