{
    "name": "45e5a952",
    "x": -35.226646423339844,
    "y": -1.695878505706787,
    "loudness": 0.885645806789,
    "raspiness": 0.0309183374047,
    "color": 11.0810279846,
    "location": 26.610415193622966,
    "stability": 0.364126950502,
    "tonality": 0.31871882081
}