{
    "name": "45e5a952",
    "x": -3.9405384063720703,
    "y": 7.805978298187256,
    "loudness": 0.885645806789,
    "raspiness": 0.0309183374047,
    "color": 11.0810279846,
    "location": 708.114196777,
    "stability": 0.364126950502,
    "tonality": 0.31871882081
}