{
    "name": "45e6e129",
    "x": 3.050830602645874,
    "y": -0.029072310775518417,
    "loudness": 7.51170809963e-05,
    "raspiness": 0.0139187043533,
    "color": 5.11291790009,
    "location": 185.245056152,
    "stability": 0.10929480195,
    "tonality": 0.366036683321
}