{
    "name": "45e63fdd",
    "x": -18.428125381469727,
    "y": -2.0318336486816406,
    "loudness": 0.99068403244,
    "raspiness": 0.0114558292553,
    "color": 4.38981580734,
    "location": 31.57385895540803,
    "stability": 0.258921056986,
    "tonality": 0.410749018192
}