{
    "name": "45e6e129",
    "x": -14.308804512023926,
    "y": -29.461105346679688,
    "loudness": 7.51170809963e-05,
    "raspiness": 0.0139187043533,
    "color": 5.11291790009,
    "location": 13.610475970810132,
    "stability": 0.10929480195,
    "tonality": 0.366036683321
}