{
    "name": "45ea531e",
    "x": 26.06728172302246,
    "y": 32.41539001464844,
    "loudness": 0.969602048397,
    "raspiness": 0.104018129408,
    "color": 8.39755249023,
    "location": 45.03314886913861,
    "stability": 0.705712497234,
    "tonality": 0.48049595952
}