{
    "name": "45ea531e",
    "x": 28.795574188232422,
    "y": 39.158267974853516,
    "loudness": 0.969602048397,
    "raspiness": 0.104018129408,
    "color": 8.39755249023,
    "location": 2027.98449707,
    "stability": 0.705712497234,
    "tonality": 0.48049595952
}