{
    "name": "45f3e225",
    "x": 3.593153476715088,
    "y": 10.524408340454102,
    "loudness": 0.941450536251,
    "raspiness": 0.0790522396564,
    "color": 13.9238576889,
    "location": 1478.70202637,
    "stability": 0.628972530365,
    "tonality": 0.466353565454
}