{
    "name": "45f3e225",
    "x": 9.292083740234375,
    "y": 41.3682746887207,
    "loudness": 0.941450536251,
    "raspiness": 0.0790522396564,
    "color": 13.9238576889,
    "location": 1478.70202637,
    "stability": 0.628972530365,
    "tonality": 0.466353565454
}