{
    "name": "4601c0f2",
    "x": 6.777278900146484,
    "y": 3.807687759399414,
    "loudness": 0.505833029747,
    "raspiness": 0.236036345363,
    "color": 33.9339637756,
    "location": 2601.66064453,
    "stability": 0.748370170593,
    "tonality": 0.486217230558
}