{
    "name": "4601c0f2",
    "x": 27.762165069580078,
    "y": -4.030091762542725,
    "loudness": 0.505833029747,
    "raspiness": 0.236036345363,
    "color": 33.9339637756,
    "location": 51.00647649593137,
    "stability": 0.748370170593,
    "tonality": 0.486217230558
}