{
    "name": "460d7b62",
    "x": 44.5357780456543,
    "y": 11.773727416992188,
    "loudness": 0.820871293545,
    "raspiness": 0.194623112679,
    "color": 53.7303352356,
    "location": 3318.41088867,
    "stability": 0.730094969273,
    "tonality": 0.494709461927
}