{
    "name": "4619c0dd",
    "x": 28.201889038085938,
    "y": 31.89015007019043,
    "loudness": 0.99068403244,
    "raspiness": 0.0932152122259,
    "color": 8.71258449554,
    "location": 47.366336402766045,
    "stability": 0.714259326458,
    "tonality": 0.487667679787
}