{
    "name": "4619c0dd",
    "x": 31.43341064453125,
    "y": 38.93535232543945,
    "loudness": 0.99068403244,
    "raspiness": 0.0932152122259,
    "color": 8.71258449554,
    "location": 2243.56982422,
    "stability": 0.714259326458,
    "tonality": 0.487667679787
}