{
    "name": "461c6cd1",
    "x": 40.381996154785156,
    "y": 11.33443546295166,
    "loudness": 0.954130649567,
    "raspiness": 0.18544010818,
    "color": 36.5602531433,
    "location": 57.68558070003283,
    "stability": 0.686564683914,
    "tonality": 0.4957074821
}