{
    "name": "461c6cd1",
    "x": 8.565556526184082,
    "y": 8.856098175048828,
    "loudness": 0.954130649567,
    "raspiness": 0.18544010818,
    "color": 36.5602531433,
    "location": 3327.6262207,
    "stability": 0.686564683914,
    "tonality": 0.4957074821
}