{
    "name": "4629e77b",
    "x": -25.99553108215332,
    "y": 25.438053131103516,
    "loudness": 0.99068403244,
    "raspiness": 0.0533528663218,
    "color": 12.2237796783,
    "location": 35.897795662129454,
    "stability": 0.560985863209,
    "tonality": 0.37428560853
}