{
    "name": "4629e77b",
    "x": -33.531856536865234,
    "y": 28.641199111938477,
    "loudness": 0.99068403244,
    "raspiness": 0.0533528663218,
    "color": 12.2237796783,
    "location": 1288.6517334,
    "stability": 0.560985863209,
    "tonality": 0.37428560853
}