{
    "name": "462b676f",
    "x": -20.7012996673584,
    "y": 10.799771308898926,
    "loudness": 0.969842135906,
    "raspiness": 0.0138710746542,
    "color": 5.97822237015,
    "location": 18.539615589083827,
    "stability": 0.422412276268,
    "tonality": 0.411692857742
}