{
    "name": "4636fd73",
    "x": -21.948997497558594,
    "y": 25.58355140686035,
    "loudness": 0.977035939693,
    "raspiness": 0.0439957045019,
    "color": 29.8705615997,
    "location": 31.27392541151494,
    "stability": 0.550937175751,
    "tonality": 0.398508965969
}