{
    "name": "464c651e",
    "x": 5.418105602264404,
    "y": 10.51260757446289,
    "loudness": 0.99068403244,
    "raspiness": 0.09130859375,
    "color": 10.983124733,
    "location": 2208.25268555,
    "stability": 0.6586804986,
    "tonality": 0.466539263725
}