{
    "name": "466a45d5",
    "x": 6.303784370422363,
    "y": 23.560117721557617,
    "loudness": 0.900787293911,
    "raspiness": 0.0835617855191,
    "color": 56.5668754578,
    "location": 37.10272637812483,
    "stability": 0.5523468256,
    "tonality": 0.477858841419
}