{
    "name": "467ad774",
    "x": -3.7983663082122803,
    "y": 3.0150861740112305,
    "loudness": 0.574206054211,
    "raspiness": 0.052931766957,
    "color": 7.52533626556,
    "location": 853.656066895,
    "stability": 0.553042054176,
    "tonality": 0.45205911994
}