{
    "name": "467ad774",
    "x": -1.583831787109375,
    "y": 3.68294358253479,
    "loudness": 0.574206054211,
    "raspiness": 0.052931766957,
    "color": 7.52533626556,
    "location": 29.217393225525782,
    "stability": 0.553042054176,
    "tonality": 0.45205911994
}