{
    "name": "467c86b7",
    "x": 5.645297527313232,
    "y": 11.923530578613281,
    "loudness": 0.98490768671,
    "raspiness": 0.0954562574625,
    "color": 45.8914680481,
    "location": 1917.9934082,
    "stability": 0.74548470974,
    "tonality": 0.485314160585
}