{
    "name": "467c86b7",
    "x": 27.019878387451172,
    "y": 37.429996490478516,
    "loudness": 0.98490768671,
    "raspiness": 0.0954562574625,
    "color": 45.8914680481,
    "location": 43.794901623362506,
    "stability": 0.74548470974,
    "tonality": 0.485314160585
}