{
    "name": "468f9c4c",
    "x": 4.341679096221924,
    "y": -18.794166564941406,
    "loudness": 0.00725216418505,
    "raspiness": 0.073171697557,
    "color": 47.2841110229,
    "location": 39.58423604365758,
    "stability": 0.437931537628,
    "tonality": 0.455579608679
}