{
    "name": "468f9c4c",
    "x": 7.210580825805664,
    "y": -27.90775489807129,
    "loudness": 0.00725216418505,
    "raspiness": 0.073171697557,
    "color": 47.2841110229,
    "location": 1566.91174316,
    "stability": 0.437931537628,
    "tonality": 0.455579608679
}