{
    "name": "469e4ebe",
    "x": 27.753957748413086,
    "y": -22.355754852294922,
    "loudness": 0.100794687867,
    "raspiness": 0.227324694395,
    "color": 15.9877185822,
    "location": 3726.75073242,
    "stability": 0.782257795334,
    "tonality": 0.495631277561
}