{
    "name": "469e4ebe",
    "x": 26.935161590576172,
    "y": -15.251676559448242,
    "loudness": 0.100794687867,
    "raspiness": 0.227324694395,
    "color": 15.9877185822,
    "location": 61.0471189526582,
    "stability": 0.782257795334,
    "tonality": 0.495631277561
}