{
    "name": "46a95319",
    "x": -4.786086559295654,
    "y": 7.084942817687988,
    "loudness": 0.93238979578,
    "raspiness": 0.0502186641097,
    "color": 26.7779121399,
    "location": 1008.80944824,
    "stability": 0.0567594096065,
    "tonality": 0.231828600168
}