{
    "name": "46b52f97",
    "x": 10.475637435913086,
    "y": 19.932233810424805,
    "loudness": 0.99068403244,
    "raspiness": 0.136238098145,
    "color": 23.9479885101,
    "location": 2057.28540039,
    "stability": 0.506288766861,
    "tonality": 0.440761268139
}