{
    "name": "46b52f97",
    "x": 13.821056365966797,
    "y": 15.168184280395508,
    "loudness": 0.99068403244,
    "raspiness": 0.136238098145,
    "color": 23.9479885101,
    "location": 45.35730812548293,
    "stability": 0.506288766861,
    "tonality": 0.440761268139
}