{
    "name": "46b66e03",
    "x": -5.7256178855896,
    "y": 8.428890228271484,
    "loudness": 0.99068403244,
    "raspiness": 0.0693435668945,
    "color": 33.7516326904,
    "location": 31.448768249551524,
    "stability": 0.372094631195,
    "tonality": 0.477716207504
}