{
    "name": "46c0a7cd",
    "x": 25.502601623535156,
    "y": 10.159991264343262,
    "loudness": 0.983795881271,
    "raspiness": 0.19169177115,
    "color": 20.4767627716,
    "location": 2523.34643555,
    "stability": 0.487049490213,
    "tonality": 0.481914758682
}