{
    "name": "46c0a7cd",
    "x": 25.398649215698242,
    "y": 6.529862880706787,
    "loudness": 0.983795881271,
    "raspiness": 0.19169177115,
    "color": 20.4767627716,
    "location": 50.23292182971243,
    "stability": 0.487049490213,
    "tonality": 0.481914758682
}