{
    "name": "46c0a7cd",
    "x": 7.159930229187012,
    "y": 7.727557182312012,
    "loudness": 0.983795881271,
    "raspiness": 0.19169177115,
    "color": 20.4767627716,
    "location": 2523.34643555,
    "stability": 0.487049490213,
    "tonality": 0.481914758682
}