{
    "name": "46d3877b",
    "x": 21.173904418945312,
    "y": 24.566144943237305,
    "loudness": 0.99068403244,
    "raspiness": 0.140669390559,
    "color": 8.00618362427,
    "location": 1938.16467285,
    "stability": 0.586163520813,
    "tonality": 0.479603022337
}