{
    "name": "46d7d98d",
    "x": 5.474203586578369,
    "y": 10.326685905456543,
    "loudness": 0.877472043037,
    "raspiness": 0.102517597377,
    "color": 18.0666351318,
    "location": 2406.56201172,
    "stability": 0.609981298447,
    "tonality": 0.458783626556
}