{
    "name": "46fbedcf",
    "x": 10.009669303894043,
    "y": -22.23237419128418,
    "loudness": 0.0307749416679,
    "raspiness": 0.0639508217573,
    "color": 60.6686515808,
    "location": 38.046889437902806,
    "stability": 0.597611129284,
    "tonality": 0.473818540573
}