{
    "name": "470e36b8",
    "x": 33.2972412109375,
    "y": -8.9860258102417,
    "loudness": 0.449388772249,
    "raspiness": 0.302382647991,
    "color": 130.589553833,
    "location": 63.55617363427411,
    "stability": 0.562145411968,
    "tonality": 0.492602914572
}