{
    "name": "470f4da3",
    "x": 19.794326782226562,
    "y": 35.508060455322266,
    "loudness": 0.926733374596,
    "raspiness": 0.122216798365,
    "color": 26.7799301147,
    "location": 1557.81481934,
    "stability": 0.63880199194,
    "tonality": 0.478892713785
}