{
    "name": "4713dac4",
    "x": 12.92595386505127,
    "y": 21.68276596069336,
    "loudness": 0.962140381336,
    "raspiness": 0.0972850248218,
    "color": 10.8238811493,
    "location": 2114.85449219,
    "stability": 0.513876438141,
    "tonality": 0.484607458115
}