{
    "name": "4713dac4",
    "x": 12.522274017333984,
    "y": 15.538679122924805,
    "loudness": 0.962140381336,
    "raspiness": 0.0972850248218,
    "color": 10.8238811493,
    "location": 45.987547142568935,
    "stability": 0.513876438141,
    "tonality": 0.484607458115
}