{
    "name": "4715ec32",
    "x": 7.1140031814575195,
    "y": 12.900975227355957,
    "loudness": 0.99068403244,
    "raspiness": 0.116492636502,
    "color": 63.8788223267,
    "location": 39.484098299821916,
    "stability": 0.442425698042,
    "tonality": 0.4801902771
}