{
    "name": "4715f79a",
    "x": -18.73434829711914,
    "y": 42.07326889038086,
    "loudness": 0.99068403244,
    "raspiness": 0.0772721320391,
    "color": 37.2589378357,
    "location": 1537.60229492,
    "stability": 0.702422976494,
    "tonality": 0.399217635393
}