{
    "name": "4715ec32",
    "x": 7.846738338470459,
    "y": 15.371899604797363,
    "loudness": 0.99068403244,
    "raspiness": 0.116492636502,
    "color": 63.8788223267,
    "location": 1558.99401855,
    "stability": 0.442425698042,
    "tonality": 0.4801902771
}