{
    "name": "4715f79a",
    "x": -0.1658397912979126,
    "y": 11.002613067626953,
    "loudness": 0.99068403244,
    "raspiness": 0.0772721320391,
    "color": 37.2589378357,
    "location": 1537.60229492,
    "stability": 0.702422976494,
    "tonality": 0.399217635393
}