{
    "name": "4716c05b",
    "x": 18.58127784729004,
    "y": 1.1040284633636475,
    "loudness": 0.657801568508,
    "raspiness": 0.16089951992,
    "color": 25.0251464844,
    "location": 48.05266987410793,
    "stability": 0.521320581436,
    "tonality": 0.471807748079
}