{
    "name": "4716c05b",
    "x": 5.610689163208008,
    "y": 5.839955806732178,
    "loudness": 0.657801568508,
    "raspiness": 0.16089951992,
    "color": 25.0251464844,
    "location": 2309.05908203,
    "stability": 0.521320581436,
    "tonality": 0.471807748079
}