{
    "name": "471c8fa5",
    "x": -7.5237040519714355,
    "y": 36.8720588684082,
    "loudness": 0.99068403244,
    "raspiness": 0.0958550348878,
    "color": 38.9796333313,
    "location": 43.08550189599745,
    "stability": 0.695023536682,
    "tonality": 0.400449484587
}