{
    "name": "471ecdc0",
    "x": 1.5827585458755493,
    "y": 0.23211568593978882,
    "loudness": 0.0516343824565,
    "raspiness": 0.045776899904,
    "color": 9.29970836639,
    "location": 993.856506348,
    "stability": 0.275208801031,
    "tonality": 0.221859142184
}