{
    "name": "472e6644",
    "x": -19.649486541748047,
    "y": -21.855955123901367,
    "loudness": 0.216816157103,
    "raspiness": 0.0629158914089,
    "color": 16.0770549774,
    "location": 33.306911321826284,
    "stability": 0.257070481777,
    "tonality": 0.330623358488
}