{
    "name": "472e7697",
    "x": -12.859601974487305,
    "y": 41.30224609375,
    "loudness": 0.879374563694,
    "raspiness": 0.039637517184,
    "color": 13.6877584457,
    "location": 999.971862793,
    "stability": 0.646476089954,
    "tonality": 0.428933739662
}