{
    "name": "4740a159",
    "x": -0.49029988050460815,
    "y": 10.450959205627441,
    "loudness": 0.983109533787,
    "raspiness": 0.0494935698807,
    "color": 21.3386421204,
    "location": 1304.27539062,
    "stability": 0.621505081654,
    "tonality": 0.399939209223
}