{
    "name": "476e192f",
    "x": 6.201329231262207,
    "y": 3.0983893871307373,
    "loudness": 0.227041497827,
    "raspiness": 0.154306143522,
    "color": 14.9914922714,
    "location": 2728.08740234,
    "stability": 0.612355411053,
    "tonality": 0.484292238951
}