{
    "name": "4790f36f",
    "x": 4.073428153991699,
    "y": 11.330525398254395,
    "loudness": 0.99068403244,
    "raspiness": 0.0591448098421,
    "color": 17.6452980042,
    "location": 1438.74316406,
    "stability": 0.668708086014,
    "tonality": 0.464857906103
}