{
    "name": "4792b15e",
    "x": -24.281173706054688,
    "y": 20.272851943969727,
    "loudness": 0.933537721634,
    "raspiness": 0.0391613170505,
    "color": 24.4305534363,
    "location": 1414.35595703,
    "stability": 0.486061275005,
    "tonality": 0.398535996675
}