{
    "name": "47a42a02",
    "x": -38.819095611572266,
    "y": -8.58570671081543,
    "loudness": 0.668038070202,
    "raspiness": 0.0562050007284,
    "color": 1.93572533131,
    "location": 722.849731445,
    "stability": 0.485265880823,
    "tonality": 0.261434823275
}