{
    "name": "47a98dfe",
    "x": 0.07251420617103577,
    "y": 4.914626121520996,
    "loudness": 0.99068403244,
    "raspiness": 0.027599517256,
    "color": 6.60009479523,
    "location": 726.39074707,
    "stability": 0.126780867577,
    "tonality": 0.48085513711
}