{
    "name": "47a98dfe",
    "x": -13.517071723937988,
    "y": -12.76716136932373,
    "loudness": 0.99068403244,
    "raspiness": 0.027599517256,
    "color": 6.60009479523,
    "location": 726.39074707,
    "stability": 0.126780867577,
    "tonality": 0.48085513711
}