{
    "name": "47c0a3fc",
    "x": -2.2059848308563232,
    "y": 54.6256217956543,
    "loudness": 0.99068403244,
    "raspiness": 0.0450846366584,
    "color": 2.74560117722,
    "location": 749.633117676,
    "stability": 0.749409794807,
    "tonality": 0.442403793335
}