{
    "name": "47c2f061",
    "x": 0.4603302478790283,
    "y": 11.257566452026367,
    "loudness": 0.72958612442,
    "raspiness": 0.0539691634476,
    "color": 11.6812009811,
    "location": 1256.16381836,
    "stability": 0.710738182068,
    "tonality": 0.405968219042
}