{
    "name": "47c2f061",
    "x": -14.358205795288086,
    "y": 37.68561553955078,
    "loudness": 0.72958612442,
    "raspiness": 0.0539691634476,
    "color": 11.6812009811,
    "location": 1256.16381836,
    "stability": 0.710738182068,
    "tonality": 0.405968219042
}