{
    "name": "47c2f061",
    "x": -10.169391632080078,
    "y": 36.852256774902344,
    "loudness": 0.72958612442,
    "raspiness": 0.0539691634476,
    "color": 11.6812009811,
    "location": 35.44240141920409,
    "stability": 0.710738182068,
    "tonality": 0.405968219042
}