{
    "name": "47cb5f8d",
    "x": -23.804723739624023,
    "y": 13.569267272949219,
    "loudness": 0.99068403244,
    "raspiness": 0.0308430995792,
    "color": 8.93616867065,
    "location": 28.99493469199405,
    "stability": 0.443486779928,
    "tonality": 0.393244951963
}