{
    "name": "47cb5f8d",
    "x": -1.9909508228302002,
    "y": 8.909152030944824,
    "loudness": 0.99068403244,
    "raspiness": 0.0308430995792,
    "color": 8.93616867065,
    "location": 840.706237793,
    "stability": 0.443486779928,
    "tonality": 0.393244951963
}