{
    "name": "47d071c1",
    "x": 8.110176086425781,
    "y": 8.435344696044922,
    "loudness": 0.99068403244,
    "raspiness": 0.218872070312,
    "color": 62.0624809265,
    "location": 2561.21850586,
    "stability": 0.65162986517,
    "tonality": 0.47745886445
}