{
    "name": "47d071c1",
    "x": 36.909706115722656,
    "y": 10.978203773498535,
    "loudness": 0.99068403244,
    "raspiness": 0.218872070312,
    "color": 62.0624809265,
    "location": 50.60848254848193,
    "stability": 0.65162986517,
    "tonality": 0.47745886445
}