{
    "name": "47d197c5",
    "x": 0.7863805890083313,
    "y": 6.035173416137695,
    "loudness": 0.99068403244,
    "raspiness": 0.0437744148076,
    "color": 24.1260757446,
    "location": 1380.4473877,
    "stability": 0.32382953167,
    "tonality": 0.466797024012
}