{
    "name": "47d378be",
    "x": 9.743327140808105,
    "y": 14.875625610351562,
    "loudness": 0.784031450748,
    "raspiness": 0.0786591917276,
    "color": 33.2712936401,
    "location": 44.23610525136679,
    "stability": 0.532263696194,
    "tonality": 0.48029011488
}