{
    "name": "47d79021",
    "x": -26.121997833251953,
    "y": -17.605838775634766,
    "loudness": 0.223597064614,
    "raspiness": 0.0400037281215,
    "color": 4.5275053978,
    "location": 24.509865779069454,
    "stability": 0.41253221035,
    "tonality": 0.241919010878
}