{
    "name": "47d8708c",
    "x": -6.292908191680908,
    "y": 12.934864044189453,
    "loudness": 0.845395922661,
    "raspiness": 0.0305758565664,
    "color": 11.9477558136,
    "location": 1075.45458984,
    "stability": 0.432090312243,
    "tonality": 0.474636495113
}