{
    "name": "47da5300",
    "x": 35.64353561401367,
    "y": 0.45473402738571167,
    "loudness": 0.99068403244,
    "raspiness": 0.230418816209,
    "color": 41.7799110413,
    "location": 60.50168474860845,
    "stability": 0.562500834465,
    "tonality": 0.485511034727
}