{
    "name": "47dae3d2",
    "x": 8.113814353942871,
    "y": 7.945069789886475,
    "loudness": 0.989052593708,
    "raspiness": 0.228825941682,
    "color": 72.4490432739,
    "location": 3186.76586914,
    "stability": 0.575902342796,
    "tonality": 0.45920035243
}