{
    "name": "47e39a38",
    "x": 2.124950408935547,
    "y": 6.308267593383789,
    "loudness": 0.817776560783,
    "raspiness": 0.0428194738925,
    "color": 9.35746955872,
    "location": 826.674621582,
    "stability": 0.497177392244,
    "tonality": 0.45537340641
}