{
    "name": "47e39a38",
    "x": -5.481054782867432,
    "y": 15.603534698486328,
    "loudness": 0.817776560783,
    "raspiness": 0.0428194738925,
    "color": 9.35746955872,
    "location": 28.751949874434604,
    "stability": 0.497177392244,
    "tonality": 0.45537340641
}