{
    "name": "47eafd0d",
    "x": -19.007305145263672,
    "y": 0.79095059633255,
    "loudness": 0.99068403244,
    "raspiness": 0.0396150276065,
    "color": 11.2597064972,
    "location": 36.40833718532062,
    "stability": 0.263404786587,
    "tonality": 0.396827310324
}