{
    "name": "47eafd0d",
    "x": -19.755830764770508,
    "y": -0.27594998478889465,
    "loudness": 0.99068403244,
    "raspiness": 0.0396150276065,
    "color": 11.2597064972,
    "location": 1325.5670166,
    "stability": 0.263404786587,
    "tonality": 0.396827310324
}