{
    "name": "4815fac2",
    "x": 47.02500915527344,
    "y": 19.17450523376465,
    "loudness": 0.963030338287,
    "raspiness": 0.183766081929,
    "color": 88.2686462402,
    "location": 2720.90209961,
    "stability": 0.794805169106,
    "tonality": 0.481906890869
}