{
    "name": "4819b54b",
    "x": 6.613990306854248,
    "y": 11.320075035095215,
    "loudness": 0.888444244862,
    "raspiness": 0.104206591845,
    "color": 17.1969337463,
    "location": 2226.79125977,
    "stability": 0.730717897415,
    "tonality": 0.488266944885
}