{
    "name": "4819b54b",
    "x": 29.43069076538086,
    "y": 29.04012107849121,
    "loudness": 0.888444244862,
    "raspiness": 0.104206591845,
    "color": 17.1969337463,
    "location": 47.188889155923135,
    "stability": 0.730717897415,
    "tonality": 0.488266944885
}