{
    "name": "481f5a64",
    "x": 1.3988481760025024,
    "y": 6.468350410461426,
    "loudness": 0.828478336334,
    "raspiness": 0.0313572585583,
    "color": 8.50622653961,
    "location": 1133.44995117,
    "stability": 0.325076758862,
    "tonality": 0.476436913013
}