{
    "name": "481f5a64",
    "x": -6.802462100982666,
    "y": 2.184891700744629,
    "loudness": 0.828478336334,
    "raspiness": 0.0313572585583,
    "color": 8.50622653961,
    "location": 33.66674844962014,
    "stability": 0.325076758862,
    "tonality": 0.476436913013
}