{
    "name": "4823cb49",
    "x": -7.433750629425049,
    "y": 22.571285247802734,
    "loudness": 0.99068403244,
    "raspiness": 0.0369873046875,
    "color": 9.75269126892,
    "location": 30.561660224601674,
    "stability": 0.514700114727,
    "tonality": 0.451486736536
}