{
    "name": "4823cb49",
    "x": 1.0472135543823242,
    "y": 8.810468673706055,
    "loudness": 0.99068403244,
    "raspiness": 0.0369873046875,
    "color": 9.75269126892,
    "location": 934.015075684,
    "stability": 0.514700114727,
    "tonality": 0.451486736536
}