{
    "name": "483a1ab2",
    "x": -3.941215991973877,
    "y": 9.482341766357422,
    "loudness": 0.945446789265,
    "raspiness": 0.0386663787067,
    "color": 10.5156145096,
    "location": 873.567382812,
    "stability": 0.522902309895,
    "tonality": 0.318726748228
}