{
    "name": "483aa78c",
    "x": 3.428166151046753,
    "y": 6.715928554534912,
    "loudness": 0.757661223412,
    "raspiness": 0.0746378600597,
    "color": 23.5496692657,
    "location": 1659.26062012,
    "stability": 0.43773239851,
    "tonality": 0.480687618256
}