{
    "name": "4847fb9b",
    "x": -3.6385364532470703,
    "y": 8.38137435913086,
    "loudness": 0.879582464695,
    "raspiness": 0.017284328118,
    "color": 3.28060722351,
    "location": 414.892364502,
    "stability": 0.421906918287,
    "tonality": 0.32389959693
}