{
    "name": "4847fb9b",
    "x": -36.58773422241211,
    "y": 4.138504981994629,
    "loudness": 0.879582464695,
    "raspiness": 0.017284328118,
    "color": 3.28060722351,
    "location": 20.36890680674837,
    "stability": 0.421906918287,
    "tonality": 0.32389959693
}