{
    "name": "4847fb9b",
    "x": -41.080379486083984,
    "y": -2.5206315517425537,
    "loudness": 0.879582464695,
    "raspiness": 0.017284328118,
    "color": 3.28060722351,
    "location": 414.892364502,
    "stability": 0.421906918287,
    "tonality": 0.32389959693
}