{
    "name": "4850a398",
    "x": 11.566099166870117,
    "y": 5.140676975250244,
    "loudness": 0.99068403244,
    "raspiness": 0.493621826172,
    "color": 1000.48937988,
    "location": 5475.97949219,
    "stability": 0.565376162529,
    "tonality": 0.488671690226
}