{
    "name": "4865ba98",
    "x": 5.94538688659668,
    "y": 10.881705284118652,
    "loudness": 0.825950026512,
    "raspiness": 0.0966223478317,
    "color": 10.1375865936,
    "location": 2067.77172852,
    "stability": 0.680223762989,
    "tonality": 0.485113829374
}