{
    "name": "4865ba98",
    "x": 23.370563507080078,
    "y": 26.001983642578125,
    "loudness": 0.825950026512,
    "raspiness": 0.0966223478317,
    "color": 10.1375865936,
    "location": 45.47275809229082,
    "stability": 0.680223762989,
    "tonality": 0.485113829374
}