{
    "name": "4868ac7c",
    "x": 14.96347713470459,
    "y": 37.8173828125,
    "loudness": 0.99068403244,
    "raspiness": 0.100871928036,
    "color": 16.5463371277,
    "location": 1630.22851562,
    "stability": 0.630738198757,
    "tonality": 0.468540966511
}