{
    "name": "4868ac7c",
    "x": 14.788901329040527,
    "y": 30.259201049804688,
    "loudness": 0.99068403244,
    "raspiness": 0.100871928036,
    "color": 16.5463371277,
    "location": 40.37608841406012,
    "stability": 0.630738198757,
    "tonality": 0.468540966511
}