{
    "name": "486b15b6",
    "x": -8.588164329528809,
    "y": 25.947628021240234,
    "loudness": 0.99068403244,
    "raspiness": 0.0556139834225,
    "color": 12.8221721649,
    "location": 40.059614390056225,
    "stability": 0.552045166492,
    "tonality": 0.424376308918
}