{
    "name": "486b15b6",
    "x": -11.599743843078613,
    "y": 31.653573989868164,
    "loudness": 0.99068403244,
    "raspiness": 0.0556139834225,
    "color": 12.8221721649,
    "location": 1604.77270508,
    "stability": 0.552045166492,
    "tonality": 0.424376308918
}