{
    "name": "486f34a4",
    "x": -16.99098014831543,
    "y": 5.680317401885986,
    "loudness": 0.99068403244,
    "raspiness": 0.0248686689883,
    "color": 6.06423521042,
    "location": 29.84579201947906,
    "stability": 0.360033094883,
    "tonality": 0.419792890549
}