{
    "name": "4880f8bf",
    "x": 43.007816314697266,
    "y": -22.724302291870117,
    "loudness": 0.663434445858,
    "raspiness": 0.317722767591,
    "color": 300.468658447,
    "location": 6436.42236328,
    "stability": 0.541372358799,
    "tonality": 0.495427668095
}