{
    "name": "488b04c9",
    "x": -21.360679626464844,
    "y": 19.34334945678711,
    "loudness": 0.923614144325,
    "raspiness": 0.0534052439034,
    "color": 14.0624303818,
    "location": 34.890170171697356,
    "stability": 0.497675120831,
    "tonality": 0.395334482193
}