{
    "name": "488b452c",
    "x": 5.1965484619140625,
    "y": 8.432149887084961,
    "loudness": 0.99068403244,
    "raspiness": 0.150932312012,
    "color": 113.409645081,
    "location": 1751.47802734,
    "stability": 0.507643818855,
    "tonality": 0.447957158089
}