{
    "name": "488b452c",
    "x": 13.897327423095703,
    "y": 19.433486938476562,
    "loudness": 0.99068403244,
    "raspiness": 0.150932312012,
    "color": 113.409645081,
    "location": 1751.47802734,
    "stability": 0.507643818855,
    "tonality": 0.447957158089
}