{
    "name": "4891b110",
    "x": -27.075464248657227,
    "y": -6.330236911773682,
    "loudness": 0.971290826797,
    "raspiness": 0.0429297685623,
    "color": 35.4273605347,
    "location": 35.66944527421193,
    "stability": 0.174630835652,
    "tonality": 0.347665518522
}