{
    "name": "4891b110",
    "x": -27.43233299255371,
    "y": -11.880417823791504,
    "loudness": 0.971290826797,
    "raspiness": 0.0429297685623,
    "color": 35.4273605347,
    "location": 1272.30932617,
    "stability": 0.174630835652,
    "tonality": 0.347665518522
}