{
    "name": "4893a0fa",
    "x": 4.068998336791992,
    "y": 6.7638750076293945,
    "loudness": 0.745374798775,
    "raspiness": 0.0935325399041,
    "color": 15.4559860229,
    "location": 2302.89038086,
    "stability": 0.428283154964,
    "tonality": 0.485123991966
}