{
    "name": "4893a0fa",
    "x": 10.059022903442383,
    "y": 3.1654210090637207,
    "loudness": 0.745374798775,
    "raspiness": 0.0935325399041,
    "color": 15.4559860229,
    "location": 47.988440075293134,
    "stability": 0.428283154964,
    "tonality": 0.485123991966
}