{
    "name": "4899ecfa",
    "x": 4.630472660064697,
    "y": 2.583244800567627,
    "loudness": 0.0284291654825,
    "raspiness": 0.0634570345283,
    "color": 30.9237060547,
    "location": 966.558898926,
    "stability": 0.696157157421,
    "tonality": 0.463769286871
}