{
    "name": "48a75b1f",
    "x": 12.636019706726074,
    "y": 30.32147789001465,
    "loudness": 0.942351698875,
    "raspiness": 0.0804502367973,
    "color": 35.2740097046,
    "location": 2370.3984375,
    "stability": 0.593110740185,
    "tonality": 0.44544249773
}