{
    "name": "48a75b1f",
    "x": 13.840487480163574,
    "y": 24.213808059692383,
    "loudness": 0.942351698875,
    "raspiness": 0.0804502367973,
    "color": 35.2740097046,
    "location": 48.686737798911935,
    "stability": 0.593110740185,
    "tonality": 0.44544249773
}