{
    "name": "48adfdb2",
    "x": 40.831825256347656,
    "y": -21.296077728271484,
    "loudness": 0.99068403244,
    "raspiness": 0.414306640625,
    "color": 826.578186035,
    "location": 84.56120368094342,
    "stability": 0.736502707005,
    "tonality": 0.497057497501
}