{
    "name": "48b17f9f",
    "x": 5.78233528137207,
    "y": 5.928742408752441,
    "loudness": 0.596666514874,
    "raspiness": 0.151624575257,
    "color": 33.6389465332,
    "location": 2770.82104492,
    "stability": 0.546017885208,
    "tonality": 0.486288368702
}