{
    "name": "48b17f9f",
    "x": 21.64434242248535,
    "y": 1.4603748321533203,
    "loudness": 0.596666514874,
    "raspiness": 0.151624575257,
    "color": 33.6389465332,
    "location": 2770.82104492,
    "stability": 0.546017885208,
    "tonality": 0.486288368702
}