{
    "name": "48b4f099",
    "x": 6.53875207901001,
    "y": -26.76648712158203,
    "loudness": 0.0425417982042,
    "raspiness": 0.063279055059,
    "color": 7.36110782623,
    "location": 1046.30822754,
    "stability": 0.514453828335,
    "tonality": 0.471549630165
}