{
    "name": "48b67c44",
    "x": 7.0707197189331055,
    "y": 11.525225639343262,
    "loudness": 0.976446449757,
    "raspiness": 0.0894183516502,
    "color": 25.2473316193,
    "location": 2557.97143555,
    "stability": 0.789702177048,
    "tonality": 0.474971264601
}