{
    "name": "48ba4a7a",
    "x": -4.305312633514404,
    "y": 8.113123893737793,
    "loudness": 0.956085920334,
    "raspiness": 0.0436845459044,
    "color": 24.4422874451,
    "location": 1047.9609375,
    "stability": 0.417157053947,
    "tonality": 0.299636125565
}