{
    "name": "48c06dee",
    "x": 1.7172728776931763,
    "y": 31.580917358398438,
    "loudness": 0.99068403244,
    "raspiness": 0.0698385834694,
    "color": 10.9781265259,
    "location": 31.958799541910206,
    "stability": 0.591510474682,
    "tonality": 0.473365068436
}