{
    "name": "48c06dee",
    "x": 2.308903217315674,
    "y": 10.126814842224121,
    "loudness": 0.99068403244,
    "raspiness": 0.0698385834694,
    "color": 10.9781265259,
    "location": 1021.36486816,
    "stability": 0.591510474682,
    "tonality": 0.473365068436
}