{
    "name": "48ce73e6",
    "x": 30.23613929748535,
    "y": -8.279963493347168,
    "loudness": 0.434049248695,
    "raspiness": 0.302220284939,
    "color": 8.85091972351,
    "location": 58.998015806804894,
    "stability": 0.539551019669,
    "tonality": 0.48635083437
}