{
    "name": "48ce73e6",
    "x": 31.455753326416016,
    "y": -10.952033042907715,
    "loudness": 0.434049248695,
    "raspiness": 0.302220284939,
    "color": 8.85091972351,
    "location": 3480.76586914,
    "stability": 0.539551019669,
    "tonality": 0.48635083437
}