{
    "name": "48cf40dd",
    "x": 2.8989036083221436,
    "y": 5.891887187957764,
    "loudness": 0.697510719299,
    "raspiness": 0.102934613824,
    "color": 44.3324737549,
    "location": 1411.35131836,
    "stability": 0.456737309694,
    "tonality": 0.48037302494
}