{
    "name": "48cfca3e",
    "x": 5.074859142303467,
    "y": 11.676395416259766,
    "loudness": 0.885537207127,
    "raspiness": 0.0804881900549,
    "color": 22.0986499786,
    "location": 1629.65234375,
    "stability": 0.716394364834,
    "tonality": 0.478282272816
}