{
    "name": "48cfca3e",
    "x": 20.565637588500977,
    "y": 44.72248077392578,
    "loudness": 0.885537207127,
    "raspiness": 0.0804881900549,
    "color": 22.0986499786,
    "location": 1629.65234375,
    "stability": 0.716394364834,
    "tonality": 0.478282272816
}