{
    "name": "48cf40dd",
    "x": 3.415743589401245,
    "y": 6.256892681121826,
    "loudness": 0.697510719299,
    "raspiness": 0.102934613824,
    "color": 44.3324737549,
    "location": 1411.35131836,
    "stability": 0.456737309694,
    "tonality": 0.48037302494
}