{
    "name": "48cfca3e",
    "x": 18.477222442626953,
    "y": 37.0216064453125,
    "loudness": 0.885537207127,
    "raspiness": 0.0804881900549,
    "color": 22.0986499786,
    "location": 40.36895272050044,
    "stability": 0.716394364834,
    "tonality": 0.478282272816
}