{
    "name": "48ee4191",
    "x": 20.15706443786621,
    "y": 6.958279132843018,
    "loudness": 0.562395334244,
    "raspiness": 0.129602000117,
    "color": 16.2108345032,
    "location": 39.615092967453705,
    "stability": 0.761764228344,
    "tonality": 0.480902433395
}