{
    "name": "48ffd19b",
    "x": -38.202945709228516,
    "y": 7.424342632293701,
    "loudness": 0.858038067818,
    "raspiness": 0.0193655025214,
    "color": 11.4196720123,
    "location": 21.497102054207215,
    "stability": 0.480343431234,
    "tonality": 0.321665227413
}