{
    "name": "48ffd19b",
    "x": -3.919461727142334,
    "y": 8.921392440795898,
    "loudness": 0.858038067818,
    "raspiness": 0.0193655025214,
    "color": 11.4196720123,
    "location": 462.125396729,
    "stability": 0.480343431234,
    "tonality": 0.321665227413
}