{
    "name": "4900d8a0",
    "x": 20.995981216430664,
    "y": 27.13858985900879,
    "loudness": 0.99068403244,
    "raspiness": 0.14208984375,
    "color": 12.3424625397,
    "location": 1874.68493652,
    "stability": 0.624282777309,
    "tonality": 0.457720756531
}