{
    "name": "4900d8a0",
    "x": 20.5080509185791,
    "y": 22.619647979736328,
    "loudness": 0.99068403244,
    "raspiness": 0.14208984375,
    "color": 12.3424625397,
    "location": 43.297631996680835,
    "stability": 0.624282777309,
    "tonality": 0.457720756531
}