{
    "name": "490a435d",
    "x": -4.285014629364014,
    "y": -5.552084922790527,
    "loudness": 0.877020955086,
    "raspiness": 0.0285215266049,
    "color": 11.4382658005,
    "location": 44.99468013254456,
    "stability": 0.147815838456,
    "tonality": 0.489161908627
}