{
    "name": "490a435d",
    "x": 0.9821910858154297,
    "y": 4.969663143157959,
    "loudness": 0.877020955086,
    "raspiness": 0.0285215266049,
    "color": 11.4382658005,
    "location": 2024.52124023,
    "stability": 0.147815838456,
    "tonality": 0.489161908627
}