{
    "name": "490b5f4d",
    "x": 2.6417930126190186,
    "y": 10.939087867736816,
    "loudness": 0.702781975269,
    "raspiness": 0.0397176407278,
    "color": 35.128993988,
    "location": 819.104125977,
    "stability": 0.640852212906,
    "tonality": 0.447850435972
}