{
    "name": "491c0d87",
    "x": 6.37559700012207,
    "y": 2.969407320022583,
    "loudness": 0.0953420624137,
    "raspiness": 0.163371577859,
    "color": 10.0439138412,
    "location": 2284.40649414,
    "stability": 0.682752847672,
    "tonality": 0.483237355947
}