{
    "name": "491c0d87",
    "x": 19.67737579345703,
    "y": -16.33760643005371,
    "loudness": 0.0953420624137,
    "raspiness": 0.163371577859,
    "color": 10.0439138412,
    "location": 2284.40649414,
    "stability": 0.682752847672,
    "tonality": 0.483237355947
}