{
    "name": "493a0b43",
    "x": 15.704626083374023,
    "y": -18.57891845703125,
    "loudness": 0.0263137817383,
    "raspiness": 0.146454870701,
    "color": 4.89533996582,
    "location": 44.36242807162385,
    "stability": 0.570155799389,
    "tonality": 0.461002618074
}