{
    "name": "493a0b43",
    "x": 16.402915954589844,
    "y": -22.801286697387695,
    "loudness": 0.0263137817383,
    "raspiness": 0.146454870701,
    "color": 4.89533996582,
    "location": 1968.02502441,
    "stability": 0.570155799389,
    "tonality": 0.461002618074
}