{
    "name": "493c247b",
    "x": 27.10343360900879,
    "y": -16.766376495361328,
    "loudness": 0.199925705791,
    "raspiness": 0.201346516609,
    "color": 141.351104736,
    "location": 3521.05053711,
    "stability": 0.603836417198,
    "tonality": 0.494773030281
}