{
    "name": "4957c12d",
    "x": 3.2763609886169434,
    "y": 1.8687012195587158,
    "loudness": 0.0867726281285,
    "raspiness": 0.0271957069635,
    "color": 3.61243200302,
    "location": 415.610290527,
    "stability": 0.623299062252,
    "tonality": 0.378401935101
}