{
    "name": "495cca46",
    "x": -16.20000648498535,
    "y": -9.565796852111816,
    "loudness": 0.99068403244,
    "raspiness": 0.00469970703125,
    "color": 16.4946155548,
    "location": 11.18938715698943,
    "stability": 0.118623383343,
    "tonality": 0.457381099463
}