{
    "name": "495d24da",
    "x": 8.722318649291992,
    "y": 8.683623313903809,
    "loudness": 0.99068403244,
    "raspiness": 0.219632655382,
    "color": 28.7549514771,
    "location": 3066.61889648,
    "stability": 0.677314698696,
    "tonality": 0.488197475672
}