{
    "name": "4965b412",
    "x": 4.753695964813232,
    "y": -18.656497955322266,
    "loudness": 0.00880328100175,
    "raspiness": 0.03690969944,
    "color": 5.65259218216,
    "location": 623.171386719,
    "stability": 0.739236712456,
    "tonality": 0.464713722467
}