{
    "name": "4965b412",
    "x": 7.591925144195557,
    "y": -25.875690460205078,
    "loudness": 0.00880328100175,
    "raspiness": 0.03690969944,
    "color": 5.65259218216,
    "location": 24.96340094456282,
    "stability": 0.739236712456,
    "tonality": 0.464713722467
}