{
    "name": "496a7539",
    "x": 2.7635393142700195,
    "y": 4.404025077819824,
    "loudness": 0.635490953922,
    "raspiness": 0.0698065683246,
    "color": 34.7218856812,
    "location": 1397.79968262,
    "stability": 0.3042075634,
    "tonality": 0.476518720388
}