{
    "name": "496a7539",
    "x": 0.29179930686950684,
    "y": -4.04360818862915,
    "loudness": 0.635490953922,
    "raspiness": 0.0698065683246,
    "color": 34.7218856812,
    "location": 37.38715932803668,
    "stability": 0.3042075634,
    "tonality": 0.476518720388
}