{
    "name": "497e8e00",
    "x": -1.396178960800171,
    "y": 8.857887268066406,
    "loudness": 0.944113135338,
    "raspiness": 0.0507416091859,
    "color": 18.4607887268,
    "location": 1233.41967773,
    "stability": 0.474847972393,
    "tonality": 0.390721529722
}