{
    "name": "497e8e00",
    "x": -22.10672950744629,
    "y": 17.651058197021484,
    "loudness": 0.944113135338,
    "raspiness": 0.0507416091859,
    "color": 18.4607887268,
    "location": 35.12007513844468,
    "stability": 0.474847972393,
    "tonality": 0.390721529722
}