{
    "name": "499a352d",
    "x": -17.377429962158203,
    "y": -29.52871322631836,
    "loudness": 0.248725533485,
    "raspiness": 0.0279807597399,
    "color": 2.38316440582,
    "location": 132.849349976,
    "stability": 0.269241034985,
    "tonality": 0.332365214825
}