{
    "name": "499a352d",
    "x": -19.63435173034668,
    "y": -20.90001678466797,
    "loudness": 0.248725533485,
    "raspiness": 0.0279807597399,
    "color": 2.38316440582,
    "location": 11.526029237165764,
    "stability": 0.269241034985,
    "tonality": 0.332365214825
}