{
    "name": "499d9668",
    "x": -0.9856995344161987,
    "y": 8.871010780334473,
    "loudness": 0.99068403244,
    "raspiness": 0.0635754540563,
    "color": 42.7137145996,
    "location": 1416.73156738,
    "stability": 0.48029178381,
    "tonality": 0.389393240213
}