{
    "name": "49a0c96f",
    "x": -2.138580799102783,
    "y": 5.395411491394043,
    "loudness": 0.99068403244,
    "raspiness": 0.0572250820696,
    "color": 71.239730835,
    "location": 38.71683938985723,
    "stability": 0.357804715633,
    "tonality": 0.483494758606
}