{
    "name": "49a0c96f",
    "x": 1.0402699708938599,
    "y": 6.253633499145508,
    "loudness": 0.99068403244,
    "raspiness": 0.0572250820696,
    "color": 71.239730835,
    "location": 1498.99365234,
    "stability": 0.357804715633,
    "tonality": 0.483494758606
}