{
    "name": "49aa806c",
    "x": -14.287285804748535,
    "y": -2.3112852573394775,
    "loudness": 0.666599810123,
    "raspiness": 0.0372049100697,
    "color": 13.4301395416,
    "location": 964.497680664,
    "stability": 0.360567927361,
    "tonality": 0.422749191523
}