{
    "name": "49aa806c",
    "x": -12.96247673034668,
    "y": 1.8766818046569824,
    "loudness": 0.666599810123,
    "raspiness": 0.0372049100697,
    "color": 13.4301395416,
    "location": 31.05636296580783,
    "stability": 0.360567927361,
    "tonality": 0.422749191523
}