{
    "name": "49b3f727",
    "x": -3.177187204360962,
    "y": 9.806236267089844,
    "loudness": 0.96895813942,
    "raspiness": 0.0224421583116,
    "color": 9.9038476944,
    "location": 449.414245605,
    "stability": 0.566042363644,
    "tonality": 0.347207784653
}