{
    "name": "49b3f727",
    "x": -36.05318832397461,
    "y": 19.804967880249023,
    "loudness": 0.96895813942,
    "raspiness": 0.0224421583116,
    "color": 9.9038476944,
    "location": 21.199392576321614,
    "stability": 0.566042363644,
    "tonality": 0.347207784653
}