{
    "name": "49ba2701",
    "x": 23.890460968017578,
    "y": 29.784521102905273,
    "loudness": 0.99068403244,
    "raspiness": 0.0893465876579,
    "color": 16.5268783569,
    "location": 46.813058032348195,
    "stability": 0.672026395798,
    "tonality": 0.48569098115
}