{
    "name": "49c9d9b9",
    "x": 5.024160385131836,
    "y": 2.6712191104888916,
    "loudness": 0.0715502649546,
    "raspiness": 0.098350264132,
    "color": 6.76665830612,
    "location": 1416.2635498,
    "stability": 0.660462498665,
    "tonality": 0.482603430748
}