{
    "name": "49c9d9b9",
    "x": 14.42626667022705,
    "y": -23.296401977539062,
    "loudness": 0.0715502649546,
    "raspiness": 0.098350264132,
    "color": 6.76665830612,
    "location": 37.633277159981695,
    "stability": 0.660462498665,
    "tonality": 0.482603430748
}