{
    "name": "49cdefc5",
    "x": -22.97254180908203,
    "y": -37.53361892700195,
    "loudness": 0.00681952666491,
    "raspiness": 0.0766387805343,
    "color": 5.47524595261,
    "location": 1105.46960449,
    "stability": 0.13940577209,
    "tonality": 0.227519795299
}