{
    "name": "49cdefc5",
    "x": -25.1379337310791,
    "y": -23.32282257080078,
    "loudness": 0.00681952666491,
    "raspiness": 0.0766387805343,
    "color": 5.47524595261,
    "location": 33.24860304569201,
    "stability": 0.13940577209,
    "tonality": 0.227519795299
}