{
    "name": "49d45fb8",
    "x": -19.869653701782227,
    "y": 14.195526123046875,
    "loudness": 0.886378824711,
    "raspiness": 0.0253714770079,
    "color": 11.8353118896,
    "location": 28.687548934459354,
    "stability": 0.450887084007,
    "tonality": 0.413300901651
}