{
    "name": "49d45fb8",
    "x": -24.569303512573242,
    "y": 14.896197319030762,
    "loudness": 0.886378824711,
    "raspiness": 0.0253714770079,
    "color": 11.8353118896,
    "location": 822.975463867,
    "stability": 0.450887084007,
    "tonality": 0.413300901651
}