{
    "name": "49d51b77",
    "x": -5.796580791473389,
    "y": -6.124948024749756,
    "loudness": 0.479528605938,
    "raspiness": 0.0237445868552,
    "color": 25.4315414429,
    "location": 764.458496094,
    "stability": 0.436664700508,
    "tonality": 0.469439357519
}