{
    "name": "49db5254",
    "x": 0.008768121711909771,
    "y": 5.048548698425293,
    "loudness": 0.99068403244,
    "raspiness": 0.0113243693486,
    "color": 13.9559621811,
    "location": 554.513427734,
    "stability": 0.18978856504,
    "tonality": 0.478575915098
}