{
    "name": "49e3587e",
    "x": 6.740966796875,
    "y": 28.05677032470703,
    "loudness": 0.948278009892,
    "raspiness": 0.0826616510749,
    "color": 21.6227664948,
    "location": 1776.36254883,
    "stability": 0.534256577492,
    "tonality": 0.46527966857
}