{
    "name": "49e3587e",
    "x": 8.228551864624023,
    "y": 19.79243278503418,
    "loudness": 0.948278009892,
    "raspiness": 0.0826616510749,
    "color": 21.6227664948,
    "location": 42.14691624342165,
    "stability": 0.534256577492,
    "tonality": 0.46527966857
}