{
    "name": "49e451e6",
    "x": 42.05379104614258,
    "y": 23.45456314086914,
    "loudness": 0.99068403244,
    "raspiness": 0.184094235301,
    "color": 2.4456448555,
    "location": 2400.34545898,
    "stability": 0.753143906593,
    "tonality": 0.477911233902
}