{
    "name": "49e451e6",
    "x": 37.69755554199219,
    "y": 20.139537811279297,
    "loudness": 0.99068403244,
    "raspiness": 0.184094235301,
    "color": 2.4456448555,
    "location": 48.99332055474501,
    "stability": 0.753143906593,
    "tonality": 0.477911233902
}