{
    "name": "49e5ac4d",
    "x": 7.4618401527404785,
    "y": 7.744443416595459,
    "loudness": 0.99068403244,
    "raspiness": 0.22998046875,
    "color": 26.6801109314,
    "location": 2558.98876953,
    "stability": 0.508160710335,
    "tonality": 0.485069483519
}