{
    "name": "49e5ac4d",
    "x": 29.27843475341797,
    "y": 5.264494895935059,
    "loudness": 0.99068403244,
    "raspiness": 0.22998046875,
    "color": 26.6801109314,
    "location": 50.58644847713664,
    "stability": 0.508160710335,
    "tonality": 0.485069483519
}