{
    "name": "49e5071e",
    "x": 42.716304779052734,
    "y": -18.688804626464844,
    "loudness": 0.975826978683,
    "raspiness": 0.479465693235,
    "color": 553.309753418,
    "location": 57.52895840087842,
    "stability": 0.732636272907,
    "tonality": 0.490595281124
}