{
    "name": "49e5071e",
    "x": 40.514015197753906,
    "y": -25.556861877441406,
    "loudness": 0.975826978683,
    "raspiness": 0.479465693235,
    "color": 553.309753418,
    "location": 3309.58105469,
    "stability": 0.732636272907,
    "tonality": 0.490595281124
}