{
    "name": "49e5071e",
    "x": 11.071440696716309,
    "y": 6.0640106201171875,
    "loudness": 0.975826978683,
    "raspiness": 0.479465693235,
    "color": 553.309753418,
    "location": 3309.58105469,
    "stability": 0.732636272907,
    "tonality": 0.490595281124
}