{
    "name": "49e83eee",
    "x": 46.193485260009766,
    "y": 1.3727952241897583,
    "loudness": 0.856552422047,
    "raspiness": 0.266958802938,
    "color": 46.5792732239,
    "location": 61.138488654202106,
    "stability": 0.7227845788,
    "tonality": 0.493754178286
}