{
    "name": "49ee90a9",
    "x": 2.424541473388672,
    "y": 5.25696325302124,
    "loudness": 0.516499698162,
    "raspiness": 0.00542085478082,
    "color": 6.46558475494,
    "location": 192.655944824,
    "stability": 0.455298513174,
    "tonality": 0.448871016502
}