{
    "name": "49ee90a9",
    "x": -6.541682243347168,
    "y": -1.5038375854492188,
    "loudness": 0.516499698162,
    "raspiness": 0.00542085478082,
    "color": 6.46558475494,
    "location": 13.880055649167982,
    "stability": 0.455298513174,
    "tonality": 0.448871016502
}