{
    "name": "49fabd19",
    "x": -37.619285583496094,
    "y": 1.3009464740753174,
    "loudness": 0.99068403244,
    "raspiness": 0.0502371639013,
    "color": 29.2594490051,
    "location": 34.595546052057045,
    "stability": 0.394425302744,
    "tonality": 0.301916837692
}