{
    "name": "49fabd19",
    "x": -42.82388687133789,
    "y": -6.715914249420166,
    "loudness": 0.99068403244,
    "raspiness": 0.0502371639013,
    "color": 29.2594490051,
    "location": 1196.85180664,
    "stability": 0.394425302744,
    "tonality": 0.301916837692
}