{
    "name": "49fb0cc8",
    "x": 25.80817413330078,
    "y": -16.631107330322266,
    "loudness": 0.00351573270746,
    "raspiness": 0.21706277132,
    "color": 34.6402893066,
    "location": 57.800608996705215,
    "stability": 0.8033156991,
    "tonality": 0.491852492094
}