{
    "name": "49fb0cc8",
    "x": 7.013219833374023,
    "y": 3.1452691555023193,
    "loudness": 0.00351573270746,
    "raspiness": 0.21706277132,
    "color": 34.6402893066,
    "location": 3340.91040039,
    "stability": 0.8033156991,
    "tonality": 0.491852492094
}