{
    "name": "4a03755f",
    "x": 4.668978214263916,
    "y": 3.636697292327881,
    "loudness": 0.463262289762,
    "raspiness": 0.0813668444753,
    "color": 14.6699075699,
    "location": 1663.60351562,
    "stability": 0.573256075382,
    "tonality": 0.472603231668
}