{
    "name": "4a077cd0",
    "x": -35.51683044433594,
    "y": -0.40316903591156006,
    "loudness": 0.954053521156,
    "raspiness": 0.0080636497587,
    "color": 15.8977556229,
    "location": 314.378692627,
    "stability": 0.369785368443,
    "tonality": 0.360483974218
}