{
    "name": "4a084558",
    "x": -3.7669899463653564,
    "y": 7.5406999588012695,
    "loudness": 0.99068403244,
    "raspiness": 0.0188590697944,
    "color": 5.57951211929,
    "location": 605.30871582,
    "stability": 0.34186398983,
    "tonality": 0.330908626318
}