{
    "name": "4a0a261e",
    "x": -36.81735610961914,
    "y": -0.657776415348053,
    "loudness": 0.981008052826,
    "raspiness": 0.0334606729448,
    "color": 7.03934049606,
    "location": 512.850280762,
    "stability": 0.388344794512,
    "tonality": 0.352122277021
}