{
    "name": "4a0a261e",
    "x": -3.072493553161621,
    "y": 8.238862037658691,
    "loudness": 0.981008052826,
    "raspiness": 0.0334606729448,
    "color": 7.03934049606,
    "location": 512.850280762,
    "stability": 0.388344794512,
    "tonality": 0.352122277021
}