{
    "name": "4a0a261e",
    "x": -31.293508529663086,
    "y": 4.298349857330322,
    "loudness": 0.981008052826,
    "raspiness": 0.0334606729448,
    "color": 7.03934049606,
    "location": 22.64619793170589,
    "stability": 0.388344794512,
    "tonality": 0.352122277021
}