{
    "name": "4a0b87bc",
    "x": -4.787148475646973,
    "y": 7.108424186706543,
    "loudness": 0.849167346954,
    "raspiness": 0.028789062053,
    "color": 14.3824367523,
    "location": 676.41217041,
    "stability": 0.192626789212,
    "tonality": 0.243264570832
}