{
    "name": "4a0b87bc",
    "x": -38.83473205566406,
    "y": -11.624022483825684,
    "loudness": 0.849167346954,
    "raspiness": 0.028789062053,
    "color": 14.3824367523,
    "location": 26.007925146193422,
    "stability": 0.192626789212,
    "tonality": 0.243264570832
}