{
    "name": "4a2165a7",
    "x": 47.77129364013672,
    "y": 6.120467185974121,
    "loudness": 0.99068403244,
    "raspiness": 0.235137939453,
    "color": 12.9031209946,
    "location": 58.011145211502246,
    "stability": 0.730485320091,
    "tonality": 0.492973417044
}