{
    "name": "4a2165a7",
    "x": 51.81462860107422,
    "y": 5.732304573059082,
    "loudness": 0.99068403244,
    "raspiness": 0.235137939453,
    "color": 12.9031209946,
    "location": 3365.29296875,
    "stability": 0.730485320091,
    "tonality": 0.492973417044
}