{
    "name": "4a4727b7",
    "x": 3.4410951137542725,
    "y": 9.116462707519531,
    "loudness": 0.99068403244,
    "raspiness": 0.0865981131792,
    "color": 7.38137149811,
    "location": 41.19338562839913,
    "stability": 0.406542569399,
    "tonality": 0.484074413776
}