{
    "name": "4a4727b7",
    "x": 3.3213553428649902,
    "y": 7.0917582511901855,
    "loudness": 0.99068403244,
    "raspiness": 0.0865981131792,
    "color": 7.38137149811,
    "location": 1696.89501953,
    "stability": 0.406542569399,
    "tonality": 0.484074413776
}