{
    "name": "4a4727b7",
    "x": 4.126100540161133,
    "y": 12.320098876953125,
    "loudness": 0.99068403244,
    "raspiness": 0.0865981131792,
    "color": 7.38137149811,
    "location": 1696.89501953,
    "stability": 0.406542569399,
    "tonality": 0.484074413776
}