{
    "name": "4a472bbb",
    "x": -3.1150100231170654,
    "y": 6.83279275894165,
    "loudness": 0.985055148602,
    "raspiness": 0.0242720618844,
    "color": 18.6803436279,
    "location": 607.869995117,
    "stability": 0.180304259062,
    "tonality": 0.36064094305
}