{
    "name": "4a472bbb",
    "x": -26.08091163635254,
    "y": -11.793292045593262,
    "loudness": 0.985055148602,
    "raspiness": 0.0242720618844,
    "color": 18.6803436279,
    "location": 607.869995117,
    "stability": 0.180304259062,
    "tonality": 0.36064094305
}