{
    "name": "4a4fa182",
    "x": 49.251800537109375,
    "y": -0.6836274266242981,
    "loudness": 0.99068403244,
    "raspiness": 0.348177075386,
    "color": 61.3290596008,
    "location": 56.411692517863706,
    "stability": 0.798317492008,
    "tonality": 0.481761902571
}