{
    "name": "4a5e1f74",
    "x": 2.970304012298584,
    "y": 4.124000072479248,
    "loudness": 0.35300552845,
    "raspiness": 0.0467570275068,
    "color": 5.21302223206,
    "location": 1691.20141602,
    "stability": 0.291314840317,
    "tonality": 0.481252580881
}