{
    "name": "4a5e1f74",
    "x": 1.1691962480545044,
    "y": -10.98806381225586,
    "loudness": 0.35300552845,
    "raspiness": 0.0467570275068,
    "color": 5.21302223206,
    "location": 41.12421933629865,
    "stability": 0.291314840317,
    "tonality": 0.481252580881
}