{
    "name": "4a618351",
    "x": 1.573860764503479,
    "y": -22.036930084228516,
    "loudness": 0.059371881187,
    "raspiness": 0.0377090610564,
    "color": 21.911989212,
    "location": 25.12946336870328,
    "stability": 0.511130750179,
    "tonality": 0.470134586096
}