{
    "name": "4a6cda1d",
    "x": 3.93916392326355,
    "y": 9.262702941894531,
    "loudness": 0.99068403244,
    "raspiness": 0.096164278686,
    "color": 2.94560742378,
    "location": 1972.04821777,
    "stability": 0.559293806553,
    "tonality": 0.468272149563
}