{
    "name": "4a6cda1d",
    "x": 13.034740447998047,
    "y": 21.569135665893555,
    "loudness": 0.99068403244,
    "raspiness": 0.096164278686,
    "color": 2.94560742378,
    "location": 44.40774952381622,
    "stability": 0.559293806553,
    "tonality": 0.468272149563
}