{
    "name": "4a70bad0",
    "x": -24.201488494873047,
    "y": 2.6023669242858887,
    "loudness": 0.99068403244,
    "raspiness": 0.0455587618053,
    "color": 4.97228431702,
    "location": 26.932503433787957,
    "stability": 0.334010541439,
    "tonality": 0.384414970875
}