{
    "name": "4a70bad0",
    "x": -2.1865346431732178,
    "y": 6.924996376037598,
    "loudness": 0.99068403244,
    "raspiness": 0.0455587618053,
    "color": 4.97228431702,
    "location": 725.359741211,
    "stability": 0.334010541439,
    "tonality": 0.384414970875
}