{
    "name": "4a729d7a",
    "x": 9.499663352966309,
    "y": 7.1545820236206055,
    "loudness": 0.938407659531,
    "raspiness": 0.306636750698,
    "color": 152.50793457,
    "location": 3368.3815918,
    "stability": 0.509619057178,
    "tonality": 0.489291548729
}