{
    "name": "4a78eefc",
    "x": -8.344586372375488,
    "y": -0.6334800720214844,
    "loudness": 0.99068403244,
    "raspiness": 0.0453844554722,
    "color": 7.41655445099,
    "location": 35.72016825156343,
    "stability": 0.263483643532,
    "tonality": 0.472274124622
}