{
    "name": "4a789458",
    "x": 44.89071273803711,
    "y": 11.241311073303223,
    "loudness": 0.99068403244,
    "raspiness": 0.213305667043,
    "color": 17.5741577148,
    "location": 56.00345927860171,
    "stability": 0.739436089993,
    "tonality": 0.475282907486
}