{
    "name": "4a789458",
    "x": 9.01087760925293,
    "y": 9.004161834716797,
    "loudness": 0.99068403244,
    "raspiness": 0.213305667043,
    "color": 17.5741577148,
    "location": 3136.38745117,
    "stability": 0.739436089993,
    "tonality": 0.475282907486
}