{
    "name": "4a789458",
    "x": 49.86604309082031,
    "y": 12.21982479095459,
    "loudness": 0.99068403244,
    "raspiness": 0.213305667043,
    "color": 17.5741577148,
    "location": 3136.38745117,
    "stability": 0.739436089993,
    "tonality": 0.475282907486
}