{
    "name": "4a78eefc",
    "x": -7.965062618255615,
    "y": 0.06414703279733658,
    "loudness": 0.99068403244,
    "raspiness": 0.0453844554722,
    "color": 7.41655445099,
    "location": 1275.93041992,
    "stability": 0.263483643532,
    "tonality": 0.472274124622
}