{
    "name": "4a7cd04a",
    "x": 7.3723626136779785,
    "y": 10.048985481262207,
    "loudness": 0.99068403244,
    "raspiness": 0.173618867993,
    "color": 10.3600664139,
    "location": 2263.15844727,
    "stability": 0.664078116417,
    "tonality": 0.485108911991
}