{
    "name": "4a7ed000",
    "x": 1.990843415260315,
    "y": 7.799045085906982,
    "loudness": 0.955076515675,
    "raspiness": 0.0505022332072,
    "color": 6.59971666336,
    "location": 1494.15698242,
    "stability": 0.458040297031,
    "tonality": 0.468067854643
}