{
    "name": "4a891aae",
    "x": 3.9992620944976807,
    "y": 5.097523212432861,
    "loudness": 0.65951782465,
    "raspiness": 0.146428793669,
    "color": 11.7425384521,
    "location": 1903.1472168,
    "stability": 0.364977836609,
    "tonality": 0.4771912992
}