{
    "name": "4a90ebd4",
    "x": -3.2293622493743896,
    "y": 7.192834377288818,
    "loudness": 0.976306259632,
    "raspiness": 0.0310649666935,
    "color": 12.3142251968,
    "location": 732.927368164,
    "stability": 0.317367374897,
    "tonality": 0.341447651386
}