{
    "name": "4a90ebd4",
    "x": -30.836763381958008,
    "y": -2.058882713317871,
    "loudness": 0.976306259632,
    "raspiness": 0.0310649666935,
    "color": 12.3142251968,
    "location": 27.072631349094973,
    "stability": 0.317367374897,
    "tonality": 0.341447651386
}