{
    "name": "4aa8d981",
    "x": 25.766822814941406,
    "y": 25.365999221801758,
    "loudness": 0.957145094872,
    "raspiness": 0.114771641791,
    "color": 4.74626111984,
    "location": 2456.48583984,
    "stability": 0.610397100449,
    "tonality": 0.477456659079
}