{
    "name": "4aa97c8e",
    "x": -22.826555252075195,
    "y": -30.566104888916016,
    "loudness": 0.115921810269,
    "raspiness": 0.0310308691114,
    "color": 2.79815030098,
    "location": 457.844482422,
    "stability": 0.38275384903,
    "tonality": 0.265857607126
}