{
    "name": "4aaae5e2",
    "x": -2.648254632949829,
    "y": -4.303582191467285,
    "loudness": 0.99068403244,
    "raspiness": 0.0927170962095,
    "color": 33.195640564,
    "location": 44.90869779563865,
    "stability": 0.139020785689,
    "tonality": 0.49304613471
}