{
    "name": "4aaae5e2",
    "x": -0.4667733907699585,
    "y": -4.8750176429748535,
    "loudness": 0.99068403244,
    "raspiness": 0.0927170962095,
    "color": 33.195640564,
    "location": 2016.7911377,
    "stability": 0.139020785689,
    "tonality": 0.49304613471
}