{
    "name": "4ab3eb69",
    "x": -24.869991302490234,
    "y": -5.105245113372803,
    "loudness": 0.990124940872,
    "raspiness": 0.0271322894841,
    "color": 5.59813642502,
    "location": 23.756689795908013,
    "stability": 0.237017288804,
    "tonality": 0.368300199509
}