{
    "name": "4ab3eb69",
    "x": -2.900968551635742,
    "y": 6.803218364715576,
    "loudness": 0.990124940872,
    "raspiness": 0.0271322894841,
    "color": 5.59813642502,
    "location": 564.380310059,
    "stability": 0.237017288804,
    "tonality": 0.368300199509
}