{
    "name": "4ab8ab15",
    "x": -3.913778305053711,
    "y": 32.70953369140625,
    "loudness": 0.99068403244,
    "raspiness": 0.0518342889845,
    "color": 3.56007099152,
    "location": 28.303093903529344,
    "stability": 0.604362547398,
    "tonality": 0.45712274313
}