{
    "name": "4ab8ab15",
    "x": -8.508358001708984,
    "y": 42.70734786987305,
    "loudness": 0.99068403244,
    "raspiness": 0.0518342889845,
    "color": 3.56007099152,
    "location": 801.065124512,
    "stability": 0.604362547398,
    "tonality": 0.45712274313
}