{
    "name": "4ac4d857",
    "x": -4.886270046234131,
    "y": -7.517839431762695,
    "loudness": 0.822094559669,
    "raspiness": 0.0464912541211,
    "color": 29.1976509094,
    "location": 1731.73059082,
    "stability": 0.147621661425,
    "tonality": 0.47206312418
}