{
    "name": "4ac4d857",
    "x": -4.755399703979492,
    "y": -6.907761096954346,
    "loudness": 0.822094559669,
    "raspiness": 0.0464912541211,
    "color": 29.1976509094,
    "location": 41.61406722275534,
    "stability": 0.147621661425,
    "tonality": 0.47206312418
}