{
    "name": "4acda322",
    "x": 4.084482192993164,
    "y": 8.859933853149414,
    "loudness": 0.780359387398,
    "raspiness": 0.0954851135612,
    "color": 26.0383663177,
    "location": 1951.9732666,
    "stability": 0.493127733469,
    "tonality": 0.482612967491
}