{
    "name": "4ada7042",
    "x": 8.580156326293945,
    "y": -11.821354866027832,
    "loudness": 0.314077526331,
    "raspiness": 0.0545456074178,
    "color": 10.5665235519,
    "location": 33.890244998376744,
    "stability": 0.66425716877,
    "tonality": 0.465969443321
}