{
    "name": "4ada7042",
    "x": 7.645631790161133,
    "y": -8.172708511352539,
    "loudness": 0.314077526331,
    "raspiness": 0.0545456074178,
    "color": 10.5665235519,
    "location": 1148.54870605,
    "stability": 0.66425716877,
    "tonality": 0.465969443321
}