{
    "name": "4adfa318",
    "x": -9.889326095581055,
    "y": 8.193294525146484,
    "loudness": 0.99068403244,
    "raspiness": 0.0806152373552,
    "color": 9.90902996063,
    "location": 37.09300790378154,
    "stability": 0.356287270784,
    "tonality": 0.433461755514
}