{
    "name": "4adfa318",
    "x": -0.678364098072052,
    "y": 7.752138614654541,
    "loudness": 0.99068403244,
    "raspiness": 0.0806152373552,
    "color": 9.90902996063,
    "location": 1375.89123535,
    "stability": 0.356287270784,
    "tonality": 0.433461755514
}