{
    "name": "4aeb611b",
    "x": 7.643474102020264,
    "y": 8.551689147949219,
    "loudness": 0.911858141422,
    "raspiness": 0.154124632478,
    "color": 39.545665741,
    "location": 3107.99194336,
    "stability": 0.593206524849,
    "tonality": 0.487943708897
}