{
    "name": "4af1bc72",
    "x": 20.947486877441406,
    "y": -19.06711769104004,
    "loudness": 8.17064665171e-06,
    "raspiness": 0.137009084225,
    "color": 501.971008301,
    "location": 1691.66162109,
    "stability": 0.654635369778,
    "tonality": 0.479779005051
}