{
    "name": "4af35d0d",
    "x": -16.0146541595459,
    "y": 8.725020408630371,
    "loudness": 0.97242462635,
    "raspiness": 0.053761575371,
    "color": 39.1493682861,
    "location": 41.09850554703905,
    "stability": 0.375785380602,
    "tonality": 0.402449607849
}