{
    "name": "4af50e05",
    "x": -1.7673802375793457,
    "y": 49.25878143310547,
    "loudness": 0.947579979897,
    "raspiness": 0.0461203120649,
    "color": 27.9312114716,
    "location": 1153.90722656,
    "stability": 0.659689366817,
    "tonality": 0.453454583883
}