{
    "name": "4af50e05",
    "x": 0.842445433139801,
    "y": 38.70233154296875,
    "loudness": 0.947579979897,
    "raspiness": 0.0461203120649,
    "color": 27.9312114716,
    "location": 33.969209978449605,
    "stability": 0.659689366817,
    "tonality": 0.453454583883
}