{
    "name": "4af8ad50",
    "x": 7.916070461273193,
    "y": 10.698222160339355,
    "loudness": 0.973856329918,
    "raspiness": 0.145428165793,
    "color": 33.1038818359,
    "location": 2907.03222656,
    "stability": 0.775303661823,
    "tonality": 0.480965107679
}