{
    "name": "4afa8522",
    "x": 4.477707386016846,
    "y": 11.746622085571289,
    "loudness": 0.99068403244,
    "raspiness": 0.0807183161378,
    "color": 14.3821001053,
    "location": 1469.69494629,
    "stability": 0.740143179893,
    "tonality": 0.46792730689
}