{
    "name": "4afc5a71",
    "x": -9.51983642578125,
    "y": -19.774913787841797,
    "loudness": 0.283382773399,
    "raspiness": 0.00695711700246,
    "color": 7.88282155991,
    "location": 186.514022827,
    "stability": 0.447237074375,
    "tonality": 0.414579123259
}