{
    "name": "4b090c94",
    "x": -26.66117286682129,
    "y": 18.098711013793945,
    "loudness": 0.980368733406,
    "raspiness": 0.0146940713748,
    "color": 11.5800132751,
    "location": 220.690444946,
    "stability": 0.4728936553,
    "tonality": 0.41640818119
}