{
    "name": "4b090c94",
    "x": -0.07007093727588654,
    "y": 7.52402400970459,
    "loudness": 0.980368733406,
    "raspiness": 0.0146940713748,
    "color": 11.5800132751,
    "location": 220.690444946,
    "stability": 0.4728936553,
    "tonality": 0.41640818119
}