{
    "name": "4b0b4333",
    "x": 10.098308563232422,
    "y": 7.2432050704956055,
    "loudness": 0.80593174696,
    "raspiness": 0.366276472807,
    "color": 47.3934745789,
    "location": 3024.68457031,
    "stability": 0.674538969994,
    "tonality": 0.48851326108
}