{
    "name": "4b0b4333",
    "x": 45.38263702392578,
    "y": -5.133335590362549,
    "loudness": 0.80593174696,
    "raspiness": 0.366276472807,
    "color": 47.3934745789,
    "location": 3024.68457031,
    "stability": 0.674538969994,
    "tonality": 0.48851326108
}