{
    "name": "4b0b4333",
    "x": 43.965553283691406,
    "y": -1.8269346952438354,
    "loudness": 0.80593174696,
    "raspiness": 0.366276472807,
    "color": 47.3934745789,
    "location": 54.997132382607,
    "stability": 0.674538969994,
    "tonality": 0.48851326108
}