{
    "name": "4b0d5239",
    "x": -32.50388717651367,
    "y": -14.43667221069336,
    "loudness": 0.972152709961,
    "raspiness": 0.0257058925927,
    "color": 13.3522186279,
    "location": 713.993408203,
    "stability": 0.245841875672,
    "tonality": 0.32400149107
}