{
    "name": "4b0d5239",
    "x": -31.778827667236328,
    "y": -7.929142951965332,
    "loudness": 0.972152709961,
    "raspiness": 0.0257058925927,
    "color": 13.3522186279,
    "location": 26.72065508558875,
    "stability": 0.245841875672,
    "tonality": 0.32400149107
}