{
    "name": "4b0d5239",
    "x": -3.8118534088134766,
    "y": 7.057897567749023,
    "loudness": 0.972152709961,
    "raspiness": 0.0257058925927,
    "color": 13.3522186279,
    "location": 713.993408203,
    "stability": 0.245841875672,
    "tonality": 0.32400149107
}