{
    "name": "4b12b563",
    "x": 12.85084056854248,
    "y": 11.53226375579834,
    "loudness": 0.99068403244,
    "raspiness": 0.102548107505,
    "color": 18.2738704681,
    "location": 2478.51342773,
    "stability": 0.457774013281,
    "tonality": 0.467732638121
}