{
    "name": "4b12b563",
    "x": 12.107431411743164,
    "y": 8.336455345153809,
    "loudness": 0.99068403244,
    "raspiness": 0.102548107505,
    "color": 18.2738704681,
    "location": 49.78467060983732,
    "stability": 0.457774013281,
    "tonality": 0.467732638121
}