{
    "name": "4b13fe12",
    "x": -3.612825393676758,
    "y": 15.968829154968262,
    "loudness": 0.99068403244,
    "raspiness": 0.221397981048,
    "color": 3.02616643906,
    "location": 1491.52783203,
    "stability": 0.404185324907,
    "tonality": 0.378567159176
}