{
    "name": "4b142f94",
    "x": 40.413875579833984,
    "y": -0.195022851228714,
    "loudness": 0.99068403244,
    "raspiness": 0.236979171634,
    "color": 104.153594971,
    "location": 3613.28881836,
    "stability": 0.599332273006,
    "tonality": 0.468344330788
}