{
    "name": "4b142f94",
    "x": 9.371906280517578,
    "y": 7.6489176750183105,
    "loudness": 0.99068403244,
    "raspiness": 0.236979171634,
    "color": 104.153594971,
    "location": 3613.28881836,
    "stability": 0.599332273006,
    "tonality": 0.468344330788
}