{
    "name": "4b142f94",
    "x": 38.85966110229492,
    "y": 0.10093514621257782,
    "loudness": 0.99068403244,
    "raspiness": 0.236979171634,
    "color": 104.153594971,
    "location": 60.110638146338125,
    "stability": 0.599332273006,
    "tonality": 0.468344330788
}