{
    "name": "4b166997",
    "x": 28.05665397644043,
    "y": 24.45849609375,
    "loudness": 0.910592913628,
    "raspiness": 0.0999045297503,
    "color": 9.06259155273,
    "location": 51.206140722182916,
    "stability": 0.667062163353,
    "tonality": 0.487881273031
}