{
    "name": "4b166997",
    "x": 6.373979568481445,
    "y": 10.40090560913086,
    "loudness": 0.910592913628,
    "raspiness": 0.0999045297503,
    "color": 9.06259155273,
    "location": 2622.06884766,
    "stability": 0.667062163353,
    "tonality": 0.487881273031
}