{
    "name": "4b17c19e",
    "x": -0.13670429587364197,
    "y": 11.516691207885742,
    "loudness": 0.981865346432,
    "raspiness": 0.052116394043,
    "color": 38.8787765503,
    "location": 1163.69714355,
    "stability": 0.859426736832,
    "tonality": 0.40453761816
}