{
    "name": "4b17c19e",
    "x": -6.815935134887695,
    "y": 43.389617919921875,
    "loudness": 0.981865346432,
    "raspiness": 0.052116394043,
    "color": 38.8787765503,
    "location": 34.11300548984214,
    "stability": 0.859426736832,
    "tonality": 0.40453761816
}