{
    "name": "4b1dad12",
    "x": 5.550103187561035,
    "y": 12.136239051818848,
    "loudness": 0.953505814075,
    "raspiness": 0.107355058193,
    "color": 18.8111782074,
    "location": 1701.76757812,
    "stability": 0.858671724796,
    "tonality": 0.449275583029
}