{
    "name": "4b1dad12",
    "x": 23.84031867980957,
    "y": 39.16646957397461,
    "loudness": 0.953505814075,
    "raspiness": 0.107355058193,
    "color": 18.8111782074,
    "location": 41.252485720499315,
    "stability": 0.858671724796,
    "tonality": 0.449275583029
}