{
    "name": "4b1dad12",
    "x": 25.94415283203125,
    "y": 48.3937873840332,
    "loudness": 0.953505814075,
    "raspiness": 0.107355058193,
    "color": 18.8111782074,
    "location": 1701.76757812,
    "stability": 0.858671724796,
    "tonality": 0.449275583029
}