{
    "name": "4b2d5441",
    "x": 49.49882507324219,
    "y": 23.847957611083984,
    "loudness": 0.99068403244,
    "raspiness": 0.164975374937,
    "color": 37.8227958679,
    "location": 2894.46606445,
    "stability": 0.802442610264,
    "tonality": 0.479334801435
}