{
    "name": "4b2d5441",
    "x": 43.17372131347656,
    "y": 21.33450698852539,
    "loudness": 0.99068403244,
    "raspiness": 0.164975374937,
    "color": 37.8227958679,
    "location": 53.8002422341201,
    "stability": 0.802442610264,
    "tonality": 0.479334801435
}