{
    "name": "4b2ef8c7",
    "x": 4.431801795959473,
    "y": 8.705780982971191,
    "loudness": 0.814950227737,
    "raspiness": 0.131276771426,
    "color": 20.8643951416,
    "location": 1833.45788574,
    "stability": 0.537887573242,
    "tonality": 0.439868301153
}