{
    "name": "4b3ee579",
    "x": -18.67123031616211,
    "y": -19.716033935546875,
    "loudness": 0.247995495796,
    "raspiness": 0.0593833513558,
    "color": 5.24819326401,
    "location": 29.061160083365564,
    "stability": 0.320046395063,
    "tonality": 0.33587628603
}