{
    "name": "4b4f97bb",
    "x": -25.414457321166992,
    "y": 9.630269050598145,
    "loudness": 0.890149056911,
    "raspiness": 0.0228532552719,
    "color": 14.6436347961,
    "location": 33.06894948316321,
    "stability": 0.418773531914,
    "tonality": 0.379532873631
}