{
    "name": "4b606159",
    "x": 50.592041015625,
    "y": -5.372375011444092,
    "loudness": 0.99068403244,
    "raspiness": 0.399137675762,
    "color": 51.351360321,
    "location": 62.177466605837196,
    "stability": 0.818485975266,
    "tonality": 0.496367484331
}