{
    "name": "4b606159",
    "x": 50.70881652832031,
    "y": -12.15882682800293,
    "loudness": 0.99068403244,
    "raspiness": 0.399137675762,
    "color": 51.351360321,
    "location": 3866.03735352,
    "stability": 0.818485975266,
    "tonality": 0.496367484331
}