{
    "name": "4b75dd72",
    "x": 36.904869079589844,
    "y": 19.56781768798828,
    "loudness": 0.990110397339,
    "raspiness": 0.185242772102,
    "color": 14.385266304,
    "location": 47.97418027084986,
    "stability": 0.732933402061,
    "tonality": 0.482585459948
}