{
    "name": "4b75dd72",
    "x": 7.621246337890625,
    "y": 10.216278076171875,
    "loudness": 0.990110397339,
    "raspiness": 0.185242772102,
    "color": 14.385266304,
    "location": 2301.52197266,
    "stability": 0.732933402061,
    "tonality": 0.482585459948
}