{
    "name": "4b8cb71c",
    "x": 12.525740623474121,
    "y": 31.487642288208008,
    "loudness": 0.99068403244,
    "raspiness": 0.16833794117,
    "color": 4.74996852875,
    "location": 33.45607690734226,
    "stability": 0.720610141754,
    "tonality": 0.420372754335
}