{
    "name": "4b8cb71c",
    "x": 7.900474548339844,
    "y": 35.73683547973633,
    "loudness": 0.99068403244,
    "raspiness": 0.16833794117,
    "color": 4.74996852875,
    "location": 1119.30908203,
    "stability": 0.720610141754,
    "tonality": 0.420372754335
}