{
    "name": "4b9aadda",
    "x": 25.34893226623535,
    "y": 10.822619438171387,
    "loudness": 0.99068403244,
    "raspiness": 0.140483662486,
    "color": 8.95223808289,
    "location": 3026.93066406,
    "stability": 0.530891358852,
    "tonality": 0.476302593946
}