{
    "name": "4b9aadda",
    "x": 24.58986473083496,
    "y": 8.273815155029297,
    "loudness": 0.99068403244,
    "raspiness": 0.140483662486,
    "color": 8.95223808289,
    "location": 55.01754869184922,
    "stability": 0.530891358852,
    "tonality": 0.476302593946
}