{
    "name": "4ba0c404",
    "x": -29.225915908813477,
    "y": -7.927953720092773,
    "loudness": 0.847744941711,
    "raspiness": 0.0340003743768,
    "color": 21.8227958679,
    "location": 31.56986686923149,
    "stability": 0.204996466637,
    "tonality": 0.33788189292
}