{
    "name": "4ba2b70e",
    "x": 29.04115867614746,
    "y": 5.423921585083008,
    "loudness": 0.99068403244,
    "raspiness": 0.203489139676,
    "color": 10.883682251,
    "location": 53.653294636862704,
    "stability": 0.514288246632,
    "tonality": 0.47774925828
}