{
    "name": "4ba221e4",
    "x": -38.31400680541992,
    "y": -12.515949249267578,
    "loudness": 0.970764696598,
    "raspiness": 0.0208706334233,
    "color": 13.5645904541,
    "location": 22.909785602816104,
    "stability": 0.155917644501,
    "tonality": 0.243246853352
}