{
    "name": "4ba2b70e",
    "x": 28.99321937561035,
    "y": 6.497440338134766,
    "loudness": 0.99068403244,
    "raspiness": 0.203489139676,
    "color": 10.883682251,
    "location": 2878.67602539,
    "stability": 0.514288246632,
    "tonality": 0.47774925828
}