{
    "name": "4ba221e4",
    "x": -36.985443115234375,
    "y": -26.004934310913086,
    "loudness": 0.970764696598,
    "raspiness": 0.0208706334233,
    "color": 13.5645904541,
    "location": 524.858276367,
    "stability": 0.155917644501,
    "tonality": 0.243246853352
}