{
    "name": "4ba221e4",
    "x": -4.798923492431641,
    "y": 7.091361999511719,
    "loudness": 0.970764696598,
    "raspiness": 0.0208706334233,
    "color": 13.5645904541,
    "location": 524.858276367,
    "stability": 0.155917644501,
    "tonality": 0.243246853352
}