{
    "name": "4bb00403",
    "x": -39.51166915893555,
    "y": 14.456451416015625,
    "loudness": 0.986439108849,
    "raspiness": 0.0466889888048,
    "color": 51.5559005737,
    "location": 33.06238923656304,
    "stability": 0.542996883392,
    "tonality": 0.318504035473
}