{
    "name": "4bb00403",
    "x": -46.50554275512695,
    "y": 10.226258277893066,
    "loudness": 0.986439108849,
    "raspiness": 0.0466889888048,
    "color": 51.5559005737,
    "location": 1093.12158203,
    "stability": 0.542996883392,
    "tonality": 0.318504035473
}