{
    "name": "4bb00403",
    "x": -3.8678979873657227,
    "y": 9.734393119812012,
    "loudness": 0.986439108849,
    "raspiness": 0.0466889888048,
    "color": 51.5559005737,
    "location": 1093.12158203,
    "stability": 0.542996883392,
    "tonality": 0.318504035473
}