{
    "name": "4bb33e00",
    "x": 10.334541320800781,
    "y": 7.193301200866699,
    "loudness": 0.99068403244,
    "raspiness": 0.362854003906,
    "color": 43.4736671448,
    "location": 3344.5222168,
    "stability": 0.809520184994,
    "tonality": 0.49269080162
}