{
    "name": "4bb53f71",
    "x": 3.5513617992401123,
    "y": 11.404232025146484,
    "loudness": 0.99068403244,
    "raspiness": 0.0699026957154,
    "color": 7.06891345978,
    "location": 1180.25476074,
    "stability": 0.673199653625,
    "tonality": 0.470301419497
}