{
    "name": "4bb53f71",
    "x": 7.328601837158203,
    "y": 39.75592041015625,
    "loudness": 0.99068403244,
    "raspiness": 0.0699026957154,
    "color": 7.06891345978,
    "location": 34.35483606044424,
    "stability": 0.673199653625,
    "tonality": 0.470301419497
}