{
    "name": "4bb53f71",
    "x": 6.974940776824951,
    "y": 50.76273727416992,
    "loudness": 0.99068403244,
    "raspiness": 0.0699026957154,
    "color": 7.06891345978,
    "location": 1180.25476074,
    "stability": 0.673199653625,
    "tonality": 0.470301419497
}