{
    "name": "4bb6e82c",
    "x": -0.4499005973339081,
    "y": 8.878522872924805,
    "loudness": 0.988038539886,
    "raspiness": 0.0679741278291,
    "color": 27.5056114197,
    "location": 1552.14001465,
    "stability": 0.496827304363,
    "tonality": 0.418368369341
}