{
    "name": "4bbc250e",
    "x": -37.2827033996582,
    "y": -8.749828338623047,
    "loudness": 0.98894739151,
    "raspiness": 0.013422884047,
    "color": 16.8893451691,
    "location": 18.409296324466073,
    "stability": 0.254299104214,
    "tonality": 0.286234796047
}