{
    "name": "4bbc250e",
    "x": -4.270977973937988,
    "y": 7.230855941772461,
    "loudness": 0.98894739151,
    "raspiness": 0.013422884047,
    "color": 16.8893451691,
    "location": 338.902191162,
    "stability": 0.254299104214,
    "tonality": 0.286234796047
}