{
    "name": "4bc87056",
    "x": 1.022383689880371,
    "y": 5.381096363067627,
    "loudness": 0.99068403244,
    "raspiness": 0.0444020926952,
    "color": 2.63995528221,
    "location": 1823.2331543,
    "stability": 0.237038627267,
    "tonality": 0.464664489031
}