{
    "name": "4bc87056",
    "x": -4.4441094398498535,
    "y": -1.8274344205856323,
    "loudness": 0.99068403244,
    "raspiness": 0.0444020926952,
    "color": 2.63995528221,
    "location": 42.69933435429644,
    "stability": 0.237038627267,
    "tonality": 0.464664489031
}