{
    "name": "4bcc8a77",
    "x": -24.03090476989746,
    "y": 20.55571937561035,
    "loudness": 0.989349484444,
    "raspiness": 0.0514782629907,
    "color": 18.8320713043,
    "location": 1554.5645752,
    "stability": 0.471110343933,
    "tonality": 0.383520722389
}