{
    "name": "4bcc8a77",
    "x": -21.16962242126465,
    "y": 17.29273796081543,
    "loudness": 0.989349484444,
    "raspiness": 0.0514782629907,
    "color": 18.8320713043,
    "location": 39.42796691689796,
    "stability": 0.471110343933,
    "tonality": 0.383520722389
}