{
    "name": "4bd0dcc1",
    "x": -30.307878494262695,
    "y": 6.757768154144287,
    "loudness": 0.960645020008,
    "raspiness": 0.0449501387775,
    "color": 13.889046669,
    "location": 801.854370117,
    "stability": 0.385655224323,
    "tonality": 0.382381230593
}