{
    "name": "4bd21fae",
    "x": -0.5043199062347412,
    "y": 8.319786071777344,
    "loudness": 0.99068403244,
    "raspiness": 0.0574927218258,
    "color": 123.116172791,
    "location": 1193.96984863,
    "stability": 0.425218194723,
    "tonality": 0.424800097942
}