{
    "name": "4bd7faba",
    "x": -0.764468789100647,
    "y": 6.963613986968994,
    "loudness": 0.97943174839,
    "raspiness": 0.0079444674775,
    "color": 15.4829082489,
    "location": 340.641326904,
    "stability": 0.375387519598,
    "tonality": 0.399291336536
}