{
    "name": "4be963d5",
    "x": -24.0623722076416,
    "y": 25.41716194152832,
    "loudness": 0.980295300484,
    "raspiness": 0.0131143340841,
    "color": 11.5278072357,
    "location": 16.862363251750924,
    "stability": 0.607112288475,
    "tonality": 0.393967777491
}