{
    "name": "4be963d5",
    "x": -2.245969772338867,
    "y": 9.830560684204102,
    "loudness": 0.980295300484,
    "raspiness": 0.0131143340841,
    "color": 11.5278072357,
    "location": 284.339294434,
    "stability": 0.607112288475,
    "tonality": 0.393967777491
}