{
    "name": "4bfaf9c0",
    "x": 3.7537670135498047,
    "y": -1.604630947113037,
    "loudness": 0.587348282337,
    "raspiness": 0.0686238631606,
    "color": 23.6153011322,
    "location": 1598.86242676,
    "stability": 0.439345002174,
    "tonality": 0.478601545095
}