{
    "name": "4bfaf9c0",
    "x": 4.052796363830566,
    "y": 0.3504408895969391,
    "loudness": 0.587348282337,
    "raspiness": 0.0686238631606,
    "color": 23.6153011322,
    "location": 39.98577780611502,
    "stability": 0.439345002174,
    "tonality": 0.478601545095
}