{
    "name": "4bfbb74e",
    "x": 5.236161231994629,
    "y": 12.148509979248047,
    "loudness": 0.978209733963,
    "raspiness": 0.070285461843,
    "color": 32.7102127075,
    "location": 1593.8001709,
    "stability": 0.801390528679,
    "tonality": 0.487861931324
}