{
    "name": "4bfe8bf9",
    "x": -4.489738941192627,
    "y": 13.355341911315918,
    "loudness": 0.99068403244,
    "raspiness": 0.0571686513722,
    "color": 26.0991134644,
    "location": 44.203327975391176,
    "stability": 0.429735660553,
    "tonality": 0.431119203568
}