{
    "name": "4c01f7c6",
    "x": 0.689882755279541,
    "y": 13.146224975585938,
    "loudness": 0.932981967926,
    "raspiness": 0.0575125552714,
    "color": 9.92364120483,
    "location": 1679.92370605,
    "stability": 0.417750686407,
    "tonality": 0.481898635626
}