{
    "name": "4c05bc49",
    "x": 2.5523300170898438,
    "y": 4.394898891448975,
    "loudness": 0.645368337631,
    "raspiness": 0.043190382421,
    "color": 6.75260782242,
    "location": 2200.42504883,
    "stability": 0.284718841314,
    "tonality": 0.489450663328
}