{
    "name": "4c05bc49",
    "x": 1.6618356704711914,
    "y": -3.7767508029937744,
    "loudness": 0.645368337631,
    "raspiness": 0.043190382421,
    "color": 6.75260782242,
    "location": 46.90868841515397,
    "stability": 0.284718841314,
    "tonality": 0.489450663328
}