{
    "name": "4c0d7bcd",
    "x": -15.472339630126953,
    "y": 18.415115356445312,
    "loudness": 0.944141983986,
    "raspiness": 0.049321770668,
    "color": 21.6113033295,
    "location": 39.88619216220069,
    "stability": 0.482945233583,
    "tonality": 0.412509232759
}