{
    "name": "4c173843",
    "x": -18.17430877685547,
    "y": 2.739246368408203,
    "loudness": 0.99068403244,
    "raspiness": 0.0598718971014,
    "color": 19.3103904724,
    "location": 1686.32617188,
    "stability": 0.284789472818,
    "tonality": 0.398816883564
}