{
    "name": "4c1ae9cc",
    "x": -33.735084533691406,
    "y": -2.1424808502197266,
    "loudness": 0.643094658852,
    "raspiness": 0.0571898408234,
    "color": 3.41136908531,
    "location": 574.962341309,
    "stability": 0.505716323853,
    "tonality": 0.325795054436
}