{
    "name": "4c1ae9cc",
    "x": -3.423168897628784,
    "y": 8.446463584899902,
    "loudness": 0.643094658852,
    "raspiness": 0.0571898408234,
    "color": 3.41136908531,
    "location": 574.962341309,
    "stability": 0.505716323853,
    "tonality": 0.325795054436
}