{
    "name": "4c1d875e",
    "x": 4.930607795715332,
    "y": 3.422015905380249,
    "loudness": 0.336203336716,
    "raspiness": 0.0828404650092,
    "color": 14.3780794144,
    "location": 1552.78320312,
    "stability": 0.671065509319,
    "tonality": 0.471879780293
}