{
    "name": "4c1e5a37",
    "x": 6.099642753601074,
    "y": 2.5073320865631104,
    "loudness": 3.67759457731e-05,
    "raspiness": 0.215550050139,
    "color": 21.89336586,
    "location": 2215.40405273,
    "stability": 0.586904704571,
    "tonality": 0.433937638998
}