{
    "name": "4c24339c",
    "x": 9.715093612670898,
    "y": 7.270904541015625,
    "loudness": 0.753831684589,
    "raspiness": 0.309443771839,
    "color": 116.527923584,
    "location": 3111.10327148,
    "stability": 0.678681075573,
    "tonality": 0.49001288414
}