{
    "name": "4c24339c",
    "x": 39.902645111083984,
    "y": -2.4320662021636963,
    "loudness": 0.753831684589,
    "raspiness": 0.309443771839,
    "color": 116.527923584,
    "location": 55.777264826092,
    "stability": 0.678681075573,
    "tonality": 0.49001288414
}