{
    "name": "4c462064",
    "x": -21.128480911254883,
    "y": 1.0589679479599,
    "loudness": 0.962515592575,
    "raspiness": 0.0722486376762,
    "color": 18.8551139832,
    "location": 42.35178804017606,
    "stability": 0.252828121185,
    "tonality": 0.369407266378
}