{
    "name": "4c462064",
    "x": -20.442359924316406,
    "y": -0.42714792490005493,
    "loudness": 0.962515592575,
    "raspiness": 0.0722486376762,
    "color": 18.8551139832,
    "location": 1793.6739502,
    "stability": 0.252828121185,
    "tonality": 0.369407266378
}