{
    "name": "4c4d4797",
    "x": -17.462196350097656,
    "y": 15.570622444152832,
    "loudness": 0.99068403244,
    "raspiness": 0.13720703125,
    "color": 10.9061203003,
    "location": 42.77130631100715,
    "stability": 0.469193011522,
    "tonality": 0.379289507866
}