{
    "name": "4c4d4797",
    "x": 4.923839569091797,
    "y": 8.23824405670166,
    "loudness": 0.99068403244,
    "raspiness": 0.13720703125,
    "color": 10.9061203003,
    "location": 1829.38464355,
    "stability": 0.469193011522,
    "tonality": 0.379289507866
}