{
    "name": "4c4d4797",
    "x": -10.491389274597168,
    "y": 15.615058898925781,
    "loudness": 0.99068403244,
    "raspiness": 0.13720703125,
    "color": 10.9061203003,
    "location": 1829.38464355,
    "stability": 0.469193011522,
    "tonality": 0.379289507866
}