{
    "name": "4c4ec973",
    "x": 12.644905090332031,
    "y": 10.254438400268555,
    "loudness": 0.99068403244,
    "raspiness": 0.110374450684,
    "color": 8.67331981659,
    "location": 48.52150226075034,
    "stability": 0.482417583466,
    "tonality": 0.46179035306
}