{
    "name": "4c4ec973",
    "x": 4.574637413024902,
    "y": 7.4760003089904785,
    "loudness": 0.99068403244,
    "raspiness": 0.110374450684,
    "color": 8.67331981659,
    "location": 2354.33618164,
    "stability": 0.482417583466,
    "tonality": 0.46179035306
}