{
    "name": "4c5667a2",
    "x": 6.159452438354492,
    "y": 11.386592864990234,
    "loudness": 0.638982534409,
    "raspiness": 0.108320847154,
    "color": 15.6216363907,
    "location": 1888.55212402,
    "stability": 0.783874988556,
    "tonality": 0.488415122032
}