{
    "name": "4c590f69",
    "x": 0.20361937582492828,
    "y": 49.34792709350586,
    "loudness": 0.99068403244,
    "raspiness": 0.0606587715447,
    "color": 55.5627441406,
    "location": 1035.19384766,
    "stability": 0.650396049023,
    "tonality": 0.454570442438
}