{
    "name": "4c5c9793",
    "x": 17.195018768310547,
    "y": 44.8428955078125,
    "loudness": 0.968873381615,
    "raspiness": 0.0763405784965,
    "color": 11.0215368271,
    "location": 1680.82971191,
    "stability": 0.672713041306,
    "tonality": 0.47199138999
}