{
    "name": "4c5c9793",
    "x": 4.752610683441162,
    "y": 11.293991088867188,
    "loudness": 0.968873381615,
    "raspiness": 0.0763405784965,
    "color": 11.0215368271,
    "location": 1680.82971191,
    "stability": 0.672713041306,
    "tonality": 0.47199138999
}