{
    "name": "4c5c9793",
    "x": 15.297414779663086,
    "y": 35.41353988647461,
    "loudness": 0.968873381615,
    "raspiness": 0.0763405784965,
    "color": 11.0215368271,
    "location": 40.99792326338006,
    "stability": 0.672713041306,
    "tonality": 0.47199138999
}