{
    "name": "4c614dff",
    "x": 1.8433457612991333,
    "y": 10.076981544494629,
    "loudness": 0.970576524734,
    "raspiness": 0.03577824682,
    "color": 14.9912405014,
    "location": 788.430053711,
    "stability": 0.608972191811,
    "tonality": 0.472122579813
}