{
    "name": "4c63bfe2",
    "x": 10.564423561096191,
    "y": 36.019866943359375,
    "loudness": 0.99068403244,
    "raspiness": 0.0956843420863,
    "color": 5.45416259766,
    "location": 1847.75756836,
    "stability": 0.625990331173,
    "tonality": 0.449009209871
}