{
    "name": "4c6470d0",
    "x": 26.061552047729492,
    "y": 26.89583969116211,
    "loudness": 0.981836438179,
    "raspiness": 0.14652825892,
    "color": 30.5632305145,
    "location": 41.10413663890777,
    "stability": 0.700519144535,
    "tonality": 0.482720822096
}