{
    "name": "4c6a1fca",
    "x": -0.6047311425209045,
    "y": -19.9438419342041,
    "loudness": 0.00352504663169,
    "raspiness": 0.0366372726858,
    "color": 5.15516614914,
    "location": 483.863525391,
    "stability": 0.692880392075,
    "tonality": 0.431725382805
}