{
    "name": "4c6a1fca",
    "x": 3.3506112098693848,
    "y": -25.53253936767578,
    "loudness": 0.00352504663169,
    "raspiness": 0.0366372726858,
    "color": 5.15516614914,
    "location": 21.996898085661986,
    "stability": 0.692880392075,
    "tonality": 0.431725382805
}