{
    "name": "4c73ecd4",
    "x": -0.8994900584220886,
    "y": 45.005226135253906,
    "loudness": 0.99068403244,
    "raspiness": 0.0658954307437,
    "color": 6.14022636414,
    "location": 1200.24401855,
    "stability": 0.620481610298,
    "tonality": 0.456798553467
}