{
    "name": "4c73ecd4",
    "x": 2.1333253383636475,
    "y": 10.570178031921387,
    "loudness": 0.99068403244,
    "raspiness": 0.0658954307437,
    "color": 6.14022636414,
    "location": 1200.24401855,
    "stability": 0.620481610298,
    "tonality": 0.456798553467
}