{
    "name": "4c789a19",
    "x": -0.332767128944397,
    "y": 7.300809383392334,
    "loudness": 0.984940290451,
    "raspiness": 0.0152754932642,
    "color": 12.1084022522,
    "location": 305.67755127,
    "stability": 0.43336892128,
    "tonality": 0.412119746208
}