{
    "name": "4c80d382",
    "x": 3.9679880142211914,
    "y": 2.514246702194214,
    "loudness": 0.214840769768,
    "raspiness": 0.03633588925,
    "color": 8.95373725891,
    "location": 714.58001709,
    "stability": 0.484424471855,
    "tonality": 0.465906918049
}