{
    "name": "4c8cd1c8",
    "x": -32.14012145996094,
    "y": -7.1372270584106445,
    "loudness": 0.915952086449,
    "raspiness": 0.0412850230932,
    "color": 17.4877166748,
    "location": 32.10581640871323,
    "stability": 0.231664389372,
    "tonality": 0.318959236145
}