{
    "name": "4c8dd747",
    "x": 7.880588054656982,
    "y": 9.577757835388184,
    "loudness": 0.813941895962,
    "raspiness": 0.155917704105,
    "color": 20.5250682831,
    "location": 3098.19628906,
    "stability": 0.699412047863,
    "tonality": 0.49231955409
}