{
    "name": "4c9112c0",
    "x": -0.324283629655838,
    "y": -7.303158760070801,
    "loudness": 0.730624198914,
    "raspiness": 0.0167293846607,
    "color": 9.79260730743,
    "location": 3153.15795898,
    "stability": 0.0997705832124,
    "tonality": 0.490246504545
}