{
    "name": "4c9112c0",
    "x": 1.5463953018188477,
    "y": 4.894196033477783,
    "loudness": 0.730624198914,
    "raspiness": 0.0167293846607,
    "color": 9.79260730743,
    "location": 3153.15795898,
    "stability": 0.0997705832124,
    "tonality": 0.490246504545
}