{
    "name": "4c9c19b0",
    "x": 9.712889671325684,
    "y": -17.05803871154785,
    "loudness": 0.208869159222,
    "raspiness": 0.0667434558272,
    "color": 22.3039989471,
    "location": 36.46269765541217,
    "stability": 0.635842502117,
    "tonality": 0.464972823858
}