{
    "name": "4c9c19b0",
    "x": 4.668363571166992,
    "y": 2.8973283767700195,
    "loudness": 0.208869159222,
    "raspiness": 0.0667434558272,
    "color": 22.3039989471,
    "location": 1329.52832031,
    "stability": 0.635842502117,
    "tonality": 0.464972823858
}