{
    "name": "4c9ecc5c",
    "x": 1.8788625001907349,
    "y": 3.859971523284912,
    "loudness": 0.503597259521,
    "raspiness": 0.0185596961528,
    "color": 4.80892086029,
    "location": 845.163391113,
    "stability": 0.247406065464,
    "tonality": 0.464883267879
}