{
    "name": "4c9ecc5c",
    "x": -6.537136077880859,
    "y": -17.047531127929688,
    "loudness": 0.503597259521,
    "raspiness": 0.0185596961528,
    "color": 4.80892086029,
    "location": 845.163391113,
    "stability": 0.247406065464,
    "tonality": 0.464883267879
}