{
    "name": "4ca18eea",
    "x": 41.210784912109375,
    "y": 24.372392654418945,
    "loudness": 0.969224989414,
    "raspiness": 0.175966352224,
    "color": 9.24737453461,
    "location": 2408.93432617,
    "stability": 0.737686395645,
    "tonality": 0.478187352419
}