{
    "name": "4ca18eea",
    "x": 7.632696151733398,
    "y": 10.262490272521973,
    "loudness": 0.969224989414,
    "raspiness": 0.175966352224,
    "color": 9.24737453461,
    "location": 2408.93432617,
    "stability": 0.737686395645,
    "tonality": 0.478187352419
}