{
    "name": "4ca2a9b4",
    "x": 22.21426010131836,
    "y": -21.064302444458008,
    "loudness": 0.163859039545,
    "raspiness": 0.194537267089,
    "color": 5.80826854706,
    "location": 2979.71655273,
    "stability": 0.514006853104,
    "tonality": 0.487469732761
}