{
    "name": "4ca74b89",
    "x": -4.056211471557617,
    "y": 37.243350982666016,
    "loudness": 0.864968061447,
    "raspiness": 0.0594731085002,
    "color": 21.8271808624,
    "location": 36.050379787319855,
    "stability": 0.678910791874,
    "tonality": 0.432834595442
}