{
    "name": "4ca74b89",
    "x": -10.713216781616211,
    "y": 43.2607536315918,
    "loudness": 0.864968061447,
    "raspiness": 0.0594731085002,
    "color": 21.8271808624,
    "location": 1299.62988281,
    "stability": 0.678910791874,
    "tonality": 0.432834595442
}