{
    "name": "4ca93593",
    "x": -9.955883026123047,
    "y": -4.450957775115967,
    "loudness": 0.527762591839,
    "raspiness": 0.00826351158321,
    "color": 6.78770017624,
    "location": 16.71660963957704,
    "stability": 0.352280944586,
    "tonality": 0.43709218502
}