{
    "name": "4cb50b23",
    "x": 8.118936538696289,
    "y": -18.0059757232666,
    "loudness": 0.0732001662254,
    "raspiness": 0.101426318288,
    "color": 11.9983491898,
    "location": 40.7332092516659,
    "stability": 0.492878317833,
    "tonality": 0.458322137594
}