{
    "name": "4cb50b23",
    "x": 4.962289810180664,
    "y": 2.0264198780059814,
    "loudness": 0.0732001662254,
    "raspiness": 0.101426318288,
    "color": 11.9983491898,
    "location": 1659.19433594,
    "stability": 0.492878317833,
    "tonality": 0.458322137594
}