{
    "name": "4cb6495b",
    "x": 40.999290466308594,
    "y": -13.95821762084961,
    "loudness": 0.99068403244,
    "raspiness": 0.323388665915,
    "color": 175.853057861,
    "location": 4602.52246094,
    "stability": 0.516612350941,
    "tonality": 0.496339172125
}