{
    "name": "4cb6495b",
    "x": 41.895851135253906,
    "y": -10.611679077148438,
    "loudness": 0.99068403244,
    "raspiness": 0.323388665915,
    "color": 175.853057861,
    "location": 67.84189311141016,
    "stability": 0.516612350941,
    "tonality": 0.496339172125
}