{
    "name": "4cb7c775",
    "x": -16.31783676147461,
    "y": 2.539541721343994,
    "loudness": 0.977954924107,
    "raspiness": 0.0660223811865,
    "color": 26.104642868,
    "location": 45.67056265221614,
    "stability": 0.26353636384,
    "tonality": 0.396419495344
}