{
    "name": "4cb948c9",
    "x": -24.756664276123047,
    "y": 42.74082946777344,
    "loudness": 0.99068403244,
    "raspiness": 0.0554917268455,
    "color": 2.67610049248,
    "location": 1172.70654297,
    "stability": 0.719937682152,
    "tonality": 0.387987226248
}