{
    "name": "4cb948c9",
    "x": -15.537362098693848,
    "y": 38.814491271972656,
    "loudness": 0.99068403244,
    "raspiness": 0.0554917268455,
    "color": 2.67610049248,
    "location": 34.2448031527413,
    "stability": 0.719937682152,
    "tonality": 0.387987226248
}