{
    "name": "4cb948c9",
    "x": -0.39952483773231506,
    "y": 11.145657539367676,
    "loudness": 0.99068403244,
    "raspiness": 0.0554917268455,
    "color": 2.67610049248,
    "location": 1172.70654297,
    "stability": 0.719937682152,
    "tonality": 0.387987226248
}