{
    "name": "4cbba37a",
    "x": -28.871816635131836,
    "y": 16.356279373168945,
    "loudness": 0.988432407379,
    "raspiness": 0.0361117646098,
    "color": 21.4114360809,
    "location": 950.54119873,
    "stability": 0.452032923698,
    "tonality": 0.39785951376
}