{
    "name": "4cbba37a",
    "x": -1.8239761590957642,
    "y": 8.968435287475586,
    "loudness": 0.988432407379,
    "raspiness": 0.0361117646098,
    "color": 21.4114360809,
    "location": 950.54119873,
    "stability": 0.452032923698,
    "tonality": 0.39785951376
}