{
    "name": "4cbc1a15",
    "x": -0.32099175453186035,
    "y": 4.927143573760986,
    "loudness": 0.99068403244,
    "raspiness": 0.0150356953964,
    "color": 4.55891942978,
    "location": 392.761993408,
    "stability": 0.0891204997897,
    "tonality": 0.471036583185
}