{
    "name": "4cc1da2f",
    "x": -9.14135456085205,
    "y": 40.799041748046875,
    "loudness": 0.99068403244,
    "raspiness": 0.0409505218267,
    "color": 8.68295764923,
    "location": 839.810852051,
    "stability": 0.593365609646,
    "tonality": 0.462311059237
}