{
    "name": "4cc40031",
    "x": 4.522688865661621,
    "y": 3.465907096862793,
    "loudness": 0.365736842155,
    "raspiness": 0.0352860093117,
    "color": 8.35866165161,
    "location": 974.916748047,
    "stability": 0.717640519142,
    "tonality": 0.473415732384
}