{
    "name": "4cc40031",
    "x": 7.5511674880981445,
    "y": -2.9418275356292725,
    "loudness": 0.365736842155,
    "raspiness": 0.0352860093117,
    "color": 8.35866165161,
    "location": 974.916748047,
    "stability": 0.717640519142,
    "tonality": 0.473415732384
}