{
    "name": "4ccf85c8",
    "x": 12.379700660705566,
    "y": 19.631872177124023,
    "loudness": 0.99068403244,
    "raspiness": 0.0984758660197,
    "color": 17.4457511902,
    "location": 44.17099480688657,
    "stability": 0.538841307163,
    "tonality": 0.468450129032
}