{
    "name": "4ccf85c8",
    "x": 3.977552890777588,
    "y": 9.165901184082031,
    "loudness": 0.99068403244,
    "raspiness": 0.0984758660197,
    "color": 17.4457511902,
    "location": 1951.07678223,
    "stability": 0.538841307163,
    "tonality": 0.468450129032
}