{
    "name": "4cd4e0ca",
    "x": -8.962701797485352,
    "y": 9.919096946716309,
    "loudness": 0.980749964714,
    "raspiness": 0.0560680925846,
    "color": 31.1273212433,
    "location": 40.13703942233408,
    "stability": 0.386877000332,
    "tonality": 0.434948652983
}