{
    "name": "4cd4e0ca",
    "x": -10.838154792785645,
    "y": 12.373053550720215,
    "loudness": 0.980749964714,
    "raspiness": 0.0560680925846,
    "color": 31.1273212433,
    "location": 1610.98193359,
    "stability": 0.386877000332,
    "tonality": 0.434948652983
}