{
    "name": "4ce14aa2",
    "x": -4.654258728027344,
    "y": 9.026437759399414,
    "loudness": 0.99068403244,
    "raspiness": 0.0728255212307,
    "color": 3.91674923897,
    "location": 805.856445312,
    "stability": 0.495515197515,
    "tonality": 0.264067471027
}