{
    "name": "4ce14aa2",
    "x": -45.785682678222656,
    "y": -2.187218189239502,
    "loudness": 0.99068403244,
    "raspiness": 0.0728255212307,
    "color": 3.91674923897,
    "location": 805.856445312,
    "stability": 0.495515197515,
    "tonality": 0.264067471027
}