{
    "name": "4ce14aa2",
    "x": -42.85030746459961,
    "y": 5.067111968994141,
    "loudness": 0.99068403244,
    "raspiness": 0.0728255212307,
    "color": 3.91674923897,
    "location": 28.387610771461553,
    "stability": 0.495515197515,
    "tonality": 0.264067471027
}