{
    "name": "4ce399c2",
    "x": 47.76752853393555,
    "y": 8.997593879699707,
    "loudness": 0.99068403244,
    "raspiness": 0.222900390625,
    "color": 15.2067832947,
    "location": 57.47906378360733,
    "stability": 0.72603738308,
    "tonality": 0.491797685623
}