{
    "name": "4ce8b277",
    "x": 17.84501075744629,
    "y": 2.083136796951294,
    "loudness": 0.99068403244,
    "raspiness": 0.148157000542,
    "color": 37.9185409546,
    "location": 58.86492250534268,
    "stability": 0.316661566496,
    "tonality": 0.489214301109
}