{
    "name": "4cf5f73c",
    "x": 21.44940948486328,
    "y": -13.97315788269043,
    "loudness": 0.272655278444,
    "raspiness": 0.15351498127,
    "color": 76.7219161987,
    "location": 2739.62963867,
    "stability": 0.58385270834,
    "tonality": 0.490155816078
}