{
    "name": "4cf5f73c",
    "x": 20.332429885864258,
    "y": -11.510101318359375,
    "loudness": 0.272655278444,
    "raspiness": 0.15351498127,
    "color": 76.7219161987,
    "location": 52.341471498898464,
    "stability": 0.58385270834,
    "tonality": 0.490155816078
}