{
    "name": "4cf82cd1",
    "x": -25.024322509765625,
    "y": 1.2581802606582642,
    "loudness": 0.99068403244,
    "raspiness": 0.055005621165,
    "color": 3.69812011719,
    "location": 877.889648438,
    "stability": 0.311459392309,
    "tonality": 0.391506701708
}