{
    "name": "4cf82cd1",
    "x": -2.1061689853668213,
    "y": 6.861617088317871,
    "loudness": 0.99068403244,
    "raspiness": 0.055005621165,
    "color": 3.69812011719,
    "location": 877.889648438,
    "stability": 0.311459392309,
    "tonality": 0.391506701708
}