{
    "name": "4cf956a5",
    "x": 0.45107558369636536,
    "y": 4.770153999328613,
    "loudness": 0.973209381104,
    "raspiness": 0.0115501247346,
    "color": 30.6267127991,
    "location": 1401.9864502,
    "stability": 0.0763629227877,
    "tonality": 0.474831283092
}