{
    "name": "4cfcad44",
    "x": -3.188589572906494,
    "y": -3.792789936065674,
    "loudness": 0.959326028824,
    "raspiness": 0.0901359021664,
    "color": 40.5923957825,
    "location": 43.650523067427265,
    "stability": 0.147136971354,
    "tonality": 0.480163097382
}