{
    "name": "4cfcad44",
    "x": -2.229489326477051,
    "y": -4.0945658683776855,
    "loudness": 0.959326028824,
    "raspiness": 0.0901359021664,
    "color": 40.5923957825,
    "location": 1905.36816406,
    "stability": 0.147136971354,
    "tonality": 0.480163097382
}