{
    "name": "4d08e621",
    "x": 0.018123377114534378,
    "y": 42.671287536621094,
    "loudness": 0.951280891895,
    "raspiness": 0.0252620074898,
    "color": 10.7687530518,
    "location": 23.102619290158422,
    "stability": 0.736776709557,
    "tonality": 0.45309010148
}