{
    "name": "4d08e621",
    "x": -4.096240043640137,
    "y": 54.51472854614258,
    "loudness": 0.951280891895,
    "raspiness": 0.0252620074898,
    "color": 10.7687530518,
    "location": 533.731018066,
    "stability": 0.736776709557,
    "tonality": 0.45309010148
}