{
    "name": "4d089998",
    "x": 25.52332878112793,
    "y": -19.652183532714844,
    "loudness": 0.0790354982018,
    "raspiness": 0.183788299561,
    "color": 202.567123413,
    "location": 3481.22265625,
    "stability": 0.540834903717,
    "tonality": 0.491153389215
}