{
    "name": "4d112cdf",
    "x": 13.86424446105957,
    "y": 19.95411491394043,
    "loudness": 0.99068403244,
    "raspiness": 0.0631853044033,
    "color": 19.3065948486,
    "location": 48.60805908694565,
    "stability": 0.56524759531,
    "tonality": 0.472426921129
}