{
    "name": "4d14661a",
    "x": 1.4131441116333008,
    "y": 5.297449111938477,
    "loudness": 0.942321181297,
    "raspiness": 0.0476182736456,
    "color": 8.89198970795,
    "location": 2499.70996094,
    "stability": 0.230712532997,
    "tonality": 0.487054020166
}