{
    "name": "4d14661a",
    "x": 2.751332998275757,
    "y": -3.0371525287628174,
    "loudness": 0.942321181297,
    "raspiness": 0.0476182736456,
    "color": 8.89198970795,
    "location": 2499.70996094,
    "stability": 0.230712532997,
    "tonality": 0.487054020166
}