{
    "name": "4d2048b5",
    "x": 7.739132881164551,
    "y": 11.014204025268555,
    "loudness": 0.970792353153,
    "raspiness": 0.162299260497,
    "color": 16.7642326355,
    "location": 2737.35327148,
    "stability": 0.8524954319,
    "tonality": 0.492405086756
}