{
    "name": "4d275e00",
    "x": 7.14716100692749,
    "y": 2.8515446186065674,
    "loudness": 0.00958355609328,
    "raspiness": 0.225172773004,
    "color": 192.873519897,
    "location": 3622.29931641,
    "stability": 0.484278470278,
    "tonality": 0.492337048054
}