{
    "name": "4d275e00",
    "x": 27.698266983032227,
    "y": -20.58468246459961,
    "loudness": 0.00958355609328,
    "raspiness": 0.225172773004,
    "color": 192.873519897,
    "location": 3622.29931641,
    "stability": 0.484278470278,
    "tonality": 0.492337048054
}