{
    "name": "4d29f283",
    "x": 40.03662872314453,
    "y": -9.998900413513184,
    "loudness": 0.99068403244,
    "raspiness": 0.262161612511,
    "color": 244.821762085,
    "location": 3928.03710938,
    "stability": 0.599292814732,
    "tonality": 0.491268634796
}