{
    "name": "4d29f283",
    "x": 39.5915412902832,
    "y": -7.077760696411133,
    "loudness": 0.99068403244,
    "raspiness": 0.262161612511,
    "color": 244.821762085,
    "location": 62.67405451524578,
    "stability": 0.599292814732,
    "tonality": 0.491268634796
}