{
    "name": "4d2c6692",
    "x": -3.0530524253845215,
    "y": 8.893924713134766,
    "loudness": 0.860472023487,
    "raspiness": 0.0362628363073,
    "color": 13.6629562378,
    "location": 658.644592285,
    "stability": 0.485034763813,
    "tonality": 0.35419139266
}