{
    "name": "4d2ed112",
    "x": 6.583901882171631,
    "y": 11.281807899475098,
    "loudness": 0.739509344101,
    "raspiness": 0.124777525663,
    "color": 24.1798191071,
    "location": 2519.94506836,
    "stability": 0.747662007809,
    "tonality": 0.492009282112
}