{
    "name": "4d2ed112",
    "x": 29.99422264099121,
    "y": 22.282970428466797,
    "loudness": 0.739509344101,
    "raspiness": 0.124777525663,
    "color": 24.1798191071,
    "location": 50.19905445683215,
    "stability": 0.747662007809,
    "tonality": 0.492009282112
}