{
    "name": "4d3d3294",
    "x": -2.022554874420166,
    "y": 8.930681228637695,
    "loudness": 0.99068403244,
    "raspiness": 0.0311904530972,
    "color": 5.37557888031,
    "location": 834.569641113,
    "stability": 0.450221657753,
    "tonality": 0.388882994652
}