{
    "name": "4d416fe0",
    "x": 2.600156545639038,
    "y": 11.854928016662598,
    "loudness": 0.751884520054,
    "raspiness": 0.0766488015652,
    "color": 144.441223145,
    "location": 38.06137429061121,
    "stability": 0.494565099478,
    "tonality": 0.451320916414
}