{
    "name": "4d41f847",
    "x": 23.320585250854492,
    "y": -0.04357767850160599,
    "loudness": 0.658169448376,
    "raspiness": 0.186642795801,
    "color": 17.8810310364,
    "location": 49.5487794296691,
    "stability": 0.572515487671,
    "tonality": 0.464520394802
}