{
    "name": "4d41f847",
    "x": 22.194074630737305,
    "y": 2.157524824142456,
    "loudness": 0.658169448376,
    "raspiness": 0.186642795801,
    "color": 17.8810310364,
    "location": 2455.08154297,
    "stability": 0.572515487671,
    "tonality": 0.464520394802
}