{
    "name": "4d416fe0",
    "x": 1.9754232168197632,
    "y": 11.466084480285645,
    "loudness": 0.751884520054,
    "raspiness": 0.0766488015652,
    "color": 144.441223145,
    "location": 1448.66821289,
    "stability": 0.494565099478,
    "tonality": 0.451320916414
}