{
    "name": "4d487056",
    "x": -36.41191482543945,
    "y": 0.3844274580478668,
    "loudness": 0.907816529274,
    "raspiness": 0.0257439427078,
    "color": 8.13704776764,
    "location": 24.81115811273226,
    "stability": 0.381762832403,
    "tonality": 0.320326566696
}