{
    "name": "4d4af5dd",
    "x": -26.15738868713379,
    "y": -4.261072158813477,
    "loudness": 0.70629709959,
    "raspiness": 0.0083557991311,
    "color": 12.4661598206,
    "location": 19.314306082124723,
    "stability": 0.29389950633,
    "tonality": 0.353696376085
}