{
    "name": "4d5430cf",
    "x": 0.4639078676700592,
    "y": 8.299585342407227,
    "loudness": 0.99068403244,
    "raspiness": 0.0238850917667,
    "color": 7.43350315094,
    "location": 536.808776855,
    "stability": 0.506941080093,
    "tonality": 0.426623225212
}