{
    "name": "4d5430cf",
    "x": -17.124797821044922,
    "y": 22.454452514648438,
    "loudness": 0.99068403244,
    "raspiness": 0.0238850917667,
    "color": 7.43350315094,
    "location": 23.1691341412449,
    "stability": 0.506941080093,
    "tonality": 0.426623225212
}