{
    "name": "4d55013e",
    "x": -13.109346389770508,
    "y": -40.77583312988281,
    "loudness": 0.000247830990702,
    "raspiness": 0.0512378141284,
    "color": 2.81393384933,
    "location": 597.510192871,
    "stability": 0.17208814621,
    "tonality": 0.347237944603
}