{
    "name": "4d55013e",
    "x": -17.232179641723633,
    "y": -27.924503326416016,
    "loudness": 0.000247830990702,
    "raspiness": 0.0512378141284,
    "color": 2.81393384933,
    "location": 24.444021618199407,
    "stability": 0.17208814621,
    "tonality": 0.347237944603
}