{
    "name": "4d596bea",
    "x": -0.6166257858276367,
    "y": 5.097426891326904,
    "loudness": 0.99068403244,
    "raspiness": 0.0126488097012,
    "color": 7.68378257751,
    "location": 396.254455566,
    "stability": 0.113354682922,
    "tonality": 0.441171497107
}