{
    "name": "4d596bea",
    "x": -17.473316192626953,
    "y": -8.686042785644531,
    "loudness": 0.99068403244,
    "raspiness": 0.0126488097012,
    "color": 7.68378257751,
    "location": 19.906141152066617,
    "stability": 0.113354682922,
    "tonality": 0.441171497107
}