{
    "name": "4d61a3c6",
    "x": 0.5800369381904602,
    "y": -20.619369506835938,
    "loudness": 0.0712077692151,
    "raspiness": 0.025799786672,
    "color": 4.51496458054,
    "location": 377.431243896,
    "stability": 0.655044496059,
    "tonality": 0.441191077232
}