{
    "name": "4d68f059",
    "x": -9.411992073059082,
    "y": -34.395233154296875,
    "loudness": 0.00539472326636,
    "raspiness": 0.0256335511804,
    "color": 4.15699577332,
    "location": 300.30090332,
    "stability": 0.30343323946,
    "tonality": 0.381426393986
}