{
    "name": "4d740ed8",
    "x": -0.7991278767585754,
    "y": 6.444439888000488,
    "loudness": 0.99068403244,
    "raspiness": 0.0261387974024,
    "color": 3.88996744156,
    "location": 950.820800781,
    "stability": 0.306324928999,
    "tonality": 0.424091160297
}