{
    "name": "4d740ed8",
    "x": -16.800662994384766,
    "y": 1.5380895137786865,
    "loudness": 0.99068403244,
    "raspiness": 0.0261387974024,
    "color": 3.88996744156,
    "location": 30.835382286928112,
    "stability": 0.306324928999,
    "tonality": 0.424091160297
}