{
    "name": "4d740ed8",
    "x": -19.746219635009766,
    "y": 0.9167789816856384,
    "loudness": 0.99068403244,
    "raspiness": 0.0261387974024,
    "color": 3.88996744156,
    "location": 950.820800781,
    "stability": 0.306324928999,
    "tonality": 0.424091160297
}