{
    "name": "4d7dbbf9",
    "x": 32.63794708251953,
    "y": 3.9424846172332764,
    "loudness": 0.99068403244,
    "raspiness": 0.187315240502,
    "color": 2.41661858559,
    "location": 3411.79638672,
    "stability": 0.523798763752,
    "tonality": 0.488730341196
}