{
    "name": "4d7f8b65",
    "x": -0.692850649356842,
    "y": 18.090099334716797,
    "loudness": 0.99068403244,
    "raspiness": 0.073063544929,
    "color": 27.2064800262,
    "location": 43.2534390002691,
    "stability": 0.502198338509,
    "tonality": 0.436133742332
}