{
    "name": "4d7f8b65",
    "x": 3.6772053241729736,
    "y": 8.128763198852539,
    "loudness": 0.99068403244,
    "raspiness": 0.073063544929,
    "color": 27.2064800262,
    "location": 1870.85998535,
    "stability": 0.502198338509,
    "tonality": 0.436133742332
}