{
    "name": "4d94495f",
    "x": -13.633689880371094,
    "y": 39.971317291259766,
    "loudness": 0.789856016636,
    "raspiness": 0.0634080767632,
    "color": 24.8004760742,
    "location": 1378.17883301,
    "stability": 0.709839403629,
    "tonality": 0.411448776722
}