{
    "name": "4da35b82",
    "x": -7.7368669509887695,
    "y": -6.539350509643555,
    "loudness": 0.872505962849,
    "raspiness": 0.0279099792242,
    "color": 22.9551963806,
    "location": 1425.94384766,
    "stability": 0.192906051874,
    "tonality": 0.481540322304
}