{
    "name": "4da35b82",
    "x": 0.629046618938446,
    "y": 4.874882698059082,
    "loudness": 0.872505962849,
    "raspiness": 0.0279099792242,
    "color": 22.9551963806,
    "location": 1425.94384766,
    "stability": 0.192906051874,
    "tonality": 0.481540322304
}