{
    "name": "4da35b82",
    "x": -6.851759433746338,
    "y": -5.1361284255981445,
    "loudness": 0.872505962849,
    "raspiness": 0.0279099792242,
    "color": 22.9551963806,
    "location": 37.76167167459619,
    "stability": 0.192906051874,
    "tonality": 0.481540322304
}