{
    "name": "4da6ae4b",
    "x": -27.795957565307617,
    "y": -6.797465801239014,
    "loudness": 0.882379174232,
    "raspiness": 0.0319579467177,
    "color": 7.45606851578,
    "location": 904.68157959,
    "stability": 0.28504383564,
    "tonality": 0.359808415174
}