{
    "name": "4da6a5e7",
    "x": -26.26348304748535,
    "y": 18.882457733154297,
    "loudness": 0.905258357525,
    "raspiness": 0.0543482378125,
    "color": 13.6334552765,
    "location": 1278.20715332,
    "stability": 0.487255871296,
    "tonality": 0.395864486694
}