{
    "name": "4da6ae4b",
    "x": -27.02716636657715,
    "y": -2.474202871322632,
    "loudness": 0.882379174232,
    "raspiness": 0.0319579467177,
    "color": 7.45606851578,
    "location": 30.077925121091713,
    "stability": 0.28504383564,
    "tonality": 0.359808415174
}