{
    "name": "4da6ae4b",
    "x": -3.058300495147705,
    "y": 7.255154132843018,
    "loudness": 0.882379174232,
    "raspiness": 0.0319579467177,
    "color": 7.45606851578,
    "location": 904.68157959,
    "stability": 0.28504383564,
    "tonality": 0.359808415174
}