{
    "name": "4dad3b5f",
    "x": 24.182537078857422,
    "y": 32.04801940917969,
    "loudness": 0.975846350193,
    "raspiness": 0.109106093645,
    "color": 4.33336782455,
    "location": 44.3405387204531,
    "stability": 0.69853246212,
    "tonality": 0.47919139266
}