{
    "name": "4dad3b5f",
    "x": 28.091327667236328,
    "y": 38.167972564697266,
    "loudness": 0.975846350193,
    "raspiness": 0.109106093645,
    "color": 4.33336782455,
    "location": 1966.08337402,
    "stability": 0.69853246212,
    "tonality": 0.47919139266
}