{
    "name": "4dbfc1bf",
    "x": 1.3857160806655884,
    "y": -22.22188949584961,
    "loudness": 0.000416493887315,
    "raspiness": 0.0691613182425,
    "color": 7.29304647446,
    "location": 741.685546875,
    "stability": 0.626443088055,
    "tonality": 0.443020313978
}