{
    "name": "4dd5b189",
    "x": 5.144578456878662,
    "y": 8.17530632019043,
    "loudness": 0.99068403244,
    "raspiness": 0.170532226562,
    "color": 2.52106404305,
    "location": 2156.76464844,
    "stability": 0.522588193417,
    "tonality": 0.421524554491
}