{
    "name": "4de60e0b",
    "x": 4.617363452911377,
    "y": 3.610294818878174,
    "loudness": 0.491308540106,
    "raspiness": 0.0528404004872,
    "color": 7.05707883835,
    "location": 1194.8470459,
    "stability": 0.7379103899,
    "tonality": 0.474101662636
}