{
    "name": "4df26574",
    "x": -4.137143611907959,
    "y": 33.713436126708984,
    "loudness": 0.8292760849,
    "raspiness": 0.0145946713164,
    "color": 5.76104593277,
    "location": 18.057612302322806,
    "stability": 0.659023880959,
    "tonality": 0.45944032073
}