{
    "name": "4df26574",
    "x": 2.0770699977874756,
    "y": 10.99449634552002,
    "loudness": 0.8292760849,
    "raspiness": 0.0145946713164,
    "color": 5.76104593277,
    "location": 326.077362061,
    "stability": 0.659023880959,
    "tonality": 0.45944032073
}