{
    "name": "4df5d2b7",
    "x": -39.819828033447266,
    "y": -2.0544540882110596,
    "loudness": 0.912498176098,
    "raspiness": 0.0175195317715,
    "color": 9.39260005951,
    "location": 369.634399414,
    "stability": 0.410439789295,
    "tonality": 0.336457341909
}