{
    "name": "4df58619",
    "x": -0.5834401249885559,
    "y": -32.88166046142578,
    "loudness": 0.00862090103328,
    "raspiness": 0.013733423315,
    "color": 4.7755689621,
    "location": 797.16192627,
    "stability": 0.313263505697,
    "tonality": 0.461772829294
}