{
    "name": "4df58619",
    "x": -3.998459577560425,
    "y": -21.334829330444336,
    "loudness": 0.00862090103328,
    "raspiness": 0.013733423315,
    "color": 4.7755689621,
    "location": 28.234056142715307,
    "stability": 0.313263505697,
    "tonality": 0.461772829294
}