{
    "name": "4dfdad9e",
    "x": 5.9394001960754395,
    "y": 8.211213111877441,
    "loudness": 0.99068403244,
    "raspiness": 0.113661020994,
    "color": 11.1653013229,
    "location": 2640.57128906,
    "stability": 0.578801631927,
    "tonality": 0.475582003593
}