{
    "name": "4dfdad9e",
    "x": 22.118513107299805,
    "y": 16.60785675048828,
    "loudness": 0.99068403244,
    "raspiness": 0.113661020994,
    "color": 11.1653013229,
    "location": 51.38648936306118,
    "stability": 0.578801631927,
    "tonality": 0.475582003593
}