{
    "name": "4e02950c",
    "x": 6.176122188568115,
    "y": -16.67575454711914,
    "loudness": 0.141037464142,
    "raspiness": 0.0472705364227,
    "color": 5.30372953415,
    "location": 1016.8425293,
    "stability": 0.669293045998,
    "tonality": 0.458679825068
}