{
    "name": "4e05b749",
    "x": 5.818287372589111,
    "y": 29.0139102935791,
    "loudness": 0.879305839539,
    "raspiness": 0.062515579164,
    "color": 33.3373832703,
    "location": 1578.19921875,
    "stability": 0.549147069454,
    "tonality": 0.48173803091
}