{
    "name": "4e05b749",
    "x": 5.9154486656188965,
    "y": 21.191545486450195,
    "loudness": 0.879305839539,
    "raspiness": 0.062515579164,
    "color": 33.3373832703,
    "location": 39.726555586282586,
    "stability": 0.549147069454,
    "tonality": 0.48173803091
}