{
    "name": "4e11d778",
    "x": -11.117585182189941,
    "y": 21.585735321044922,
    "loudness": 0.99068403244,
    "raspiness": 0.0463053397834,
    "color": 2.37847399712,
    "location": 614.228027344,
    "stability": 0.462108671665,
    "tonality": 0.475783795118
}