{
    "name": "4e15c09c",
    "x": 8.26462459564209,
    "y": 9.756781578063965,
    "loudness": 0.842800319195,
    "raspiness": 0.138002380729,
    "color": 9.63341426849,
    "location": 3339.43481445,
    "stability": 0.75924539566,
    "tonality": 0.491666197777
}