{
    "name": "4e1af22c",
    "x": 1.281964898109436,
    "y": -12.658086776733398,
    "loudness": 0.43911164999,
    "raspiness": 0.0430677495897,
    "color": 12.2037181854,
    "location": 1975.55480957,
    "stability": 0.27805891633,
    "tonality": 0.487612336874
}