{
    "name": "4e1af22c",
    "x": 1.0782651901245117,
    "y": -9.120428085327148,
    "loudness": 0.43911164999,
    "raspiness": 0.0430677495897,
    "color": 12.2037181854,
    "location": 44.44721374360827,
    "stability": 0.27805891633,
    "tonality": 0.487612336874
}