{
    "name": "4e1af22c",
    "x": 2.716296672821045,
    "y": 4.182937145233154,
    "loudness": 0.43911164999,
    "raspiness": 0.0430677495897,
    "color": 12.2037181854,
    "location": 1975.55480957,
    "stability": 0.27805891633,
    "tonality": 0.487612336874
}