{
    "name": "4e1f8e90",
    "x": -14.155746459960938,
    "y": 17.337305068969727,
    "loudness": 0.958159387112,
    "raspiness": 0.0515614375472,
    "color": 29.8358287811,
    "location": 38.80917388376104,
    "stability": 0.456283032894,
    "tonality": 0.416577100754
}