{
    "name": "4e1f8e90",
    "x": -16.28305435180664,
    "y": 20.119321823120117,
    "loudness": 0.958159387112,
    "raspiness": 0.0515614375472,
    "color": 29.8358287811,
    "location": 1506.15197754,
    "stability": 0.456283032894,
    "tonality": 0.416577100754
}