{
    "name": "4e249374",
    "x": 36.5220832824707,
    "y": 29.87623405456543,
    "loudness": 0.965977728367,
    "raspiness": 0.115117967129,
    "color": 31.8779659271,
    "location": 2677.68188477,
    "stability": 0.706961929798,
    "tonality": 0.481400460005
}