{
    "name": "4e249374",
    "x": 6.969243049621582,
    "y": 10.808259010314941,
    "loudness": 0.965977728367,
    "raspiness": 0.115117967129,
    "color": 31.8779659271,
    "location": 2677.68188477,
    "stability": 0.706961929798,
    "tonality": 0.481400460005
}