{
    "name": "4e249374",
    "x": 32.60551452636719,
    "y": 24.745391845703125,
    "loudness": 0.965977728367,
    "raspiness": 0.115117967129,
    "color": 31.8779659271,
    "location": 51.74632242749237,
    "stability": 0.706961929798,
    "tonality": 0.481400460005
}