{
    "name": "4e260295",
    "x": 45.6932258605957,
    "y": -2.238741397857666,
    "loudness": 0.942186295986,
    "raspiness": 0.296249717474,
    "color": 135.955337524,
    "location": 59.26688759197668,
    "stability": 0.721414744854,
    "tonality": 0.486529111862
}