{
    "name": "4e383c90",
    "x": 7.8045220375061035,
    "y": 7.0776753425598145,
    "loudness": 0.99068403244,
    "raspiness": 0.249448522925,
    "color": 102.272842407,
    "location": 2906.65673828,
    "stability": 0.368786007166,
    "tonality": 0.486755222082
}