{
    "name": "4e383c90",
    "x": 28.430139541625977,
    "y": 0.3090401291847229,
    "loudness": 0.99068403244,
    "raspiness": 0.249448522925,
    "color": 102.272842407,
    "location": 53.91341890735552,
    "stability": 0.368786007166,
    "tonality": 0.486755222082
}