{
    "name": "4e48e683",
    "x": 2.470069169998169,
    "y": 33.602142333984375,
    "loudness": 0.762627959251,
    "raspiness": 0.0459823422134,
    "color": 4.91135931015,
    "location": 936.664855957,
    "stability": 0.676701843739,
    "tonality": 0.463409543037
}