{
    "name": "4e48e683",
    "x": 3.4808506965637207,
    "y": 28.941911697387695,
    "loudness": 0.762627959251,
    "raspiness": 0.0459823422134,
    "color": 4.91135931015,
    "location": 30.60498090110497,
    "stability": 0.676701843739,
    "tonality": 0.463409543037
}