{
    "name": "4e4b9381",
    "x": 45.29415512084961,
    "y": 10.173590660095215,
    "loudness": 0.99068403244,
    "raspiness": 0.222374543548,
    "color": 26.0478229523,
    "location": 3097.39111328,
    "stability": 0.683105766773,
    "tonality": 0.479000240564
}