{
    "name": "4e556dc5",
    "x": 13.922903060913086,
    "y": 53.042236328125,
    "loudness": 0.953357279301,
    "raspiness": 0.0536219775677,
    "color": 4.65181255341,
    "location": 1227.02563477,
    "stability": 0.76771146059,
    "tonality": 0.477694988251
}