{
    "name": "4e5c2133",
    "x": 32.657066345214844,
    "y": -34.31013870239258,
    "loudness": 0.989794671535,
    "raspiness": 0.502807617188,
    "color": 1193.77270508,
    "location": 6726.92822266,
    "stability": 0.766781806946,
    "tonality": 0.497594088316
}