{
    "name": "4e5d8e2c",
    "x": 29.396202087402344,
    "y": -14.94630241394043,
    "loudness": 0.00436559692025,
    "raspiness": 0.328140109777,
    "color": 225.344528198,
    "location": 59.59740009144694,
    "stability": 0.723178446293,
    "tonality": 0.490869492292
}