{
    "name": "4e66921a",
    "x": -14.718901634216309,
    "y": 5.1890740394592285,
    "loudness": 0.98614013195,
    "raspiness": 0.0194070637226,
    "color": 9.05900096893,
    "location": 26.67559105630089,
    "stability": 0.359508663416,
    "tonality": 0.441197246313
}