{
    "name": "4e66921a",
    "x": -17.732847213745117,
    "y": 6.30661153793335,
    "loudness": 0.98614013195,
    "raspiness": 0.0194070637226,
    "color": 9.05900096893,
    "location": 711.587158203,
    "stability": 0.359508663416,
    "tonality": 0.441197246313
}