{
    "name": "4e74d920",
    "x": -3.2965736389160156,
    "y": 9.176210403442383,
    "loudness": 0.99068403244,
    "raspiness": 0.121192723513,
    "color": 2.6719763279,
    "location": 1699.40808105,
    "stability": 0.504026055336,
    "tonality": 0.355107247829
}