{
    "name": "4e82d86d",
    "x": -31.106779098510742,
    "y": 10.392688751220703,
    "loudness": 0.980921149254,
    "raspiness": 0.0274855606258,
    "color": 18.2242412567,
    "location": 822.833984375,
    "stability": 0.423469007015,
    "tonality": 0.381312072277
}