{
    "name": "4e8a6556",
    "x": 20.577795028686523,
    "y": 16.68425750732422,
    "loudness": 0.99068403244,
    "raspiness": 0.126258522272,
    "color": 9.37930679321,
    "location": 47.27906833610408,
    "stability": 0.560748577118,
    "tonality": 0.480622023344
}