{
    "name": "4e8c24e1",
    "x": 15.95942497253418,
    "y": 30.687774658203125,
    "loudness": 0.94728076458,
    "raspiness": 0.0954331085086,
    "color": 10.7799768448,
    "location": 1959.19580078,
    "stability": 0.586826503277,
    "tonality": 0.477723270655
}