{
    "name": "4e91242e",
    "x": 9.253094673156738,
    "y": 45.52357864379883,
    "loudness": 0.99068403244,
    "raspiness": 0.0852124765515,
    "color": 2.61489486694,
    "location": 1303.1027832,
    "stability": 0.652595698833,
    "tonality": 0.470517188311
}