{
    "name": "4e93661c",
    "x": -1.5156190395355225,
    "y": 6.57875394821167,
    "loudness": 0.99068403244,
    "raspiness": 0.0135216349736,
    "color": 3.95574140549,
    "location": 1037.22607422,
    "stability": 0.24715217948,
    "tonality": 0.393613040447
}