{
    "name": "4e93661c",
    "x": -20.897462844848633,
    "y": -2.0103516578674316,
    "loudness": 0.99068403244,
    "raspiness": 0.0135216349736,
    "color": 3.95574140549,
    "location": 32.20599438334423,
    "stability": 0.24715217948,
    "tonality": 0.393613040447
}