{
    "name": "4ea11a81",
    "x": 6.57553243637085,
    "y": 10.48177433013916,
    "loudness": 0.879811286926,
    "raspiness": 0.128088384867,
    "color": 26.5754508972,
    "location": 1978.60742188,
    "stability": 0.685273885727,
    "tonality": 0.47897785902
}