{
    "name": "4ea11a81",
    "x": 26.373746871948242,
    "y": 26.131000518798828,
    "loudness": 0.879811286926,
    "raspiness": 0.128088384867,
    "color": 26.5754508972,
    "location": 44.48154023727146,
    "stability": 0.685273885727,
    "tonality": 0.47897785902
}