{
    "name": "4ea11a81",
    "x": 28.75725555419922,
    "y": 30.456279754638672,
    "loudness": 0.879811286926,
    "raspiness": 0.128088384867,
    "color": 26.5754508972,
    "location": 1978.60742188,
    "stability": 0.685273885727,
    "tonality": 0.47897785902
}