{
    "name": "4eb1742d",
    "x": 48.42730712890625,
    "y": -1.7784855365753174,
    "loudness": 0.989570975304,
    "raspiness": 0.294147372246,
    "color": 4.60792732239,
    "location": 3514.18310547,
    "stability": 0.674669325352,
    "tonality": 0.492020636797
}