{
    "name": "4eb1742d",
    "x": 45.70354461669922,
    "y": 0.6367934346199036,
    "loudness": 0.989570975304,
    "raspiness": 0.294147372246,
    "color": 4.60792732239,
    "location": 59.28054575887439,
    "stability": 0.674669325352,
    "tonality": 0.492020636797
}