{
    "name": "4eb50766",
    "x": 17.280384063720703,
    "y": 32.555450439453125,
    "loudness": 0.99068403244,
    "raspiness": 0.0693540200591,
    "color": 18.9080028534,
    "location": 43.5987298342509,
    "stability": 0.649450004101,
    "tonality": 0.485001564026
}