{
    "name": "4ebe9797",
    "x": -37.50550842285156,
    "y": -7.3778395652771,
    "loudness": 0.958862900734,
    "raspiness": 0.040471740067,
    "color": 35.7193527222,
    "location": 34.48394844271752,
    "stability": 0.27858287096,
    "tonality": 0.279104828835
}