{
    "name": "4ebe9797",
    "x": -38.12638473510742,
    "y": -17.977415084838867,
    "loudness": 0.958862900734,
    "raspiness": 0.040471740067,
    "color": 35.7193527222,
    "location": 1189.1427002,
    "stability": 0.27858287096,
    "tonality": 0.279104828835
}