{
    "name": "4ec9b517",
    "x": 8.736769676208496,
    "y": 9.631065368652344,
    "loudness": 0.99068403244,
    "raspiness": 0.175364181399,
    "color": 124.492828369,
    "location": 2951.70483398,
    "stability": 0.80034250021,
    "tonality": 0.480769068003
}