{
    "name": "4ed35e10",
    "x": 0.7141819000244141,
    "y": 7.231058597564697,
    "loudness": 0.969998717308,
    "raspiness": 0.0238320305943,
    "color": 30.1604633331,
    "location": 356.101104736,
    "stability": 0.417992413044,
    "tonality": 0.468322247267
}