{
    "name": "4edb4195",
    "x": 5.02040433883667,
    "y": 3.7456209659576416,
    "loudness": 0.437871783972,
    "raspiness": 0.0922294929624,
    "color": 14.9866104126,
    "location": 1652.0682373,
    "stability": 0.672147452831,
    "tonality": 0.45718690753
}