{
    "name": "4ee33e64",
    "x": 10.572672843933105,
    "y": 7.545273303985596,
    "loudness": 0.99068403244,
    "raspiness": 0.28337803483,
    "color": 153.446243286,
    "location": 4299.16796875,
    "stability": 0.640730977058,
    "tonality": 0.493234425783
}