{
    "name": "4ef89422",
    "x": 24.628673553466797,
    "y": 52.30324172973633,
    "loudness": 0.99068403244,
    "raspiness": 0.0657319575548,
    "color": 39.1838188171,
    "location": 1714.9317627,
    "stability": 0.806850135326,
    "tonality": 0.472920954227
}