{
    "name": "4efc103c",
    "x": 43.74753952026367,
    "y": 1.8684900999069214,
    "loudness": 0.963835597038,
    "raspiness": 0.263871103525,
    "color": 32.8041114807,
    "location": 60.118896682158095,
    "stability": 0.668585538864,
    "tonality": 0.49067774415
}