{
    "name": "4efc103c",
    "x": 9.543039321899414,
    "y": 7.893216609954834,
    "loudness": 0.963835597038,
    "raspiness": 0.263871103525,
    "color": 32.8041114807,
    "location": 3614.28173828,
    "stability": 0.668585538864,
    "tonality": 0.49067774415
}