{
    "name": "4f02375d",
    "x": -10.908820152282715,
    "y": -37.285587310791016,
    "loudness": 0.0470547303557,
    "raspiness": 0.00746626406908,
    "color": 12.8869037628,
    "location": 214.78515625,
    "stability": 0.246186360717,
    "tonality": 0.368446290493
}