{
    "name": "4f0289dc",
    "x": 35.8464469909668,
    "y": -4.686097145080566,
    "loudness": 0.666994094849,
    "raspiness": 0.262449264526,
    "color": 91.9647674561,
    "location": 61.21360725271792,
    "stability": 0.635994017124,
    "tonality": 0.490072399378
}