{
    "name": "4f02375d",
    "x": 3.0660243034362793,
    "y": 0.23964141309261322,
    "loudness": 0.0470547303557,
    "raspiness": 0.00746626406908,
    "color": 12.8869037628,
    "location": 214.78515625,
    "stability": 0.246186360717,
    "tonality": 0.368446290493
}