{
    "name": "4f0289dc",
    "x": 36.349327087402344,
    "y": -7.870362281799316,
    "loudness": 0.666994094849,
    "raspiness": 0.262449264526,
    "color": 91.9647674561,
    "location": 3747.10571289,
    "stability": 0.635994017124,
    "tonality": 0.490072399378
}