{
    "name": "4f02375d",
    "x": -14.431609153747559,
    "y": -26.774412155151367,
    "loudness": 0.0470547303557,
    "raspiness": 0.00746626406908,
    "color": 12.8869037628,
    "location": 14.65555035643493,
    "stability": 0.246186360717,
    "tonality": 0.368446290493
}