{
    "name": "4f077f1b",
    "x": 1.7964699268341064,
    "y": -9.460862159729004,
    "loudness": 0.533899366856,
    "raspiness": 0.0290173254907,
    "color": 11.8382730484,
    "location": 2791.04345703,
    "stability": 0.24274276197,
    "tonality": 0.489844322205
}