{
    "name": "4f077f1b",
    "x": 2.5339176654815674,
    "y": 4.368327617645264,
    "loudness": 0.533899366856,
    "raspiness": 0.0290173254907,
    "color": 11.8382730484,
    "location": 2791.04345703,
    "stability": 0.24274276197,
    "tonality": 0.489844322205
}