{
    "name": "4f0c9c17",
    "x": -22.994613647460938,
    "y": 26.035133361816406,
    "loudness": 0.98340255022,
    "raspiness": 0.0547571331263,
    "color": 53.5192565918,
    "location": 33.789265714720706,
    "stability": 0.547444939613,
    "tonality": 0.386392742395
}