{
    "name": "4f0c9c17",
    "x": -1.0665264129638672,
    "y": 10.102144241333008,
    "loudness": 0.98340255022,
    "raspiness": 0.0547571331263,
    "color": 53.5192565918,
    "location": 1141.71447754,
    "stability": 0.547444939613,
    "tonality": 0.386392742395
}