{
    "name": "4f1fa214",
    "x": -7.012188911437988,
    "y": 16.75278663635254,
    "loudness": 0.99068403244,
    "raspiness": 0.0555419921875,
    "color": 9.00000095367,
    "location": 30.540458485294554,
    "stability": 0.461181879044,
    "tonality": 0.460938036442
}