{
    "name": "4f1fa214",
    "x": -9.920448303222656,
    "y": 21.152523040771484,
    "loudness": 0.99068403244,
    "raspiness": 0.0555419921875,
    "color": 9.00000095367,
    "location": 932.719604492,
    "stability": 0.461181879044,
    "tonality": 0.460938036442
}