{
    "name": "4f1fa214",
    "x": 1.148306131362915,
    "y": 7.74337911605835,
    "loudness": 0.99068403244,
    "raspiness": 0.0555419921875,
    "color": 9.00000095367,
    "location": 932.719604492,
    "stability": 0.461181879044,
    "tonality": 0.460938036442
}