{
    "name": "4f224ce4",
    "x": 2.5880634784698486,
    "y": 4.207763671875,
    "loudness": 0.508853554726,
    "raspiness": 0.0406355708838,
    "color": 9.21270656586,
    "location": 1814.60644531,
    "stability": 0.248930200934,
    "tonality": 0.465925306082
}