{
    "name": "4f2ba735",
    "x": 1.273635745048523,
    "y": 9.156661987304688,
    "loudness": 0.99068403244,
    "raspiness": 0.0445638038218,
    "color": 5.47675085068,
    "location": 771.459655762,
    "stability": 0.532929599285,
    "tonality": 0.45534107089
}