{
    "name": "4f2ba735",
    "x": -8.462949752807617,
    "y": 24.936731338500977,
    "loudness": 0.99068403244,
    "raspiness": 0.0445638038218,
    "color": 5.47675085068,
    "location": 27.77516256949723,
    "stability": 0.532929599285,
    "tonality": 0.45534107089
}