{
    "name": "4f2f568c",
    "x": 1.634830117225647,
    "y": 31.26217269897461,
    "loudness": 0.700418174267,
    "raspiness": 0.0569738484919,
    "color": 7.36971998215,
    "location": 570.835083008,
    "stability": 0.718120515347,
    "tonality": 0.458464562893
}