{
    "name": "4f36f736",
    "x": 49.30587387084961,
    "y": 10.154258728027344,
    "loudness": 0.987282395363,
    "raspiness": 0.210886314511,
    "color": 82.7884979248,
    "location": 62.90472667987677,
    "stability": 0.846184134483,
    "tonality": 0.493344038725
}