{
    "name": "4f36f736",
    "x": 9.522637367248535,
    "y": 9.236310005187988,
    "loudness": 0.987282395363,
    "raspiness": 0.210886314511,
    "color": 82.7884979248,
    "location": 3957.00463867,
    "stability": 0.846184134483,
    "tonality": 0.493344038725
}