{
    "name": "4f4999f9",
    "x": 8.369856834411621,
    "y": 9.953900337219238,
    "loudness": 0.99068403244,
    "raspiness": 0.150508999825,
    "color": 3.58235239983,
    "location": 3094.42333984,
    "stability": 0.758659660816,
    "tonality": 0.49891975522
}