{
    "name": "4f4d865f",
    "x": 22.622955322265625,
    "y": 22.513896942138672,
    "loudness": 0.813740730286,
    "raspiness": 0.106000885367,
    "color": 10.3050680161,
    "location": 47.1715256487428,
    "stability": 0.640821099281,
    "tonality": 0.479322195053
}