{
    "name": "4f5924a7",
    "x": 46.65168380737305,
    "y": -9.259552955627441,
    "loudness": 0.987875938416,
    "raspiness": 0.339438825846,
    "color": 53.0684967041,
    "location": 4106.17675781,
    "stability": 0.615146398544,
    "tonality": 0.495687663555
}