{
    "name": "4f5924a7",
    "x": 44.822757720947266,
    "y": -6.320323944091797,
    "loudness": 0.987875938416,
    "raspiness": 0.339438825846,
    "color": 53.0684967041,
    "location": 64.07945659733703,
    "stability": 0.615146398544,
    "tonality": 0.495687663555
}