{
    "name": "4f5a5cd7",
    "x": 11.013479232788086,
    "y": 33.11289596557617,
    "loudness": 0.99068403244,
    "raspiness": 0.0940755233169,
    "color": 11.9183654785,
    "location": 43.94716176660331,
    "stability": 0.674254477024,
    "tonality": 0.437505066395
}