{
    "name": "4f5a5cd7",
    "x": 13.392943382263184,
    "y": 40.932186126708984,
    "loudness": 0.99068403244,
    "raspiness": 0.0940755233169,
    "color": 11.9183654785,
    "location": 1931.35302734,
    "stability": 0.674254477024,
    "tonality": 0.437505066395
}