{
    "name": "4f5a5cd7",
    "x": 4.6728692054748535,
    "y": 11.288825988769531,
    "loudness": 0.99068403244,
    "raspiness": 0.0940755233169,
    "color": 11.9183654785,
    "location": 1931.35302734,
    "stability": 0.674254477024,
    "tonality": 0.437505066395
}