{
    "name": "4f5b430d",
    "x": 3.393874168395996,
    "y": 30.24649429321289,
    "loudness": 0.99068403244,
    "raspiness": 0.0785156264901,
    "color": 27.2267723083,
    "location": 1445.93762207,
    "stability": 0.528512060642,
    "tonality": 0.479728400707
}