{
    "name": "4f5e27a8",
    "x": -25.85549545288086,
    "y": 9.170374870300293,
    "loudness": 0.99068403244,
    "raspiness": 0.0369988195598,
    "color": 9.81306648254,
    "location": 32.16436327132872,
    "stability": 0.409160554409,
    "tonality": 0.379325151443
}