{
    "name": "4f60abb7",
    "x": -14.459579467773438,
    "y": 40.739383697509766,
    "loudness": 0.816719651222,
    "raspiness": 0.0434612594545,
    "color": 13.3145399094,
    "location": 1038.84472656,
    "stability": 0.732798397541,
    "tonality": 0.412893980742
}