{
    "name": "4f600ce5",
    "x": 30.4072208404541,
    "y": 4.438806533813477,
    "loudness": 0.989530384541,
    "raspiness": 0.195848032832,
    "color": 24.9679203033,
    "location": 3200.83959961,
    "stability": 0.506764471531,
    "tonality": 0.488915979862
}