{
    "name": "4f600ce5",
    "x": 29.693574905395508,
    "y": 2.869518995285034,
    "loudness": 0.989530384541,
    "raspiness": 0.195848032832,
    "color": 24.9679203033,
    "location": 56.57596309043267,
    "stability": 0.506764471531,
    "tonality": 0.488915979862
}