{
    "name": "4f60abb7",
    "x": 0.4670986831188202,
    "y": 11.259632110595703,
    "loudness": 0.816719651222,
    "raspiness": 0.0434612594545,
    "color": 13.3145399094,
    "location": 1038.84472656,
    "stability": 0.732798397541,
    "tonality": 0.412893980742
}