{
    "name": "4f716ff6",
    "x": 4.1203083992004395,
    "y": 2.7679786682128906,
    "loudness": 0.256773144007,
    "raspiness": 0.0414422117174,
    "color": 9.52879142761,
    "location": 877.666687012,
    "stability": 0.598293125629,
    "tonality": 0.457022100687
}