{
    "name": "4f716ff6",
    "x": 3.994656562805176,
    "y": -16.005191802978516,
    "loudness": 0.256773144007,
    "raspiness": 0.0414422117174,
    "color": 9.52879142761,
    "location": 29.625439861915975,
    "stability": 0.598293125629,
    "tonality": 0.457022100687
}