{
    "name": "4f7f9b42",
    "x": 6.751009464263916,
    "y": 30.038175582885742,
    "loudness": 0.763607621193,
    "raspiness": 0.0507127195597,
    "color": 5.87149810791,
    "location": 34.36175170840392,
    "stability": 0.694581866264,
    "tonality": 0.473241567612
}