{
    "name": "4f7f9b42",
    "x": 3.311462640762329,
    "y": 11.510720252990723,
    "loudness": 0.763607621193,
    "raspiness": 0.0507127195597,
    "color": 5.87149810791,
    "location": 1180.72998047,
    "stability": 0.694581866264,
    "tonality": 0.473241567612
}