{
    "name": "4f910b76",
    "x": -0.9722900390625,
    "y": 8.454985618591309,
    "loudness": 0.99068403244,
    "raspiness": 0.0592974498868,
    "color": 31.5640258789,
    "location": 1628.56970215,
    "stability": 0.437381356955,
    "tonality": 0.399145543575
}