{
    "name": "4f910b76",
    "x": -17.536405563354492,
    "y": 14.649922370910645,
    "loudness": 0.99068403244,
    "raspiness": 0.0592974498868,
    "color": 31.5640258789,
    "location": 40.35554115793765,
    "stability": 0.437381356955,
    "tonality": 0.399145543575
}