{
    "name": "4f92aa62",
    "x": 45.506126403808594,
    "y": -5.987898826599121,
    "loudness": 0.99068403244,
    "raspiness": 0.295914709568,
    "color": 95.3480377197,
    "location": 65.70252117734904,
    "stability": 0.655899703503,
    "tonality": 0.488386183977
}