{
    "name": "4f99f874",
    "x": -38.974117279052734,
    "y": 17.106794357299805,
    "loudness": 0.965161979198,
    "raspiness": 0.0253270622343,
    "color": 8.40082454681,
    "location": 681.446472168,
    "stability": 0.524948954582,
    "tonality": 0.363768488169
}