{
    "name": "4f99f874",
    "x": -31.96314811706543,
    "y": 18.700645446777344,
    "loudness": 0.965161979198,
    "raspiness": 0.0253270622343,
    "color": 8.40082454681,
    "location": 26.104529725087943,
    "stability": 0.524948954582,
    "tonality": 0.363768488169
}