{
    "name": "4fb480bf",
    "x": -0.8605960607528687,
    "y": -38.05012130737305,
    "loudness": 0.00955219659954,
    "raspiness": 0.00917271245271,
    "color": 6.48272132874,
    "location": 259.426696777,
    "stability": 0.169241860509,
    "tonality": 0.465017646551
}