{
    "name": "4fb480bf",
    "x": -6.461301326751709,
    "y": -23.742795944213867,
    "loudness": 0.00955219659954,
    "raspiness": 0.00917271245271,
    "color": 6.48272132874,
    "location": 16.106728307666955,
    "stability": 0.169241860509,
    "tonality": 0.465017646551
}