{
    "name": "4fb480bf",
    "x": 3.603680372238159,
    "y": 0.3849537968635559,
    "loudness": 0.00955219659954,
    "raspiness": 0.00917271245271,
    "color": 6.48272132874,
    "location": 259.426696777,
    "stability": 0.169241860509,
    "tonality": 0.465017646551
}