{
    "name": "4fc6d14d",
    "x": -3.640828847885132,
    "y": 7.072866916656494,
    "loudness": 0.972769200802,
    "raspiness": 0.0121776033193,
    "color": 12.0499753952,
    "location": 326.967315674,
    "stability": 0.242350190878,
    "tonality": 0.3323097229
}