{
    "name": "4fd883bb",
    "x": -33.085784912109375,
    "y": -5.718826770782471,
    "loudness": 0.99068403244,
    "raspiness": 0.0652291402221,
    "color": 2.9886405468,
    "location": 743.997741699,
    "stability": 0.321274131536,
    "tonality": 0.342984884977
}