{
    "name": "4fd883bb",
    "x": -30.31177520751953,
    "y": -1.0477631092071533,
    "loudness": 0.99068403244,
    "raspiness": 0.0652291402221,
    "color": 2.9886405468,
    "location": 27.276321997274486,
    "stability": 0.321274131536,
    "tonality": 0.342984884977
}