{
    "name": "4fd997f5",
    "x": 37.84804153442383,
    "y": 11.559056282043457,
    "loudness": 0.954271733761,
    "raspiness": 0.14664208889,
    "color": 11.6147565842,
    "location": 60.26123144792181,
    "stability": 0.652629554272,
    "tonality": 0.495697021484
}