{
    "name": "4fe5c745",
    "x": -44.25008010864258,
    "y": 19.81904411315918,
    "loudness": 0.977425575256,
    "raspiness": 0.0130669996142,
    "color": 8.73171329498,
    "location": 288.46572876,
    "stability": 0.646835803986,
    "tonality": 0.351033329964
}