{
    "name": "4fe7f333",
    "x": 47.69578170776367,
    "y": -16.84372329711914,
    "loudness": 0.99068403244,
    "raspiness": 0.355870872736,
    "color": 268.089355469,
    "location": 76.10850408811095,
    "stability": 0.697567045689,
    "tonality": 0.494362711906
}