{
    "name": "4fe7f333",
    "x": 11.254195213317871,
    "y": 6.457248687744141,
    "loudness": 0.99068403244,
    "raspiness": 0.355870872736,
    "color": 268.089355469,
    "location": 5792.50439453,
    "stability": 0.697567045689,
    "tonality": 0.494362711906
}