{
    "name": "4ff21dc7",
    "x": 11.624874114990234,
    "y": 5.661401271820068,
    "loudness": 0.98573756218,
    "raspiness": 0.445823788643,
    "color": 582.510559082,
    "location": 6690.14892578,
    "stability": 0.775105297565,
    "tonality": 0.496912419796
}