{
    "name": "4ff4dceb",
    "x": 36.28542709350586,
    "y": -13.910482406616211,
    "loudness": 0.99068403244,
    "raspiness": 0.218373075128,
    "color": 402.511688232,
    "location": 3915.12915039,
    "stability": 0.615764677525,
    "tonality": 0.486127734184
}