{
    "name": "4ff578f2",
    "x": 4.500176429748535,
    "y": 0.8204635381698608,
    "loudness": 0.0592480152845,
    "raspiness": 0.0676886588335,
    "color": 48.9663391113,
    "location": 1447.29309082,
    "stability": 0.0688915029168,
    "tonality": 0.463712632656
}