{
    "name": "4ff578f2",
    "x": -4.176091194152832,
    "y": -17.518529891967773,
    "loudness": 0.0592480152845,
    "raspiness": 0.0676886588335,
    "color": 48.9663391113,
    "location": 38.043305466533795,
    "stability": 0.0688915029168,
    "tonality": 0.463712632656
}