{
    "name": "500ba1bd",
    "x": -4.919764518737793,
    "y": 7.198609828948975,
    "loudness": 0.99068403244,
    "raspiness": 0.145563304424,
    "color": 7.84370994568,
    "location": 1273.26477051,
    "stability": 0.177036061883,
    "tonality": 0.226444706321
}