{
    "name": "500c144a",
    "x": 4.254922866821289,
    "y": 2.3368890285491943,
    "loudness": 0.0683920457959,
    "raspiness": 0.0481161884964,
    "color": 6.33808946609,
    "location": 804.87902832,
    "stability": 0.592400789261,
    "tonality": 0.473089128733
}