{
    "name": "5026aa84",
    "x": 5.676619052886963,
    "y": 9.63551139831543,
    "loudness": 0.989385306835,
    "raspiness": 0.106725931168,
    "color": 11.6686115265,
    "location": 2003.46484375,
    "stability": 0.61737626791,
    "tonality": 0.472564131021
}