{
    "name": "503b22a3",
    "x": 7.183649063110352,
    "y": 7.028814792633057,
    "loudness": 0.90317183733,
    "raspiness": 0.168953463435,
    "color": 47.769493103,
    "location": 2956.60058594,
    "stability": 0.349821925163,
    "tonality": 0.499546438456
}