{
    "name": "503dabea",
    "x": 5.220973968505859,
    "y": 8.130867958068848,
    "loudness": 0.974471092224,
    "raspiness": 0.183071240783,
    "color": 13.5085821152,
    "location": 3381.73852539,
    "stability": 0.498008131981,
    "tonality": 0.406783699989
}