{
    "name": "503e81d0",
    "x": 14.045018196105957,
    "y": -6.699765682220459,
    "loudness": 0.437361747026,
    "raspiness": 0.12515231967,
    "color": 216.96963501,
    "location": 36.475996093595576,
    "stability": 0.658978819847,
    "tonality": 0.47695723176
}