{
    "name": "503e81d0",
    "x": 5.2132673263549805,
    "y": 3.3381130695343018,
    "loudness": 0.437361747026,
    "raspiness": 0.12515231967,
    "color": 216.96963501,
    "location": 1330.49829102,
    "stability": 0.658978819847,
    "tonality": 0.47695723176
}