{
    "name": "503f2dfd",
    "x": 4.493868827819824,
    "y": 9.372394561767578,
    "loudness": 0.697297275066,
    "raspiness": 0.0841606408358,
    "color": 6.47167158127,
    "location": 1923.82141113,
    "stability": 0.569817245007,
    "tonality": 0.451677858829
}