{
    "name": "504dd043",
    "x": 2.437260150909424,
    "y": 9.762541770935059,
    "loudness": 0.944050252438,
    "raspiness": 0.0852746888995,
    "color": 9.85132884979,
    "location": 1201.34033203,
    "stability": 0.581354320049,
    "tonality": 0.462634474039
}