{
    "name": "508c1461",
    "x": 7.147080898284912,
    "y": 3.186816930770874,
    "loudness": 0.106219299138,
    "raspiness": 0.260267525911,
    "color": 41.5268173218,
    "location": 3436.48754883,
    "stability": 0.675094664097,
    "tonality": 0.492900937796
}