{
    "name": "508c1461",
    "x": 28.500852584838867,
    "y": -15.262727737426758,
    "loudness": 0.106219299138,
    "raspiness": 0.260267525911,
    "color": 41.5268173218,
    "location": 58.62156214934911,
    "stability": 0.675094664097,
    "tonality": 0.492900937796
}