{
    "name": "508d3aed",
    "x": 50.812652587890625,
    "y": 18.685991287231445,
    "loudness": 0.99068403244,
    "raspiness": 0.182424619794,
    "color": 52.7246856689,
    "location": 3145.67285156,
    "stability": 0.769685328007,
    "tonality": 0.490018814802
}