{
    "name": "508d3aed",
    "x": 8.842733383178711,
    "y": 9.668048858642578,
    "loudness": 0.99068403244,
    "raspiness": 0.182424619794,
    "color": 52.7246856689,
    "location": 3145.67285156,
    "stability": 0.769685328007,
    "tonality": 0.490018814802
}