{
    "name": "508e8e56",
    "x": 5.2879638671875,
    "y": 16.27754783630371,
    "loudness": 0.99068403244,
    "raspiness": 0.108080670238,
    "color": 3.02682566643,
    "location": 41.135122056461675,
    "stability": 0.493200957775,
    "tonality": 0.438845723867
}