{
    "name": "508e8e56",
    "x": 4.135496139526367,
    "y": 8.374982833862305,
    "loudness": 0.99068403244,
    "raspiness": 0.108080670238,
    "color": 3.02682566643,
    "location": 1692.0982666,
    "stability": 0.493200957775,
    "tonality": 0.438845723867
}