{
    "name": "509a6c22",
    "x": 5.820450305938721,
    "y": 7.936112403869629,
    "loudness": 0.963620007038,
    "raspiness": 0.125056922436,
    "color": 73.9037628174,
    "location": 2217.29199219,
    "stability": 0.493190318346,
    "tonality": 0.488236069679
}