{
    "name": "509a6c22",
    "x": 16.595006942749023,
    "y": 9.594098091125488,
    "loudness": 0.963620007038,
    "raspiness": 0.125056922436,
    "color": 73.9037628174,
    "location": 47.088130056204186,
    "stability": 0.493190318346,
    "tonality": 0.488236069679
}