{
    "name": "50a01a4f",
    "x": -4.7285284996032715,
    "y": 7.128288269042969,
    "loudness": 0.770113527775,
    "raspiness": 0.0256665311754,
    "color": 7.2716422081,
    "location": 570.170349121,
    "stability": 0.234472647309,
    "tonality": 0.247677773237
}