{
    "name": "50bcdc09",
    "x": 25.969924926757812,
    "y": 5.925292015075684,
    "loudness": 0.982213318348,
    "raspiness": 0.187544241548,
    "color": 44.7871437073,
    "location": 2859.82714844,
    "stability": 0.47609397769,
    "tonality": 0.481958121061
}