{
    "name": "50bcdc09",
    "x": 26.324426651000977,
    "y": 4.675512313842773,
    "loudness": 0.982213318348,
    "raspiness": 0.187544241548,
    "color": 44.7871437073,
    "location": 53.477351733607755,
    "stability": 0.47609397769,
    "tonality": 0.481958121061
}