{
    "name": "50bdc567",
    "x": 19.077659606933594,
    "y": 44.89529037475586,
    "loudness": 0.975754797459,
    "raspiness": 0.0732944607735,
    "color": 33.5467033386,
    "location": 1711.54443359,
    "stability": 0.674896359444,
    "tonality": 0.477508723736
}