{
    "name": "50bd36cb",
    "x": 9.325246810913086,
    "y": 8.891206741333008,
    "loudness": 0.99068403244,
    "raspiness": 0.243438720703,
    "color": 15.6591157913,
    "location": 3371.67480469,
    "stability": 0.73482298851,
    "tonality": 0.494274348021
}