{
    "name": "50bdc567",
    "x": 4.855672359466553,
    "y": 11.274755477905273,
    "loudness": 0.975754797459,
    "raspiness": 0.0732944607735,
    "color": 33.5467033386,
    "location": 1711.54443359,
    "stability": 0.674896359444,
    "tonality": 0.477508723736
}