{
    "name": "50bd36cb",
    "x": 48.47621154785156,
    "y": 6.622276782989502,
    "loudness": 0.99068403244,
    "raspiness": 0.243438720703,
    "color": 15.6591157913,
    "location": 58.066124415962186,
    "stability": 0.73482298851,
    "tonality": 0.494274348021
}