{
    "name": "50cb9b29",
    "x": -23.85669708251953,
    "y": 26.27761459350586,
    "loudness": 0.99068403244,
    "raspiness": 0.0203942582011,
    "color": 3.29013490677,
    "location": 19.87457466870675,
    "stability": 0.592941582203,
    "tonality": 0.395949572325
}