{
    "name": "50d300d1",
    "x": 25.647762298583984,
    "y": 0.5327180027961731,
    "loudness": 0.657801568508,
    "raspiness": 0.189811199903,
    "color": 36.5563735962,
    "location": 52.61453976725445,
    "stability": 0.586108207703,
    "tonality": 0.481922924519
}