{
    "name": "50d300d1",
    "x": 6.029538631439209,
    "y": 5.776355266571045,
    "loudness": 0.657801568508,
    "raspiness": 0.189811199903,
    "color": 36.5563735962,
    "location": 2768.28979492,
    "stability": 0.586108207703,
    "tonality": 0.481922924519
}