{
    "name": "50d356da",
    "x": 7.269795894622803,
    "y": 39.62376403808594,
    "loudness": 0.890292227268,
    "raspiness": 0.0614421367645,
    "color": 9.08617019653,
    "location": 1444.62866211,
    "stability": 0.639932274818,
    "tonality": 0.465607464314
}