{
    "name": "50d7bcd2",
    "x": 38.94706726074219,
    "y": 12.209432601928711,
    "loudness": 0.915468871593,
    "raspiness": 0.185550332069,
    "color": 120.838752747,
    "location": 2739.96191406,
    "stability": 0.669103443623,
    "tonality": 0.489596813917
}