{
    "name": "50d7bcd2",
    "x": 36.33805847167969,
    "y": 10.851957321166992,
    "loudness": 0.915468871593,
    "raspiness": 0.185550332069,
    "color": 120.838752747,
    "location": 52.34464551470379,
    "stability": 0.669103443623,
    "tonality": 0.489596813917
}