{
    "name": "50d9edd6",
    "x": 3.4369969367980957,
    "y": 9.773674964904785,
    "loudness": 0.794444322586,
    "raspiness": 0.0575089603662,
    "color": 7.3395485878,
    "location": 1541.97412109,
    "stability": 0.563201010227,
    "tonality": 0.482305467129
}