{
    "name": "50e7451d",
    "x": 35.659996032714844,
    "y": 39.29905319213867,
    "loudness": 0.905512332916,
    "raspiness": 0.102607831359,
    "color": 26.3561191559,
    "location": 2178.9140625,
    "stability": 0.765383601189,
    "tonality": 0.492767482996
}