{
    "name": "50fc3ef5",
    "x": -3.1885459423065186,
    "y": 9.914946556091309,
    "loudness": 0.926076829433,
    "raspiness": 0.020499125123,
    "color": 6.7175154686,
    "location": 391.075073242,
    "stability": 0.602094471455,
    "tonality": 0.350805640221
}