{
    "name": "50fc3ef5",
    "x": -35.39235305786133,
    "y": 21.654834747314453,
    "loudness": 0.926076829433,
    "raspiness": 0.020499125123,
    "color": 6.7175154686,
    "location": 19.775618150692534,
    "stability": 0.602094471455,
    "tonality": 0.350805640221
}