{
    "name": "50fc3ef5",
    "x": -42.99842071533203,
    "y": 18.640090942382812,
    "loudness": 0.926076829433,
    "raspiness": 0.020499125123,
    "color": 6.7175154686,
    "location": 391.075073242,
    "stability": 0.602094471455,
    "tonality": 0.350805640221
}