{
    "name": "50fd4c27",
    "x": -9.669912338256836,
    "y": 29.9062442779541,
    "loudness": 0.939140558243,
    "raspiness": 0.03298105672,
    "color": 51.9913063049,
    "location": 813.052307129,
    "stability": 0.528427183628,
    "tonality": 0.461844325066
}