{
    "name": "5104b6e1",
    "x": 22.83254623413086,
    "y": 15.422792434692383,
    "loudness": 0.99068403244,
    "raspiness": 0.149235978723,
    "color": 16.1311626434,
    "location": 46.68519122891112,
    "stability": 0.558033049107,
    "tonality": 0.48246756196
}