{
    "name": "5116f9b0",
    "x": -1.1613353490829468,
    "y": 9.459233283996582,
    "loudness": 0.866957426071,
    "raspiness": 0.0388784743845,
    "color": 6.78699350357,
    "location": 592.609680176,
    "stability": 0.527540504932,
    "tonality": 0.414313197136
}