{
    "name": "5116f9b0",
    "x": -19.31184196472168,
    "y": 21.518373489379883,
    "loudness": 0.866957426071,
    "raspiness": 0.0388784743845,
    "color": 6.78699350357,
    "location": 24.343575747535528,
    "stability": 0.527540504932,
    "tonality": 0.414313197136
}