{
    "name": "511d5a4b",
    "x": 32.33861541748047,
    "y": 13.034250259399414,
    "loudness": 0.990555346012,
    "raspiness": 0.154113158584,
    "color": 11.1717195511,
    "location": 54.25578031205523,
    "stability": 0.615662455559,
    "tonality": 0.488067388535
}