{
    "name": "511d5a4b",
    "x": 7.593343734741211,
    "y": 8.892345428466797,
    "loudness": 0.990555346012,
    "raspiness": 0.154113158584,
    "color": 11.1717195511,
    "location": 2943.68969727,
    "stability": 0.615662455559,
    "tonality": 0.488067388535
}