{
    "name": "511fb54a",
    "x": -2.3821566104888916,
    "y": 2.3571643829345703,
    "loudness": 0.678584396839,
    "raspiness": 0.0322740934789,
    "color": 10.2470731735,
    "location": 33.73049747572662,
    "stability": 0.390625685453,
    "tonality": 0.478452205658
}