{
    "name": "5123bba0",
    "x": -23.93048858642578,
    "y": 1.9682430028915405,
    "loudness": 0.99068403244,
    "raspiness": 0.0261555984616,
    "color": 5.21170759201,
    "location": 15.801616557017196,
    "stability": 0.325985848904,
    "tonality": 0.387894123793
}