{
    "name": "5123bba0",
    "x": -26.354190826416016,
    "y": 0.2169751077890396,
    "loudness": 0.99068403244,
    "raspiness": 0.0261555984616,
    "color": 5.21170759201,
    "location": 249.691085815,
    "stability": 0.325985848904,
    "tonality": 0.387894123793
}