{
    "name": "512b0a33",
    "x": -1.1965972185134888,
    "y": 5.688026428222656,
    "loudness": 0.97283321619,
    "raspiness": 0.00784568395466,
    "color": 19.0152778625,
    "location": 247.161239624,
    "stability": 0.156708955765,
    "tonality": 0.404480993748
}