{
    "name": "512b0a33",
    "x": -20.242660522460938,
    "y": -7.603315353393555,
    "loudness": 0.97283321619,
    "raspiness": 0.00784568395466,
    "color": 19.0152778625,
    "location": 15.721362524412443,
    "stability": 0.156708955765,
    "tonality": 0.404480993748
}