{
    "name": "513f4971",
    "x": -0.809065580368042,
    "y": 10.641541481018066,
    "loudness": 0.99068403244,
    "raspiness": 0.122128136456,
    "color": 6.00616645813,
    "location": 1585.24182129,
    "stability": 0.623032748699,
    "tonality": 0.357571989298
}