{
    "name": "514a974d",
    "x": 8.896994590759277,
    "y": 8.969600677490234,
    "loudness": 0.955458819866,
    "raspiness": 0.208091393113,
    "color": 13.5889892578,
    "location": 3142.20092773,
    "stability": 0.708790063858,
    "tonality": 0.491508692503
}