{
    "name": "514a974d",
    "x": 48.588958740234375,
    "y": 12.31932258605957,
    "loudness": 0.955458819866,
    "raspiness": 0.208091393113,
    "color": 13.5889892578,
    "location": 3142.20092773,
    "stability": 0.708790063858,
    "tonality": 0.491508692503
}