{
    "name": "515a7743",
    "x": 2.2226979732513428,
    "y": 5.1190505027771,
    "loudness": 0.577033638954,
    "raspiness": 0.0264423079789,
    "color": 7.76455402374,
    "location": 818.277893066,
    "stability": 0.448745638132,
    "tonality": 0.397134631872
}