{
    "name": "5166ee5a",
    "x": 7.836811542510986,
    "y": 8.714780807495117,
    "loudness": 0.82364487648,
    "raspiness": 0.178153783083,
    "color": 16.9496574402,
    "location": 3315.64819336,
    "stability": 0.624903023243,
    "tonality": 0.489330947399
}