{
    "name": "5166ee5a",
    "x": 33.09879684448242,
    "y": 7.685641765594482,
    "loudness": 0.82364487648,
    "raspiness": 0.178153783083,
    "color": 16.9496574402,
    "location": 57.581665427113165,
    "stability": 0.624903023243,
    "tonality": 0.489330947399
}