{
    "name": "516ed121",
    "x": 8.381217002868652,
    "y": -20.40373992919922,
    "loudness": 0.150257512927,
    "raspiness": 0.0525244362652,
    "color": 3.73118114471,
    "location": 34.660115527793614,
    "stability": 0.644943773746,
    "tonality": 0.466398030519
}