{
    "name": "516ed121",
    "x": 4.594514846801758,
    "y": 2.68536376953125,
    "loudness": 0.150257512927,
    "raspiness": 0.0525244362652,
    "color": 3.73118114471,
    "location": 1201.3236084,
    "stability": 0.644943773746,
    "tonality": 0.466398030519
}