{
    "name": "517f3959",
    "x": 13.80221176147461,
    "y": -29.807798385620117,
    "loudness": 0.0188252124935,
    "raspiness": 0.120180666447,
    "color": 237.026306152,
    "location": 2613.84814453,
    "stability": 0.312656849623,
    "tonality": 0.48915925622
}