{
    "name": "518ea0eb",
    "x": 3.765195369720459,
    "y": -1.8067728281021118,
    "loudness": 0.549450278282,
    "raspiness": 0.0551781766117,
    "color": 13.4189977646,
    "location": 38.479937193425876,
    "stability": 0.419472068548,
    "tonality": 0.483734279871
}