{
    "name": "518ea0eb",
    "x": 3.442020893096924,
    "y": 4.465326309204102,
    "loudness": 0.549450278282,
    "raspiness": 0.0551781766117,
    "color": 13.4189977646,
    "location": 1480.70556641,
    "stability": 0.419472068548,
    "tonality": 0.483734279871
}