{
    "name": "519b068d",
    "x": -4.079278945922852,
    "y": -19.94339370727539,
    "loudness": 0.414381355047,
    "raspiness": 0.0213204324245,
    "color": 7.49018096924,
    "location": 766.093322754,
    "stability": 0.281105965376,
    "tonality": 0.470573067665
}