{
    "name": "51a51d9d",
    "x": 1.1715871095657349,
    "y": 10.874322891235352,
    "loudness": 0.865397453308,
    "raspiness": 0.0268248226494,
    "color": 5.83628463745,
    "location": 543.622741699,
    "stability": 0.662671029568,
    "tonality": 0.426677197218
}