{
    "name": "51afebdf",
    "x": -2.3208401203155518,
    "y": 8.384324073791504,
    "loudness": 0.948865711689,
    "raspiness": 0.0340785942972,
    "color": 12.4710254669,
    "location": 699.361816406,
    "stability": 0.41698718071,
    "tonality": 0.388867169619
}