{
    "name": "51afebdf",
    "x": -30.29414939880371,
    "y": 9.758750915527344,
    "loudness": 0.948865711689,
    "raspiness": 0.0340785942972,
    "color": 12.4710254669,
    "location": 699.361816406,
    "stability": 0.41698718071,
    "tonality": 0.388867169619
}