{
    "name": "51b14c9d",
    "x": -15.951462745666504,
    "y": 4.023770809173584,
    "loudness": 0.99068403244,
    "raspiness": 0.030029296875,
    "color": 7.69779109955,
    "location": 863.58782959,
    "stability": 0.33246204257,
    "tonality": 0.441602349281
}