{
    "name": "51b14c9d",
    "x": -13.343975067138672,
    "y": 3.1902971267700195,
    "loudness": 0.99068403244,
    "raspiness": 0.030029296875,
    "color": 7.69779109955,
    "location": 29.386864915979043,
    "stability": 0.33246204257,
    "tonality": 0.441602349281
}