{
    "name": "51b9d0b7",
    "x": -2.869790554046631,
    "y": 8.360037803649902,
    "loudness": 0.729948878288,
    "raspiness": 0.0211119893938,
    "color": 5.517390728,
    "location": 208.064254761,
    "stability": 0.466443657875,
    "tonality": 0.374753534794
}