{
    "name": "51b9d0b7",
    "x": -25.83088493347168,
    "y": 7.436015605926514,
    "loudness": 0.729948878288,
    "raspiness": 0.0211119893938,
    "color": 5.517390728,
    "location": 14.424432562877474,
    "stability": 0.466443657875,
    "tonality": 0.374753534794
}