{
    "name": "51bc618d",
    "x": 5.374520301818848,
    "y": 3.779918670654297,
    "loudness": 0.457284629345,
    "raspiness": 0.092044711113,
    "color": 17.1450481415,
    "location": 1801.78283691,
    "stability": 0.707745611668,
    "tonality": 0.483066767454
}