{
    "name": "51bc618d",
    "x": 16.239076614379883,
    "y": -3.3297319412231445,
    "loudness": 0.457284629345,
    "raspiness": 0.092044711113,
    "color": 17.1450481415,
    "location": 42.44741260559941,
    "stability": 0.707745611668,
    "tonality": 0.483066767454
}