{
    "name": "51c4cd41",
    "x": -30.782245635986328,
    "y": -3.4870433807373047,
    "loudness": 0.977999269962,
    "raspiness": 0.0383907444775,
    "color": 13.0552530289,
    "location": 29.07341339951331,
    "stability": 0.294254243374,
    "tonality": 0.34079438448
}