{
    "name": "51c4cd41",
    "x": -31.703996658325195,
    "y": -9.344963073730469,
    "loudness": 0.977999269962,
    "raspiness": 0.0383907444775,
    "color": 13.0552530289,
    "location": 845.263366699,
    "stability": 0.294254243374,
    "tonality": 0.34079438448
}