{
    "name": "51cbcf35",
    "x": -3.958998441696167,
    "y": -23.32290267944336,
    "loudness": 0.00827670376748,
    "raspiness": 0.0153837427497,
    "color": 2.76923489571,
    "location": 310.080108643,
    "stability": 0.549024760723,
    "tonality": 0.432700574398
}