{
    "name": "51cbcf35",
    "x": -1.3292030096054077,
    "y": -22.767181396484375,
    "loudness": 0.00827670376748,
    "raspiness": 0.0153837427497,
    "color": 2.76923489571,
    "location": 17.6090916472997,
    "stability": 0.549024760723,
    "tonality": 0.432700574398
}