{
    "name": "51cfc1d3",
    "x": 25.95799446105957,
    "y": -19.686567306518555,
    "loudness": 0.042980723083,
    "raspiness": 0.230590820312,
    "color": 7.77837705612,
    "location": 53.13025249770605,
    "stability": 0.707721471786,
    "tonality": 0.484217792749
}