{
    "name": "51cfc1d3",
    "x": 25.152286529541016,
    "y": -20.459043502807617,
    "loudness": 0.042980723083,
    "raspiness": 0.230590820312,
    "color": 7.77837705612,
    "location": 2822.82373047,
    "stability": 0.707721471786,
    "tonality": 0.484217792749
}