{
    "name": "51d28a24",
    "x": 0.44138890504837036,
    "y": 8.33710765838623,
    "loudness": 0.962908983231,
    "raspiness": 0.0260560270399,
    "color": 4.68804979324,
    "location": 388.471801758,
    "stability": 0.521140992641,
    "tonality": 0.423667639494
}