{
    "name": "51edf8ee",
    "x": 3.573497772216797,
    "y": 4.837740898132324,
    "loudness": 0.658490419388,
    "raspiness": 0.108090817928,
    "color": 6.00589895248,
    "location": 1942.27832031,
    "stability": 0.31278860569,
    "tonality": 0.469305872917
}