{
    "name": "51edf8ee",
    "x": 5.859614372253418,
    "y": -1.6927435398101807,
    "loudness": 0.658490419388,
    "raspiness": 0.108090817928,
    "color": 6.00589895248,
    "location": 44.07128680115887,
    "stability": 0.31278860569,
    "tonality": 0.469305872917
}