{
    "name": "51f845a4",
    "x": 9.554821014404297,
    "y": 9.162388801574707,
    "loudness": 0.99068403244,
    "raspiness": 0.221307262778,
    "color": 43.7578926086,
    "location": 3899.68530273,
    "stability": 0.839617490768,
    "tonality": 0.49708494544
}