{
    "name": "51f9a488",
    "x": -5.849874019622803,
    "y": 4.577469348907471,
    "loudness": 0.615427970886,
    "raspiness": 0.0131694180891,
    "color": 6.80946779251,
    "location": 16.606925604307378,
    "stability": 0.52855437994,
    "tonality": 0.453597247601
}