{
    "name": "51fc52e6",
    "x": -16.002422332763672,
    "y": 19.07600975036621,
    "loudness": 0.99068403244,
    "raspiness": 0.0301810596138,
    "color": 10.1606788635,
    "location": 23.463901796163398,
    "stability": 0.47789850831,
    "tonality": 0.433211803436
}