{
    "name": "51fc52e6",
    "x": -21.794315338134766,
    "y": 21.88026237487793,
    "loudness": 0.99068403244,
    "raspiness": 0.0301810596138,
    "color": 10.1606788635,
    "location": 550.5546875,
    "stability": 0.47789850831,
    "tonality": 0.433211803436
}