{
    "name": "51ffc008",
    "x": -30.698945999145508,
    "y": -19.367944717407227,
    "loudness": 0.248054653406,
    "raspiness": 0.0421072430909,
    "color": 2.86854577065,
    "location": 20.455670320035956,
    "stability": 0.107947327197,
    "tonality": 0.156195610762
}