{
    "name": "51ffc008",
    "x": -28.71688461303711,
    "y": -38.32258987426758,
    "loudness": 0.248054653406,
    "raspiness": 0.0421072430909,
    "color": 2.86854577065,
    "location": 418.434448242,
    "stability": 0.107947327197,
    "tonality": 0.156195610762
}