{
    "name": "5202c954",
    "x": -3.5159568786621094,
    "y": -24.565248489379883,
    "loudness": 0.00201803026721,
    "raspiness": 0.0312293842435,
    "color": 3.56364297867,
    "location": 18.6044849854007,
    "stability": 0.658157229424,
    "tonality": 0.385486602783
}