{
    "name": "5202c954",
    "x": 3.420391798019409,
    "y": 1.9684441089630127,
    "loudness": 0.00201803026721,
    "raspiness": 0.0312293842435,
    "color": 3.56364297867,
    "location": 346.126861572,
    "stability": 0.658157229424,
    "tonality": 0.385486602783
}