{
    "name": "5206fbc7",
    "x": -31.584213256835938,
    "y": -19.06939125061035,
    "loudness": 0.221663802862,
    "raspiness": 0.0299300309271,
    "color": 9.04332065582,
    "location": 24.840071956518162,
    "stability": 0.0576997287571,
    "tonality": 0.141645714641
}