{
    "name": "5206fbc7",
    "x": -28.15815544128418,
    "y": -37.903350830078125,
    "loudness": 0.221663802862,
    "raspiness": 0.0299300309271,
    "color": 9.04332065582,
    "location": 617.029174805,
    "stability": 0.0576997287571,
    "tonality": 0.141645714641
}