{
    "name": "520b22f7",
    "x": 31.380962371826172,
    "y": -8.411337852478027,
    "loudness": 0.583530008793,
    "raspiness": 0.237767413259,
    "color": 39.4802627563,
    "location": 3778.29003906,
    "stability": 0.557329893112,
    "tonality": 0.494036644697
}