{
    "name": "5213c673",
    "x": -3.368039131164551,
    "y": -3.377988815307617,
    "loudness": 0.990385711193,
    "raspiness": 0.0687574073672,
    "color": 37.1437301636,
    "location": 1681.40161133,
    "stability": 0.191015705466,
    "tonality": 0.479290634394
}