{
    "name": "5213c673",
    "x": 1.0094337463378906,
    "y": 5.100928783416748,
    "loudness": 0.990385711193,
    "raspiness": 0.0687574073672,
    "color": 37.1437301636,
    "location": 1681.40161133,
    "stability": 0.191015705466,
    "tonality": 0.479290634394
}