{
    "name": "521c3585",
    "x": 20.333782196044922,
    "y": 9.875579833984375,
    "loudness": 0.711861431599,
    "raspiness": 0.104642264545,
    "color": 10.6220846176,
    "location": 49.85190225257207,
    "stability": 0.573617398739,
    "tonality": 0.494304418564
}