{
    "name": "521c3585",
    "x": 5.63471794128418,
    "y": 6.336788654327393,
    "loudness": 0.711861431599,
    "raspiness": 0.104642264545,
    "color": 10.6220846176,
    "location": 2485.2121582,
    "stability": 0.573617398739,
    "tonality": 0.494304418564
}