{
    "name": "5230e439",
    "x": 7.4019622802734375,
    "y": 17.816356658935547,
    "loudness": 0.946211516857,
    "raspiness": 0.0807043612003,
    "color": 12.1140956879,
    "location": 42.42054268170081,
    "stability": 0.515823960304,
    "tonality": 0.484425365925
}