{
    "name": "5230e439",
    "x": 8.087105751037598,
    "y": 24.782447814941406,
    "loudness": 0.946211516857,
    "raspiness": 0.0807043612003,
    "color": 12.1140956879,
    "location": 1799.50244141,
    "stability": 0.515823960304,
    "tonality": 0.484425365925
}