{
    "name": "5233fe9c",
    "x": 9.475072860717773,
    "y": 8.737293243408203,
    "loudness": 0.988081395626,
    "raspiness": 0.246240064502,
    "color": 68.2872848511,
    "location": 3493.45532227,
    "stability": 0.724407970905,
    "tonality": 0.486975818872
}