{
    "name": "5237eea9",
    "x": -12.548918724060059,
    "y": -34.22240447998047,
    "loudness": 9.77500458248e-05,
    "raspiness": 0.0510113909841,
    "color": 1.93100559711,
    "location": 604.451477051,
    "stability": 0.303631007671,
    "tonality": 0.356780439615
}