{
    "name": "523f65d5",
    "x": 2.5874955654144287,
    "y": -0.018917536363005638,
    "loudness": 0.00044944032561,
    "raspiness": 0.0476222336292,
    "color": 2.22227883339,
    "location": 1563.42602539,
    "stability": 0.15364472568,
    "tonality": 0.317284971476
}