{
    "name": "523f65d5",
    "x": -18.687908172607422,
    "y": -25.526254653930664,
    "loudness": 0.00044944032561,
    "raspiness": 0.0476222336292,
    "color": 2.22227883339,
    "location": 39.540182414728434,
    "stability": 0.15364472568,
    "tonality": 0.317284971476
}