{
    "name": "523f65d5",
    "x": -14.028790473937988,
    "y": -37.27508544921875,
    "loudness": 0.00044944032561,
    "raspiness": 0.0476222336292,
    "color": 2.22227883339,
    "location": 1563.42602539,
    "stability": 0.15364472568,
    "tonality": 0.317284971476
}