{
    "name": "524dea8d",
    "x": 29.185583114624023,
    "y": 38.67135238647461,
    "loudness": 0.977764606476,
    "raspiness": 0.0850826427341,
    "color": 19.0283184052,
    "location": 45.239925717335126,
    "stability": 0.780874967575,
    "tonality": 0.485687196255
}