{
    "name": "524dea8d",
    "x": 33.126041412353516,
    "y": 47.28495407104492,
    "loudness": 0.977764606476,
    "raspiness": 0.0850826427341,
    "color": 19.0283184052,
    "location": 2046.65087891,
    "stability": 0.780874967575,
    "tonality": 0.485687196255
}