{
    "name": "5252f89f",
    "x": 45.47100830078125,
    "y": -14.596023559570312,
    "loudness": 0.99068403244,
    "raspiness": 0.387072116137,
    "color": 340.460906982,
    "location": 65.72529166797209,
    "stability": 0.793172240257,
    "tonality": 0.496726244688
}