{
    "name": "5252f89f",
    "x": 10.9813232421875,
    "y": 6.222104072570801,
    "loudness": 0.99068403244,
    "raspiness": 0.387072116137,
    "color": 340.460906982,
    "location": 4319.81396484,
    "stability": 0.793172240257,
    "tonality": 0.496726244688
}