{
    "name": "527a6550",
    "x": 6.087051868438721,
    "y": -8.312326431274414,
    "loudness": 0.407228261232,
    "raspiness": 0.0950902476907,
    "color": 10.5014610291,
    "location": 37.37732538745917,
    "stability": 0.447616964579,
    "tonality": 0.477471232414
}