{
    "name": "527a6550",
    "x": 4.139340877532959,
    "y": 3.8768556118011475,
    "loudness": 0.407228261232,
    "raspiness": 0.0950902476907,
    "color": 10.5014610291,
    "location": 1397.06445312,
    "stability": 0.447616964579,
    "tonality": 0.477471232414
}