{
    "name": "5283a183",
    "x": -16.14534568786621,
    "y": -15.118197441101074,
    "loudness": 0.99068403244,
    "raspiness": 0.0154157364741,
    "color": 10.0743751526,
    "location": 248.880447388,
    "stability": 0.117376126349,
    "tonality": 0.47839486599
}