{
    "name": "5283a183",
    "x": -0.31490975618362427,
    "y": 4.946620464324951,
    "loudness": 0.99068403244,
    "raspiness": 0.0154157364741,
    "color": 10.0743751526,
    "location": 248.880447388,
    "stability": 0.117376126349,
    "tonality": 0.47839486599
}