{
    "name": "528b1fdc",
    "x": 10.850886344909668,
    "y": 10.997108459472656,
    "loudness": 0.665415346622,
    "raspiness": 0.114654280245,
    "color": 22.539232254,
    "location": 1979.86315918,
    "stability": 0.567586064339,
    "tonality": 0.443879574537
}