{
    "name": "528fd885",
    "x": -4.560988903045654,
    "y": 53.95188903808594,
    "loudness": 0.99068403244,
    "raspiness": 0.0329736918211,
    "color": 5.91451215744,
    "location": 627.343261719,
    "stability": 0.710736811161,
    "tonality": 0.461984694004
}