{
    "name": "529c6ded",
    "x": 20.064102172851562,
    "y": -15.856572151184082,
    "loudness": 0.137317150831,
    "raspiness": 0.128818467259,
    "color": 33.2561683655,
    "location": 3023.51367188,
    "stability": 0.651303827763,
    "tonality": 0.492876470089
}