{
    "name": "529ca3b3",
    "x": 8.17325496673584,
    "y": 10.134662628173828,
    "loudness": 0.975850701332,
    "raspiness": 0.154378518462,
    "color": 58.3278808594,
    "location": 2768.73974609,
    "stability": 0.7471357584,
    "tonality": 0.488339036703
}