{
    "name": "529c6ded",
    "x": 20.837955474853516,
    "y": -15.03467845916748,
    "loudness": 0.137317150831,
    "raspiness": 0.128818467259,
    "color": 33.2561683655,
    "location": 54.98648626599085,
    "stability": 0.651303827763,
    "tonality": 0.492876470089
}