{
    "name": "52aceab1",
    "x": -1.4705308675765991,
    "y": -16.13622283935547,
    "loudness": 0.0742209255695,
    "raspiness": 0.0217190813273,
    "color": 33.4826431274,
    "location": 41.68407383785803,
    "stability": 0.196607157588,
    "tonality": 0.483108222485
}