{
    "name": "52aceab1",
    "x": 4.254092216491699,
    "y": -32.847747802734375,
    "loudness": 0.0742209255695,
    "raspiness": 0.0217190813273,
    "color": 33.4826431274,
    "location": 1737.56201172,
    "stability": 0.196607157588,
    "tonality": 0.483108222485
}