{
    "name": "52b0d05c",
    "x": 29.948793411254883,
    "y": 9.575224876403809,
    "loudness": 0.99068403244,
    "raspiness": 0.185154512525,
    "color": 6.09935426712,
    "location": 52.51673142989765,
    "stability": 0.575642108917,
    "tonality": 0.478386670351
}