{
    "name": "52b0d05c",
    "x": 30.954788208007812,
    "y": 12.732847213745117,
    "loudness": 0.99068403244,
    "raspiness": 0.185154512525,
    "color": 6.09935426712,
    "location": 2758.00708008,
    "stability": 0.575642108917,
    "tonality": 0.478386670351
}