{
    "name": "52b61c21",
    "x": -2.1853995323181152,
    "y": 15.75400161743164,
    "loudness": 0.984458446503,
    "raspiness": 0.0446019656956,
    "color": 18.134765625,
    "location": 1492.16223145,
    "stability": 0.424689888954,
    "tonality": 0.478842675686
}