{
    "name": "52ba1c68",
    "x": 40.90293502807617,
    "y": -8.275480270385742,
    "loudness": 0.99068403244,
    "raspiness": 0.314296871424,
    "color": 157.953704834,
    "location": 3625.24951172,
    "stability": 0.585517287254,
    "tonality": 0.487221330404
}