{
    "name": "52d78e42",
    "x": 4.951307773590088,
    "y": 1.4178098440170288,
    "loudness": 0.0435906760395,
    "raspiness": 0.0536150075495,
    "color": 31.0404491425,
    "location": 1896.66259766,
    "stability": 0.315966635942,
    "tonality": 0.48184722662
}