{
    "name": "52e5b888",
    "x": -5.527453422546387,
    "y": 18.870588302612305,
    "loudness": 0.971998870373,
    "raspiness": 0.0509519763291,
    "color": 22.7522029877,
    "location": 37.065996027626184,
    "stability": 0.489218771458,
    "tonality": 0.445352196693
}