{
    "name": "52e5b888",
    "x": 0.6814467906951904,
    "y": 8.79765796661377,
    "loudness": 0.971998870373,
    "raspiness": 0.0509519763291,
    "color": 22.7522029877,
    "location": 1373.88806152,
    "stability": 0.489218771458,
    "tonality": 0.445352196693
}