{
    "name": "52e54bdd",
    "x": -8.370871543884277,
    "y": -13.414588928222656,
    "loudness": 0.678187191486,
    "raspiness": 0.024966230616,
    "color": 16.6716041565,
    "location": 801.515930176,
    "stability": 0.187900081277,
    "tonality": 0.472548276186
}