{
    "name": "52e8444c",
    "x": 0.09818653762340546,
    "y": 45.96379470825195,
    "loudness": 0.928453326225,
    "raspiness": 0.0402986779809,
    "color": 6.17520332336,
    "location": 1013.71710205,
    "stability": 0.654017806053,
    "tonality": 0.474196434021
}