{
    "name": "52efdfdd",
    "x": -3.6866414546966553,
    "y": -15.27408218383789,
    "loudness": 0.248176708817,
    "raspiness": 0.0204647816718,
    "color": 18.1791133881,
    "location": 27.822979065189983,
    "stability": 0.335468262434,
    "tonality": 0.471191376448
}