{
    "name": "52ef7355",
    "x": 7.953136920928955,
    "y": 24.85776710510254,
    "loudness": 0.952258467674,
    "raspiness": 0.0925443992019,
    "color": 27.8403644562,
    "location": 44.35527317907083,
    "stability": 0.577607750893,
    "tonality": 0.439421862364
}