{
    "name": "5305bd4e",
    "x": 20.540470123291016,
    "y": -17.926620483398438,
    "loudness": 0.0884560495615,
    "raspiness": 0.151751965284,
    "color": 15.5168628693,
    "location": 50.605889525726155,
    "stability": 0.716649889946,
    "tonality": 0.488747388124
}