{
    "name": "5305bd4e",
    "x": 21.179088592529297,
    "y": -15.768925666809082,
    "loudness": 0.0884560495615,
    "raspiness": 0.151751965284,
    "color": 15.5168628693,
    "location": 2560.95605469,
    "stability": 0.716649889946,
    "tonality": 0.488747388124
}