{
    "name": "530ff8db",
    "x": 1.5170029401779175,
    "y": 0.27034616470336914,
    "loudness": 0.015043547377,
    "raspiness": 0.00805864762515,
    "color": 2.72683572769,
    "location": 239.082641602,
    "stability": 0.285485684872,
    "tonality": 0.195424035192
}