{
    "name": "530ff8db",
    "x": -27.79274559020996,
    "y": -21.697446823120117,
    "loudness": 0.015043547377,
    "raspiness": 0.00805864762515,
    "color": 2.72683572769,
    "location": 15.46229742315158,
    "stability": 0.285485684872,
    "tonality": 0.195424035192
}