{
    "name": "5315d52b",
    "x": 28.671106338500977,
    "y": 36.48086929321289,
    "loudness": 0.99068403244,
    "raspiness": 0.0931454598904,
    "color": 15.8442239761,
    "location": 45.4741647333956,
    "stability": 0.763008594513,
    "tonality": 0.478619664907
}