{
    "name": "5315d52b",
    "x": 5.74241828918457,
    "y": 11.993820190429688,
    "loudness": 0.99068403244,
    "raspiness": 0.0931454598904,
    "color": 15.8442239761,
    "location": 2067.8996582,
    "stability": 0.763008594513,
    "tonality": 0.478619664907
}