{
    "name": "5315d52b",
    "x": 31.169897079467773,
    "y": 45.37031555175781,
    "loudness": 0.99068403244,
    "raspiness": 0.0931454598904,
    "color": 15.8442239761,
    "location": 2067.8996582,
    "stability": 0.763008594513,
    "tonality": 0.478619664907
}