{
    "name": "5316ab94",
    "x": 18.07925033569336,
    "y": 11.91130256652832,
    "loudness": 0.99068403244,
    "raspiness": 0.0998216718435,
    "color": 15.5210323334,
    "location": 2930.99389648,
    "stability": 0.503492176533,
    "tonality": 0.485991299152
}