{
    "name": "5318e9d2",
    "x": 4.288126468658447,
    "y": -9.727728843688965,
    "loudness": 0.375770449638,
    "raspiness": 0.0686572268605,
    "color": 5.46086978912,
    "location": 32.015884271717375,
    "stability": 0.562560260296,
    "tonality": 0.456072807312
}