{
    "name": "5318e9d2",
    "x": 2.2594456672668457,
    "y": -9.836991310119629,
    "loudness": 0.375770449638,
    "raspiness": 0.0686572268605,
    "color": 5.46086978912,
    "location": 1025.0168457,
    "stability": 0.562560260296,
    "tonality": 0.456072807312
}