{
    "name": "531a3044",
    "x": 27.115312576293945,
    "y": -13.783249855041504,
    "loudness": 0.047819275409,
    "raspiness": 0.345931321383,
    "color": 15.243514061,
    "location": 57.97145588365019,
    "stability": 0.559230029583,
    "tonality": 0.46344807744
}