{
    "name": "531b0def",
    "x": -40.088623046875,
    "y": 4.941896915435791,
    "loudness": 0.911339044571,
    "raspiness": 0.0369256921113,
    "color": 12.7514286041,
    "location": 25.615623284433273,
    "stability": 0.452028632164,
    "tonality": 0.304354816675
}