{
    "name": "531b0def",
    "x": -4.203996181488037,
    "y": 8.642647743225098,
    "loudness": 0.911339044571,
    "raspiness": 0.0369256921113,
    "color": 12.7514286041,
    "location": 656.16015625,
    "stability": 0.452028632164,
    "tonality": 0.304354816675
}