{
    "name": "5323a054",
    "x": 4.060850620269775,
    "y": 18.342424392700195,
    "loudness": 0.614736258984,
    "raspiness": 0.0543133020401,
    "color": 10.5780687332,
    "location": 998.188903809,
    "stability": 0.642383873463,
    "tonality": 0.462133467197
}