{
    "name": "532dfe7e",
    "x": 45.119422912597656,
    "y": -17.310585021972656,
    "loudness": 0.99068403244,
    "raspiness": 0.4375,
    "color": 349.156036377,
    "location": 70.24070292686427,
    "stability": 0.701640367508,
    "tonality": 0.49701577425
}