{
    "name": "532dfe7e",
    "x": 44.60713577270508,
    "y": -24.463876724243164,
    "loudness": 0.99068403244,
    "raspiness": 0.4375,
    "color": 349.156036377,
    "location": 4933.75634766,
    "stability": 0.701640367508,
    "tonality": 0.49701577425
}