{
    "name": "5343d118",
    "x": 10.195094108581543,
    "y": -8.216636657714844,
    "loudness": 0.388038575649,
    "raspiness": 0.0727726221085,
    "color": 10.2374010086,
    "location": 42.79398693017513,
    "stability": 0.561152160168,
    "tonality": 0.481234282255
}