{
    "name": "5343d118",
    "x": 10.292327880859375,
    "y": -8.95948600769043,
    "loudness": 0.388038575649,
    "raspiness": 0.0727726221085,
    "color": 10.2374010086,
    "location": 1831.32531738,
    "stability": 0.561152160168,
    "tonality": 0.481234282255
}