{
    "name": "5343fd1e",
    "x": -2.6350584030151367,
    "y": -2.9308383464813232,
    "loudness": 0.99068403244,
    "raspiness": 0.0280298162252,
    "color": 7.0324883461,
    "location": 44.757177704252086,
    "stability": 0.227596327662,
    "tonality": 0.476812332869
}