{
    "name": "5343fd1e",
    "x": -1.7618106603622437,
    "y": -2.938650131225586,
    "loudness": 0.99068403244,
    "raspiness": 0.0280298162252,
    "color": 7.0324883461,
    "location": 2003.20495605,
    "stability": 0.227596327662,
    "tonality": 0.476812332869
}