{
    "name": "5356d361",
    "x": 24.934123992919922,
    "y": 16.16436004638672,
    "loudness": 0.99068403244,
    "raspiness": 0.147351324558,
    "color": 29.4722824097,
    "location": 2443.45727539,
    "stability": 0.552860319614,
    "tonality": 0.487215548754
}