{
    "name": "5356d361",
    "x": 23.934608459472656,
    "y": 11.867979049682617,
    "loudness": 0.99068403244,
    "raspiness": 0.147351324558,
    "color": 29.4722824097,
    "location": 49.43133900057736,
    "stability": 0.552860319614,
    "tonality": 0.487215548754
}