{
    "name": "5361e01a",
    "x": -2.1050658226013184,
    "y": 10.086359977722168,
    "loudness": 0.776957094669,
    "raspiness": 0.0604647360742,
    "color": 5.64166879654,
    "location": 37.947060098510924,
    "stability": 0.462853193283,
    "tonality": 0.445838391781
}