{
    "name": "5372a9e5",
    "x": 7.321406364440918,
    "y": -11.724652290344238,
    "loudness": 0.335048347712,
    "raspiness": 0.0641815885901,
    "color": 9.50630378723,
    "location": 1464.01049805,
    "stability": 0.579700410366,
    "tonality": 0.481795012951
}