{
    "name": "537b400b",
    "x": -3.6166956424713135,
    "y": 8.318756103515625,
    "loudness": 0.99068403244,
    "raspiness": 0.0511352531612,
    "color": 29.2437400818,
    "location": 1126.375,
    "stability": 0.413141340017,
    "tonality": 0.336584478617
}