{
    "name": "537b400b",
    "x": -38.68021774291992,
    "y": 0.8890395760536194,
    "loudness": 0.99068403244,
    "raspiness": 0.0511352531612,
    "color": 29.2437400818,
    "location": 1126.375,
    "stability": 0.413141340017,
    "tonality": 0.336584478617
}