{
    "name": "5388d14d",
    "x": -23.05545425415039,
    "y": 2.9773802757263184,
    "loudness": 0.946901321411,
    "raspiness": 0.0482231974602,
    "color": 25.5706157684,
    "location": 1482.06494141,
    "stability": 0.326701134443,
    "tonality": 0.381034374237
}