{
    "name": "5388d14d",
    "x": -21.91707420349121,
    "y": 3.7152915000915527,
    "loudness": 0.946901321411,
    "raspiness": 0.0482231974602,
    "color": 25.5706157684,
    "location": 38.49759656666894,
    "stability": 0.326701134443,
    "tonality": 0.381034374237
}