{
    "name": "5398dcd3",
    "x": -36.195594787597656,
    "y": -13.103893280029297,
    "loudness": 0.99068403244,
    "raspiness": 0.0297051109374,
    "color": 1.38032209873,
    "location": 20.528029469386485,
    "stability": 0.106654271483,
    "tonality": 0.262865424156
}