{
    "name": "5398dcd3",
    "x": -33.831016540527344,
    "y": -24.449312210083008,
    "loudness": 0.99068403244,
    "raspiness": 0.0297051109374,
    "color": 1.38032209873,
    "location": 421.399993896,
    "stability": 0.106654271483,
    "tonality": 0.262865424156
}