{
    "name": "53b70883",
    "x": 44.38329315185547,
    "y": 7.6996331214904785,
    "loudness": 0.987160921097,
    "raspiness": 0.227724686265,
    "color": 69.7846755981,
    "location": 3149.91821289,
    "stability": 0.678182065487,
    "tonality": 0.488821417093
}