{
    "name": "53b99f13",
    "x": 12.96433162689209,
    "y": 23.67361068725586,
    "loudness": 0.99068403244,
    "raspiness": 0.0784912109375,
    "color": 15.335272789,
    "location": 2275.58618164,
    "stability": 0.521911621094,
    "tonality": 0.485154479742
}