{
    "name": "53b99f13",
    "x": 12.929449081420898,
    "y": 16.45522117614746,
    "loudness": 0.99068403244,
    "raspiness": 0.0784912109375,
    "color": 15.335272789,
    "location": 47.703104528321845,
    "stability": 0.521911621094,
    "tonality": 0.485154479742
}