{
    "name": "53c221b6",
    "x": 3.6609902381896973,
    "y": 7.331663608551025,
    "loudness": 0.99068403244,
    "raspiness": 0.115504212677,
    "color": 10.1329288483,
    "location": 2025.15539551,
    "stability": 0.351952940226,
    "tonality": 0.436238855124
}