{
    "name": "53c221b6",
    "x": 2.2013862133026123,
    "y": 7.077992916107178,
    "loudness": 0.99068403244,
    "raspiness": 0.115504212677,
    "color": 10.1329288483,
    "location": 45.001726583654545,
    "stability": 0.351952940226,
    "tonality": 0.436238855124
}