{
    "name": "53c716f5",
    "x": 3.831592559814453,
    "y": 8.725772857666016,
    "loudness": 0.882684350014,
    "raspiness": 0.0844421386719,
    "color": 18.3335132599,
    "location": 1632.23779297,
    "stability": 0.517629563808,
    "tonality": 0.441883921623
}