{
    "name": "53c99b1f",
    "x": 22.359577178955078,
    "y": 24.866018295288086,
    "loudness": 0.902616024017,
    "raspiness": 0.096925534308,
    "color": 23.3121299744,
    "location": 48.499748308006716,
    "stability": 0.639746546745,
    "tonality": 0.47223636508
}