{
    "name": "53c99b1f",
    "x": 5.574642181396484,
    "y": 10.413643836975098,
    "loudness": 0.902616024017,
    "raspiness": 0.096925534308,
    "color": 23.3121299744,
    "location": 2352.22558594,
    "stability": 0.639746546745,
    "tonality": 0.47223636508
}