{
    "name": "53c94e09",
    "x": 5.211765766143799,
    "y": 12.0020112991333,
    "loudness": 0.924596726894,
    "raspiness": 0.0787265077233,
    "color": 13.7728633881,
    "location": 1756.55212402,
    "stability": 0.757621049881,
    "tonality": 0.479528814554
}