{
    "name": "53d1ed2b",
    "x": 1.1842281818389893,
    "y": 10.846723556518555,
    "loudness": 0.843843102455,
    "raspiness": 0.0114073054865,
    "color": 4.89055585861,
    "location": 325.490600586,
    "stability": 0.63291323185,
    "tonality": 0.41783669591
}