{
    "name": "53d1ed2b",
    "x": -12.281625747680664,
    "y": 32.04907989501953,
    "loudness": 0.843843102455,
    "raspiness": 0.0114073054865,
    "color": 4.89055585861,
    "location": 18.041358058250495,
    "stability": 0.63291323185,
    "tonality": 0.41783669591
}