{
    "name": "53d2b678",
    "x": 44.27981948852539,
    "y": 1.2972333431243896,
    "loudness": 0.977443635464,
    "raspiness": 0.2568359375,
    "color": 25.8032684326,
    "location": 61.461520927243576,
    "stability": 0.660114765167,
    "tonality": 0.495391994715
}