{
    "name": "53d2b678",
    "x": 47.032012939453125,
    "y": 1.0055063962936401,
    "loudness": 0.977443635464,
    "raspiness": 0.2568359375,
    "color": 25.8032684326,
    "location": 3777.51855469,
    "stability": 0.660114765167,
    "tonality": 0.495391994715
}