{
    "name": "53d5dfdf",
    "x": 16.943382263183594,
    "y": -4.8492021560668945,
    "loudness": 0.394197165966,
    "raspiness": 0.0878773629665,
    "color": 14.7934303284,
    "location": 1847.83374023,
    "stability": 0.758097469807,
    "tonality": 0.490535527468
}