{
    "name": "53da29c9",
    "x": 50.24958801269531,
    "y": -3.8001604080200195,
    "loudness": 0.990339398384,
    "raspiness": 0.329997241497,
    "color": 35.9157600403,
    "location": 65.23523764400647,
    "stability": 0.741226673126,
    "tonality": 0.494444906712
}