{
    "name": "53da29c9",
    "x": 53.827308654785156,
    "y": -7.577324390411377,
    "loudness": 0.990339398384,
    "raspiness": 0.329997241497,
    "color": 35.9157600403,
    "location": 4255.63623047,
    "stability": 0.741226673126,
    "tonality": 0.494444906712
}