{
    "name": "53dda34d",
    "x": -12.513670921325684,
    "y": 6.90727424621582,
    "loudness": 0.99068403244,
    "raspiness": 0.0248558409512,
    "color": 4.002597332,
    "location": 25.108163231108723,
    "stability": 0.370058864355,
    "tonality": 0.453154206276
}