{
    "name": "53dda34d",
    "x": 0.19924446940422058,
    "y": 6.7183027267456055,
    "loudness": 0.99068403244,
    "raspiness": 0.0248558409512,
    "color": 4.002597332,
    "location": 630.41986084,
    "stability": 0.370058864355,
    "tonality": 0.453154206276
}