{
    "name": "53f24a96",
    "x": 43.636741638183594,
    "y": 3.7585885524749756,
    "loudness": 0.99068403244,
    "raspiness": 0.24912109971,
    "color": 36.0335578918,
    "location": 3221.66772461,
    "stability": 0.643538057804,
    "tonality": 0.491399198771
}