{
    "name": "53fd8788",
    "x": -22.31769371032715,
    "y": 44.995147705078125,
    "loudness": 0.952341914177,
    "raspiness": 0.0423057153821,
    "color": 30.1451702118,
    "location": 1198.56762695,
    "stability": 0.771933615208,
    "tonality": 0.375206142664
}