{
    "name": "53fd8788",
    "x": -14.17264175415039,
    "y": 40.85189437866211,
    "loudness": 0.952341914177,
    "raspiness": 0.0423057153821,
    "color": 30.1451702118,
    "location": 34.62033545403626,
    "stability": 0.771933615208,
    "tonality": 0.375206142664
}