{
    "name": "540cd3bc",
    "x": -10.478851318359375,
    "y": -2.9961178302764893,
    "loudness": 0.99068403244,
    "raspiness": 0.0286180451512,
    "color": 3.2649037838,
    "location": 32.145134816640606,
    "stability": 0.25700211525,
    "tonality": 0.474701851606
}