{
    "name": "540cd3bc",
    "x": -10.875638961791992,
    "y": -3.483008623123169,
    "loudness": 0.99068403244,
    "raspiness": 0.0286180451512,
    "color": 3.2649037838,
    "location": 1033.30969238,
    "stability": 0.25700211525,
    "tonality": 0.474701851606
}