{
    "name": "540dcb37",
    "x": 5.2435712814331055,
    "y": 16.958293914794922,
    "loudness": 0.99068403244,
    "raspiness": 0.180432766676,
    "color": 4.6266579628,
    "location": 2433.36791992,
    "stability": 0.528405070305,
    "tonality": 0.422476172447
}