{
    "name": "540dcb37",
    "x": 5.185206890106201,
    "y": 8.130559921264648,
    "loudness": 0.99068403244,
    "raspiness": 0.180432766676,
    "color": 4.6266579628,
    "location": 2433.36791992,
    "stability": 0.528405070305,
    "tonality": 0.422476172447
}