{
    "name": "540dcb37",
    "x": 19.783838272094727,
    "y": 11.991706848144531,
    "loudness": 0.99068403244,
    "raspiness": 0.180432766676,
    "color": 4.6266579628,
    "location": 49.32917919365779,
    "stability": 0.528405070305,
    "tonality": 0.422476172447
}