{
    "name": "542bb157",
    "x": 5.576436996459961,
    "y": 6.192723274230957,
    "loudness": 0.924705028534,
    "raspiness": 0.0777078717947,
    "color": 32.1018867493,
    "location": 45.26759358857062,
    "stability": 0.395889133215,
    "tonality": 0.47720927
}