{
    "name": "542bb157",
    "x": 5.039783954620361,
    "y": 9.051822662353516,
    "loudness": 0.924705028534,
    "raspiness": 0.0777078717947,
    "color": 32.1018867493,
    "location": 2049.1550293,
    "stability": 0.395889133215,
    "tonality": 0.47720927
}