{
    "name": "542cab4b",
    "x": 6.566129684448242,
    "y": 16.016845703125,
    "loudness": 0.99068403244,
    "raspiness": 0.178267627954,
    "color": 3.74148750305,
    "location": 2337.28955078,
    "stability": 0.535070300102,
    "tonality": 0.422330766916
}