{
    "name": "543e2e44",
    "x": 13.922060012817383,
    "y": 24.636869430541992,
    "loudness": 0.964678168297,
    "raspiness": 0.103440091014,
    "color": 15.1793689728,
    "location": 2193.59326172,
    "stability": 0.546498715878,
    "tonality": 0.462354719639
}