{
    "name": "543e2e44",
    "x": 14.251205444335938,
    "y": 18.125158309936523,
    "loudness": 0.964678168297,
    "raspiness": 0.103440091014,
    "color": 15.1793689728,
    "location": 46.83581174400632,
    "stability": 0.546498715878,
    "tonality": 0.462354719639
}