{
    "name": "543e2e44",
    "x": 4.25582218170166,
    "y": 9.166068077087402,
    "loudness": 0.964678168297,
    "raspiness": 0.103440091014,
    "color": 15.1793689728,
    "location": 2193.59326172,
    "stability": 0.546498715878,
    "tonality": 0.462354719639
}