{
    "name": "5448e59e",
    "x": 16.17754364013672,
    "y": -28.18565559387207,
    "loudness": 0.0631293356419,
    "raspiness": 0.11171592772,
    "color": 21.5563755035,
    "location": 2470.67675781,
    "stability": 0.48942553997,
    "tonality": 0.48099988699
}