{
    "name": "544b7abd",
    "x": 4.659170150756836,
    "y": 2.4345831871032715,
    "loudness": 0.0726128965616,
    "raspiness": 0.0644710510969,
    "color": 22.3248291016,
    "location": 1165.28942871,
    "stability": 0.62977039814,
    "tonality": 0.463812410831
}