{
    "name": "544e7a47",
    "x": -9.199907302856445,
    "y": 13.106115341186523,
    "loudness": 0.99068403244,
    "raspiness": 0.0610630586743,
    "color": 11.6388139725,
    "location": 36.89048767704217,
    "stability": 0.416840553284,
    "tonality": 0.437167644501
}