{
    "name": "544e7a47",
    "x": -0.178341805934906,
    "y": 7.988363742828369,
    "loudness": 0.99068403244,
    "raspiness": 0.0610630586743,
    "color": 11.6388139725,
    "location": 1360.90808105,
    "stability": 0.416840553284,
    "tonality": 0.437167644501
}