{
    "name": "544f3b23",
    "x": -29.928546905517578,
    "y": -18.035837173461914,
    "loudness": 0.159802824259,
    "raspiness": 0.0145169775933,
    "color": 2.26784729958,
    "location": 17.108259274397263,
    "stability": 0.30804502964,
    "tonality": 0.116637147963
}