{
    "name": "544f3b23",
    "x": -29.77179718017578,
    "y": -34.13059997558594,
    "loudness": 0.159802824259,
    "raspiness": 0.0145169775933,
    "color": 2.26784729958,
    "location": 292.6925354,
    "stability": 0.30804502964,
    "tonality": 0.116637147963
}