{
    "name": "5460a181",
    "x": 23.194337844848633,
    "y": 37.33502960205078,
    "loudness": 0.944208681583,
    "raspiness": 0.0832912698388,
    "color": 24.0249252319,
    "location": 43.33439454959536,
    "stability": 0.727063953876,
    "tonality": 0.483568847179
}