{
    "name": "5460a181",
    "x": 25.280506134033203,
    "y": 46.59000015258789,
    "loudness": 0.944208681583,
    "raspiness": 0.0832912698388,
    "color": 24.0249252319,
    "location": 1877.86975098,
    "stability": 0.727063953876,
    "tonality": 0.483568847179
}