{
    "name": "5467ecb4",
    "x": 42.94893264770508,
    "y": 8.798015594482422,
    "loudness": 0.99068403244,
    "raspiness": 0.210527062416,
    "color": 43.5107116699,
    "location": 3209.11083984,
    "stability": 0.649325251579,
    "tonality": 0.488381206989
}