{
    "name": "5467ecb4",
    "x": 39.532440185546875,
    "y": 6.9799652099609375,
    "loudness": 0.99068403244,
    "raspiness": 0.210527062416,
    "color": 43.5107116699,
    "location": 56.64901446486073,
    "stability": 0.649325251579,
    "tonality": 0.488381206989
}