{
    "name": "546d1aa8",
    "x": 32.153350830078125,
    "y": -1.854021668434143,
    "loudness": 0.80919611454,
    "raspiness": 0.252288609743,
    "color": 64.5310440063,
    "location": 59.075269370270334,
    "stability": 0.472419470549,
    "tonality": 0.491247802973
}