{
    "name": "546d1aa8",
    "x": 32.236324310302734,
    "y": -2.376532793045044,
    "loudness": 0.80919611454,
    "raspiness": 0.252288609743,
    "color": 64.5310440063,
    "location": 3489.88745117,
    "stability": 0.472419470549,
    "tonality": 0.491247802973
}