{
    "name": "548f4a64",
    "x": -15.85393238067627,
    "y": 7.815245628356934,
    "loudness": 0.958567202091,
    "raspiness": 0.0140546783805,
    "color": 5.28176736832,
    "location": 15.730281050985708,
    "stability": 0.374732643366,
    "tonality": 0.441046923399
}