{
    "name": "548f4a64",
    "x": -0.2055048644542694,
    "y": 7.006035804748535,
    "loudness": 0.958567202091,
    "raspiness": 0.0140546783805,
    "color": 5.28176736832,
    "location": 247.441741943,
    "stability": 0.374732643366,
    "tonality": 0.441046923399
}