{
    "name": "5495de48",
    "x": 2.1784822940826416,
    "y": -5.935218811035156,
    "loudness": 0.510790109634,
    "raspiness": 0.0709564909339,
    "color": 22.0197715759,
    "location": 1427.75048828,
    "stability": 0.411493182182,
    "tonality": 0.465985059738
}