{
    "name": "5495de48",
    "x": 2.8316166400909424,
    "y": -3.7924468517303467,
    "loudness": 0.510790109634,
    "raspiness": 0.0709564909339,
    "color": 22.0197715759,
    "location": 37.785585721012716,
    "stability": 0.411493182182,
    "tonality": 0.465985059738
}