{
    "name": "54a77272",
    "x": 11.60499382019043,
    "y": -21.569698333740234,
    "loudness": 0.0397200956941,
    "raspiness": 0.085340090096,
    "color": 14.1462650299,
    "location": 1536.49572754,
    "stability": 0.594471335411,
    "tonality": 0.479294866323
}