{
    "name": "54a8e5b9",
    "x": 26.165945053100586,
    "y": 26.603025436401367,
    "loudness": 0.99068403244,
    "raspiness": 0.124280430377,
    "color": 18.9533538818,
    "location": 2298.74658203,
    "stability": 0.623266041279,
    "tonality": 0.47755086422
}