{
    "name": "54a8e5b9",
    "x": 24.38854217529297,
    "y": 22.2713623046875,
    "loudness": 0.99068403244,
    "raspiness": 0.124280430377,
    "color": 18.9533538818,
    "location": 47.94524566659347,
    "stability": 0.623266041279,
    "tonality": 0.47755086422
}