{
    "name": "54ab7672",
    "x": 17.10995101928711,
    "y": 39.55121612548828,
    "loudness": 0.958056330681,
    "raspiness": 0.0691921040416,
    "color": 8.72308635712,
    "location": 41.4128134538092,
    "stability": 0.72446423769,
    "tonality": 0.468043714762
}