{
    "name": "54ab7672",
    "x": 18.5843563079834,
    "y": 50.134178161621094,
    "loudness": 0.958056330681,
    "raspiness": 0.0691921040416,
    "color": 8.72308635712,
    "location": 1715.02111816,
    "stability": 0.72446423769,
    "tonality": 0.468043714762
}