{
    "name": "54ac3fe7",
    "x": 25.64458656311035,
    "y": 21.091949462890625,
    "loudness": 0.976698577404,
    "raspiness": 0.112683013082,
    "color": 29.5370578766,
    "location": 52.847827034514864,
    "stability": 0.63698297739,
    "tonality": 0.457223325968
}