{
    "name": "54b61eec",
    "x": 13.220267295837402,
    "y": -20.390708923339844,
    "loudness": 0.127457633615,
    "raspiness": 0.0778753682971,
    "color": 17.5197734833,
    "location": 38.95386299688389,
    "stability": 0.667119920254,
    "tonality": 0.48522990942
}