{
    "name": "54b61eec",
    "x": 12.342534065246582,
    "y": -16.648452758789062,
    "loudness": 0.127457633615,
    "raspiness": 0.0778753682971,
    "color": 17.5197734833,
    "location": 1517.40344238,
    "stability": 0.667119920254,
    "tonality": 0.48522990942
}