{
    "name": "54b714ef",
    "x": 18.832679748535156,
    "y": 49.72206115722656,
    "loudness": 0.931554317474,
    "raspiness": 0.0653274133801,
    "color": 16.8367462158,
    "location": 1582.25585938,
    "stability": 0.729537785053,
    "tonality": 0.48059168458
}