{
    "name": "54b714ef",
    "x": 4.977389335632324,
    "y": 11.833700180053711,
    "loudness": 0.931554317474,
    "raspiness": 0.0653274133801,
    "color": 16.8367462158,
    "location": 1582.25585938,
    "stability": 0.729537785053,
    "tonality": 0.48059168458
}