{
    "name": "54b714ef",
    "x": 17.582826614379883,
    "y": 41.0037727355957,
    "loudness": 0.931554317474,
    "raspiness": 0.0653274133801,
    "color": 16.8367462158,
    "location": 39.777579858256836,
    "stability": 0.729537785053,
    "tonality": 0.48059168458
}