{
    "name": "54bb57af",
    "x": -2.2084155082702637,
    "y": 9.792222023010254,
    "loudness": 0.819998443127,
    "raspiness": 0.0237547699362,
    "color": 5.15977525711,
    "location": 499.91619873,
    "stability": 0.570941507816,
    "tonality": 0.372869670391
}