{
    "name": "54beedf8",
    "x": 19.789493560791016,
    "y": 14.739473342895508,
    "loudness": 0.99068403244,
    "raspiness": 0.167513027787,
    "color": 2.62274932861,
    "location": 2221.13134766,
    "stability": 0.48683616519,
    "tonality": 0.467021942139
}