{
    "name": "54c2fdba",
    "x": 40.5120964050293,
    "y": -19.333560943603516,
    "loudness": 0.99068403244,
    "raspiness": 0.359483510256,
    "color": 661.696411133,
    "location": 71.88822908147063,
    "stability": 0.583949029446,
    "tonality": 0.497334420681
}