{
    "name": "54c2fdba",
    "x": 11.529691696166992,
    "y": 5.580678939819336,
    "loudness": 0.99068403244,
    "raspiness": 0.359483510256,
    "color": 661.696411133,
    "location": 5167.91748047,
    "stability": 0.583949029446,
    "tonality": 0.497334420681
}