{
    "name": "54c32b7a",
    "x": 5.2790846824646,
    "y": 3.5350584983825684,
    "loudness": 0.338940709829,
    "raspiness": 0.080364048481,
    "color": 18.9482784271,
    "location": 2000.76525879,
    "stability": 0.654227256775,
    "tonality": 0.49076834321
}