{
    "name": "54c69259",
    "x": 23.968101501464844,
    "y": 29.13726806640625,
    "loudness": 0.981597483158,
    "raspiness": 0.0825104862452,
    "color": 17.2821083069,
    "location": 48.1654988887274,
    "stability": 0.663441777229,
    "tonality": 0.488558530807
}