{
    "name": "54c69259",
    "x": 28.10428237915039,
    "y": 35.37289047241211,
    "loudness": 0.981597483158,
    "raspiness": 0.0825104862452,
    "color": 17.2821083069,
    "location": 2319.9152832,
    "stability": 0.663441777229,
    "tonality": 0.488558530807
}