{
    "name": "54db602f",
    "x": 7.274965763092041,
    "y": 10.511590003967285,
    "loudness": 0.99068403244,
    "raspiness": 0.148168951273,
    "color": 19.5488834381,
    "location": 2245.75830078,
    "stability": 0.729740738869,
    "tonality": 0.444995880127
}