{
    "name": "54db602f",
    "x": 30.817419052124023,
    "y": 25.37240982055664,
    "loudness": 0.99068403244,
    "raspiness": 0.148168951273,
    "color": 19.5488834381,
    "location": 47.3894323745284,
    "stability": 0.729740738869,
    "tonality": 0.444995880127
}