{
    "name": "54db602f",
    "x": 35.365806579589844,
    "y": 29.58182144165039,
    "loudness": 0.99068403244,
    "raspiness": 0.148168951273,
    "color": 19.5488834381,
    "location": 2245.75830078,
    "stability": 0.729740738869,
    "tonality": 0.444995880127
}