{
    "name": "54e0f1a8",
    "x": -46.93162155151367,
    "y": -4.218227386474609,
    "loudness": 0.974515974522,
    "raspiness": 0.0217573828995,
    "color": 13.1416034698,
    "location": 479.060272217,
    "stability": 0.435045182705,
    "tonality": 0.310516774654
}