{
    "name": "54f4ed65",
    "x": 2.3633108139038086,
    "y": 5.438066005706787,
    "loudness": 0.628920078278,
    "raspiness": 0.023769851774,
    "color": 12.5110092163,
    "location": 692.153564453,
    "stability": 0.426079541445,
    "tonality": 0.446911931038
}