{
    "name": "54f89ec3",
    "x": -13.924487113952637,
    "y": 23.7725772857666,
    "loudness": 0.99068403244,
    "raspiness": 0.0686848983169,
    "color": 15.0386104584,
    "location": 39.824863783696735,
    "stability": 0.526474773884,
    "tonality": 0.409660309553
}