{
    "name": "54f86efe",
    "x": 27.38109016418457,
    "y": -14.08124828338623,
    "loudness": 0.319082975388,
    "raspiness": 0.221032634377,
    "color": 21.1490478516,
    "location": 3813.42285156,
    "stability": 0.541461288929,
    "tonality": 0.489949733019
}