{
    "name": "54feec8f",
    "x": 10.019979476928711,
    "y": -17.942325592041016,
    "loudness": 0.185251623392,
    "raspiness": 0.0684217959642,
    "color": 11.2328653336,
    "location": 36.58290696527546,
    "stability": 0.631197869778,
    "tonality": 0.464916199446
}