{
    "name": "54feec8f",
    "x": 9.071494102478027,
    "y": -15.244047164916992,
    "loudness": 0.185251623392,
    "raspiness": 0.0684217959642,
    "color": 11.2328653336,
    "location": 1338.30908203,
    "stability": 0.631197869778,
    "tonality": 0.464916199446
}