{
    "name": "5503dbff",
    "x": 5.126675128936768,
    "y": 42.906593322753906,
    "loudness": 0.987000465393,
    "raspiness": 0.0486369468272,
    "color": 21.9671821594,
    "location": 33.78488142483262,
    "stability": 0.720359921455,
    "tonality": 0.45576363802
}