{
    "name": "5503e01b",
    "x": 30.09084701538086,
    "y": -35.512123107910156,
    "loudness": 0.99068403244,
    "raspiness": 0.4892578125,
    "color": 2425.29980469,
    "location": 6665.03222656,
    "stability": 0.557257533073,
    "tonality": 0.48917093873
}