{
    "name": "5503dbff",
    "x": 3.344710111618042,
    "y": 53.76441955566406,
    "loudness": 0.987000465393,
    "raspiness": 0.0486369468272,
    "color": 21.9671821594,
    "location": 1141.41821289,
    "stability": 0.720359921455,
    "tonality": 0.45576363802
}