{
    "name": "550cae67",
    "x": 19.644868850708008,
    "y": -2.7186098098754883,
    "loudness": 0.675827145576,
    "raspiness": 0.159690305591,
    "color": 37.7136764526,
    "location": 3128.40307617,
    "stability": 0.435281544924,
    "tonality": 0.485811620951
}