{
    "name": "5531a5e1",
    "x": 2.442573070526123,
    "y": -32.89363479614258,
    "loudness": 0.0483099892735,
    "raspiness": 0.016231784597,
    "color": 33.6308479309,
    "location": 1558.18530273,
    "stability": 0.189662873745,
    "tonality": 0.47472423315
}