{
    "name": "5531a5e1",
    "x": 4.388000965118408,
    "y": 0.8484834432601929,
    "loudness": 0.0483099892735,
    "raspiness": 0.016231784597,
    "color": 33.6308479309,
    "location": 1558.18530273,
    "stability": 0.189662873745,
    "tonality": 0.47472423315
}