{
    "name": "5554d95d",
    "x": 2.535362482070923,
    "y": 17.684656143188477,
    "loudness": 0.99068403244,
    "raspiness": 0.161865234375,
    "color": 3.00157237053,
    "location": 2117.67236328,
    "stability": 0.532117068768,
    "tonality": 0.413389921188
}