{
    "name": "5558f338",
    "x": 16.668336868286133,
    "y": -19.049602508544922,
    "loudness": 0.00441871164367,
    "raspiness": 0.146507680416,
    "color": 4.40512371063,
    "location": 1850.23510742,
    "stability": 0.66095161438,
    "tonality": 0.473519563675
}