{
    "name": "5558f338",
    "x": 17.501663208007812,
    "y": -20.607601165771484,
    "loudness": 0.00441871164367,
    "raspiness": 0.146507680416,
    "color": 4.40512371063,
    "location": 43.01435931662821,
    "stability": 0.66095161438,
    "tonality": 0.473519563675
}