{
    "name": "5560b9c0",
    "x": 10.433361053466797,
    "y": 7.065515995025635,
    "loudness": 0.928278625011,
    "raspiness": 0.458940446377,
    "color": 152.657363892,
    "location": 2195.58618164,
    "stability": 0.726096868515,
    "tonality": 0.493802130222
}