{
    "name": "5560b9c0",
    "x": 46.6845703125,
    "y": -4.8997673988342285,
    "loudness": 0.928278625011,
    "raspiness": 0.458940446377,
    "color": 152.657363892,
    "location": 46.857082513105745,
    "stability": 0.726096868515,
    "tonality": 0.493802130222
}