{
    "name": "5560b9c0",
    "x": 46.544830322265625,
    "y": -10.868911743164062,
    "loudness": 0.928278625011,
    "raspiness": 0.458940446377,
    "color": 152.657363892,
    "location": 2195.58618164,
    "stability": 0.726096868515,
    "tonality": 0.493802130222
}