{
    "name": "558a13e0",
    "x": 11.67694091796875,
    "y": 5.272171974182129,
    "loudness": 0.970137178898,
    "raspiness": 0.0855924189091,
    "color": 30.3826675415,
    "location": 51.756156223487075,
    "stability": 0.421911984682,
    "tonality": 0.471720278263
}