{
    "name": "558a13e0",
    "x": 11.460573196411133,
    "y": 8.321855545043945,
    "loudness": 0.970137178898,
    "raspiness": 0.0855924189091,
    "color": 30.3826675415,
    "location": 2678.69970703,
    "stability": 0.421911984682,
    "tonality": 0.471720278263
}