{
    "name": "55a17a88",
    "x": -13.385205268859863,
    "y": -10.26672649383545,
    "loudness": 0.94003868103,
    "raspiness": 0.00445156684145,
    "color": 20.1890869141,
    "location": 27.98358326978516,
    "stability": 0.0644944831729,
    "tonality": 0.464575588703
}