{
    "name": "55a17a88",
    "x": -12.79672908782959,
    "y": -15.108784675598145,
    "loudness": 0.94003868103,
    "raspiness": 0.00445156684145,
    "color": 20.1890869141,
    "location": 783.080932617,
    "stability": 0.0644944831729,
    "tonality": 0.464575588703
}