{
    "name": "55aed1da",
    "x": 12.764808654785156,
    "y": 42.65361022949219,
    "loudness": 0.929721355438,
    "raspiness": 0.0521869547665,
    "color": 10.9368944168,
    "location": 35.11045454775543,
    "stability": 0.75969094038,
    "tonality": 0.478191584349
}