{
    "name": "55aed1da",
    "x": 3.8942830562591553,
    "y": 11.982820510864258,
    "loudness": 0.929721355438,
    "raspiness": 0.0521869547665,
    "color": 10.9368944168,
    "location": 1232.74401855,
    "stability": 0.75969094038,
    "tonality": 0.478191584349
}