{
    "name": "55b2828b",
    "x": -12.156909942626953,
    "y": -23.548080444335938,
    "loudness": 0.00806923955679,
    "raspiness": 0.0242905206978,
    "color": 4.43728923798,
    "location": 18.58779858143508,
    "stability": 0.3081394732,
    "tonality": 0.385380536318
}