{
    "name": "55b7d572",
    "x": -44.05060958862305,
    "y": 17.266733169555664,
    "loudness": 0.99068403244,
    "raspiness": 0.0610210038722,
    "color": 3.15311360359,
    "location": 912.565063477,
    "stability": 0.563452839851,
    "tonality": 0.340256661177
}