{
    "name": "55b7b452",
    "x": 9.72274112701416,
    "y": 19.98042869567871,
    "loudness": 0.963318526745,
    "raspiness": 0.114850461483,
    "color": 13.1720151901,
    "location": 41.358293277769576,
    "stability": 0.538452148438,
    "tonality": 0.447199583054
}