{
    "name": "55b7b452",
    "x": 6.472092151641846,
    "y": 25.146739959716797,
    "loudness": 0.963318526745,
    "raspiness": 0.114850461483,
    "color": 13.1720151901,
    "location": 1710.50842285,
    "stability": 0.538452148438,
    "tonality": 0.447199583054
}