{
    "name": "55b7d572",
    "x": -36.43442153930664,
    "y": 18.804506301879883,
    "loudness": 0.99068403244,
    "raspiness": 0.0610210038722,
    "color": 3.15311360359,
    "location": 30.208691853123995,
    "stability": 0.563452839851,
    "tonality": 0.340256661177
}