{
    "name": "55c288a5",
    "x": -18.682262420654297,
    "y": 30.802433013916016,
    "loudness": 0.973896563053,
    "raspiness": 0.0554736107588,
    "color": 48.0141296387,
    "location": 35.16934651895028,
    "stability": 0.597482085228,
    "tonality": 0.398008406162
}