{
    "name": "55c288a5",
    "x": -25.925724029541016,
    "y": 34.49415588378906,
    "loudness": 0.973896563053,
    "raspiness": 0.0554736107588,
    "color": 48.0141296387,
    "location": 1236.88293457,
    "stability": 0.597482085228,
    "tonality": 0.398008406162
}