{
    "name": "55cb6a50",
    "x": 2.605043649673462,
    "y": 11.87986946105957,
    "loudness": 0.917464435101,
    "raspiness": 0.0341706871986,
    "color": 3.65933156013,
    "location": 623.622680664,
    "stability": 0.711984336376,
    "tonality": 0.468301266432
}