{
    "name": "55cb6a50",
    "x": -2.2831146717071533,
    "y": 52.21711730957031,
    "loudness": 0.917464435101,
    "raspiness": 0.0341706871986,
    "color": 3.65933156013,
    "location": 623.622680664,
    "stability": 0.711984336376,
    "tonality": 0.468301266432
}