{
    "name": "55d60bf0",
    "x": 0.09641651064157486,
    "y": 11.477941513061523,
    "loudness": 0.847839295864,
    "raspiness": 0.0594894513488,
    "color": 15.841252327,
    "location": 1718.46716309,
    "stability": 0.755831241608,
    "tonality": 0.426228225231
}