{
    "name": "55d60bf0",
    "x": -2.55983304977417,
    "y": 40.878456115722656,
    "loudness": 0.847839295864,
    "raspiness": 0.0594894513488,
    "color": 15.841252327,
    "location": 41.45439859761567,
    "stability": 0.755831241608,
    "tonality": 0.426228225231
}