{
    "name": "55d60bf0",
    "x": -9.996745109558105,
    "y": 45.806915283203125,
    "loudness": 0.847839295864,
    "raspiness": 0.0594894513488,
    "color": 15.841252327,
    "location": 1718.46716309,
    "stability": 0.755831241608,
    "tonality": 0.426228225231
}