{
    "name": "55dd4e7c",
    "x": 1.763199806213379,
    "y": 9.844033241271973,
    "loudness": 0.989081799984,
    "raspiness": 0.0648708418012,
    "color": 37.1017227173,
    "location": 848.703125,
    "stability": 0.567918777466,
    "tonality": 0.456173658371
}