{
    "name": "55dd4e7c",
    "x": -9.045441627502441,
    "y": 37.59446716308594,
    "loudness": 0.989081799984,
    "raspiness": 0.0648708418012,
    "color": 37.1017227173,
    "location": 848.703125,
    "stability": 0.567918777466,
    "tonality": 0.456173658371
}