{
    "name": "55dd4e7c",
    "x": -4.818183898925781,
    "y": 29.11496353149414,
    "loudness": 0.989081799984,
    "raspiness": 0.0648708418012,
    "color": 37.1017227173,
    "location": 29.132509761433187,
    "stability": 0.567918777466,
    "tonality": 0.456173658371
}