{
    "name": "55df0089",
    "x": 41.26329803466797,
    "y": 15.028674125671387,
    "loudness": 0.99068403244,
    "raspiness": 0.197501346469,
    "color": 16.7893218994,
    "location": 2776.54052734,
    "stability": 0.67555886507,
    "tonality": 0.469896674156
}