{
    "name": "5604d72a",
    "x": 6.895567417144775,
    "y": 7.17714262008667,
    "loudness": 0.982804954052,
    "raspiness": 0.127262994647,
    "color": 17.4455738068,
    "location": 3233.5,
    "stability": 0.423790335655,
    "tonality": 0.49727588892
}