{
    "name": "5604d72a",
    "x": 19.70771026611328,
    "y": 3.740640163421631,
    "loudness": 0.982804954052,
    "raspiness": 0.127262994647,
    "color": 17.4455738068,
    "location": 56.86387253784251,
    "stability": 0.423790335655,
    "tonality": 0.49727588892
}