{
    "name": "561d33d3",
    "x": 32.146575927734375,
    "y": 20.280179977416992,
    "loudness": 0.99068403244,
    "raspiness": 0.17333984375,
    "color": 6.29510736465,
    "location": 47.77943096605484,
    "stability": 0.684923171997,
    "tonality": 0.461836874485
}