{
    "name": "561d33d3",
    "x": 36.03572463989258,
    "y": 25.065406799316406,
    "loudness": 0.99068403244,
    "raspiness": 0.17333984375,
    "color": 6.29510736465,
    "location": 2282.87402344,
    "stability": 0.684923171997,
    "tonality": 0.461836874485
}