{
    "name": "561d33d3",
    "x": 7.399685859680176,
    "y": 10.095296859741211,
    "loudness": 0.99068403244,
    "raspiness": 0.17333984375,
    "color": 6.29510736465,
    "location": 2282.87402344,
    "stability": 0.684923171997,
    "tonality": 0.461836874485
}