{
    "name": "562fed68",
    "x": -10.0222806930542,
    "y": -21.51750373840332,
    "loudness": 0.0365907996893,
    "raspiness": 0.0254944320768,
    "color": 23.5828495026,
    "location": 19.947314486541792,
    "stability": 0.392205089331,
    "tonality": 0.399054586887
}