{
    "name": "562fed68",
    "x": -8.992338180541992,
    "y": -28.99600601196289,
    "loudness": 0.0365907996893,
    "raspiness": 0.0254944320768,
    "color": 23.5828495026,
    "location": 397.895355225,
    "stability": 0.392205089331,
    "tonality": 0.399054586887
}