{
    "name": "5631d60b",
    "x": 26.8558292388916,
    "y": 29.610139846801758,
    "loudness": 0.768057048321,
    "raspiness": 0.0863515287638,
    "color": 21.8566570282,
    "location": 43.45907737458309,
    "stability": 0.790340662003,
    "tonality": 0.489310830832
}