{
    "name": "5631d60b",
    "x": 6.216216087341309,
    "y": 11.781343460083008,
    "loudness": 0.768057048321,
    "raspiness": 0.0863515287638,
    "color": 21.8566570282,
    "location": 1888.69140625,
    "stability": 0.790340662003,
    "tonality": 0.489310830832
}