{
    "name": "563f830b",
    "x": -20.157325744628906,
    "y": -13.063446044921875,
    "loudness": 0.94138032198,
    "raspiness": 0.00508553022519,
    "color": 11.6048231125,
    "location": 106.632324219,
    "stability": 0.154761865735,
    "tonality": 0.417534321547
}