{
    "name": "5644beb8",
    "x": -1.1352627277374268,
    "y": 5.759063720703125,
    "loudness": 0.99068403244,
    "raspiness": 0.0486145019531,
    "color": 7.03282976151,
    "location": 456.940551758,
    "stability": 0.209852963686,
    "tonality": 0.417236119509
}