{
    "name": "5644beb8",
    "x": -18.940147399902344,
    "y": -4.474155426025391,
    "loudness": 0.99068403244,
    "raspiness": 0.0486145019531,
    "color": 7.03282976151,
    "location": 21.37616784547689,
    "stability": 0.209852963686,
    "tonality": 0.417236119509
}