{
    "name": "5644beb8",
    "x": -20.517595291137695,
    "y": -9.258496284484863,
    "loudness": 0.99068403244,
    "raspiness": 0.0486145019531,
    "color": 7.03282976151,
    "location": 456.940551758,
    "stability": 0.209852963686,
    "tonality": 0.417236119509
}