{
    "name": "564c018d",
    "x": 3.9499216079711914,
    "y": 6.881165504455566,
    "loudness": 0.794875442982,
    "raspiness": 0.0949732065201,
    "color": 83.7614212036,
    "location": 2076.93359375,
    "stability": 0.38527238369,
    "tonality": 0.481799125671
}