{
    "name": "564c018d",
    "x": 7.553094863891602,
    "y": 4.129967212677002,
    "loudness": 0.794875442982,
    "raspiness": 0.0949732065201,
    "color": 83.7614212036,
    "location": 45.57338690233588,
    "stability": 0.38527238369,
    "tonality": 0.481799125671
}