{
    "name": "564ebce0",
    "x": 44.749755859375,
    "y": 20.058250427246094,
    "loudness": 0.96737152338,
    "raspiness": 0.174438476562,
    "color": 29.6536998749,
    "location": 2936.05908203,
    "stability": 0.708267390728,
    "tonality": 0.489650994539
}