{
    "name": "564f1a49",
    "x": 3.9254229068756104,
    "y": -26.80866813659668,
    "loudness": 0.0104177873582,
    "raspiness": 0.0526372231543,
    "color": 6.43291664124,
    "location": 1319.44677734,
    "stability": 0.485693603754,
    "tonality": 0.450325727463
}