{
    "name": "5655bcc9",
    "x": 3.4274089336395264,
    "y": 9.800703048706055,
    "loudness": 0.76723754406,
    "raspiness": 0.06640625,
    "color": 9.67015075684,
    "location": 1500.81982422,
    "stability": 0.551617801189,
    "tonality": 0.475108653307
}