{
    "name": "565d4f5a",
    "x": -23.958187103271484,
    "y": -36.422210693359375,
    "loudness": 0.00671956595033,
    "raspiness": 0.0884457975626,
    "color": 4.98750638962,
    "location": 1200.97241211,
    "stability": 0.165267392993,
    "tonality": 0.216317728162
}