{
    "name": "565d4f5a",
    "x": 1.686132550239563,
    "y": 0.061537761241197586,
    "loudness": 0.00671956595033,
    "raspiness": 0.0884457975626,
    "color": 4.98750638962,
    "location": 1200.97241211,
    "stability": 0.165267392993,
    "tonality": 0.216317728162
}