{
    "name": "565d4f5a",
    "x": -25.8046932220459,
    "y": -23.2115421295166,
    "loudness": 0.00671956595033,
    "raspiness": 0.0884457975626,
    "color": 4.98750638962,
    "location": 34.655048868959916,
    "stability": 0.165267392993,
    "tonality": 0.216317728162
}