{
    "name": "565f3ee2",
    "x": -0.991231381893158,
    "y": 5.718265533447266,
    "loudness": 0.99068403244,
    "raspiness": 0.00732421875,
    "color": 12.2998800278,
    "location": 317.014526367,
    "stability": 0.198232263327,
    "tonality": 0.434182614088
}