{
    "name": "565f3ee2",
    "x": -17.439477920532227,
    "y": -5.89168643951416,
    "loudness": 0.99068403244,
    "raspiness": 0.00732421875,
    "color": 12.2998800278,
    "location": 17.804901751118987,
    "stability": 0.198232263327,
    "tonality": 0.434182614088
}