{
    "name": "5666db3a",
    "x": 2.4815125465393066,
    "y": 4.369702339172363,
    "loudness": 0.670777082443,
    "raspiness": 0.0422476455569,
    "color": 10.3707885742,
    "location": 1985.62585449,
    "stability": 0.260316371918,
    "tonality": 0.480858415365
}