{
    "name": "5668c2ab",
    "x": -22.642484664916992,
    "y": -17.58492088317871,
    "loudness": 0.114880643785,
    "raspiness": 0.0182914584875,
    "color": 3.86505174637,
    "location": 20.044825103452514,
    "stability": 0.449683338404,
    "tonality": 0.278937071562
}