{
    "name": "566f0926",
    "x": -8.751320838928223,
    "y": 14.239723205566406,
    "loudness": 0.99068403244,
    "raspiness": 0.0694661438465,
    "color": 7.93768453598,
    "location": 27.407360163156902,
    "stability": 0.422835528851,
    "tonality": 0.452106773853
}