{
    "name": "566f0926",
    "x": 0.7659861445426941,
    "y": 7.588047027587891,
    "loudness": 0.99068403244,
    "raspiness": 0.0694661438465,
    "color": 7.93768453598,
    "location": 751.163391113,
    "stability": 0.422835528851,
    "tonality": 0.452106773853
}