{
    "name": "566f0926",
    "x": -12.25432300567627,
    "y": 17.418180465698242,
    "loudness": 0.99068403244,
    "raspiness": 0.0694661438465,
    "color": 7.93768453598,
    "location": 751.163391113,
    "stability": 0.422835528851,
    "tonality": 0.452106773853
}