{
    "name": "567ac6d1",
    "x": 3.5230445861816406,
    "y": 23.424455642700195,
    "loudness": 0.99068403244,
    "raspiness": 0.0611644089222,
    "color": 12.4122533798,
    "location": 39.36776967342702,
    "stability": 0.536671638489,
    "tonality": 0.468901723623
}