{
    "name": "5683f1b4",
    "x": 4.974574565887451,
    "y": 11.131441116333008,
    "loudness": 0.803604841232,
    "raspiness": 0.0729775577784,
    "color": 18.1800193787,
    "location": 1670.34082031,
    "stability": 0.664580106735,
    "tonality": 0.481885462999
}