{
    "name": "568f4336",
    "x": 25.89348793029785,
    "y": -16.568593978881836,
    "loudness": 0.276100128889,
    "raspiness": 0.206576749682,
    "color": 84.2158508301,
    "location": 3488.4440918,
    "stability": 0.523187577724,
    "tonality": 0.491391509771
}