{
    "name": "569ee690",
    "x": 2.096083164215088,
    "y": 6.2898173332214355,
    "loudness": 0.794186592102,
    "raspiness": 0.026435341686,
    "color": 8.98567771912,
    "location": 729.623718262,
    "stability": 0.489357322454,
    "tonality": 0.467019528151
}