{
    "name": "569ee690",
    "x": -8.420482635498047,
    "y": 14.624208450317383,
    "loudness": 0.794186592102,
    "raspiness": 0.026435341686,
    "color": 8.98567771912,
    "location": 729.623718262,
    "stability": 0.489357322454,
    "tonality": 0.467019528151
}