{
    "name": "56a26f01",
    "x": 27.331207275390625,
    "y": 6.339688777923584,
    "loudness": 0.737361431122,
    "raspiness": 0.173537924886,
    "color": 7.75988960266,
    "location": 54.18712829676435,
    "stability": 0.602335870266,
    "tonality": 0.485674262047
}