{
    "name": "56a59a85",
    "x": 9.041632652282715,
    "y": 36.15755844116211,
    "loudness": 0.985467076302,
    "raspiness": 0.10009765625,
    "color": 16.2661762238,
    "location": 30.278143787408766,
    "stability": 0.664133012295,
    "tonality": 0.475116312504
}