{
    "name": "56a59a85",
    "x": 8.160552024841309,
    "y": 48.06987380981445,
    "loudness": 0.985467076302,
    "raspiness": 0.10009765625,
    "color": 16.2661762238,
    "location": 916.765991211,
    "stability": 0.664133012295,
    "tonality": 0.475116312504
}