{
    "name": "56aacb80",
    "x": -0.5528672337532043,
    "y": 19.257816314697266,
    "loudness": 0.724731326103,
    "raspiness": 0.0457253940403,
    "color": 8.87547588348,
    "location": 32.070760692724456,
    "stability": 0.590034365654,
    "tonality": 0.447674661875
}