{
    "name": "56b18d22",
    "x": 3.6692371368408203,
    "y": 0.463885635137558,
    "loudness": 0.00297274487093,
    "raspiness": 0.00628692889586,
    "color": 9.179438591,
    "location": 325.360778809,
    "stability": 0.232850581408,
    "tonality": 0.451868146658
}