{
    "name": "56b18d22",
    "x": -6.081741809844971,
    "y": -24.43647003173828,
    "loudness": 0.00297274487093,
    "raspiness": 0.00628692889586,
    "color": 9.179438591,
    "location": 18.037759805724214,
    "stability": 0.232850581408,
    "tonality": 0.451868146658
}