{
    "name": "56bfa515",
    "x": 40.86956787109375,
    "y": 14.415742874145508,
    "loudness": 0.99068403244,
    "raspiness": 0.152893066406,
    "color": 27.7465591431,
    "location": 3474.94458008,
    "stability": 0.654717922211,
    "tonality": 0.493027716875
}