{
    "name": "56bfa515",
    "x": 37.172767639160156,
    "y": 12.610469818115234,
    "loudness": 0.99068403244,
    "raspiness": 0.152893066406,
    "color": 27.7465591431,
    "location": 58.94866054525752,
    "stability": 0.654717922211,
    "tonality": 0.493027716875
}