{
    "name": "56c736b2",
    "x": 19.823331832885742,
    "y": 8.577054023742676,
    "loudness": 0.980045676231,
    "raspiness": 0.145109951496,
    "color": 35.9835853577,
    "location": 49.52404324547825,
    "stability": 0.492077976465,
    "tonality": 0.488806068897
}