{
    "name": "56db9231",
    "x": -1.9215167760849,
    "y": 10.16199016571045,
    "loudness": 0.885833084583,
    "raspiness": 0.0574172250926,
    "color": 13.5676765442,
    "location": 1503.47265625,
    "stability": 0.377034366131,
    "tonality": 0.469127953053
}