{
    "name": "56db9231",
    "x": 2.346632480621338,
    "y": 6.63090181350708,
    "loudness": 0.885833084583,
    "raspiness": 0.0574172250926,
    "color": 13.5676765442,
    "location": 1503.47265625,
    "stability": 0.377034366131,
    "tonality": 0.469127953053
}