{
    "name": "56de1a6e",
    "x": -17.462108612060547,
    "y": -7.698028564453125,
    "loudness": 0.99068403244,
    "raspiness": 0.00863647460938,
    "color": 5.0277838707,
    "location": 15.985359169064672,
    "stability": 0.142402097583,
    "tonality": 0.434948533773
}