{
    "name": "56de1a6e",
    "x": -0.8480114936828613,
    "y": 5.370813846588135,
    "loudness": 0.99068403244,
    "raspiness": 0.00863647460938,
    "color": 5.0277838707,
    "location": 255.531707764,
    "stability": 0.142402097583,
    "tonality": 0.434948533773
}