{
    "name": "56e0b337",
    "x": -7.10516357421875,
    "y": 11.923271179199219,
    "loudness": 0.978139579296,
    "raspiness": 0.0351189300418,
    "color": 32.1687469482,
    "location": 31.855480964505936,
    "stability": 0.427086889744,
    "tonality": 0.464277476072
}