{
    "name": "56e79c6f",
    "x": 1.357325553894043,
    "y": 28.10276222229004,
    "loudness": 0.922819852829,
    "raspiness": 0.0781297460198,
    "color": 18.7550086975,
    "location": 1925.6328125,
    "stability": 0.555091738701,
    "tonality": 0.437389582396
}