{
    "name": "56e79c6f",
    "x": 4.0260114669799805,
    "y": 22.351795196533203,
    "loudness": 0.922819852829,
    "raspiness": 0.0781297460198,
    "color": 18.7550086975,
    "location": 43.88203291211564,
    "stability": 0.555091738701,
    "tonality": 0.437389582396
}