{
    "name": "56ebef58",
    "x": -4.456840991973877,
    "y": 20.134723663330078,
    "loudness": 0.88907045126,
    "raspiness": 0.0551875829697,
    "color": 13.3270158768,
    "location": 1271.01977539,
    "stability": 0.482766658068,
    "tonality": 0.468195348978
}