{
    "name": "56f6f5a1",
    "x": 8.923481941223145,
    "y": 1.2730412483215332,
    "loudness": 0.660402655602,
    "raspiness": 0.118607617915,
    "color": 2.42059493065,
    "location": 43.971544254210585,
    "stability": 0.424578398466,
    "tonality": 0.449670940638
}