{
    "name": "56f6f5a1",
    "x": 5.464625835418701,
    "y": 1.7571179866790771,
    "loudness": 0.660402655602,
    "raspiness": 0.118607617915,
    "color": 2.42059493065,
    "location": 1933.4967041,
    "stability": 0.424578398466,
    "tonality": 0.449670940638
}