{
    "name": "56fa2d08",
    "x": 31.22359848022461,
    "y": 7.244626522064209,
    "loudness": 0.99068403244,
    "raspiness": 0.213737934828,
    "color": 3.10975074768,
    "location": 53.05121714550949,
    "stability": 0.571243941784,
    "tonality": 0.473258286715
}