{
    "name": "56fa2d08",
    "x": 32.95354461669922,
    "y": 9.314425468444824,
    "loudness": 0.99068403244,
    "raspiness": 0.213737934828,
    "color": 3.10975074768,
    "location": 2814.43164062,
    "stability": 0.571243941784,
    "tonality": 0.473258286715
}