{
    "name": "5709ee5e",
    "x": 13.404287338256836,
    "y": -8.143584251403809,
    "loudness": 0.37537509203,
    "raspiness": 0.110249564052,
    "color": 11.4392728806,
    "location": 45.986862296856046,
    "stability": 0.567313611507,
    "tonality": 0.46587446332
}