{
    "name": "571f47da",
    "x": 10.206205368041992,
    "y": -3.3346939086914062,
    "loudness": 0.659200787544,
    "raspiness": 0.135914817452,
    "color": 12.2202320099,
    "location": 2113.00634766,
    "stability": 0.339700520039,
    "tonality": 0.478583335876
}