{
    "name": "572bb939",
    "x": 36.3878288269043,
    "y": 8.597736358642578,
    "loudness": 0.99068403244,
    "raspiness": 0.221102625132,
    "color": 19.5025348663,
    "location": 53.01478456817494,
    "stability": 0.628029167652,
    "tonality": 0.474594026804
}