{
    "name": "572bb939",
    "x": 8.119373321533203,
    "y": 8.354226112365723,
    "loudness": 0.99068403244,
    "raspiness": 0.221102625132,
    "color": 19.5025348663,
    "location": 2810.56738281,
    "stability": 0.628029167652,
    "tonality": 0.474594026804
}