{
    "name": "574d304d",
    "x": -28.557357788085938,
    "y": -9.575884819030762,
    "loudness": 0.529094159603,
    "raspiness": 0.0239186938852,
    "color": 10.9702806473,
    "location": 23.871172693062235,
    "stability": 0.328719884157,
    "tonality": 0.29599148035
}