{
    "name": "574d304d",
    "x": -27.3853759765625,
    "y": -17.42432403564453,
    "loudness": 0.529094159603,
    "raspiness": 0.0239186938852,
    "color": 10.9702806473,
    "location": 569.832885742,
    "stability": 0.328719884157,
    "tonality": 0.29599148035
}