{
    "name": "5752e184",
    "x": 13.592702865600586,
    "y": -18.45282745361328,
    "loudness": 0.0924258008599,
    "raspiness": 0.0921171680093,
    "color": 16.4436645508,
    "location": 44.55283057124429,
    "stability": 0.592011392117,
    "tonality": 0.484715998173
}