{
    "name": "5752e184",
    "x": 5.159503936767578,
    "y": 2.545665740966797,
    "loudness": 0.0924258008599,
    "raspiness": 0.0921171680093,
    "color": 16.4436645508,
    "location": 1984.95471191,
    "stability": 0.592011392117,
    "tonality": 0.484715998173
}