{
    "name": "575c17a1",
    "x": 2.729576349258423,
    "y": 1.3055044412612915,
    "loudness": 0.96469014883,
    "raspiness": 0.0481458380818,
    "color": 10.2297792435,
    "location": 48.2119977652866,
    "stability": 0.314912348986,
    "tonality": 0.488364040852
}