{
    "name": "575c3286",
    "x": 15.01233959197998,
    "y": -18.205392837524414,
    "loudness": 0.103774525225,
    "raspiness": 0.123083852232,
    "color": 119.975914001,
    "location": 1829.90270996,
    "stability": 0.593183279037,
    "tonality": 0.470004767179
}