{
    "name": "575c17a1",
    "x": 4.240943431854248,
    "y": 0.736611008644104,
    "loudness": 0.96469014883,
    "raspiness": 0.0481458380818,
    "color": 10.2297792435,
    "location": 2324.39672852,
    "stability": 0.314912348986,
    "tonality": 0.488364040852
}