{
    "name": "575c3286",
    "x": 5.22392463684082,
    "y": 2.6538093090057373,
    "loudness": 0.103774525225,
    "raspiness": 0.123083852232,
    "color": 119.975914001,
    "location": 1829.90270996,
    "stability": 0.593183279037,
    "tonality": 0.470004767179
}