{
    "name": "575d8f8f",
    "x": 6.39280891418457,
    "y": 2.9696779251098633,
    "loudness": 0.0404193140566,
    "raspiness": 0.187995925546,
    "color": 58.4346199036,
    "location": 2157.84057617,
    "stability": 0.717596292496,
    "tonality": 0.481554895639
}