{
    "name": "575d8f8f",
    "x": 20.86396598815918,
    "y": -18.500171661376953,
    "loudness": 0.0404193140566,
    "raspiness": 0.187995925546,
    "color": 58.4346199036,
    "location": 46.452562643733664,
    "stability": 0.717596292496,
    "tonality": 0.481554895639
}