{
    "name": "575d8f8f",
    "x": 21.18553924560547,
    "y": -17.63236427307129,
    "loudness": 0.0404193140566,
    "raspiness": 0.187995925546,
    "color": 58.4346199036,
    "location": 2157.84057617,
    "stability": 0.717596292496,
    "tonality": 0.481554895639
}