{
    "name": "576a7107",
    "x": 6.679310321807861,
    "y": 28.04764175415039,
    "loudness": 0.950740516186,
    "raspiness": 0.109003268182,
    "color": 33.6035614014,
    "location": 2119.05786133,
    "stability": 0.573744118214,
    "tonality": 0.427119344473
}