{
    "name": "576a7107",
    "x": 9.764542579650879,
    "y": 21.586204528808594,
    "loudness": 0.950740516186,
    "raspiness": 0.109003268182,
    "color": 33.6035614014,
    "location": 46.03322562378178,
    "stability": 0.573744118214,
    "tonality": 0.427119344473
}