{
    "name": "576dc3f8",
    "x": -34.79299545288086,
    "y": -8.007027626037598,
    "loudness": 0.931867659092,
    "raspiness": 0.0316152796149,
    "color": 20.4014282227,
    "location": 30.978123975460488,
    "stability": 0.241711571813,
    "tonality": 0.293964207172
}