{
    "name": "576dc3f8",
    "x": -34.63401794433594,
    "y": -18.83169174194336,
    "loudness": 0.931867659092,
    "raspiness": 0.0316152796149,
    "color": 20.4014282227,
    "location": 959.644165039,
    "stability": 0.241711571813,
    "tonality": 0.293964207172
}