{
    "name": "5775ce57",
    "x": -1.2945016622543335,
    "y": 8.198792457580566,
    "loudness": 0.794192373753,
    "raspiness": 0.0984621047974,
    "color": 13.2838029861,
    "location": 1879.26660156,
    "stability": 0.407743632793,
    "tonality": 0.391618221998
}