{
    "name": "5783d462",
    "x": 4.071145534515381,
    "y": 3.4710545539855957,
    "loudness": 0.371013313532,
    "raspiness": 0.0649542585015,
    "color": 12.4270563126,
    "location": 1278.75427246,
    "stability": 0.631026625633,
    "tonality": 0.409674704075
}