{
    "name": "5783d462",
    "x": -0.8459959030151367,
    "y": -8.03625774383545,
    "loudness": 0.371013313532,
    "raspiness": 0.0649542585015,
    "color": 12.4270563126,
    "location": 1278.75427246,
    "stability": 0.631026625633,
    "tonality": 0.409674704075
}