{
    "name": "5786e5ed",
    "x": 1.1479783058166504,
    "y": 7.333085536956787,
    "loudness": 0.99068403244,
    "raspiness": 0.028591580689,
    "color": 6.77100801468,
    "location": 837.667663574,
    "stability": 0.409871160984,
    "tonality": 0.480468213558
}