{
    "name": "5786b4b8",
    "x": 18.152637481689453,
    "y": 46.15743637084961,
    "loudness": 0.99068403244,
    "raspiness": 0.104130499065,
    "color": 7.42768239975,
    "location": 1430.015625,
    "stability": 0.712036788464,
    "tonality": 0.474090576172
}