{
    "name": "5786e5ed",
    "x": -8.2389554977417,
    "y": 10.407869338989258,
    "loudness": 0.99068403244,
    "raspiness": 0.028591580689,
    "color": 6.77100801468,
    "location": 28.942488897363337,
    "stability": 0.409871160984,
    "tonality": 0.480468213558
}