{
    "name": "5786b4b8",
    "x": 17.276052474975586,
    "y": 37.77152633666992,
    "loudness": 0.99068403244,
    "raspiness": 0.104130499065,
    "color": 7.42768239975,
    "location": 37.815547397862694,
    "stability": 0.712036788464,
    "tonality": 0.474090576172
}