{
    "name": "5791b221",
    "x": -0.00712683517485857,
    "y": 9.198076248168945,
    "loudness": 0.860766589642,
    "raspiness": 0.0712081491947,
    "color": 24.4721431732,
    "location": 1467.36816406,
    "stability": 0.372396588326,
    "tonality": 0.48251119256
}