{
    "name": "5791b221",
    "x": 2.453834056854248,
    "y": 6.626789093017578,
    "loudness": 0.860766589642,
    "raspiness": 0.0712081491947,
    "color": 24.4721431732,
    "location": 1467.36816406,
    "stability": 0.372396588326,
    "tonality": 0.48251119256
}