{
    "name": "57a3656e",
    "x": -6.805868625640869,
    "y": -9.92285442352295,
    "loudness": 0.635575115681,
    "raspiness": 0.0243499334902,
    "color": 21.4061717987,
    "location": 656.299682617,
    "stability": 0.317174315453,
    "tonality": 0.468155890703
}