{
    "name": "57a3656e",
    "x": -6.80908727645874,
    "y": -3.195399284362793,
    "loudness": 0.635575115681,
    "raspiness": 0.0243499334902,
    "color": 21.4061717987,
    "location": 25.61834660193745,
    "stability": 0.317174315453,
    "tonality": 0.468155890703
}