{
    "name": "57a3656e",
    "x": 1.7289811372756958,
    "y": 4.132771015167236,
    "loudness": 0.635575115681,
    "raspiness": 0.0243499334902,
    "color": 21.4061717987,
    "location": 656.299682617,
    "stability": 0.317174315453,
    "tonality": 0.468155890703
}