{
    "name": "57aa8a3b",
    "x": -5.079744815826416,
    "y": 7.181021690368652,
    "loudness": 0.796228766441,
    "raspiness": 0.0161794591695,
    "color": 4.50380325317,
    "location": 326.292236328,
    "stability": 0.125663131475,
    "tonality": 0.187792465091
}