{
    "name": "57aa8a3b",
    "x": -39.45188903808594,
    "y": -13.015507698059082,
    "loudness": 0.796228766441,
    "raspiness": 0.0161794591695,
    "color": 4.50380325317,
    "location": 18.063561009059093,
    "stability": 0.125663131475,
    "tonality": 0.187792465091
}