{
    "name": "57ac25f8",
    "x": 43.21343994140625,
    "y": -11.273874282836914,
    "loudness": 0.99068403244,
    "raspiness": 0.339268654585,
    "color": 161.476608276,
    "location": 3704.02880859,
    "stability": 0.627457380295,
    "tonality": 0.486452817917
}