{
    "name": "57ac25f8",
    "x": 42.90403366088867,
    "y": -7.806120872497559,
    "loudness": 0.99068403244,
    "raspiness": 0.339268654585,
    "color": 161.476608276,
    "location": 60.86073289560355,
    "stability": 0.627457380295,
    "tonality": 0.486452817917
}