{
    "name": "57de0162",
    "x": 2.6119489669799805,
    "y": 1.2174469232559204,
    "loudness": 0.00675592804328,
    "raspiness": 0.00642736721784,
    "color": 4.77361965179,
    "location": 173.139007568,
    "stability": 0.538613319397,
    "tonality": 0.359073728323
}