{
    "name": "57f97997",
    "x": -29.29373550415039,
    "y": 32.82279586791992,
    "loudness": 0.987321317196,
    "raspiness": 0.0485654771328,
    "color": 54.3369750977,
    "location": 1097.93310547,
    "stability": 0.577331185341,
    "tonality": 0.394526571035
}