{
    "name": "57f97997",
    "x": -21.771024703979492,
    "y": 28.45426368713379,
    "loudness": 0.987321317196,
    "raspiness": 0.0485654771328,
    "color": 54.3369750977,
    "location": 33.135073645157334,
    "stability": 0.577331185341,
    "tonality": 0.394526571035
}