{
    "name": "581a785f",
    "x": 3.749100685119629,
    "y": 3.775660753250122,
    "loudness": 0.496056884527,
    "raspiness": 0.0531808026135,
    "color": 10.1537246704,
    "location": 904.534301758,
    "stability": 0.62475579977,
    "tonality": 0.420643568039
}