{
    "name": "581afa20",
    "x": 1.8686493635177612,
    "y": 10.998514175415039,
    "loudness": 0.949067533016,
    "raspiness": 0.0387155637145,
    "color": 4.48662853241,
    "location": 590.729003906,
    "stability": 0.639410734177,
    "tonality": 0.451610207558
}