{
    "name": "581a785f",
    "x": 0.3283047676086426,
    "y": -1.6914193630218506,
    "loudness": 0.496056884527,
    "raspiness": 0.0531808026135,
    "color": 10.1537246704,
    "location": 30.075476750302727,
    "stability": 0.62475579977,
    "tonality": 0.420643568039
}