{
    "name": "5854ea8d",
    "x": 34.88644790649414,
    "y": -4.23972749710083,
    "loudness": 0.823287606239,
    "raspiness": 0.206207737327,
    "color": 271.674438477,
    "location": 2754.86889648,
    "stability": 0.604779660702,
    "tonality": 0.486252635717
}