{
    "name": "5854ea8d",
    "x": 34.727481842041016,
    "y": -1.4231377840042114,
    "loudness": 0.823287606239,
    "raspiness": 0.206207737327,
    "color": 271.674438477,
    "location": 52.486844985005526,
    "stability": 0.604779660702,
    "tonality": 0.486252635717
}