{
    "name": "5857ac4f",
    "x": 8.745918273925781,
    "y": 8.988886833190918,
    "loudness": 0.987460196018,
    "raspiness": 0.199248954654,
    "color": 23.2722816467,
    "location": 3099.96289062,
    "stability": 0.711956560612,
    "tonality": 0.491028606892
}