{
    "name": "5864d494",
    "x": 5.100718975067139,
    "y": 11.826635360717773,
    "loudness": 0.897107541561,
    "raspiness": 0.0696821734309,
    "color": 7.22412014008,
    "location": 1695.24975586,
    "stability": 0.730778157711,
    "tonality": 0.476731359959
}