{
    "name": "5868ef95",
    "x": 10.409146308898926,
    "y": 7.176097869873047,
    "loudness": 0.99068403244,
    "raspiness": 0.348798632622,
    "color": 22.09333992,
    "location": 3627.91308594,
    "stability": 0.821249485016,
    "tonality": 0.496847718954
}