{
    "name": "586cbe20",
    "x": -12.910439491271973,
    "y": 16.342824935913086,
    "loudness": 0.965278685093,
    "raspiness": 0.0247015729547,
    "color": 11.9842987061,
    "location": 574.225402832,
    "stability": 0.438218772411,
    "tonality": 0.463793426752
}