{
    "name": "586d03f8",
    "x": -2.6244993209838867,
    "y": 7.166932106018066,
    "loudness": 0.971944451332,
    "raspiness": 0.0571401305497,
    "color": 21.1105422974,
    "location": 1438.92236328,
    "stability": 0.351737052202,
    "tonality": 0.353683680296
}