{
    "name": "586d03f8",
    "x": -26.343542098999023,
    "y": 2.9902634620666504,
    "loudness": 0.971944451332,
    "raspiness": 0.0571401305497,
    "color": 21.1105422974,
    "location": 37.93313015399599,
    "stability": 0.351737052202,
    "tonality": 0.353683680296
}