{
    "name": "587a5906",
    "x": 8.337913513183594,
    "y": 8.28747844696045,
    "loudness": 0.926854610443,
    "raspiness": 0.236330479383,
    "color": 57.8570098877,
    "location": 2842.18408203,
    "stability": 0.618276536465,
    "tonality": 0.48141181469
}