{
    "name": "587a5906",
    "x": 37.149864196777344,
    "y": 6.122539043426514,
    "loudness": 0.926854610443,
    "raspiness": 0.236330479383,
    "color": 57.8570098877,
    "location": 53.31213822414179,
    "stability": 0.618276536465,
    "tonality": 0.48141181469
}