{
    "name": "587ee95e",
    "x": -6.428735733032227,
    "y": 36.82941818237305,
    "loudness": 0.970127642155,
    "raspiness": 0.0733518004417,
    "color": 44.3702774048,
    "location": 40.583909507833276,
    "stability": 0.67187166214,
    "tonality": 0.419247061014
}