{
    "name": "587ee95e",
    "x": -12.496856689453125,
    "y": 40.8341064453125,
    "loudness": 0.970127642155,
    "raspiness": 0.0733518004417,
    "color": 44.3702774048,
    "location": 1647.05371094,
    "stability": 0.67187166214,
    "tonality": 0.419247061014
}