{
    "name": "588bf7ad",
    "x": 10.025749206542969,
    "y": -35.97465515136719,
    "loudness": 0.173950001597,
    "raspiness": 0.113498263061,
    "color": 8.3525762558,
    "location": 2341.33813477,
    "stability": 0.17946472764,
    "tonality": 0.496405750513
}