{
    "name": "588bf7ad",
    "x": 4.055089473724365,
    "y": -13.105013847351074,
    "loudness": 0.173950001597,
    "raspiness": 0.113498263061,
    "color": 8.3525762558,
    "location": 48.387375778915725,
    "stability": 0.17946472764,
    "tonality": 0.496405750513
}