{
    "name": "588bf7ad",
    "x": 4.98321533203125,
    "y": 0.915171205997467,
    "loudness": 0.173950001597,
    "raspiness": 0.113498263061,
    "color": 8.3525762558,
    "location": 2341.33813477,
    "stability": 0.17946472764,
    "tonality": 0.496405750513
}