{
    "name": "5893a316",
    "x": 31.49706268310547,
    "y": 2.6142969131469727,
    "loudness": 0.99068403244,
    "raspiness": 0.208833664656,
    "color": 4.80839967728,
    "location": 3195.5546875,
    "stability": 0.504363358021,
    "tonality": 0.487719029188
}