{
    "name": "5893a316",
    "x": 7.871082782745361,
    "y": 7.401627063751221,
    "loudness": 0.99068403244,
    "raspiness": 0.208833664656,
    "color": 4.80839967728,
    "location": 3195.5546875,
    "stability": 0.504363358021,
    "tonality": 0.487719029188
}