{
    "name": "5893a316",
    "x": 30.930727005004883,
    "y": 3.2545392513275146,
    "loudness": 0.99068403244,
    "raspiness": 0.208833664656,
    "color": 4.80839967728,
    "location": 56.529237457266305,
    "stability": 0.504363358021,
    "tonality": 0.487719029188
}