{
    "name": "589b7cbe",
    "x": 11.446283340454102,
    "y": -30.932308197021484,
    "loudness": 0.0094449641183,
    "raspiness": 0.0888616144657,
    "color": 12.2531738281,
    "location": 2020.6159668,
    "stability": 0.420058012009,
    "tonality": 0.482527822256
}