{
    "name": "589e5196",
    "x": 10.90989875793457,
    "y": 6.100396156311035,
    "loudness": 0.99068403244,
    "raspiness": 0.38076171279,
    "color": 383.683624268,
    "location": 4343.33642578,
    "stability": 0.605980992317,
    "tonality": 0.468775600195
}