{
    "name": "589e5196",
    "x": 42.830501556396484,
    "y": -15.225448608398438,
    "loudness": 0.99068403244,
    "raspiness": 0.38076171279,
    "color": 383.683624268,
    "location": 65.90399400476423,
    "stability": 0.605980992317,
    "tonality": 0.468775600195
}