{
    "name": "58ba4d53",
    "x": 44.06312561035156,
    "y": -31.55664825439453,
    "loudness": 0.979218244553,
    "raspiness": 0.417142421007,
    "color": 428.571929932,
    "location": 6355.07910156,
    "stability": 0.733722686768,
    "tonality": 0.497936993837
}