{
    "name": "58bb9548",
    "x": 5.592062473297119,
    "y": 11.6362886428833,
    "loudness": 0.973898649216,
    "raspiness": 0.089945949614,
    "color": 26.5700969696,
    "location": 2207.62719727,
    "stability": 0.735851585865,
    "tonality": 0.459103733301
}