{
    "name": "58caa1a6",
    "x": 13.14406967163086,
    "y": -15.659759521484375,
    "loudness": 0.236314237118,
    "raspiness": 0.105719074607,
    "color": 27.2822360992,
    "location": 1870.20727539,
    "stability": 0.547782540321,
    "tonality": 0.484495967627
}