{
    "name": "58caa1a6",
    "x": 12.319499015808105,
    "y": -13.675084114074707,
    "loudness": 0.236314237118,
    "raspiness": 0.105719074607,
    "color": 27.2822360992,
    "location": 43.24589316212581,
    "stability": 0.547782540321,
    "tonality": 0.484495967627
}