{
    "name": "58cec63d",
    "x": 4.607602119445801,
    "y": 2.3835136890411377,
    "loudness": 0.02506271936,
    "raspiness": 0.047992028296,
    "color": 5.9187579155,
    "location": 1236.72229004,
    "stability": 0.606796383858,
    "tonality": 0.474636971951
}