{
    "name": "58ce33ad",
    "x": -3.690248966217041,
    "y": 19.142425537109375,
    "loudness": 0.99068403244,
    "raspiness": 0.083740234375,
    "color": 9.83827114105,
    "location": 40.828289441880855,
    "stability": 0.503929018974,
    "tonality": 0.429384082556
}