{
    "name": "58d4f832",
    "x": 29.27944564819336,
    "y": 21.277841567993164,
    "loudness": 0.730363249779,
    "raspiness": 0.133796647191,
    "color": 17.7828388214,
    "location": 2297.70507812,
    "stability": 0.717284679413,
    "tonality": 0.482477605343
}