{
    "name": "58d4f832",
    "x": 27.963138580322266,
    "y": 20.219467163085938,
    "loudness": 0.730363249779,
    "raspiness": 0.133796647191,
    "color": 17.7828388214,
    "location": 47.93438304724491,
    "stability": 0.717284679413,
    "tonality": 0.482477605343
}