{
    "name": "58d529c0",
    "x": 4.5694732666015625,
    "y": 9.43059253692627,
    "loudness": 0.757056355476,
    "raspiness": 0.103991597891,
    "color": 19.3193893433,
    "location": 1815.72607422,
    "stability": 0.574736535549,
    "tonality": 0.472313702106
}