{
    "name": "58d59768",
    "x": -20.739452362060547,
    "y": 22.175840377807617,
    "loudness": 0.753003299236,
    "raspiness": 0.0528665818274,
    "color": 13.8578310013,
    "location": 36.49032506350142,
    "stability": 0.570055663586,
    "tonality": 0.385736197233
}