{
    "name": "58d5cc06",
    "x": 40.62601852416992,
    "y": 12.308505058288574,
    "loudness": 0.99068403244,
    "raspiness": 0.265426278114,
    "color": 31.5603103638,
    "location": 46.75968628765595,
    "stability": 0.750121176243,
    "tonality": 0.4845264256
}