{
    "name": "58d529c0",
    "x": 14.271416664123535,
    "y": 18.375995635986328,
    "loudness": 0.757056355476,
    "raspiness": 0.103991597891,
    "color": 19.3193893433,
    "location": 1815.72607422,
    "stability": 0.574736535549,
    "tonality": 0.472313702106
}