{
    "name": "58d529c0",
    "x": 13.096856117248535,
    "y": 14.645942687988281,
    "loudness": 0.757056355476,
    "raspiness": 0.103991597891,
    "color": 19.3193893433,
    "location": 42.61133739065227,
    "stability": 0.574736535549,
    "tonality": 0.472313702106
}