{
    "name": "58d5cc06",
    "x": 8.25605583190918,
    "y": 9.639392852783203,
    "loudness": 0.99068403244,
    "raspiness": 0.265426278114,
    "color": 31.5603103638,
    "location": 2186.46826172,
    "stability": 0.750121176243,
    "tonality": 0.4845264256
}