{
    "name": "58d59768",
    "x": -1.712038278579712,
    "y": 9.769208908081055,
    "loudness": 0.753003299236,
    "raspiness": 0.0528665818274,
    "color": 13.8578310013,
    "location": 1331.54382324,
    "stability": 0.570055663586,
    "tonality": 0.385736197233
}