{
    "name": "58d59768",
    "x": -26.05660057067871,
    "y": 17.947847366333008,
    "loudness": 0.753003299236,
    "raspiness": 0.0528665818274,
    "color": 13.8578310013,
    "location": 1331.54382324,
    "stability": 0.570055663586,
    "tonality": 0.385736197233
}