{
    "name": "58da3a95",
    "x": 9.307879447937012,
    "y": 7.374820709228516,
    "loudness": 0.99068403244,
    "raspiness": 0.334948092699,
    "color": 11.556725502,
    "location": 2758.92382812,
    "stability": 0.52432268858,
    "tonality": 0.440240651369
}