{
    "name": "58da3a95",
    "x": 37.7511100769043,
    "y": 0.7395434379577637,
    "loudness": 0.99068403244,
    "raspiness": 0.334948092699,
    "color": 11.556725502,
    "location": 2758.92382812,
    "stability": 0.52432268858,
    "tonality": 0.440240651369
}