{
    "name": "58e7e580",
    "x": 15.083474159240723,
    "y": -10.977771759033203,
    "loudness": 0.315224677324,
    "raspiness": 0.120300941169,
    "color": 17.7942638397,
    "location": 48.89656453617166,
    "stability": 0.517330408096,
    "tonality": 0.489438921213
}