{
    "name": "58e7e580",
    "x": 15.830375671386719,
    "y": -13.355086326599121,
    "loudness": 0.315224677324,
    "raspiness": 0.120300941169,
    "color": 17.7942638397,
    "location": 2390.87402344,
    "stability": 0.517330408096,
    "tonality": 0.489438921213
}