{
    "name": "58ea1595",
    "x": -15.81790828704834,
    "y": 36.99848937988281,
    "loudness": 0.987272560596,
    "raspiness": 0.0251444838941,
    "color": 6.10576677322,
    "location": 462.894805908,
    "stability": 0.573737323284,
    "tonality": 0.459122866392
}