{
    "name": "58f8c3db",
    "x": -25.984861373901367,
    "y": 25.299692153930664,
    "loudness": 0.922173261642,
    "raspiness": 0.0659129321575,
    "color": 14.7328262329,
    "location": 35.47217597709506,
    "stability": 0.556160449982,
    "tonality": 0.372322201729
}