{
    "name": "58fd33e3",
    "x": 7.635186195373535,
    "y": 10.046380043029785,
    "loudness": 0.99068403244,
    "raspiness": 0.202614530921,
    "color": 7.12822151184,
    "location": 2112.65112305,
    "stability": 0.701464235783,
    "tonality": 0.472506016493
}