{
    "name": "58fec070",
    "x": -6.502714157104492,
    "y": 7.388049602508545,
    "loudness": 0.99068403244,
    "raspiness": 0.0404698997736,
    "color": 34.9085693359,
    "location": 35.4259791678367,
    "stability": 0.379961818457,
    "tonality": 0.468685805798
}