{
    "name": "58fec070",
    "x": -6.315020561218262,
    "y": 10.189931869506836,
    "loudness": 0.99068403244,
    "raspiness": 0.0404698997736,
    "color": 34.9085693359,
    "location": 1255.0,
    "stability": 0.379961818457,
    "tonality": 0.468685805798
}