{
    "name": "58ffa1af",
    "x": 2.7348484992980957,
    "y": 0.951678991317749,
    "loudness": 0.00120539043564,
    "raspiness": 0.0102989468724,
    "color": 8.14052581787,
    "location": 240.267425537,
    "stability": 0.376772582531,
    "tonality": 0.355949521065
}