{
    "name": "590dde92",
    "x": -18.471092224121094,
    "y": 45.004913330078125,
    "loudness": 0.965351581573,
    "raspiness": 0.0616996213794,
    "color": 30.8259849548,
    "location": 1457.79528809,
    "stability": 0.710668921471,
    "tonality": 0.404787480831
}