{
    "name": "590e3117",
    "x": -22.28977394104004,
    "y": 15.888443946838379,
    "loudness": 0.99068403244,
    "raspiness": 0.0622711181641,
    "color": 12.8625688553,
    "location": 1684.65808105,
    "stability": 0.424215435982,
    "tonality": 0.384776860476
}