{
    "name": "591a127b",
    "x": 3.977491855621338,
    "y": 6.912211894989014,
    "loudness": 0.753211259842,
    "raspiness": 0.0561033636332,
    "color": 6.90013980865,
    "location": 1877.9342041,
    "stability": 0.417862832546,
    "tonality": 0.478389263153
}