{
    "name": "591a127b",
    "x": 3.862673759460449,
    "y": 4.414187431335449,
    "loudness": 0.753211259842,
    "raspiness": 0.0561033636332,
    "color": 6.90013980865,
    "location": 43.335138214848236,
    "stability": 0.417862832546,
    "tonality": 0.478389263153
}