{
    "name": "591cf4c2",
    "x": -29.977272033691406,
    "y": 34.08401870727539,
    "loudness": 0.98551928997,
    "raspiness": 0.046057857573,
    "color": 47.9920425415,
    "location": 1009.6630249,
    "stability": 0.612794935703,
    "tonality": 0.391334861517
}