{
    "name": "591cf4c2",
    "x": -21.99831771850586,
    "y": 30.771686553955078,
    "loudness": 0.98551928997,
    "raspiness": 0.046057857573,
    "color": 47.9920425415,
    "location": 31.775195119778573,
    "stability": 0.612794935703,
    "tonality": 0.391334861517
}