{
    "name": "591ebd98",
    "x": 0.3426547050476074,
    "y": 23.25584602355957,
    "loudness": 0.99068403244,
    "raspiness": 0.118020452559,
    "color": 19.2356319427,
    "location": 34.722603296555974,
    "stability": 0.551093816757,
    "tonality": 0.433960288763
}