{
    "name": "591ebd98",
    "x": 0.5537364482879639,
    "y": 9.342628479003906,
    "loudness": 0.99068403244,
    "raspiness": 0.118020452559,
    "color": 19.2356319427,
    "location": 1205.65917969,
    "stability": 0.551093816757,
    "tonality": 0.433960288763
}