{
    "name": "5935d5bd",
    "x": 3.1952662467956543,
    "y": 6.703588485717773,
    "loudness": 0.923151552677,
    "raspiness": 0.0957736521959,
    "color": 20.6777019501,
    "location": 1751.7121582,
    "stability": 0.335835933685,
    "tonality": 0.47987896204
}