{
    "name": "5935d5bd",
    "x": 1.9745683670043945,
    "y": 3.507978677749634,
    "loudness": 0.923151552677,
    "raspiness": 0.0957736521959,
    "color": 20.6777019501,
    "location": 41.85346052837208,
    "stability": 0.335835933685,
    "tonality": 0.47987896204
}