{
    "name": "594f603c",
    "x": 34.56824493408203,
    "y": 6.324615001678467,
    "loudness": 0.99068403244,
    "raspiness": 0.195231124759,
    "color": 50.7885780334,
    "location": 57.033527351812985,
    "stability": 0.593447446823,
    "tonality": 0.48725053668
}