{
    "name": "594f603c",
    "x": 7.87496280670166,
    "y": 8.306661605834961,
    "loudness": 0.99068403244,
    "raspiness": 0.195231124759,
    "color": 50.7885780334,
    "location": 3252.82324219,
    "stability": 0.593447446823,
    "tonality": 0.48725053668
}