{
    "name": "595a4fba",
    "x": -3.5849111080169678,
    "y": 9.924810409545898,
    "loudness": 0.975385248661,
    "raspiness": 0.0236996077001,
    "color": 7.22597265244,
    "location": 368.009857178,
    "stability": 0.613931655884,
    "tonality": 0.330624014139
}