{
    "name": "595a4fba",
    "x": -38.766292572021484,
    "y": 19.447446823120117,
    "loudness": 0.975385248661,
    "raspiness": 0.0236996077001,
    "color": 7.22597265244,
    "location": 19.18358301199231,
    "stability": 0.613931655884,
    "tonality": 0.330624014139
}