{
    "name": "595c191d",
    "x": -42.34832000732422,
    "y": 4.12017822265625,
    "loudness": 0.984861314297,
    "raspiness": 0.0212252102792,
    "color": 10.4876794815,
    "location": 20.14210153261074,
    "stability": 0.467333763838,
    "tonality": 0.29169344902
}