{
    "name": "595c7b54",
    "x": 7.860987186431885,
    "y": 23.476308822631836,
    "loudness": 0.795698583126,
    "raspiness": 0.0568674989045,
    "color": 7.6769080162,
    "location": 1737.17492676,
    "stability": 0.547318398952,
    "tonality": 0.473506659269
}