{
    "name": "595c191d",
    "x": -49.51880645751953,
    "y": -3.8822567462921143,
    "loudness": 0.984861314297,
    "raspiness": 0.0212252102792,
    "color": 10.4876794815,
    "location": 405.70425415,
    "stability": 0.467333763838,
    "tonality": 0.29169344902
}