{
    "name": "595c191d",
    "x": -4.379542350769043,
    "y": 8.814224243164062,
    "loudness": 0.984861314297,
    "raspiness": 0.0212252102792,
    "color": 10.4876794815,
    "location": 405.70425415,
    "stability": 0.467333763838,
    "tonality": 0.29169344902
}