{
    "name": "5964b6ee",
    "x": 6.824520587921143,
    "y": -4.691232681274414,
    "loudness": 0.477705180645,
    "raspiness": 0.0994494184852,
    "color": 25.5170497894,
    "location": 43.42567987780963,
    "stability": 0.410637229681,
    "tonality": 0.47349357605
}