{
    "name": "5964b6ee",
    "x": 6.616910934448242,
    "y": -6.7809624671936035,
    "loudness": 0.477705180645,
    "raspiness": 0.0994494184852,
    "color": 25.5170497894,
    "location": 1885.78967285,
    "stability": 0.410637229681,
    "tonality": 0.47349357605
}