{
    "name": "5967f16c",
    "x": 40.16132354736328,
    "y": -16.933616638183594,
    "loudness": 0.99068403244,
    "raspiness": 0.380514323711,
    "color": 450.032287598,
    "location": 65.46482685144748,
    "stability": 0.560621321201,
    "tonality": 0.492796272039
}