{
    "name": "5967bec2",
    "x": -4.227053165435791,
    "y": -12.29577350616455,
    "loudness": 0.348538726568,
    "raspiness": 0.0159543063492,
    "color": 22.524230957,
    "location": 470.160644531,
    "stability": 0.523341715336,
    "tonality": 0.454033225775
}