{
    "name": "5967f16c",
    "x": 38.12946319580078,
    "y": -23.498538970947266,
    "loudness": 0.99068403244,
    "raspiness": 0.380514323711,
    "color": 450.032287598,
    "location": 4285.64355469,
    "stability": 0.560621321201,
    "tonality": 0.492796272039
}