{
    "name": "5967bec2",
    "x": -1.6195310354232788,
    "y": -10.775607109069824,
    "loudness": 0.348538726568,
    "raspiness": 0.0159543063492,
    "color": 22.524230957,
    "location": 21.683188061975574,
    "stability": 0.523341715336,
    "tonality": 0.454033225775
}