{
    "name": "597b3c23",
    "x": 44.7045783996582,
    "y": 7.194028377532959,
    "loudness": 0.978896558285,
    "raspiness": 0.25536864996,
    "color": 14.4613857269,
    "location": 2871.80151367,
    "stability": 0.684007465839,
    "tonality": 0.487122446299
}