{
    "name": "597b3c23",
    "x": 42.32298278808594,
    "y": 6.609857082366943,
    "loudness": 0.978896558285,
    "raspiness": 0.25536864996,
    "color": 14.4613857269,
    "location": 53.58919213488854,
    "stability": 0.684007465839,
    "tonality": 0.487122446299
}