{
    "name": "597d7401",
    "x": 2.603395938873291,
    "y": 11.879146575927734,
    "loudness": 0.925969064236,
    "raspiness": 0.0277673378587,
    "color": 8.61553096771,
    "location": 562.909301758,
    "stability": 0.721663475037,
    "tonality": 0.456487625837
}