{
    "name": "5993af35",
    "x": 21.659006118774414,
    "y": 8.23890495300293,
    "loudness": 0.77775323391,
    "raspiness": 0.118026264012,
    "color": 13.5369739532,
    "location": 52.72095431078615,
    "stability": 0.550821781158,
    "tonality": 0.488404750824
}