{
    "name": "5993af35",
    "x": 5.675844192504883,
    "y": 6.271759986877441,
    "loudness": 0.77775323391,
    "raspiness": 0.118026264012,
    "color": 13.5369739532,
    "location": 2779.49902344,
    "stability": 0.550821781158,
    "tonality": 0.488404750824
}