{
    "name": "59a59541",
    "x": -3.535947561264038,
    "y": 10.09903621673584,
    "loudness": 0.973563611507,
    "raspiness": 0.0576009117067,
    "color": 18.9175987244,
    "location": 1167.8404541,
    "stability": 0.633233308792,
    "tonality": 0.345043480396
}