{
    "name": "59a59541",
    "x": -42.31731414794922,
    "y": 21.58594512939453,
    "loudness": 0.973563611507,
    "raspiness": 0.0576009117067,
    "color": 18.9175987244,
    "location": 1167.8404541,
    "stability": 0.633233308792,
    "tonality": 0.345043480396
}