{
    "name": "59a80d41",
    "x": 7.757751941680908,
    "y": 7.721805572509766,
    "loudness": 0.99068403244,
    "raspiness": 0.201274350286,
    "color": 32.6829414368,
    "location": 3065.81445312,
    "stability": 0.525798380375,
    "tonality": 0.49164044857
}