{
    "name": "59a80d41",
    "x": 31.53813362121582,
    "y": 4.198986530303955,
    "loudness": 0.99068403244,
    "raspiness": 0.201274350286,
    "color": 32.6829414368,
    "location": 55.369797300694536,
    "stability": 0.525798380375,
    "tonality": 0.49164044857
}