{
    "name": "59b3f32e",
    "x": 5.827383041381836,
    "y": 5.786068439483643,
    "loudness": 0.509938597679,
    "raspiness": 0.165778398514,
    "color": 45.4588508606,
    "location": 3089.08666992,
    "stability": 0.4811604321,
    "tonality": 0.49226257205
}