{
    "name": "59b3f32e",
    "x": 21.060440063476562,
    "y": -4.192539215087891,
    "loudness": 0.509938597679,
    "raspiness": 0.165778398514,
    "color": 45.4588508606,
    "location": 55.579552624323995,
    "stability": 0.4811604321,
    "tonality": 0.49226257205
}