{
    "name": "59c0317c",
    "x": 4.154174327850342,
    "y": 7.133474349975586,
    "loudness": 0.82164734602,
    "raspiness": 0.120051912963,
    "color": 31.9400596619,
    "location": 2042.74108887,
    "stability": 0.436250180006,
    "tonality": 0.48139166832
}