{
    "name": "59c0317c",
    "x": 11.612497329711914,
    "y": 6.414865493774414,
    "loudness": 0.82164734602,
    "raspiness": 0.120051912963,
    "color": 31.9400596619,
    "location": 45.196693339999996,
    "stability": 0.436250180006,
    "tonality": 0.48139166832
}