{
    "name": "59ca9d6b",
    "x": 0.5577989816665649,
    "y": 4.79437780380249,
    "loudness": 0.982400178909,
    "raspiness": 0.0317851044238,
    "color": 63.0327453613,
    "location": 1579.66870117,
    "stability": 0.124613344669,
    "tonality": 0.481823951006
}