{
    "name": "59ca9d6b",
    "x": -6.814568042755127,
    "y": -7.95130729675293,
    "loudness": 0.982400178909,
    "raspiness": 0.0317851044238,
    "color": 63.0327453613,
    "location": 1579.66870117,
    "stability": 0.124613344669,
    "tonality": 0.481823951006
}