{
    "name": "59ddf3d0",
    "x": -0.922835648059845,
    "y": 10.372344970703125,
    "loudness": 0.959851801395,
    "raspiness": 0.0566312931478,
    "color": 27.6611671448,
    "location": 1270.88171387,
    "stability": 0.614971399307,
    "tonality": 0.384604156017
}