{
    "name": "59ddf3d0",
    "x": -21.433393478393555,
    "y": 31.26415252685547,
    "loudness": 0.959851801395,
    "raspiness": 0.0566312931478,
    "color": 27.6611671448,
    "location": 35.649427959926655,
    "stability": 0.614971399307,
    "tonality": 0.384604156017
}