{
    "name": "59ddf3d0",
    "x": -29.362483978271484,
    "y": 33.94491958618164,
    "loudness": 0.959851801395,
    "raspiness": 0.0566312931478,
    "color": 27.6611671448,
    "location": 1270.88171387,
    "stability": 0.614971399307,
    "tonality": 0.384604156017
}