{
    "name": "59ee6ca1",
    "x": -2.2997236251831055,
    "y": 9.80967903137207,
    "loudness": 0.849736571312,
    "raspiness": 0.0195829104632,
    "color": 7.83271551132,
    "location": 427.069366455,
    "stability": 0.587316334248,
    "tonality": 0.372264713049
}