{
    "name": "59ee6ca1",
    "x": -29.671611785888672,
    "y": 20.604543685913086,
    "loudness": 0.849736571312,
    "raspiness": 0.0195829104632,
    "color": 7.83271551132,
    "location": 20.665656690630474,
    "stability": 0.587316334248,
    "tonality": 0.372264713049
}