{
    "name": "5a017c12",
    "x": -4.290811538696289,
    "y": 46.03059005737305,
    "loudness": 0.99068403244,
    "raspiness": 0.0535333789885,
    "color": 10.1118392944,
    "location": 1116.56665039,
    "stability": 0.621310591698,
    "tonality": 0.456754773855
}