{
    "name": "5a017c12",
    "x": -0.5839231610298157,
    "y": 35.527286529541016,
    "loudness": 0.99068403244,
    "raspiness": 0.0535333789885,
    "color": 10.1118392944,
    "location": 33.41506621854878,
    "stability": 0.621310591698,
    "tonality": 0.456754773855
}