{
    "name": "5a0db4b1",
    "x": -24.66416358947754,
    "y": 9.5565767288208,
    "loudness": 0.892359137535,
    "raspiness": 0.0254234690219,
    "color": 12.5239057541,
    "location": 22.50829857272646,
    "stability": 0.421975016594,
    "tonality": 0.391278535128
}