{
    "name": "5a0db4b1",
    "x": -2.433314323425293,
    "y": 8.212573051452637,
    "loudness": 0.892359137535,
    "raspiness": 0.0254234690219,
    "color": 12.5239057541,
    "location": 506.623504639,
    "stability": 0.421975016594,
    "tonality": 0.391278535128
}