{
    "name": "5a1456d5",
    "x": 19.09228515625,
    "y": 23.985183715820312,
    "loudness": 0.99068403244,
    "raspiness": 0.157930254936,
    "color": 8.45134449005,
    "location": 1927.92895508,
    "stability": 0.603789806366,
    "tonality": 0.452531039715
}