{
    "name": "5a197d64",
    "x": 3.2520391941070557,
    "y": 9.134363174438477,
    "loudness": 0.99068403244,
    "raspiness": 0.0921088308096,
    "color": 11.7129592896,
    "location": 1537.6619873,
    "stability": 0.55781185627,
    "tonality": 0.482465535402
}