{
    "name": "5a197d64",
    "x": 8.40304946899414,
    "y": 31.205415725708008,
    "loudness": 0.99068403244,
    "raspiness": 0.0921088308096,
    "color": 11.7129592896,
    "location": 1537.6619873,
    "stability": 0.55781185627,
    "tonality": 0.482465535402
}