{
    "name": "5a1aa685",
    "x": -3.952108383178711,
    "y": 7.407362461090088,
    "loudness": 0.986926436424,
    "raspiness": 0.0084228515625,
    "color": 3.62350749969,
    "location": 181.090805054,
    "stability": 0.328978657722,
    "tonality": 0.31935095787
}