{
    "name": "5a290275",
    "x": 2.2273058891296387,
    "y": 6.260452747344971,
    "loudness": 0.713430166245,
    "raspiness": 0.034423828125,
    "color": 12.479716301,
    "location": 906.883605957,
    "stability": 0.403561711311,
    "tonality": 0.473557978868
}