{
    "name": "5a2ecd2d",
    "x": 6.129160404205322,
    "y": 11.373370170593262,
    "loudness": 0.622844457626,
    "raspiness": 0.0759491994977,
    "color": 22.7521781921,
    "location": 1753.81176758,
    "stability": 0.754745006561,
    "tonality": 0.494174778461
}