{
    "name": "5a2ecd2d",
    "x": 21.811439514160156,
    "y": 16.349889755249023,
    "loudness": 0.622844457626,
    "raspiness": 0.0759491994977,
    "color": 22.7521781921,
    "location": 1753.81176758,
    "stability": 0.754745006561,
    "tonality": 0.494174778461
}