{
    "name": "5a3331db",
    "x": 3.6857988834381104,
    "y": 6.725644588470459,
    "loudness": 0.969316840172,
    "raspiness": 0.0681859701872,
    "color": 11.6543245316,
    "location": 2718.28149414,
    "stability": 0.366987556219,
    "tonality": 0.487345427275
}