{
    "name": "5a3331db",
    "x": 7.922727108001709,
    "y": 4.5508952140808105,
    "loudness": 0.969316840172,
    "raspiness": 0.0681859701872,
    "color": 11.6543245316,
    "location": 52.13714121564396,
    "stability": 0.366987556219,
    "tonality": 0.487345427275
}