{
    "name": "5a3331db",
    "x": 10.081503868103027,
    "y": 4.755512714385986,
    "loudness": 0.969316840172,
    "raspiness": 0.0681859701872,
    "color": 11.6543245316,
    "location": 2718.28149414,
    "stability": 0.366987556219,
    "tonality": 0.487345427275
}