{
    "name": "5a3deddf",
    "x": 5.767164707183838,
    "y": 1.9297420978546143,
    "loudness": 0.156193777919,
    "raspiness": 0.126520648599,
    "color": 48.0538597107,
    "location": 3223.69750977,
    "stability": 0.340097337961,
    "tonality": 0.492274016142
}