{
    "name": "5a3deddf",
    "x": 15.460016250610352,
    "y": -26.038005828857422,
    "loudness": 0.156193777919,
    "raspiness": 0.126520648599,
    "color": 48.0538597107,
    "location": 3223.69750977,
    "stability": 0.340097337961,
    "tonality": 0.492274016142
}