{
    "name": "5a4404c9",
    "x": 1.9773200750350952,
    "y": 9.933597564697266,
    "loudness": 0.957141935825,
    "raspiness": 0.0425324141979,
    "color": 13.4364700317,
    "location": 1021.40710449,
    "stability": 0.577726006508,
    "tonality": 0.461773484945
}