{
    "name": "5a53e933",
    "x": 5.390726566314697,
    "y": 3.70536732673645,
    "loudness": 0.411318838596,
    "raspiness": 0.0883059352636,
    "color": 18.3941917419,
    "location": 1691.69555664,
    "stability": 0.712478101254,
    "tonality": 0.482936054468
}