{
    "name": "5a55b3dd",
    "x": -39.96277618408203,
    "y": 11.91513442993164,
    "loudness": 0.97734439373,
    "raspiness": 0.0399709306657,
    "color": 17.085565567,
    "location": 28.644476648736315,
    "stability": 0.516944825649,
    "tonality": 0.319480955601
}