{
    "name": "5a60144f",
    "x": -40.641624450683594,
    "y": -8.213227272033691,
    "loudness": 0.975618958473,
    "raspiness": 0.0337858386338,
    "color": 9.63015651703,
    "location": 620.524841309,
    "stability": 0.369437754154,
    "tonality": 0.3229406178
}