{
    "name": "5a60144f",
    "x": -36.317138671875,
    "y": -0.21365901827812195,
    "loudness": 0.975618958473,
    "raspiness": 0.0337858386338,
    "color": 9.63015651703,
    "location": 24.91033603364274,
    "stability": 0.369437754154,
    "tonality": 0.3229406178
}