{
    "name": "5a7b83fb",
    "x": 4.1015214920043945,
    "y": 35.8067626953125,
    "loudness": 0.742687404156,
    "raspiness": 0.0410236939788,
    "color": 6.54547452927,
    "location": 986.476318359,
    "stability": 0.708899319172,
    "tonality": 0.474716544151
}