{
    "name": "5a7b83fb",
    "x": 3.2376599311828613,
    "y": 11.482693672180176,
    "loudness": 0.742687404156,
    "raspiness": 0.0410236939788,
    "color": 6.54547452927,
    "location": 986.476318359,
    "stability": 0.708899319172,
    "tonality": 0.474716544151
}