{
    "name": "5a7b83fb",
    "x": 5.159553050994873,
    "y": 30.89895248413086,
    "loudness": 0.742687404156,
    "raspiness": 0.0410236939788,
    "color": 6.54547452927,
    "location": 31.408220553845453,
    "stability": 0.708899319172,
    "tonality": 0.474716544151
}