{
    "name": "5a7fc70d",
    "x": -3.7252614498138428,
    "y": 14.4157133102417,
    "loudness": 0.816033899784,
    "raspiness": 0.0271504018456,
    "color": 13.1974077225,
    "location": 31.04338434233613,
    "stability": 0.497532904148,
    "tonality": 0.47661319375
}