{
    "name": "5a7fc70d",
    "x": -5.908531665802002,
    "y": 16.73667335510254,
    "loudness": 0.816033899784,
    "raspiness": 0.0271504018456,
    "color": 13.1974077225,
    "location": 963.691711426,
    "stability": 0.497532904148,
    "tonality": 0.47661319375
}