{
    "name": "5a8ac874",
    "x": -5.700009822845459,
    "y": 27.957321166992188,
    "loudness": 0.99068403244,
    "raspiness": 0.0704394504428,
    "color": 23.1322441101,
    "location": 41.75569378982943,
    "stability": 0.575482547283,
    "tonality": 0.420993894339
}