{
    "name": "5a8ac874",
    "x": 0.19494934380054474,
    "y": 10.117225646972656,
    "loudness": 0.99068403244,
    "raspiness": 0.0704394504428,
    "color": 23.1322441101,
    "location": 1743.53796387,
    "stability": 0.575482547283,
    "tonality": 0.420993894339
}