{
    "name": "5a92008e",
    "x": -3.9330410957336426,
    "y": 6.96490478515625,
    "loudness": 0.981453359127,
    "raspiness": 0.0419162772596,
    "color": 43.8955917358,
    "location": 1331.12072754,
    "stability": 0.202848091722,
    "tonality": 0.323870062828
}