{
    "name": "5a92008e",
    "x": -30.469135284423828,
    "y": -8.226601600646973,
    "loudness": 0.981453359127,
    "raspiness": 0.0419162772596,
    "color": 43.8955917358,
    "location": 36.48452723470594,
    "stability": 0.202848091722,
    "tonality": 0.323870062828
}