{
    "name": "5a963555",
    "x": 4.866325855255127,
    "y": 9.247212409973145,
    "loudness": 0.99068403244,
    "raspiness": 0.0653726160526,
    "color": 23.1067409515,
    "location": 45.13982183859392,
    "stability": 0.424133360386,
    "tonality": 0.479014307261
}