{
    "name": "5a963555",
    "x": 4.463850021362305,
    "y": 8.94542407989502,
    "loudness": 0.99068403244,
    "raspiness": 0.0653726160526,
    "color": 23.1067409515,
    "location": 2037.60351562,
    "stability": 0.424133360386,
    "tonality": 0.479014307261
}