{
    "name": "5aa1eff9",
    "x": 47.87129592895508,
    "y": -9.098867416381836,
    "loudness": 0.99068403244,
    "raspiness": 0.375756829977,
    "color": 151.419113159,
    "location": 63.49827369086501,
    "stability": 0.69749879837,
    "tonality": 0.490919023752
}