{
    "name": "5aa575b7",
    "x": 10.341920852661133,
    "y": -5.662440299987793,
    "loudness": 0.390906512737,
    "raspiness": 0.0775661021471,
    "color": 9.4927854538,
    "location": 1301.49328613,
    "stability": 0.663091421127,
    "tonality": 0.469811022282
}