{
    "name": "5aa7d1d3",
    "x": 17.703569412231445,
    "y": -5.017297267913818,
    "loudness": 0.387490063906,
    "raspiness": 0.0934201702476,
    "color": 20.0772228241,
    "location": 46.95705318426615,
    "stability": 0.785964429379,
    "tonality": 0.493696570396
}