{
    "name": "5aa7d1d3",
    "x": 18.630050659179688,
    "y": -4.923817157745361,
    "loudness": 0.387490063906,
    "raspiness": 0.0934201702476,
    "color": 20.0772228241,
    "location": 2204.96484375,
    "stability": 0.785964429379,
    "tonality": 0.493696570396
}