{
    "name": "5aa8b633",
    "x": 4.2810444831848145,
    "y": 11.429863929748535,
    "loudness": 0.99068403244,
    "raspiness": 0.0684481561184,
    "color": 10.4752435684,
    "location": 1488.68566895,
    "stability": 0.684394419193,
    "tonality": 0.45896422863
}