{
    "name": "5aabae55",
    "x": -7.393271446228027,
    "y": 19.448373794555664,
    "loudness": 0.920942306519,
    "raspiness": 0.0295803491026,
    "color": 6.83319950104,
    "location": 28.453800702436922,
    "stability": 0.50725287199,
    "tonality": 0.463725209236
}