{
    "name": "5aabae55",
    "x": 1.4164175987243652,
    "y": 8.360404968261719,
    "loudness": 0.920942306519,
    "raspiness": 0.0295803491026,
    "color": 6.83319950104,
    "location": 809.618774414,
    "stability": 0.50725287199,
    "tonality": 0.463725209236
}