{
    "name": "5ab5a831",
    "x": -11.732457160949707,
    "y": -17.17074203491211,
    "loudness": 0.234483778477,
    "raspiness": 0.0245564784855,
    "color": 8.19981575012,
    "location": 27.54801716116788,
    "stability": 0.395833492279,
    "tonality": 0.378117114305
}