{
    "name": "5abb8f6d",
    "x": 6.238245487213135,
    "y": 8.647310256958008,
    "loudness": 0.99068403244,
    "raspiness": 0.1806640625,
    "color": 1.79175806046,
    "location": 2289.86987305,
    "stability": 0.571892976761,
    "tonality": 0.449190586805
}