{
    "name": "5abcd00b",
    "x": 5.587879180908203,
    "y": 5.755021095275879,
    "loudness": 0.657868564129,
    "raspiness": 0.162553668022,
    "color": 14.94967556,
    "location": 2378.94970703,
    "stability": 0.485082834959,
    "tonality": 0.450065553188
}