{
    "name": "5abc2cd1",
    "x": 9.279799461364746,
    "y": 44.34869384765625,
    "loudness": 0.99068403244,
    "raspiness": 0.0762219578028,
    "color": 23.1582965851,
    "location": 1468.48046875,
    "stability": 0.633729398251,
    "tonality": 0.477013766766
}