{
    "name": "5abc2cd1",
    "x": 11.082883834838867,
    "y": 33.29084396362305,
    "loudness": 0.99068403244,
    "raspiness": 0.0762219578028,
    "color": 23.1582965851,
    "location": 38.32075767452935,
    "stability": 0.633729398251,
    "tonality": 0.477013766766
}