{
    "name": "5abc2cd1",
    "x": 3.515341281890869,
    "y": 10.509323120117188,
    "loudness": 0.99068403244,
    "raspiness": 0.0762219578028,
    "color": 23.1582965851,
    "location": 1468.48046875,
    "stability": 0.633729398251,
    "tonality": 0.477013766766
}