{
    "name": "5abcd00b",
    "x": 14.210265159606934,
    "y": 1.5566641092300415,
    "loudness": 0.657868564129,
    "raspiness": 0.162553668022,
    "color": 14.94967556,
    "location": 2378.94970703,
    "stability": 0.485082834959,
    "tonality": 0.450065553188
}