{
    "name": "5abd04cc",
    "x": -36.37419509887695,
    "y": -19.644615173339844,
    "loudness": 0.99068403244,
    "raspiness": 0.0190755203366,
    "color": 19.8935661316,
    "location": 396.252990723,
    "stability": 0.516961395741,
    "tonality": 0.090861774981
}