{
    "name": "5abdead3",
    "x": -3.739736318588257,
    "y": 9.124493598937988,
    "loudness": 0.938639760017,
    "raspiness": 0.0258285272866,
    "color": 15.2851858139,
    "location": 732.558776855,
    "stability": 0.496455699205,
    "tonality": 0.330469369888
}