{
    "name": "5ad06e75",
    "x": -0.11501815170049667,
    "y": 9.974165916442871,
    "loudness": 0.976675570011,
    "raspiness": 0.0597489103675,
    "color": 49.5392150879,
    "location": 1275.00402832,
    "stability": 0.592528641224,
    "tonality": 0.418880194426
}