{
    "name": "5ad06e75",
    "x": -12.797921180725098,
    "y": 29.80910873413086,
    "loudness": 0.976675570011,
    "raspiness": 0.0597489103675,
    "color": 49.5392150879,
    "location": 35.70719855043238,
    "stability": 0.592528641224,
    "tonality": 0.418880194426
}