{
    "name": "5ad06e75",
    "x": -16.653156280517578,
    "y": 35.24212646484375,
    "loudness": 0.976675570011,
    "raspiness": 0.0597489103675,
    "color": 49.5392150879,
    "location": 1275.00402832,
    "stability": 0.592528641224,
    "tonality": 0.418880194426
}