{
    "name": "5adcf9b3",
    "x": 41.083473205566406,
    "y": 17.27625846862793,
    "loudness": 0.99068403244,
    "raspiness": 0.198401167989,
    "color": 109.963859558,
    "location": 49.739465259489876,
    "stability": 0.796182751656,
    "tonality": 0.471341967583
}