{
    "name": "5adcf9b3",
    "x": 46.18441390991211,
    "y": 17.783872604370117,
    "loudness": 0.99068403244,
    "raspiness": 0.198401167989,
    "color": 109.963859558,
    "location": 2474.0144043,
    "stability": 0.796182751656,
    "tonality": 0.471341967583
}