{
    "name": "5af67072",
    "x": 3.213649034500122,
    "y": 27.501445770263672,
    "loudness": 0.696072220802,
    "raspiness": 0.0311197396368,
    "color": 3.21417689323,
    "location": 26.81093836507779,
    "stability": 0.705730676651,
    "tonality": 0.467218995094
}