{
    "name": "5af67072",
    "x": 3.1029841899871826,
    "y": 11.341989517211914,
    "loudness": 0.696072220802,
    "raspiness": 0.0311197396368,
    "color": 3.21417689323,
    "location": 718.826416016,
    "stability": 0.705730676651,
    "tonality": 0.467218995094
}