{
    "name": "5afe0b38",
    "x": 6.9743170738220215,
    "y": 7.663313865661621,
    "loudness": 0.973968267441,
    "raspiness": 0.169243976474,
    "color": 13.6890764236,
    "location": 2798.59472656,
    "stability": 0.488568663597,
    "tonality": 0.483192920685
}