{
    "name": "5aff8db8",
    "x": 0.22363463044166565,
    "y": 10.17365837097168,
    "loudness": 0.99068403244,
    "raspiness": 0.0623350404203,
    "color": 11.9291067123,
    "location": 1658.16674805,
    "stability": 0.591068089008,
    "tonality": 0.423544228077
}