{
    "name": "5b01d7c2",
    "x": -33.88929748535156,
    "y": 17.370054244995117,
    "loudness": 0.972426235676,
    "raspiness": 0.0309274308383,
    "color": 11.245639801,
    "location": 26.487100016517477,
    "stability": 0.525493919849,
    "tonality": 0.351342707872
}