{
    "name": "5b01d7c2",
    "x": -3.0638108253479004,
    "y": 9.58251953125,
    "loudness": 0.972426235676,
    "raspiness": 0.0309274308383,
    "color": 11.245639801,
    "location": 701.566467285,
    "stability": 0.525493919849,
    "tonality": 0.351342707872
}