{
    "name": "5b05a989",
    "x": 2.308474540710449,
    "y": -0.18260905146598816,
    "loudness": 0.0760282576084,
    "raspiness": 0.0115280598402,
    "color": 3.4131526947,
    "location": 206.761230469,
    "stability": 0.127146571875,
    "tonality": 0.265524417162
}