{
    "name": "5b083a1b",
    "x": 40.340362548828125,
    "y": -12.64625358581543,
    "loudness": 0.86691147089,
    "raspiness": 0.33400657773,
    "color": 237.183349609,
    "location": 67.07730061511121,
    "stability": 0.541760087013,
    "tonality": 0.495837718248
}