{
    "name": "5b083a1b",
    "x": 40.571346282958984,
    "y": -16.474407196044922,
    "loudness": 0.86691147089,
    "raspiness": 0.33400657773,
    "color": 237.183349609,
    "location": 4499.36425781,
    "stability": 0.541760087013,
    "tonality": 0.495837718248
}