{
    "name": "5b0f3bc6",
    "x": 15.55029582977295,
    "y": 17.46932029724121,
    "loudness": 0.99068403244,
    "raspiness": 0.224689647555,
    "color": 5.07200574875,
    "location": 1222.97949219,
    "stability": 0.426794320345,
    "tonality": 0.48299741745
}