{
    "name": "5b169f29",
    "x": 4.171443939208984,
    "y": -27.5089054107666,
    "loudness": 0.0495132096112,
    "raspiness": 0.0410174019635,
    "color": 13.3938617706,
    "location": 1211.59997559,
    "stability": 0.471659809351,
    "tonality": 0.479501217604
}