{
    "name": "5b2d8050",
    "x": 7.92465353012085,
    "y": 7.291897296905518,
    "loudness": 0.99068403244,
    "raspiness": 0.239657312632,
    "color": 28.3410968781,
    "location": 3348.25756836,
    "stability": 0.48792463541,
    "tonality": 0.481785923243
}