{
    "name": "5b3300e6",
    "x": -21.479494094848633,
    "y": 3.2827095985412598,
    "loudness": 0.99068403244,
    "raspiness": 0.057578433305,
    "color": 4.83625173569,
    "location": 29.70046591858451,
    "stability": 0.327429950237,
    "tonality": 0.396033465862
}