{
    "name": "5b3300e6",
    "x": -2.0722997188568115,
    "y": 6.882469654083252,
    "loudness": 0.99068403244,
    "raspiness": 0.057578433305,
    "color": 4.83625173569,
    "location": 882.117675781,
    "stability": 0.327429950237,
    "tonality": 0.396033465862
}