{
    "name": "5b3f44d8",
    "x": 14.091714859008789,
    "y": -6.012125015258789,
    "loudness": 0.349896878004,
    "raspiness": 0.0762200951576,
    "color": 18.0457267761,
    "location": 1651.8918457,
    "stability": 0.675943732262,
    "tonality": 0.48056152463
}