{
    "name": "5b3f44d8",
    "x": 12.74160385131836,
    "y": -8.549856185913086,
    "loudness": 0.349896878004,
    "raspiness": 0.0762200951576,
    "color": 18.0457267761,
    "location": 40.64347236273003,
    "stability": 0.675943732262,
    "tonality": 0.48056152463
}