{
    "name": "5b40b38c",
    "x": 2.188800811767578,
    "y": 1.198361873626709,
    "loudness": 0.361877441406,
    "raspiness": 0.00931322388351,
    "color": 4.59452009201,
    "location": 209.144561768,
    "stability": 0.397306919098,
    "tonality": 0.34061190486
}