{
    "name": "5b40b38c",
    "x": -19.884965896606445,
    "y": -13.375587463378906,
    "loudness": 0.361877441406,
    "raspiness": 0.00931322388351,
    "color": 4.59452009201,
    "location": 14.461831203827543,
    "stability": 0.397306919098,
    "tonality": 0.34061190486
}