{
    "name": "5b603445",
    "x": 6.3240742683410645,
    "y": 49.431949615478516,
    "loudness": 0.99068403244,
    "raspiness": 0.0569605343044,
    "color": 21.329870224,
    "location": 1257.03881836,
    "stability": 0.659958958626,
    "tonality": 0.474337816238
}