{
    "name": "5b878f47",
    "x": 22.858030319213867,
    "y": 3.071944236755371,
    "loudness": 0.99068403244,
    "raspiness": 0.151261046529,
    "color": 26.4812259674,
    "location": 56.96351714176364,
    "stability": 0.431244671345,
    "tonality": 0.495681345463
}