{
    "name": "5b878f47",
    "x": 23.136564254760742,
    "y": 4.131391525268555,
    "loudness": 0.99068403244,
    "raspiness": 0.151261046529,
    "color": 26.4812259674,
    "location": 3244.84228516,
    "stability": 0.431244671345,
    "tonality": 0.495681345463
}