{
    "name": "5b8e2fa4",
    "x": -0.11855772882699966,
    "y": 4.693063735961914,
    "loudness": 0.790986478329,
    "raspiness": 0.0467453487217,
    "color": 14.4031591415,
    "location": 39.45543000690779,
    "stability": 0.375692695379,
    "tonality": 0.482030808926
}