{
    "name": "5b8e2fa4",
    "x": 2.4219305515289307,
    "y": 6.543164253234863,
    "loudness": 0.790986478329,
    "raspiness": 0.0467453487217,
    "color": 14.4031591415,
    "location": 1556.73095703,
    "stability": 0.375692695379,
    "tonality": 0.482030808926
}