{
    "name": "5b90d750",
    "x": -2.932698965072632,
    "y": 6.991932392120361,
    "loudness": 0.99068403244,
    "raspiness": 0.0542907714844,
    "color": 36.8123054504,
    "location": 1112.3815918,
    "stability": 0.245590314269,
    "tonality": 0.360170930624
}