{
    "name": "5b90d750",
    "x": -25.98427963256836,
    "y": -2.934657335281372,
    "loudness": 0.99068403244,
    "raspiness": 0.0542907714844,
    "color": 36.8123054504,
    "location": 33.35238509911997,
    "stability": 0.245590314269,
    "tonality": 0.360170930624
}