{
    "name": "5b980c61",
    "x": 26.845069885253906,
    "y": 37.67720031738281,
    "loudness": 0.97566729784,
    "raspiness": 0.0944704711437,
    "color": 9.97975635529,
    "location": 44.02622897648628,
    "stability": 0.756605088711,
    "tonality": 0.481837183237
}