{
    "name": "5b9a8b5f",
    "x": -13.351408958435059,
    "y": -24.45498275756836,
    "loudness": 8.74058168847e-05,
    "raspiness": 0.104536108673,
    "color": 4.58398485184,
    "location": 34.180652664921425,
    "stability": 0.242965206504,
    "tonality": 0.383755266666
}