{
    "name": "5b9a8b5f",
    "x": -7.873863220214844,
    "y": -36.345436096191406,
    "loudness": 8.74058168847e-05,
    "raspiness": 0.104536108673,
    "color": 4.58398485184,
    "location": 1168.3170166,
    "stability": 0.242965206504,
    "tonality": 0.383755266666
}