{
    "name": "5bac1638",
    "x": 12.501529693603516,
    "y": -3.4391913414001465,
    "loudness": 0.474433630705,
    "raspiness": 0.0794663205743,
    "color": 19.0731048584,
    "location": 39.962024209366575,
    "stability": 0.651926636696,
    "tonality": 0.478742420673
}