{
    "name": "5bac1638",
    "x": 5.078858852386475,
    "y": 3.7086989879608154,
    "loudness": 0.474433630705,
    "raspiness": 0.0794663205743,
    "color": 19.0731048584,
    "location": 1596.96337891,
    "stability": 0.651926636696,
    "tonality": 0.478742420673
}