{
    "name": "5bad1306",
    "x": -16.546974182128906,
    "y": 1.5408035516738892,
    "loudness": 0.659426271915,
    "raspiness": 0.108096852899,
    "color": 2.17978739738,
    "location": 1122.04553223,
    "stability": 0.309066355228,
    "tonality": 0.391741514206
}