{
    "name": "5baf9398",
    "x": 29.672588348388672,
    "y": 39.50969314575195,
    "loudness": 0.99068403244,
    "raspiness": 0.097789414227,
    "color": 19.6469345093,
    "location": 43.988718147043116,
    "stability": 0.815928518772,
    "tonality": 0.477959305048
}