{
    "name": "5baf9398",
    "x": 6.0272088050842285,
    "y": 12.160795211791992,
    "loudness": 0.99068403244,
    "raspiness": 0.097789414227,
    "color": 19.6469345093,
    "location": 1935.00732422,
    "stability": 0.815928518772,
    "tonality": 0.477959305048
}