{
    "name": "5baff24a",
    "x": -18.690555572509766,
    "y": -28.392616271972656,
    "loudness": 0.132233932614,
    "raspiness": 0.0202379021794,
    "color": 4.52207422256,
    "location": 402.637176514,
    "stability": 0.369977712631,
    "tonality": 0.308925151825
}