{
    "name": "5baff24a",
    "x": 2.201124429702759,
    "y": 0.6980283260345459,
    "loudness": 0.132233932614,
    "raspiness": 0.0202379021794,
    "color": 4.52207422256,
    "location": 402.637176514,
    "stability": 0.369977712631,
    "tonality": 0.308925151825
}