{
    "name": "5bb17ecc",
    "x": -41.04650115966797,
    "y": 4.761187553405762,
    "loudness": 0.99068403244,
    "raspiness": 0.243836805224,
    "color": 37.3498382568,
    "location": 40.76325632735932,
    "stability": 0.599184453487,
    "tonality": 0.164878800511
}