{
    "name": "5bb1e9bd",
    "x": 3.6840293407440186,
    "y": 1.7426329851150513,
    "loudness": 0.170381963253,
    "raspiness": 0.0384981557727,
    "color": 8.28429222107,
    "location": 1087.5847168,
    "stability": 0.414431422949,
    "tonality": 0.417377829552
}