{
    "name": "5bb1e9bd",
    "x": -4.258841037750244,
    "y": -17.760290145874023,
    "loudness": 0.170381963253,
    "raspiness": 0.0384981557727,
    "color": 8.28429222107,
    "location": 32.97854934347477,
    "stability": 0.414431422949,
    "tonality": 0.417377829552
}