{
    "name": "5bbb4e42",
    "x": 51.1820068359375,
    "y": -13.801566123962402,
    "loudness": 0.99068403244,
    "raspiness": 0.465115010738,
    "color": 28.3173675537,
    "location": 3986.0546875,
    "stability": 0.821797609329,
    "tonality": 0.497482866049
}