{
    "name": "5bbe4eb9",
    "x": -12.436151504516602,
    "y": -9.123570442199707,
    "loudness": 0.943621993065,
    "raspiness": 0.0114528108388,
    "color": 16.7431621552,
    "location": 938.886169434,
    "stability": 0.160088345408,
    "tonality": 0.466496050358
}