{
    "name": "5bc35f2c",
    "x": 31.214494705200195,
    "y": -4.198442459106445,
    "loudness": 0.716404139996,
    "raspiness": 0.219878703356,
    "color": 27.2695388794,
    "location": 3488.86303711,
    "stability": 0.551351726055,
    "tonality": 0.492557317019
}