{
    "name": "5bc35f2c",
    "x": 30.73101234436035,
    "y": -2.6192142963409424,
    "loudness": 0.716404139996,
    "raspiness": 0.219878703356,
    "color": 27.2695388794,
    "location": 59.06659832011659,
    "stability": 0.551351726055,
    "tonality": 0.492557317019
}