{
    "name": "5bcdaa50",
    "x": 0.0017713584238663316,
    "y": 14.012770652770996,
    "loudness": 0.99068403244,
    "raspiness": 0.0732259079814,
    "color": 11.8572254181,
    "location": 2222.12646484,
    "stability": 0.426989912987,
    "tonality": 0.441381007433
}