{
    "name": "5bcdaa50",
    "x": 2.0997610092163086,
    "y": 11.087179183959961,
    "loudness": 0.99068403244,
    "raspiness": 0.0732259079814,
    "color": 11.8572254181,
    "location": 47.13943640774675,
    "stability": 0.426989912987,
    "tonality": 0.441381007433
}