{
    "name": "5bd61d06",
    "x": 48.85961151123047,
    "y": -2.736396074295044,
    "loudness": 0.99068403244,
    "raspiness": 0.400507807732,
    "color": 12.2028627396,
    "location": 56.81331863066969,
    "stability": 0.732485353947,
    "tonality": 0.48879379034
}