{
    "name": "5bdb30ae",
    "x": 4.397405624389648,
    "y": 7.119617938995361,
    "loudness": 0.970752060413,
    "raspiness": 0.0876485332847,
    "color": 22.8437023163,
    "location": 2606.61181641,
    "stability": 0.44356957078,
    "tonality": 0.478555172682
}