{
    "name": "5bdb30ae",
    "x": 13.493461608886719,
    "y": 9.140069007873535,
    "loudness": 0.970752060413,
    "raspiness": 0.0876485332847,
    "color": 22.8437023163,
    "location": 2606.61181641,
    "stability": 0.44356957078,
    "tonality": 0.478555172682
}