{
    "name": "5bf53c2d",
    "x": 6.817063808441162,
    "y": 10.433914184570312,
    "loudness": 0.906498789787,
    "raspiness": 0.132716089487,
    "color": 29.7269115448,
    "location": 2252.16650391,
    "stability": 0.700436711311,
    "tonality": 0.480465590954
}