{
    "name": "5bf53c2d",
    "x": 32.6355094909668,
    "y": 29.373577117919922,
    "loudness": 0.906498789787,
    "raspiness": 0.132716089487,
    "color": 29.7269115448,
    "location": 2252.16650391,
    "stability": 0.700436711311,
    "tonality": 0.480465590954
}