{
    "name": "5c029f9f",
    "x": 40.940834045410156,
    "y": 22.629030227661133,
    "loudness": 0.973856151104,
    "raspiness": 0.145687893033,
    "color": 33.1039543152,
    "location": 53.90952209276205,
    "stability": 0.775400578976,
    "tonality": 0.480890482664
}