{
    "name": "5c04ac97",
    "x": -11.861769676208496,
    "y": 25.9055118560791,
    "loudness": 0.894735574722,
    "raspiness": 0.0696272403002,
    "color": 8.21509742737,
    "location": 31.574158583151508,
    "stability": 0.548445284367,
    "tonality": 0.425474613905
}