{
    "name": "5c129ffe",
    "x": -0.4150558412075043,
    "y": 10.875038146972656,
    "loudness": 0.989974141121,
    "raspiness": 0.117462590337,
    "color": 19.456363678,
    "location": 1419.05175781,
    "stability": 0.742872059345,
    "tonality": 0.361810535192
}