{
    "name": "5c123193",
    "x": 0.1050746962428093,
    "y": -29.469816207885742,
    "loudness": 0.0260611772537,
    "raspiness": 0.0234493371099,
    "color": 12.7794866562,
    "location": 824.492980957,
    "stability": 0.410584509373,
    "tonality": 0.468968987465
}