{
    "name": "5c1521da",
    "x": 47.331085205078125,
    "y": -7.9334397315979,
    "loudness": 0.861321568489,
    "raspiness": 0.29203414917,
    "color": 40.3602371216,
    "location": 4295.14306641,
    "stability": 0.602472126484,
    "tonality": 0.493525147438
}