{
    "name": "5c1521da",
    "x": 43.171504974365234,
    "y": -5.474287033081055,
    "loudness": 0.861321568489,
    "raspiness": 0.29203414917,
    "color": 40.3602371216,
    "location": 65.53734100808485,
    "stability": 0.602472126484,
    "tonality": 0.493525147438
}