{
    "name": "5c1a334d",
    "x": 38.8310546875,
    "y": -0.6106864213943481,
    "loudness": 0.687738418579,
    "raspiness": 0.283553421497,
    "color": 103.48399353,
    "location": 54.96173429150503,
    "stability": 0.740421235561,
    "tonality": 0.489061653614
}