{
    "name": "5c1bd24c",
    "x": -2.267177104949951,
    "y": 9.1034574508667,
    "loudness": 0.99068403244,
    "raspiness": 0.0874855741858,
    "color": 3.19820404053,
    "location": 778.182373047,
    "stability": 0.487107008696,
    "tonality": 0.360236406326
}