{
    "name": "5c1bd24c",
    "x": -29.1724910736084,
    "y": 16.128894805908203,
    "loudness": 0.99068403244,
    "raspiness": 0.0874855741858,
    "color": 3.19820404053,
    "location": 27.89592036565562,
    "stability": 0.487107008696,
    "tonality": 0.360236406326
}