{
    "name": "5c1bd24c",
    "x": -34.15349578857422,
    "y": 15.40694522857666,
    "loudness": 0.99068403244,
    "raspiness": 0.0874855741858,
    "color": 3.19820404053,
    "location": 778.182373047,
    "stability": 0.487107008696,
    "tonality": 0.360236406326
}