{
    "name": "5c232d44",
    "x": -10.311466217041016,
    "y": 28.113557815551758,
    "loudness": 0.954063415527,
    "raspiness": 0.0147492215037,
    "color": 10.2740268707,
    "location": 19.728582043902698,
    "stability": 0.5632558465,
    "tonality": 0.454156666994
}