{
    "name": "5c238ad9",
    "x": -35.11603927612305,
    "y": -21.619468688964844,
    "loudness": 0.96199041605,
    "raspiness": 0.018611362204,
    "color": 6.83531904221,
    "location": 423.843200684,
    "stability": 0.347986251116,
    "tonality": 0.079390630126
}