{
    "name": "5c238ad9",
    "x": -41.69635009765625,
    "y": -6.536551475524902,
    "loudness": 0.96199041605,
    "raspiness": 0.018611362204,
    "color": 6.83531904221,
    "location": 20.58745250593186,
    "stability": 0.347986251116,
    "tonality": 0.079390630126
}