{
    "name": "5c248a1b",
    "x": 13.98284912109375,
    "y": 11.734687805175781,
    "loudness": 0.665872693062,
    "raspiness": 0.0922340005636,
    "color": 11.6605138779,
    "location": 43.919769660028955,
    "stability": 0.583486258984,
    "tonality": 0.487201243639
}