{
    "name": "5c28b9e6",
    "x": 6.625053882598877,
    "y": 22.335317611694336,
    "loudness": 0.99068403244,
    "raspiness": 0.0840162187815,
    "color": 18.9013843536,
    "location": 39.83023514668223,
    "stability": 0.542112529278,
    "tonality": 0.465684145689
}