{
    "name": "5c28b9e6",
    "x": 3.1735942363739014,
    "y": 9.048863410949707,
    "loudness": 0.99068403244,
    "raspiness": 0.0840162187815,
    "color": 18.9013843536,
    "location": 1586.44763184,
    "stability": 0.542112529278,
    "tonality": 0.465684145689
}