{
    "name": "5c3371c4",
    "x": -25.36594581604004,
    "y": 1.3831642866134644,
    "loudness": 0.99068403244,
    "raspiness": 0.0308511219919,
    "color": 1.91108894348,
    "location": 23.28196569789587,
    "stability": 0.326114505529,
    "tonality": 0.379305005074
}