{
    "name": "5c3371c4",
    "x": -2.1137166023254395,
    "y": 6.8713297843933105,
    "loudness": 0.99068403244,
    "raspiness": 0.0308511219919,
    "color": 1.91108894348,
    "location": 542.049926758,
    "stability": 0.326114505529,
    "tonality": 0.379305005074
}