{
    "name": "5c33d972",
    "x": -5.101094722747803,
    "y": 11.132112503051758,
    "loudness": 0.99068403244,
    "raspiness": 0.04150390625,
    "color": 82.7229232788,
    "location": 33.23060076420527,
    "stability": 0.416572421789,
    "tonality": 0.477874070406
}