{
    "name": "5c34af23",
    "x": 44.20804214477539,
    "y": -19.376007080078125,
    "loudness": 0.99068403244,
    "raspiness": 0.426974833012,
    "color": 401.701293945,
    "location": 75.75302953928642,
    "stability": 0.575715780258,
    "tonality": 0.496739178896
}