{
    "name": "5c34af23",
    "x": 41.992584228515625,
    "y": -27.595746994018555,
    "loudness": 0.99068403244,
    "raspiness": 0.426974833012,
    "color": 401.701293945,
    "location": 5738.52148438,
    "stability": 0.575715780258,
    "tonality": 0.496739178896
}