{
    "name": "5c356407",
    "x": -11.520397186279297,
    "y": -20.48863410949707,
    "loudness": 0.0142004452646,
    "raspiness": 0.142692893744,
    "color": 27.1725788116,
    "location": 40.35109737751874,
    "stability": 0.384157478809,
    "tonality": 0.352351933718
}