{
    "name": "5c356407",
    "x": 2.6600232124328613,
    "y": 0.30538663268089294,
    "loudness": 0.0142004452646,
    "raspiness": 0.142692893744,
    "color": 27.1725788116,
    "location": 1628.21105957,
    "stability": 0.384157478809,
    "tonality": 0.352351933718
}