{
    "name": "5c45190e",
    "x": 17.101682662963867,
    "y": 15.967357635498047,
    "loudness": 0.932360649109,
    "raspiness": 0.105146192014,
    "color": 28.8272819519,
    "location": 2567.67822266,
    "stability": 0.521366894245,
    "tonality": 0.476185709238
}