{
    "name": "5c581093",
    "x": -4.839917182922363,
    "y": -1.217524528503418,
    "loudness": 0.99068403244,
    "raspiness": 0.0875051394105,
    "color": 8.78715801239,
    "location": 37.68910975520647,
    "stability": 0.234868422151,
    "tonality": 0.479447007179
}