{
    "name": "5c581093",
    "x": -4.523794174194336,
    "y": -0.902341365814209,
    "loudness": 0.99068403244,
    "raspiness": 0.0875051394105,
    "color": 8.78715801239,
    "location": 1420.46899414,
    "stability": 0.234868422151,
    "tonality": 0.479447007179
}