{
    "name": "5c59741d",
    "x": -12.770524024963379,
    "y": 26.79442024230957,
    "loudness": 0.99068403244,
    "raspiness": 0.0810852050781,
    "color": 3.65543174744,
    "location": 1030.23254395,
    "stability": 0.524498641491,
    "tonality": 0.425931125879
}