{
    "name": "5c59741d",
    "x": -9.81117057800293,
    "y": 22.76500701904297,
    "loudness": 0.99068403244,
    "raspiness": 0.0810852050781,
    "color": 3.65543174744,
    "location": 32.0972357680533,
    "stability": 0.524498641491,
    "tonality": 0.425931125879
}