{
    "name": "5c5dfa2e",
    "x": -10.604326248168945,
    "y": 20.241235733032227,
    "loudness": 0.982661783695,
    "raspiness": 0.0576627328992,
    "color": 34.5524368286,
    "location": 30.328766978645866,
    "stability": 0.488393098116,
    "tonality": 0.436821907759
}