{
    "name": "5c5df58c",
    "x": 5.236815929412842,
    "y": 11.807802200317383,
    "loudness": 0.986928999424,
    "raspiness": 0.0807156488299,
    "color": 40.4407920837,
    "location": 1735.75183105,
    "stability": 0.733074128628,
    "tonality": 0.486188441515
}