{
    "name": "5c5f3234",
    "x": 4.381563186645508,
    "y": 8.802492141723633,
    "loudness": 0.783656835556,
    "raspiness": 0.118179917336,
    "color": 22.4223041534,
    "location": 1722.69543457,
    "stability": 0.519603669643,
    "tonality": 0.463297516108
}