{
    "name": "5c5f3234",
    "x": 10.305839538574219,
    "y": 11.868856430053711,
    "loudness": 0.783656835556,
    "raspiness": 0.118179917336,
    "color": 22.4223041534,
    "location": 41.505366334607864,
    "stability": 0.519603669643,
    "tonality": 0.463297516108
}