{
    "name": "5c61d6dc",
    "x": 30.296741485595703,
    "y": -3.8269269466400146,
    "loudness": 0.966159641743,
    "raspiness": 0.242482468486,
    "color": 159.049224854,
    "location": 3597.04956055,
    "stability": 0.364625155926,
    "tonality": 0.484681487083
}