{
    "name": "5c61d6dc",
    "x": 7.857363224029541,
    "y": 6.954689979553223,
    "loudness": 0.966159641743,
    "raspiness": 0.242482468486,
    "color": 159.049224854,
    "location": 3597.04956055,
    "stability": 0.364625155926,
    "tonality": 0.484681487083
}