{
    "name": "5c634a3f",
    "x": -25.70830726623535,
    "y": 2.6137356758117676,
    "loudness": 0.927125155926,
    "raspiness": 0.041228312999,
    "color": 7.55766677856,
    "location": 32.9775406675513,
    "stability": 0.351086974144,
    "tonality": 0.366574168205
}