{
    "name": "5c634a3f",
    "x": -29.183055877685547,
    "y": 0.1123420000076294,
    "loudness": 0.927125155926,
    "raspiness": 0.041228312999,
    "color": 7.55766677856,
    "location": 1087.51818848,
    "stability": 0.351086974144,
    "tonality": 0.366574168205
}