{
    "name": "5c69ed70",
    "x": 7.4349141120910645,
    "y": 11.154180526733398,
    "loudness": 0.954801559448,
    "raspiness": 0.14273057878,
    "color": 14.1255760193,
    "location": 2346.97680664,
    "stability": 0.803992629051,
    "tonality": 0.485773056746
}