{
    "name": "5c69ed70",
    "x": 43.73339080810547,
    "y": 32.77528381347656,
    "loudness": 0.954801559448,
    "raspiness": 0.14273057878,
    "color": 14.1255760193,
    "location": 2346.97680664,
    "stability": 0.803992629051,
    "tonality": 0.485773056746
}