{
    "name": "5c777e46",
    "x": 13.467442512512207,
    "y": 2.780996084213257,
    "loudness": 0.99068403244,
    "raspiness": 0.119977675378,
    "color": 55.4523353577,
    "location": 55.677312567777555,
    "stability": 0.305531620979,
    "tonality": 0.483548760414
}