{
    "name": "5c777e46",
    "x": 14.765748977661133,
    "y": 2.1059343814849854,
    "loudness": 0.99068403244,
    "raspiness": 0.119977675378,
    "color": 55.4523353577,
    "location": 3099.96313477,
    "stability": 0.305531620979,
    "tonality": 0.483548760414
}