{
    "name": "5c967cf2",
    "x": -30.773344039916992,
    "y": 15.741439819335938,
    "loudness": 0.99068403244,
    "raspiness": 0.027877451852,
    "color": 9.85991382599,
    "location": 826.451660156,
    "stability": 0.458910733461,
    "tonality": 0.393504559994
}