{
    "name": "5c967cf2",
    "x": -24.355087280273438,
    "y": 15.2824068069458,
    "loudness": 0.99068403244,
    "raspiness": 0.027877451852,
    "color": 9.85991382599,
    "location": 28.748072285911626,
    "stability": 0.458910733461,
    "tonality": 0.393504559994
}