{
    "name": "5c981f32",
    "x": -4.46569299697876,
    "y": 6.964203357696533,
    "loudness": 0.985810637474,
    "raspiness": 0.0480994209647,
    "color": 57.746887207,
    "location": 1087.2376709,
    "stability": 0.0451452620327,
    "tonality": 0.295776456594
}