{
    "name": "5c9f2e3d",
    "x": 7.7767333984375,
    "y": 9.45504093170166,
    "loudness": 0.99068403244,
    "raspiness": 0.165473088622,
    "color": 4.24690485001,
    "location": 2752.7121582,
    "stability": 0.671691417694,
    "tonality": 0.489167332649
}