{
    "name": "5c9f2e3d",
    "x": 35.11032485961914,
    "y": 16.74272346496582,
    "loudness": 0.99068403244,
    "raspiness": 0.165473088622,
    "color": 4.24690485001,
    "location": 52.46629544955504,
    "stability": 0.671691417694,
    "tonality": 0.489167332649
}