{
    "name": "5cb41a13",
    "x": 2.438807249069214,
    "y": 4.360174655914307,
    "loudness": 0.669310629368,
    "raspiness": 0.0726159140468,
    "color": 86.4218826294,
    "location": 2053.75708008,
    "stability": 0.182525917888,
    "tonality": 0.494353830814
}