{
    "name": "5cc2be86",
    "x": 28.014263153076172,
    "y": 29.00480079650879,
    "loudness": 0.821314871311,
    "raspiness": 0.115969367325,
    "color": 16.1791763306,
    "location": 1959.93554688,
    "stability": 0.713131844997,
    "tonality": 0.481215536594
}