{
    "name": "5cca8915",
    "x": 15.088266372680664,
    "y": 27.011526107788086,
    "loudness": 0.99068403244,
    "raspiness": 0.0702799484134,
    "color": 19.6639938354,
    "location": 45.24002825209109,
    "stability": 0.613364458084,
    "tonality": 0.473612636328
}