{
    "name": "5cca8915",
    "x": 4.6974334716796875,
    "y": 10.303352355957031,
    "loudness": 0.99068403244,
    "raspiness": 0.0702799484134,
    "color": 19.6639938354,
    "location": 2046.66015625,
    "stability": 0.613364458084,
    "tonality": 0.473612636328
}