{
    "name": "5cd59c4c",
    "x": 36.210609436035156,
    "y": 12.256390571594238,
    "loudness": 0.957536280155,
    "raspiness": 0.217859953642,
    "color": 13.90574646,
    "location": 2572.07861328,
    "stability": 0.617734253407,
    "tonality": 0.476973116398
}