{
    "name": "5cd59c4c",
    "x": 33.822933197021484,
    "y": 9.78553295135498,
    "loudness": 0.957536280155,
    "raspiness": 0.217859953642,
    "color": 13.90574646,
    "location": 50.71566437778371,
    "stability": 0.617734253407,
    "tonality": 0.476973116398
}