{
    "name": "5cd59c4c",
    "x": 7.936086654663086,
    "y": 8.382643699645996,
    "loudness": 0.957536280155,
    "raspiness": 0.217859953642,
    "color": 13.90574646,
    "location": 2572.07861328,
    "stability": 0.617734253407,
    "tonality": 0.476973116398
}