{
    "name": "5cd6e4e1",
    "x": 11.023038864135742,
    "y": 11.142460823059082,
    "loudness": 0.99068403244,
    "raspiness": 0.115068152547,
    "color": 16.0127983093,
    "location": 44.690974515219516,
    "stability": 0.466331928968,
    "tonality": 0.475768506527
}