{
    "name": "5cd6e4e1",
    "x": 11.113801002502441,
    "y": 14.451021194458008,
    "loudness": 0.99068403244,
    "raspiness": 0.115068152547,
    "color": 16.0127983093,
    "location": 1997.28320312,
    "stability": 0.466331928968,
    "tonality": 0.475768506527
}