{
    "name": "5cddb6d3",
    "x": 2.586451530456543,
    "y": 35.09908676147461,
    "loudness": 0.942008972168,
    "raspiness": 0.0642386972904,
    "color": 58.1616897583,
    "location": 1287.99377441,
    "stability": 0.564699113369,
    "tonality": 0.479091674089
}