{
    "name": "5cddb6d3",
    "x": 4.23648738861084,
    "y": 25.926876068115234,
    "loudness": 0.942008972168,
    "raspiness": 0.0642386972904,
    "color": 58.1616897583,
    "location": 35.88863015510623,
    "stability": 0.564699113369,
    "tonality": 0.479091674089
}