{
    "name": "5cde1aa6",
    "x": 2.396669626235962,
    "y": 10.924052238464355,
    "loudness": 0.783091008663,
    "raspiness": 0.0439967103302,
    "color": 8.03434753418,
    "location": 849.216125488,
    "stability": 0.644867002964,
    "tonality": 0.44717630744
}