{
    "name": "5ce35515",
    "x": 0.21580281853675842,
    "y": 24.782777786254883,
    "loudness": 0.99068403244,
    "raspiness": 0.0822010859847,
    "color": 10.8306598663,
    "location": 33.20947917146549,
    "stability": 0.545772969723,
    "tonality": 0.464869111776
}