{
    "name": "5ce35515",
    "x": 2.2295305728912354,
    "y": 9.238127708435059,
    "loudness": 0.99068403244,
    "raspiness": 0.0822010859847,
    "color": 10.8306598663,
    "location": 1102.86950684,
    "stability": 0.545772969723,
    "tonality": 0.464869111776
}