{
    "name": "5cec2378",
    "x": -33.185890197753906,
    "y": 8.971686363220215,
    "loudness": 0.99068403244,
    "raspiness": 0.0118408203125,
    "color": 4.67167043686,
    "location": 15.959942742347167,
    "stability": 0.444438874722,
    "tonality": 0.348713904619
}