{
    "name": "5cf03876",
    "x": 26.182056427001953,
    "y": 24.89665985107422,
    "loudness": 0.749440073967,
    "raspiness": 0.0972869321704,
    "color": 24.1412754059,
    "location": 44.91023898210741,
    "stability": 0.748486161232,
    "tonality": 0.487485289574
}