{
    "name": "5cf7a39a",
    "x": -3.7362301349639893,
    "y": 9.328601837158203,
    "loudness": 0.99068403244,
    "raspiness": 0.291265189648,
    "color": 32.3353385925,
    "location": 1571.10070801,
    "stability": 0.564970910549,
    "tonality": 0.211444154382
}