{
    "name": "5cf8c92f",
    "x": 14.504868507385254,
    "y": 35.14787673950195,
    "loudness": 0.91849219799,
    "raspiness": 0.0758152678609,
    "color": 15.7367162704,
    "location": 40.371705856825024,
    "stability": 0.670916080475,
    "tonality": 0.472514301538
}