{
    "name": "5cfa0135",
    "x": -3.425028085708618,
    "y": 7.1842522621154785,
    "loudness": 0.780729353428,
    "raspiness": 0.0435022599995,
    "color": 21.6153564453,
    "location": 1294.8503418,
    "stability": 0.176049649715,
    "tonality": 0.354118108749
}