{
    "name": "5cfa0135",
    "x": -25.791423797607422,
    "y": -5.5426740646362305,
    "loudness": 0.780729353428,
    "raspiness": 0.0435022599995,
    "color": 21.6153564453,
    "location": 35.98402898231381,
    "stability": 0.176049649715,
    "tonality": 0.354118108749
}