{
    "name": "5cfd1f2c",
    "x": -0.16799667477607727,
    "y": 8.327949523925781,
    "loudness": 0.99068403244,
    "raspiness": 0.065596729517,
    "color": 16.6876392365,
    "location": 1577.75964355,
    "stability": 0.453293055296,
    "tonality": 0.434451758862
}