{
    "name": "5d02f94b",
    "x": 43.873592376708984,
    "y": -11.458755493164062,
    "loudness": 0.99068403244,
    "raspiness": 0.26379096508,
    "color": 153.40020752,
    "location": 5064.45507812,
    "stability": 0.542132139206,
    "tonality": 0.495735019445
}