{
    "name": "5d025bc2",
    "x": -30.238481521606445,
    "y": 3.0649235248565674,
    "loudness": 0.837939500809,
    "raspiness": 0.040129262954,
    "color": 15.0995063782,
    "location": 32.545787307730016,
    "stability": 0.378323823214,
    "tonality": 0.342817485332
}