{
    "name": "5d02f94b",
    "x": 10.470316886901855,
    "y": 6.818389415740967,
    "loudness": 0.99068403244,
    "raspiness": 0.26379096508,
    "color": 153.40020752,
    "location": 5064.45507812,
    "stability": 0.542132139206,
    "tonality": 0.495735019445
}