{
    "name": "5d025bc2",
    "x": -3.0905251502990723,
    "y": 7.959329605102539,
    "loudness": 0.837939500809,
    "raspiness": 0.040129262954,
    "color": 15.0995063782,
    "location": 1059.22827148,
    "stability": 0.378323823214,
    "tonality": 0.342817485332
}