{
    "name": "5d025bc2",
    "x": -32.04179763793945,
    "y": -2.7428269386291504,
    "loudness": 0.837939500809,
    "raspiness": 0.040129262954,
    "color": 15.0995063782,
    "location": 1059.22827148,
    "stability": 0.378323823214,
    "tonality": 0.342817485332
}