{
    "name": "5d10b35b",
    "x": 37.360694885253906,
    "y": 7.161966800689697,
    "loudness": 0.883253514767,
    "raspiness": 0.262918531895,
    "color": 14.327413559,
    "location": 51.706352366029456,
    "stability": 0.651203811169,
    "tonality": 0.438280463219
}