{
    "name": "5d10b35b",
    "x": 39.4587287902832,
    "y": 7.388730525970459,
    "loudness": 0.883253514767,
    "raspiness": 0.262918531895,
    "color": 14.327413559,
    "location": 2673.546875,
    "stability": 0.651203811169,
    "tonality": 0.438280463219
}