{
    "name": "5d108bb1",
    "x": -23.40926170349121,
    "y": -7.5060553550720215,
    "loudness": 0.91921967268,
    "raspiness": 0.0052723987028,
    "color": 59.1000366211,
    "location": 13.894743198418603,
    "stability": 0.175720870495,
    "tonality": 0.373402416706
}