{
    "name": "5d108bb1",
    "x": -1.5458283424377441,
    "y": 5.985628128051758,
    "loudness": 0.91921967268,
    "raspiness": 0.0052723987028,
    "color": 59.1000366211,
    "location": 193.06388855,
    "stability": 0.175720870495,
    "tonality": 0.373402416706
}