{
    "name": "5d17ef9b",
    "x": 4.47144079208374,
    "y": 11.337442398071289,
    "loudness": 0.99068403244,
    "raspiness": 0.0762923583388,
    "color": 10.2182941437,
    "location": 1512.50439453,
    "stability": 0.672273993492,
    "tonality": 0.468146920204
}