{
    "name": "5d1e644b",
    "x": -0.76218181848526,
    "y": 8.185063362121582,
    "loudness": 0.99068403244,
    "raspiness": 0.0761916711926,
    "color": 36.1373405457,
    "location": 1785.33105469,
    "stability": 0.425802320242,
    "tonality": 0.412532240152
}