{
    "name": "5d21633f",
    "x": 3.4772045612335205,
    "y": 6.901583194732666,
    "loudness": 0.99068403244,
    "raspiness": 0.0531190820038,
    "color": 21.9647350311,
    "location": 2268.86621094,
    "stability": 0.389688253403,
    "tonality": 0.487772852182
}