{
    "name": "5d21633f",
    "x": 5.204966068267822,
    "y": 5.0748066902160645,
    "loudness": 0.99068403244,
    "raspiness": 0.0531190820038,
    "color": 21.9647350311,
    "location": 47.63261709102283,
    "stability": 0.389688253403,
    "tonality": 0.487772852182
}