{
    "name": "5d246b14",
    "x": 7.862774848937988,
    "y": 7.324795722961426,
    "loudness": 0.941009879112,
    "raspiness": 0.189911648631,
    "color": 34.5902061462,
    "location": 3593.63574219,
    "stability": 0.480265587568,
    "tonality": 0.471135169268
}