{
    "name": "5d36e4df",
    "x": 13.266786575317383,
    "y": 12.157662391662598,
    "loudness": 0.84307706356,
    "raspiness": 0.0966444984078,
    "color": 27.3874511719,
    "location": 47.59161857092066,
    "stability": 0.524521410465,
    "tonality": 0.488175064325
}