{
    "name": "5d36e4df",
    "x": 14.447922706604004,
    "y": 16.766202926635742,
    "loudness": 0.84307706356,
    "raspiness": 0.0966444984078,
    "color": 27.3874511719,
    "location": 2264.9621582,
    "stability": 0.524521410465,
    "tonality": 0.488175064325
}