{
    "name": "5d3a2660",
    "x": 39.4115104675293,
    "y": 29.084070205688477,
    "loudness": 0.99068403244,
    "raspiness": 0.1279296875,
    "color": 16.828962326,
    "location": 50.34912777764874,
    "stability": 0.791732609272,
    "tonality": 0.489146620035
}