{
    "name": "5d3ae8e3",
    "x": 34.62681579589844,
    "y": -16.801895141601562,
    "loudness": 0.867194056511,
    "raspiness": 0.232312351465,
    "color": 535.165039062,
    "location": 3448.12109375,
    "stability": 0.521691679955,
    "tonality": 0.484457224607
}