{
    "name": "5d43f0e7",
    "x": 2.515976667404175,
    "y": 0.9294710755348206,
    "loudness": 0.0976770371199,
    "raspiness": 0.0136626623571,
    "color": 4.59607696533,
    "location": 464.880493164,
    "stability": 0.37943443656,
    "tonality": 0.331551462412
}