{
    "name": "5d43f0e7",
    "x": -16.08089256286621,
    "y": -27.396116256713867,
    "loudness": 0.0976770371199,
    "raspiness": 0.0136626623571,
    "color": 4.59607696533,
    "location": 464.880493164,
    "stability": 0.37943443656,
    "tonality": 0.331551462412
}