{
    "name": "5d43f0e7",
    "x": -18.15656852722168,
    "y": -19.116539001464844,
    "loudness": 0.0976770371199,
    "raspiness": 0.0136626623571,
    "color": 4.59607696533,
    "location": 21.561087476377438,
    "stability": 0.37943443656,
    "tonality": 0.331551462412
}