{
    "name": "5d4ee93d",
    "x": -15.900819778442383,
    "y": -23.085054397583008,
    "loudness": 0.166585445404,
    "raspiness": 0.114165514708,
    "color": 3.55233478546,
    "location": 38.69926744500469,
    "stability": 0.300545185804,
    "tonality": 0.35595870018
}