{
    "name": "5d4ee93d",
    "x": -10.162248611450195,
    "y": -32.441307067871094,
    "loudness": 0.166585445404,
    "raspiness": 0.114165514708,
    "color": 3.55233478546,
    "location": 1497.63330078,
    "stability": 0.300545185804,
    "tonality": 0.35595870018
}