{
    "name": "5d4f8187",
    "x": -4.110674858093262,
    "y": 9.101656913757324,
    "loudness": 0.920891404152,
    "raspiness": 0.0242526996881,
    "color": 13.7311677933,
    "location": 539.095581055,
    "stability": 0.51740783453,
    "tonality": 0.310306578875
}