{
    "name": "5d4ffe7f",
    "x": 23.954710006713867,
    "y": -2.56270432472229,
    "loudness": 0.90468621254,
    "raspiness": 0.153489619493,
    "color": 290.761260986,
    "location": 3044.5480957,
    "stability": 0.388032674789,
    "tonality": 0.485810130835
}