{
    "name": "5d4ffe7f",
    "x": 7.6241888999938965,
    "y": 6.768029689788818,
    "loudness": 0.90468621254,
    "raspiness": 0.153489619493,
    "color": 290.761260986,
    "location": 3044.5480957,
    "stability": 0.388032674789,
    "tonality": 0.485810130835
}