{
    "name": "5d4f8187",
    "x": -41.33812713623047,
    "y": 9.96461009979248,
    "loudness": 0.920891404152,
    "raspiness": 0.0242526996881,
    "color": 13.7311677933,
    "location": 23.2184319249815,
    "stability": 0.51740783453,
    "tonality": 0.310306578875
}