{
    "name": "5d4f8187",
    "x": -48.08992004394531,
    "y": 3.067078113555908,
    "loudness": 0.920891404152,
    "raspiness": 0.0242526996881,
    "color": 13.7311677933,
    "location": 539.095581055,
    "stability": 0.51740783453,
    "tonality": 0.310306578875
}