{
    "name": "5d4ffe7f",
    "x": 23.075403213500977,
    "y": -0.4135005474090576,
    "loudness": 0.90468621254,
    "raspiness": 0.153489619493,
    "color": 290.761260986,
    "location": 55.17742378636393,
    "stability": 0.388032674789,
    "tonality": 0.485810130835
}