{
    "name": "5d53fe7b",
    "x": 3.0019359588623047,
    "y": 4.557011127471924,
    "loudness": 0.658591866493,
    "raspiness": 0.101048789918,
    "color": 6.15739202499,
    "location": 1697.36120605,
    "stability": 0.290667980909,
    "tonality": 0.468611717224
}