{
    "name": "5d53fe7b",
    "x": 2.9591033458709717,
    "y": -2.26273775100708,
    "loudness": 0.658591866493,
    "raspiness": 0.101048789918,
    "color": 6.15739202499,
    "location": 41.1990437516455,
    "stability": 0.290667980909,
    "tonality": 0.468611717224
}