{
    "name": "5d58aa13",
    "x": -2.4437804222106934,
    "y": -9.887846946716309,
    "loudness": 0.425349891186,
    "raspiness": 0.0468232296407,
    "color": 12.0908145905,
    "location": 38.55570936463237,
    "stability": 0.219861507416,
    "tonality": 0.460957914591
}