{
    "name": "5d58aa13",
    "x": 2.5783019065856934,
    "y": 4.0932135581970215,
    "loudness": 0.425349891186,
    "raspiness": 0.0468232296407,
    "color": 12.0908145905,
    "location": 1486.54272461,
    "stability": 0.219861507416,
    "tonality": 0.460957914591
}