{
    "name": "5d5c4b15",
    "x": 38.339595794677734,
    "y": -14.355507850646973,
    "loudness": 0.477807730436,
    "raspiness": 0.362573862076,
    "color": 116.935783386,
    "location": 4806.23339844,
    "stability": 0.770169556141,
    "tonality": 0.499560654163
}