{
    "name": "5d5ea0ea",
    "x": -35.580562591552734,
    "y": -23.834447860717773,
    "loudness": 0.838876903057,
    "raspiness": 0.0373393408954,
    "color": 6.56264591217,
    "location": 763.061401367,
    "stability": 0.211072489619,
    "tonality": 0.249438628554
}