{
    "name": "5d5ea0ea",
    "x": -37.2767448425293,
    "y": -10.684649467468262,
    "loudness": 0.838876903057,
    "raspiness": 0.0373393408954,
    "color": 6.56264591217,
    "location": 27.623566050874025,
    "stability": 0.211072489619,
    "tonality": 0.249438628554
}