{
    "name": "5d5fecd0",
    "x": 4.187515735626221,
    "y": 3.3253085613250732,
    "loudness": 0.403674662113,
    "raspiness": 0.0882248282433,
    "color": 21.1889400482,
    "location": 1605.46704102,
    "stability": 0.516384959221,
    "tonality": 0.417106568813
}