{
    "name": "5d5fecd0",
    "x": 4.3487324714660645,
    "y": -8.964998245239258,
    "loudness": 0.403674662113,
    "raspiness": 0.0882248282433,
    "color": 21.1889400482,
    "location": 40.06827973622027,
    "stability": 0.516384959221,
    "tonality": 0.417106568813
}