{
    "name": "5d6805e8",
    "x": 21.709192276000977,
    "y": -3.9362952709198,
    "loudness": 0.528078317642,
    "raspiness": 0.198688268661,
    "color": 18.6520614624,
    "location": 54.819013741401804,
    "stability": 0.563748896122,
    "tonality": 0.418998241425
}