{
    "name": "5d6805e8",
    "x": 19.383525848388672,
    "y": -2.298604965209961,
    "loudness": 0.528078317642,
    "raspiness": 0.198688268661,
    "color": 18.6520614624,
    "location": 3005.12426758,
    "stability": 0.563748896122,
    "tonality": 0.418998241425
}