{
    "name": "5d681247",
    "x": -23.826446533203125,
    "y": -6.253179550170898,
    "loudness": 0.99068403244,
    "raspiness": 0.0304953828454,
    "color": 3.91310095787,
    "location": 386.298736572,
    "stability": 0.26129257679,
    "tonality": 0.389110118151
}