{
    "name": "5d7158bc",
    "x": 0.5180675387382507,
    "y": -19.70134925842285,
    "loudness": 0.00167126487941,
    "raspiness": 0.0819718241692,
    "color": 3.09393954277,
    "location": 629.433288574,
    "stability": 0.686004221439,
    "tonality": 0.434629976749
}