{
    "name": "5d7158bc",
    "x": 3.8420214653015137,
    "y": 2.1697356700897217,
    "loudness": 0.00167126487941,
    "raspiness": 0.0819718241692,
    "color": 3.09393954277,
    "location": 629.433288574,
    "stability": 0.686004221439,
    "tonality": 0.434629976749
}