{
    "name": "5d72f4ed",
    "x": 8.506799697875977,
    "y": 8.124014854431152,
    "loudness": 0.989565968513,
    "raspiness": 0.196078330278,
    "color": 191.626419067,
    "location": 2634.69018555,
    "stability": 0.608587741852,
    "tonality": 0.49052554369
}