{
    "name": "5d73ee6f",
    "x": -29.62526512145996,
    "y": 2.3294057846069336,
    "loudness": 0.91988068819,
    "raspiness": 0.042370211333,
    "color": 7.80562067032,
    "location": 1239.41845703,
    "stability": 0.367987036705,
    "tonality": 0.365863919258
}