{
    "name": "5d79776e",
    "x": -3.1180007457733154,
    "y": 8.804109573364258,
    "loudness": 0.977989375591,
    "raspiness": 0.0263503026217,
    "color": 12.1598482132,
    "location": 489.127075195,
    "stability": 0.453537017107,
    "tonality": 0.34943562746
}