{
    "name": "5d826a12",
    "x": -42.67555236816406,
    "y": 15.094949722290039,
    "loudness": 0.981052041054,
    "raspiness": 0.0481762997806,
    "color": 36.1012077332,
    "location": 28.904563928867706,
    "stability": 0.573682069778,
    "tonality": 0.307818084955
}