{
    "name": "5d8e2712",
    "x": 9.739463806152344,
    "y": -15.822850227355957,
    "loudness": 0.128538176417,
    "raspiness": 0.0785470083356,
    "color": 29.222076416,
    "location": 45.85501736113509,
    "stability": 0.461282014847,
    "tonality": 0.486162275076
}