{
    "name": "5d8e2712",
    "x": 12.667552947998047,
    "y": -27.451860427856445,
    "loudness": 0.128538176417,
    "raspiness": 0.0785470083356,
    "color": 29.222076416,
    "location": 2102.68261719,
    "stability": 0.461282014847,
    "tonality": 0.486162275076
}