{
    "name": "5d902b1c",
    "x": -15.186661720275879,
    "y": 12.596233367919922,
    "loudness": 0.99068403244,
    "raspiness": 0.0216657370329,
    "color": 13.8991746902,
    "location": 19.64185323949856,
    "stability": 0.430376946926,
    "tonality": 0.441885858774
}