{
    "name": "5d91fae1",
    "x": -29.179433822631836,
    "y": -3.87691593170166,
    "loudness": 0.99068403244,
    "raspiness": 0.0722540020943,
    "color": 4.09633827209,
    "location": 837.500732422,
    "stability": 0.308163225651,
    "tonality": 0.359194874763
}