{
    "name": "5d91fae1",
    "x": -26.5677433013916,
    "y": -0.17910711467266083,
    "loudness": 0.99068403244,
    "raspiness": 0.0722540020943,
    "color": 4.09633827209,
    "location": 28.939604911297597,
    "stability": 0.308163225651,
    "tonality": 0.359194874763
}