{
    "name": "5d939814",
    "x": -46.35695266723633,
    "y": -13.526192665100098,
    "loudness": 0.99068403244,
    "raspiness": 0.0239606592804,
    "color": 9.29905033112,
    "location": 593.368835449,
    "stability": 0.391296982765,
    "tonality": 0.28139770031
}