{
    "name": "5d9331ab",
    "x": 1.5690765380859375,
    "y": 0.31194373965263367,
    "loudness": 0.194146096706,
    "raspiness": 0.0448313318193,
    "color": 6.97847127914,
    "location": 803.596435547,
    "stability": 0.315975308418,
    "tonality": 0.2270103544
}