{
    "name": "5d939814",
    "x": -42.08544921875,
    "y": -1.1598052978515625,
    "loudness": 0.99068403244,
    "raspiness": 0.0239606592804,
    "color": 9.29905033112,
    "location": 24.35916327481303,
    "stability": 0.391296982765,
    "tonality": 0.28139770031
}