{
    "name": "5d946c59",
    "x": 9.28254508972168,
    "y": 3.948864698410034,
    "loudness": 0.629837036133,
    "raspiness": 0.112519532442,
    "color": 21.0806102753,
    "location": 45.55094589445975,
    "stability": 0.483733952045,
    "tonality": 0.431278020144
}