{
    "name": "5d946c59",
    "x": 4.007089138031006,
    "y": 5.585472583770752,
    "loudness": 0.629837036133,
    "raspiness": 0.112519532442,
    "color": 21.0806102753,
    "location": 2074.88867188,
    "stability": 0.483733952045,
    "tonality": 0.431278020144
}