{
    "name": "5d9ca598",
    "x": 1.8782237768173218,
    "y": 10.150568962097168,
    "loudness": 0.99068403244,
    "raspiness": 0.0662796571851,
    "color": 2.85527300835,
    "location": 943.124450684,
    "stability": 0.591994047165,
    "tonality": 0.452963024378
}