{
    "name": "5da2c965",
    "x": 48.25352096557617,
    "y": -7.82733154296875,
    "loudness": 0.99068403244,
    "raspiness": 0.290011942387,
    "color": 131.128372192,
    "location": 70.53380450620823,
    "stability": 0.736237764359,
    "tonality": 0.495332926512
}