{
    "name": "5db43d95",
    "x": 27.60303497314453,
    "y": 17.209068298339844,
    "loudness": 0.953913867474,
    "raspiness": 0.148396492004,
    "color": 12.9183549881,
    "location": 49.006451863198585,
    "stability": 0.613753497601,
    "tonality": 0.483637422323
}