{
    "name": "5dbd6915",
    "x": -31.546009063720703,
    "y": 4.29240608215332,
    "loudness": 0.855823397636,
    "raspiness": 0.0140160731971,
    "color": 4.92984962463,
    "location": 488.518859863,
    "stability": 0.424708873034,
    "tonality": 0.374624103308
}