{
    "name": "5dbd6915",
    "x": -27.8458309173584,
    "y": 7.839836597442627,
    "loudness": 0.855823397636,
    "raspiness": 0.0140160731971,
    "color": 4.92984962463,
    "location": 22.10246275560712,
    "stability": 0.424708873034,
    "tonality": 0.374624103308
}