{
    "name": "5dc063db",
    "x": 5.542706489562988,
    "y": -20.148677825927734,
    "loudness": 0.180592000484,
    "raspiness": 0.0637452825904,
    "color": 6.32264471054,
    "location": 23.990823898899347,
    "stability": 0.617800295353,
    "tonality": 0.469775468111
}