{
    "name": "5dc063db",
    "x": 4.22801399230957,
    "y": 2.5408923625946045,
    "loudness": 0.180592000484,
    "raspiness": 0.0637452825904,
    "color": 6.32264471054,
    "location": 575.559631348,
    "stability": 0.617800295353,
    "tonality": 0.469775468111
}