{
    "name": "5dc55b0c",
    "x": 39.11056900024414,
    "y": 16.30596923828125,
    "loudness": 0.965101957321,
    "raspiness": 0.225490406156,
    "color": 16.4563407898,
    "location": 46.66253934496064,
    "stability": 0.753475666046,
    "tonality": 0.483711123466
}