{
    "name": "5dc55b0c",
    "x": 42.333885192871094,
    "y": 18.201190948486328,
    "loudness": 0.965101957321,
    "raspiness": 0.225490406156,
    "color": 16.4563407898,
    "location": 2177.39257812,
    "stability": 0.753475666046,
    "tonality": 0.483711123466
}