{
    "name": "5dd6875c",
    "x": -10.377238273620605,
    "y": 36.54672622680664,
    "loudness": 0.973439395428,
    "raspiness": 0.0595684349537,
    "color": 20.3417720795,
    "location": 1585.32080078,
    "stability": 0.61965149641,
    "tonality": 0.421127527952
}