{
    "name": "5dd6875c",
    "x": 0.1845809519290924,
    "y": 10.332703590393066,
    "loudness": 0.973439395428,
    "raspiness": 0.0595684349537,
    "color": 20.3417720795,
    "location": 1585.32080078,
    "stability": 0.61965149641,
    "tonality": 0.421127527952
}