{
    "name": "5dd6e37d",
    "x": 6.161922931671143,
    "y": 11.262323379516602,
    "loudness": 0.706403374672,
    "raspiness": 0.102513365448,
    "color": 18.5948543549,
    "location": 2128.95849609,
    "stability": 0.739155232906,
    "tonality": 0.48579543829
}