{
    "name": "5de123c3",
    "x": -2.081480026245117,
    "y": 8.669682502746582,
    "loudness": 0.940620005131,
    "raspiness": 0.0608162730932,
    "color": 11.6811218262,
    "location": 1070.20581055,
    "stability": 0.441564410925,
    "tonality": 0.372279286385
}