{
    "name": "5dedf872",
    "x": -15.310281753540039,
    "y": -9.019736289978027,
    "loudness": 0.99068403244,
    "raspiness": 0.0194163601846,
    "color": 5.83273506165,
    "location": 481.50177002,
    "stability": 0.204518973827,
    "tonality": 0.473227232695
}