{
    "name": "5dedf872",
    "x": -14.571184158325195,
    "y": -6.101853847503662,
    "loudness": 0.99068403244,
    "raspiness": 0.0194163601846,
    "color": 5.83273506165,
    "location": 21.943148589480042,
    "stability": 0.204518973827,
    "tonality": 0.473227232695
}