{
    "name": "5dee10ca",
    "x": 5.713046073913574,
    "y": 10.44992446899414,
    "loudness": 0.734942436218,
    "raspiness": 0.10579290241,
    "color": 14.1318778992,
    "location": 2095.4050293,
    "stability": 0.615245401859,
    "tonality": 0.479218631983
}