{
    "name": "5dee10ca",
    "x": 19.411142349243164,
    "y": 19.63759994506836,
    "loudness": 0.734942436218,
    "raspiness": 0.10579290241,
    "color": 14.1318778992,
    "location": 2095.4050293,
    "stability": 0.615245401859,
    "tonality": 0.479218631983
}