{
    "name": "5df7f1d0",
    "x": -16.924898147583008,
    "y": 24.795896530151367,
    "loudness": 0.99068403244,
    "raspiness": 0.030517578125,
    "color": 6.68846845627,
    "location": 23.64308919122034,
    "stability": 0.530725836754,
    "tonality": 0.426202446222
}