{
    "name": "5e04aa68",
    "x": -42.125282287597656,
    "y": 3.73075008392334,
    "loudness": 0.952214598656,
    "raspiness": 0.0145434308797,
    "color": 7.72658157349,
    "location": 17.70396104875968,
    "stability": 0.451356589794,
    "tonality": 0.293727964163
}