{
    "name": "5e04aa68",
    "x": -4.361302852630615,
    "y": 8.696086883544922,
    "loudness": 0.952214598656,
    "raspiness": 0.0145434308797,
    "color": 7.72658157349,
    "location": 313.430236816,
    "stability": 0.451356589794,
    "tonality": 0.293727964163
}