{
    "name": "5e0b5087",
    "x": 21.975086212158203,
    "y": 7.7762274742126465,
    "loudness": 0.557142972946,
    "raspiness": 0.110585615039,
    "color": 25.2318649292,
    "location": 48.23661468314293,
    "stability": 0.705426037312,
    "tonality": 0.487976104021
}