{
    "name": "5e0d9b18",
    "x": 38.39485549926758,
    "y": 38.140533447265625,
    "loudness": 0.99068403244,
    "raspiness": 0.12255859375,
    "color": 15.7267475128,
    "location": 2282.4206543,
    "stability": 0.792815089226,
    "tonality": 0.463785797358
}