{
    "name": "5e2417a2",
    "x": -1.0633963346481323,
    "y": 10.859275817871094,
    "loudness": 0.964095294476,
    "raspiness": 0.038952011615,
    "color": 13.3338899612,
    "location": 975.895507812,
    "stability": 0.655283212662,
    "tonality": 0.370950430632
}