{
    "name": "5e28a9a2",
    "x": -32.205657958984375,
    "y": -16.411863327026367,
    "loudness": 0.246362134814,
    "raspiness": 0.0494707487524,
    "color": 5.39628744125,
    "location": 25.721346125037858,
    "stability": 0.0722277835011,
    "tonality": 0.0949568152428
}