{
    "name": "5e28a9a2",
    "x": 1.3356772661209106,
    "y": 0.1000024825334549,
    "loudness": 0.246362134814,
    "raspiness": 0.0494707487524,
    "color": 5.39628744125,
    "location": 661.587646484,
    "stability": 0.0722277835011,
    "tonality": 0.0949568152428
}