{
    "name": "5e2d18d7",
    "x": 14.44287109375,
    "y": 48.517391204833984,
    "loudness": 0.850923001766,
    "raspiness": 0.0552344731987,
    "color": 8.91852855682,
    "location": 1342.04919434,
    "stability": 0.76038902998,
    "tonality": 0.480026096106
}