{
    "name": "5e2d18d7",
    "x": 3.8767635822296143,
    "y": 11.956754684448242,
    "loudness": 0.850923001766,
    "raspiness": 0.0552344731987,
    "color": 8.91852855682,
    "location": 1342.04919434,
    "stability": 0.76038902998,
    "tonality": 0.480026096106
}