{
    "name": "5e3b2fca",
    "x": -3.013370990753174,
    "y": -37.858604431152344,
    "loudness": 0.000279718427919,
    "raspiness": 0.015905842185,
    "color": 3.64542531967,
    "location": 234.142288208,
    "stability": 0.214326918125,
    "tonality": 0.435671299696
}