{
    "name": "5e3b2fca",
    "x": 3.5496695041656494,
    "y": 0.39645466208457947,
    "loudness": 0.000279718427919,
    "raspiness": 0.015905842185,
    "color": 3.64542531967,
    "location": 234.142288208,
    "stability": 0.214326918125,
    "tonality": 0.435671299696
}