{
    "name": "5e4477e9",
    "x": -16.853845596313477,
    "y": -21.42154884338379,
    "loudness": 0.261194705963,
    "raspiness": 0.00926851201802,
    "color": 8.71358585358,
    "location": 15.659216441763617,
    "stability": 0.2484459728,
    "tonality": 0.354736655951
}