{
    "name": "5e4477e9",
    "x": 2.6195197105407715,
    "y": 0.40087512135505676,
    "loudness": 0.261194705963,
    "raspiness": 0.00926851201802,
    "color": 8.71358585358,
    "location": 245.21105957,
    "stability": 0.2484459728,
    "tonality": 0.354736655951
}