{
    "name": "5e4d7606",
    "x": 2.2348392009735107,
    "y": -32.8330192565918,
    "loudness": 0.00392459379509,
    "raspiness": 0.0164595171809,
    "color": 12.4198894501,
    "location": 1303.13476562,
    "stability": 0.260493814945,
    "tonality": 0.479243963957
}