{
    "name": "5e597f1e",
    "x": 5.974948406219482,
    "y": 8.748193740844727,
    "loudness": 0.99068403244,
    "raspiness": 0.149869784713,
    "color": 2.88137698174,
    "location": 2129.93066406,
    "stability": 0.559041202068,
    "tonality": 0.475437283516
}