{
    "name": "5e597f1e",
    "x": 21.71670150756836,
    "y": 20.531536102294922,
    "loudness": 0.99068403244,
    "raspiness": 0.149869784713,
    "color": 2.88137698174,
    "location": 2129.93066406,
    "stability": 0.559041202068,
    "tonality": 0.475437283516
}