{
    "name": "5e5a6215",
    "x": 33.18634033203125,
    "y": 1.1660956144332886,
    "loudness": 0.99068403244,
    "raspiness": 0.203770011663,
    "color": 11.6567668915,
    "location": 3437.14575195,
    "stability": 0.515740394592,
    "tonality": 0.485224872828
}