{
    "name": "5e5a6215",
    "x": 31.980974197387695,
    "y": 1.0229870080947876,
    "loudness": 0.99068403244,
    "raspiness": 0.203770011663,
    "color": 11.6567668915,
    "location": 58.627175882435274,
    "stability": 0.515740394592,
    "tonality": 0.485224872828
}