{
    "name": "5e5bca7a",
    "x": -9.810049057006836,
    "y": 4.989114761352539,
    "loudness": 0.621513843536,
    "raspiness": 0.0134140765294,
    "color": 6.13470649719,
    "location": 17.814478714096577,
    "stability": 0.534159064293,
    "tonality": 0.418111473322
}