{
    "name": "5e626acd",
    "x": 4.761054039001465,
    "y": 3.201355457305908,
    "loudness": 0.286058723927,
    "raspiness": 0.0925907343626,
    "color": 11.3176450729,
    "location": 1237.82995605,
    "stability": 0.700289964676,
    "tonality": 0.467629820108
}