{
    "name": "5e6b34b1",
    "x": -45.19366455078125,
    "y": 4.341960430145264,
    "loudness": 0.968688964844,
    "raspiness": 0.0188863240182,
    "color": 11.8329324722,
    "location": 19.56607832188147,
    "stability": 0.493800222874,
    "tonality": 0.271795928478
}