{
    "name": "5e6b34b1",
    "x": -4.74355411529541,
    "y": 8.9306001663208,
    "loudness": 0.968688964844,
    "raspiness": 0.0188863240182,
    "color": 11.8329324722,
    "location": 382.831420898,
    "stability": 0.493800222874,
    "tonality": 0.271795928478
}