{
    "name": "5e78e47e",
    "x": 25.881961822509766,
    "y": -3.097276210784912,
    "loudness": 0.99068403244,
    "raspiness": 0.129572093487,
    "color": 304.113647461,
    "location": 61.922426978357365,
    "stability": 0.34375873208,
    "tonality": 0.489567965269
}