{
    "name": "5e7e75f7",
    "x": 25.13750457763672,
    "y": 44.5511360168457,
    "loudness": 0.88343578577,
    "raspiness": 0.0880658328533,
    "color": 21.8082637787,
    "location": 1740.79870605,
    "stability": 0.749522268772,
    "tonality": 0.480265408754
}