{
    "name": "5e879961",
    "x": 7.419039726257324,
    "y": 3.258262872695923,
    "loudness": 0.0336561053991,
    "raspiness": 0.334598660469,
    "color": 7.09775257111,
    "location": 3668.03588867,
    "stability": 0.674365401268,
    "tonality": 0.490814238787
}