{
    "name": "5e91ed7e",
    "x": 10.47142505645752,
    "y": 22.7073917388916,
    "loudness": 0.950868725777,
    "raspiness": 0.11386154592,
    "color": 33.5338363647,
    "location": 44.84256585979442,
    "stability": 0.58238196373,
    "tonality": 0.42576816678
}