{
    "name": "5e91ed7e",
    "x": 3.6015820503234863,
    "y": 29.687509536743164,
    "loudness": 0.950868725777,
    "raspiness": 0.11386154592,
    "color": 33.5338363647,
    "location": 2010.85571289,
    "stability": 0.58238196373,
    "tonality": 0.42576816678
}