{
    "name": "5e92ec3d",
    "x": -4.0913920402526855,
    "y": 9.029458045959473,
    "loudness": 0.847101867199,
    "raspiness": 0.0223784726113,
    "color": 12.9169368744,
    "location": 622.266113281,
    "stability": 0.506534159184,
    "tonality": 0.300912767649
}