{
    "name": "5e92ec3d",
    "x": -41.17397689819336,
    "y": 7.499663352966309,
    "loudness": 0.847101867199,
    "raspiness": 0.0223784726113,
    "color": 12.9169368744,
    "location": 24.945262341394606,
    "stability": 0.506534159184,
    "tonality": 0.300912767649
}