{
    "name": "5e993cd0",
    "x": 1.6296401023864746,
    "y": 9.378995895385742,
    "loudness": 0.926863789558,
    "raspiness": 0.029119387269,
    "color": 12.9302740097,
    "location": 767.312438965,
    "stability": 0.547351121902,
    "tonality": 0.472983837128
}