{
    "name": "5e993cd0",
    "x": -6.3907976150512695,
    "y": 25.31768035888672,
    "loudness": 0.926863789558,
    "raspiness": 0.029119387269,
    "color": 12.9302740097,
    "location": 27.700405032508097,
    "stability": 0.547351121902,
    "tonality": 0.472983837128
}