{
    "name": "5e999857",
    "x": 35.33969497680664,
    "y": 8.705572128295898,
    "loudness": 0.957743108273,
    "raspiness": 0.221441850066,
    "color": 76.8308486938,
    "location": 52.18356085435336,
    "stability": 0.637453258038,
    "tonality": 0.453021883965
}