{
    "name": "5e999857",
    "x": 39.43185043334961,
    "y": 9.519783020019531,
    "loudness": 0.957743108273,
    "raspiness": 0.221441850066,
    "color": 76.8308486938,
    "location": 2723.12402344,
    "stability": 0.637453258038,
    "tonality": 0.453021883965
}