{
    "name": "5ea18a36",
    "x": -3.12652587890625,
    "y": 9.496491432189941,
    "loudness": 0.99068403244,
    "raspiness": 0.049732349813,
    "color": 18.5539646149,
    "location": 1079.9317627,
    "stability": 0.520150899887,
    "tonality": 0.347980499268
}