{
    "name": "5ea18a36",
    "x": -33.315574645996094,
    "y": 17.513017654418945,
    "loudness": 0.99068403244,
    "raspiness": 0.049732349813,
    "color": 18.5539646149,
    "location": 32.86231523645284,
    "stability": 0.520150899887,
    "tonality": 0.347980499268
}