{
    "name": "5eaa4ac7",
    "x": 14.125956535339355,
    "y": 10.39448356628418,
    "loudness": 0.99068403244,
    "raspiness": 0.121313475072,
    "color": 6.01047277451,
    "location": 46.574217275655855,
    "stability": 0.467270702124,
    "tonality": 0.482947140932
}