{
    "name": "5eaa4ac7",
    "x": 4.560308456420898,
    "y": 7.5746331214904785,
    "loudness": 0.99068403244,
    "raspiness": 0.121313475072,
    "color": 6.01047277451,
    "location": 2169.15771484,
    "stability": 0.467270702124,
    "tonality": 0.482947140932
}