{
    "name": "5eadbc6d",
    "x": -33.78410339355469,
    "y": -10.285429000854492,
    "loudness": 0.97245490551,
    "raspiness": 0.00923866778612,
    "color": 9.39035320282,
    "location": 323.973693848,
    "stability": 0.301538556814,
    "tonality": 0.338271379471
}