{
    "name": "5eb9ae02",
    "x": 47.324012756347656,
    "y": -12.6936616897583,
    "loudness": 0.9534060359,
    "raspiness": 0.381432384253,
    "color": 224.399475098,
    "location": 67.95384534858935,
    "stability": 0.76033270359,
    "tonality": 0.497180253267
}