{
    "name": "5eb9ae02",
    "x": 46.965511322021484,
    "y": -19.345823287963867,
    "loudness": 0.9534060359,
    "raspiness": 0.381432384253,
    "color": 224.399475098,
    "location": 4617.72509766,
    "stability": 0.76033270359,
    "tonality": 0.497180253267
}