{
    "name": "5ebdb1a8",
    "x": 42.96140670776367,
    "y": 5.178438663482666,
    "loudness": 0.99068403244,
    "raspiness": 0.21859203279,
    "color": 13.1686201096,
    "location": 61.118259549745034,
    "stability": 0.670312225819,
    "tonality": 0.495430499315
}