{
    "name": "5ebdb1a8",
    "x": 47.51748275756836,
    "y": 4.922043800354004,
    "loudness": 0.99068403244,
    "raspiness": 0.21859203279,
    "color": 13.1686201096,
    "location": 3735.44165039,
    "stability": 0.670312225819,
    "tonality": 0.495430499315
}