{
    "name": "5ebdb1a8",
    "x": 9.01432991027832,
    "y": 8.421001434326172,
    "loudness": 0.99068403244,
    "raspiness": 0.21859203279,
    "color": 13.1686201096,
    "location": 3735.44165039,
    "stability": 0.670312225819,
    "tonality": 0.495430499315
}