{
    "name": "5ec49ef4",
    "x": 2.361109733581543,
    "y": 6.141190052032471,
    "loudness": 0.645282506943,
    "raspiness": 0.0545955300331,
    "color": 6.55950307846,
    "location": 1103.64916992,
    "stability": 0.409190505743,
    "tonality": 0.465653777122
}