{
    "name": "5ec49ef4",
    "x": -1.6435436010360718,
    "y": 1.8181430101394653,
    "loudness": 0.645282506943,
    "raspiness": 0.0545955300331,
    "color": 6.55950307846,
    "location": 33.221215659876144,
    "stability": 0.409190505743,
    "tonality": 0.465653777122
}