{
    "name": "5ec49ef4",
    "x": -3.435541868209839,
    "y": 1.6609677076339722,
    "loudness": 0.645282506943,
    "raspiness": 0.0545955300331,
    "color": 6.55950307846,
    "location": 1103.64916992,
    "stability": 0.409190505743,
    "tonality": 0.465653777122
}