{
    "name": "5ec7ad26",
    "x": 27.77702522277832,
    "y": -17.501726150512695,
    "loudness": 0.0666268914938,
    "raspiness": 0.25520208478,
    "color": 28.1401176453,
    "location": 58.50196978521321,
    "stability": 0.697157740593,
    "tonality": 0.497947394848
}