{
    "name": "5ec9e1e8",
    "x": 1.2562376260757446,
    "y": 10.861026763916016,
    "loudness": 0.99068403244,
    "raspiness": 0.0212554931641,
    "color": 7.61113166809,
    "location": 451.41506958,
    "stability": 0.686198771,
    "tonality": 0.421239167452
}