{
    "name": "5ed0b693",
    "x": 39.5924072265625,
    "y": -2.4575319290161133,
    "loudness": 0.99068403244,
    "raspiness": 0.2374304533,
    "color": 116.766036987,
    "location": 3516.85791016,
    "stability": 0.580214679241,
    "tonality": 0.493929207325
}