{
    "name": "5ed0b693",
    "x": 9.431320190429688,
    "y": 7.592909812927246,
    "loudness": 0.99068403244,
    "raspiness": 0.2374304533,
    "color": 116.766036987,
    "location": 3516.85791016,
    "stability": 0.580214679241,
    "tonality": 0.493929207325
}