{
    "name": "5ee394ce",
    "x": 10.535613059997559,
    "y": 7.680056571960449,
    "loudness": 0.99068403244,
    "raspiness": 0.282498717308,
    "color": 84.5690765381,
    "location": 4294.64306641,
    "stability": 0.632054924965,
    "tonality": 0.494357377291
}