{
    "name": "5ee394ce",
    "x": 49.69926452636719,
    "y": -8.968648910522461,
    "loudness": 0.99068403244,
    "raspiness": 0.282498717308,
    "color": 84.5690765381,
    "location": 4294.64306641,
    "stability": 0.632054924965,
    "tonality": 0.494357377291
}