{
    "name": "5eec8fe1",
    "x": 9.37071418762207,
    "y": 7.171871185302734,
    "loudness": 0.980299174786,
    "raspiness": 0.303291916847,
    "color": 137.730255127,
    "location": 3460.67822266,
    "stability": 0.454470694065,
    "tonality": 0.494569420815
}