{
    "name": "5eec8fe1",
    "x": 36.689823150634766,
    "y": -3.6735751628875732,
    "loudness": 0.980299174786,
    "raspiness": 0.303291916847,
    "color": 137.730255127,
    "location": 58.827529462488904,
    "stability": 0.454470694065,
    "tonality": 0.494569420815
}