{
    "name": "5ef1bff4",
    "x": 10.952696800231934,
    "y": 39.92648696899414,
    "loudness": 0.939184606075,
    "raspiness": 0.0557592064142,
    "color": 12.9308671951,
    "location": 36.498697336069405,
    "stability": 0.69935131073,
    "tonality": 0.475693881512
}