{
    "name": "5ef1bff4",
    "x": 3.7533037662506104,
    "y": 11.596314430236816,
    "loudness": 0.939184606075,
    "raspiness": 0.0557592064142,
    "color": 12.9308671951,
    "location": 1332.15490723,
    "stability": 0.69935131073,
    "tonality": 0.475693881512
}