{
    "name": "5f011d45",
    "x": 3.286409854888916,
    "y": 33.9879264831543,
    "loudness": 0.932939529419,
    "raspiness": 0.0519423782825,
    "color": 10.6758060455,
    "location": 33.18992936313664,
    "stability": 0.625041484833,
    "tonality": 0.476193249226
}