{
    "name": "5f011d45",
    "x": 2.667590856552124,
    "y": 10.62208080291748,
    "loudness": 0.932939529419,
    "raspiness": 0.0519423782825,
    "color": 10.6758060455,
    "location": 1101.57141113,
    "stability": 0.625041484833,
    "tonality": 0.476193249226
}