{
    "name": "5f011d45",
    "x": 0.9524210095405579,
    "y": 44.22013854980469,
    "loudness": 0.932939529419,
    "raspiness": 0.0519423782825,
    "color": 10.6758060455,
    "location": 1101.57141113,
    "stability": 0.625041484833,
    "tonality": 0.476193249226
}