{
    "name": "5f0dc8e4",
    "x": -4.036992073059082,
    "y": 6.987348556518555,
    "loudness": 0.956455767155,
    "raspiness": 0.0521808378398,
    "color": 25.6544799805,
    "location": 1387.88891602,
    "stability": 0.187707051635,
    "tonality": 0.304763257504
}