{
    "name": "5f11882f",
    "x": 33.080291748046875,
    "y": 21.252885818481445,
    "loudness": 0.843462944031,
    "raspiness": 0.134768113494,
    "color": 15.138712883,
    "location": 51.58209381500522,
    "stability": 0.714433610439,
    "tonality": 0.481363385916
}