{
    "name": "5f11882f",
    "x": 7.002124309539795,
    "y": 10.432759284973145,
    "loudness": 0.843462944031,
    "raspiness": 0.134768113494,
    "color": 15.138712883,
    "location": 2660.71240234,
    "stability": 0.714433610439,
    "tonality": 0.481363385916
}