{
    "name": "5f18dad3",
    "x": 28.685134887695312,
    "y": 6.485193729400635,
    "loudness": 0.99068403244,
    "raspiness": 0.183778956532,
    "color": 41.1656532288,
    "location": 53.444270404412855,
    "stability": 0.529930651188,
    "tonality": 0.485661476851
}