{
    "name": "5f18dad3",
    "x": 7.47986364364624,
    "y": 8.028305053710938,
    "loudness": 0.99068403244,
    "raspiness": 0.183778956532,
    "color": 41.1656532288,
    "location": 2856.29003906,
    "stability": 0.529930651188,
    "tonality": 0.485661476851
}