{
    "name": "5f1fadee",
    "x": -28.06219482421875,
    "y": 30.870534896850586,
    "loudness": 0.948062062263,
    "raspiness": 0.0519057773054,
    "color": 31.8787994385,
    "location": 1055.53491211,
    "stability": 0.564717411995,
    "tonality": 0.396219462156
}