{
    "name": "5f20684f",
    "x": 19.32630157470703,
    "y": -3.2391018867492676,
    "loudness": 0.481063365936,
    "raspiness": 0.157070681453,
    "color": 6.22514867783,
    "location": 2557.49316406,
    "stability": 0.509820878506,
    "tonality": 0.483605235815
}