{
    "name": "5f3186c8",
    "x": 8.685815811157227,
    "y": -15.499187469482422,
    "loudness": 0.274317443371,
    "raspiness": 0.0618358701468,
    "color": 19.3112716675,
    "location": 30.170875663145743,
    "stability": 0.687978327274,
    "tonality": 0.468873769045
}