{
    "name": "5f3186c8",
    "x": 7.631664752960205,
    "y": -10.792211532592773,
    "loudness": 0.274317443371,
    "raspiness": 0.0618358701468,
    "color": 19.3112716675,
    "location": 910.281738281,
    "stability": 0.687978327274,
    "tonality": 0.468873769045
}