{
    "name": "5f383659",
    "x": 4.388998508453369,
    "y": 8.91932487487793,
    "loudness": 0.778582215309,
    "raspiness": 0.10686134547,
    "color": 54.3349113464,
    "location": 1842.56335449,
    "stability": 0.551354050636,
    "tonality": 0.472278922796
}