{
    "name": "5f3f655e",
    "x": -3.4541778564453125,
    "y": 17.818632125854492,
    "loudness": 0.99068403244,
    "raspiness": 0.0600807890296,
    "color": 5.6819062233,
    "location": 30.921451606190807,
    "stability": 0.477331906557,
    "tonality": 0.486379414797
}