{
    "name": "5f3f655e",
    "x": -6.213909149169922,
    "y": 22.110498428344727,
    "loudness": 0.99068403244,
    "raspiness": 0.0600807890296,
    "color": 5.6819062233,
    "location": 956.136169434,
    "stability": 0.477331906557,
    "tonality": 0.486379414797
}