{
    "name": "5f4ede60",
    "x": 25.130895614624023,
    "y": 30.126480102539062,
    "loudness": 0.771013021469,
    "raspiness": 0.0802184939384,
    "color": 25.8389968872,
    "location": 41.686743047400576,
    "stability": 0.772958576679,
    "tonality": 0.489284843206
}