{
    "name": "5f597196",
    "x": -4.855095386505127,
    "y": 16.831174850463867,
    "loudness": 0.986833810806,
    "raspiness": 0.0606570355594,
    "color": 22.5781345367,
    "location": 37.27472536947791,
    "stability": 0.46602666378,
    "tonality": 0.448552072048
}