{
    "name": "5f597196",
    "x": 0.4102742373943329,
    "y": 8.3893404006958,
    "loudness": 0.986833810806,
    "raspiness": 0.0606570355594,
    "color": 22.5781345367,
    "location": 1389.40515137,
    "stability": 0.46602666378,
    "tonality": 0.448552072048
}