{
    "name": "5f59933f",
    "x": -46.24640655517578,
    "y": 5.8021063804626465,
    "loudness": 0.976759076118,
    "raspiness": 0.0223107729107,
    "color": 12.0359783173,
    "location": 571.165649414,
    "stability": 0.507099270821,
    "tonality": 0.325805932283
}