{
    "name": "5f63bbad",
    "x": 5.895287036895752,
    "y": 8.800922393798828,
    "loudness": 0.99068403244,
    "raspiness": 0.157273516059,
    "color": 3.31598877907,
    "location": 2020.66430664,
    "stability": 0.56787520647,
    "tonality": 0.457750767469
}