{
    "name": "5f63bbad",
    "x": 19.08353614807129,
    "y": 22.63046646118164,
    "loudness": 0.99068403244,
    "raspiness": 0.157273516059,
    "color": 3.31598877907,
    "location": 2020.66430664,
    "stability": 0.56787520647,
    "tonality": 0.457750767469
}