{
    "name": "5f673482",
    "x": -11.687333106994629,
    "y": -3.0901284217834473,
    "loudness": 0.953872025013,
    "raspiness": 0.0181163661182,
    "color": 7.60118913651,
    "location": 30.629911316962705,
    "stability": 0.242887839675,
    "tonality": 0.467657268047
}