{
    "name": "5f673482",
    "x": 0.2516147494316101,
    "y": 5.6511149406433105,
    "loudness": 0.953872025013,
    "raspiness": 0.0181163661182,
    "color": 7.60118913651,
    "location": 938.191467285,
    "stability": 0.242887839675,
    "tonality": 0.467657268047
}