{
    "name": "5f6e7a2f",
    "x": -4.844311237335205,
    "y": 7.1209211349487305,
    "loudness": 0.799054086208,
    "raspiness": 0.0160982571542,
    "color": 2.66034507751,
    "location": 248.092956543,
    "stability": 0.158694252372,
    "tonality": 0.229455709457
}