{
    "name": "5f6e7a2f",
    "x": -37.26531219482422,
    "y": -13.42549991607666,
    "loudness": 0.799054086208,
    "raspiness": 0.0160982571542,
    "color": 2.66034507751,
    "location": 15.750966844705122,
    "stability": 0.158694252372,
    "tonality": 0.229455709457
}