{
    "name": "5f6e7a2f",
    "x": -34.411922454833984,
    "y": -26.495439529418945,
    "loudness": 0.799054086208,
    "raspiness": 0.0160982571542,
    "color": 2.66034507751,
    "location": 248.092956543,
    "stability": 0.158694252372,
    "tonality": 0.229455709457
}