{
    "name": "5f71ebaa",
    "x": 5.110126495361328,
    "y": 2.2175095081329346,
    "loudness": 0.185939595103,
    "raspiness": 0.102464832366,
    "color": 17.0363407135,
    "location": 1498.75439453,
    "stability": 0.478759527206,
    "tonality": 0.482851207256
}