{
    "name": "5f71ebaa",
    "x": 7.825755596160889,
    "y": -15.787660598754883,
    "loudness": 0.185939595103,
    "raspiness": 0.102464832366,
    "color": 17.0363407135,
    "location": 38.71374942484905,
    "stability": 0.478759527206,
    "tonality": 0.482851207256
}