{
    "name": "5f73d3c8",
    "x": -21.419677734375,
    "y": -9.617361068725586,
    "loudness": 0.459278136492,
    "raspiness": 0.0212220158428,
    "color": 4.15716743469,
    "location": 20.951652458052084,
    "stability": 0.443301618099,
    "tonality": 0.338601857424
}