{
    "name": "5f73d3c8",
    "x": -21.426477432250977,
    "y": -15.808362007141113,
    "loudness": 0.459278136492,
    "raspiness": 0.0212220158428,
    "color": 4.15716743469,
    "location": 438.971740723,
    "stability": 0.443301618099,
    "tonality": 0.338601857424
}