{
    "name": "5f75b9cf",
    "x": 7.3449554443359375,
    "y": 9.440223693847656,
    "loudness": 0.76755297184,
    "raspiness": 0.128811299801,
    "color": 13.9927587509,
    "location": 2971.32495117,
    "stability": 0.598448455334,
    "tonality": 0.483106195927
}