{
    "name": "5f7d4d21",
    "x": -5.43937349319458,
    "y": 39.43769454956055,
    "loudness": 0.99068403244,
    "raspiness": 0.0255669485778,
    "color": 3.99627900124,
    "location": 21.8633276615432,
    "stability": 0.678161025047,
    "tonality": 0.443539202213
}