{
    "name": "5f7dd0fb",
    "x": 35.64049530029297,
    "y": -28.676769256591797,
    "loudness": 0.99068403244,
    "raspiness": 0.384301751852,
    "color": 808.859008789,
    "location": 4212.22802734,
    "stability": 0.697693705559,
    "tonality": 0.467559814453
}