{
    "name": "5f7dd0fb",
    "x": 11.456356048583984,
    "y": 5.189417362213135,
    "loudness": 0.99068403244,
    "raspiness": 0.384301751852,
    "color": 808.859008789,
    "location": 4212.22802734,
    "stability": 0.697693705559,
    "tonality": 0.467559814453
}