{
    "name": "5f7dd0fb",
    "x": 39.34663391113281,
    "y": -19.893800735473633,
    "loudness": 0.99068403244,
    "raspiness": 0.384301751852,
    "color": 808.859008789,
    "location": 64.90167969582913,
    "stability": 0.697693705559,
    "tonality": 0.467559814453
}