{
    "name": "5f7d4d21",
    "x": -10.469655990600586,
    "y": 49.44489288330078,
    "loudness": 0.99068403244,
    "raspiness": 0.0255669485778,
    "color": 3.99627900124,
    "location": 478.005096436,
    "stability": 0.678161025047,
    "tonality": 0.443539202213
}