{
    "name": "5f886a73",
    "x": 8.76545524597168,
    "y": 7.8958892822265625,
    "loudness": 0.99068403244,
    "raspiness": 0.206298828125,
    "color": 50.7438163757,
    "location": 4336.37158203,
    "stability": 0.59251499176,
    "tonality": 0.489526957273
}