{
    "name": "5f88f48e",
    "x": -19.515493392944336,
    "y": -0.4178878962993622,
    "loudness": 0.99068403244,
    "raspiness": 0.083107970655,
    "color": 8.15422153473,
    "location": 42.2661621962534,
    "stability": 0.188107714057,
    "tonality": 0.376040935516
}