{
    "name": "5f88f48e",
    "x": -18.726728439331055,
    "y": -1.3094251155853271,
    "loudness": 0.99068403244,
    "raspiness": 0.083107970655,
    "color": 8.15422153473,
    "location": 1786.4284668,
    "stability": 0.188107714057,
    "tonality": 0.376040935516
}