{
    "name": "5f886a73",
    "x": 42.24250793457031,
    "y": 1.1118824481964111,
    "loudness": 0.99068403244,
    "raspiness": 0.206298828125,
    "color": 50.7438163757,
    "location": 4336.37158203,
    "stability": 0.59251499176,
    "tonality": 0.489526957273
}