{
    "name": "5f934315",
    "x": -7.8753533363342285,
    "y": 13.515777587890625,
    "loudness": 0.99068403244,
    "raspiness": 0.0465198867023,
    "color": 6.68649816513,
    "location": 33.74252123448987,
    "stability": 0.441132575274,
    "tonality": 0.450503945351
}