{
    "name": "5f934315",
    "x": 0.8596908450126648,
    "y": 7.627572536468506,
    "loudness": 0.99068403244,
    "raspiness": 0.0465198867023,
    "color": 6.68649816513,
    "location": 1138.55773926,
    "stability": 0.441132575274,
    "tonality": 0.450503945351
}