{
    "name": "5f934315",
    "x": -10.208319664001465,
    "y": 18.206554412841797,
    "loudness": 0.99068403244,
    "raspiness": 0.0465198867023,
    "color": 6.68649816513,
    "location": 1138.55773926,
    "stability": 0.441132575274,
    "tonality": 0.450503945351
}