{
    "name": "5f95ce73",
    "x": 1.1937577724456787,
    "y": 7.997169017791748,
    "loudness": 0.99068403244,
    "raspiness": 0.0509033203125,
    "color": 9.80068016052,
    "location": 699.021179199,
    "stability": 0.476264297962,
    "tonality": 0.462537586689
}