{
    "name": "5f95ce73",
    "x": -8.445003509521484,
    "y": 17.899620056152344,
    "loudness": 0.99068403244,
    "raspiness": 0.0509033203125,
    "color": 9.80068016052,
    "location": 26.439008665209066,
    "stability": 0.476264297962,
    "tonality": 0.462537586689
}