{
    "name": "5fa41f28",
    "x": 4.687856674194336,
    "y": 46.828208923339844,
    "loudness": 0.99068403244,
    "raspiness": 0.0721081122756,
    "color": 17.7438964844,
    "location": 1267.26196289,
    "stability": 0.660762131214,
    "tonality": 0.453027278185
}