{
    "name": "5fb10f46",
    "x": -16.29231071472168,
    "y": 37.25748825073242,
    "loudness": 0.986118793488,
    "raspiness": 0.0190917961299,
    "color": 12.1171245575,
    "location": 632.550231934,
    "stability": 0.565318465233,
    "tonality": 0.455449849367
}