{
    "name": "5fb10f46",
    "x": 1.3357045650482178,
    "y": 9.669522285461426,
    "loudness": 0.986118793488,
    "raspiness": 0.0190917961299,
    "color": 12.1171245575,
    "location": 632.550231934,
    "stability": 0.565318465233,
    "tonality": 0.455449849367
}