{
    "name": "5fc120cc",
    "x": 5.531653881072998,
    "y": -4.4786458015441895,
    "loudness": 0.955686032772,
    "raspiness": 0.0502428486943,
    "color": 265.335784912,
    "location": 3373.23242188,
    "stability": 0.0814753845334,
    "tonality": 0.491240531206
}