{
    "name": "5fca79da",
    "x": 28.16250991821289,
    "y": -19.926799774169922,
    "loudness": 0.0238333381712,
    "raspiness": 0.279836952686,
    "color": 284.257629395,
    "location": 3247.73144531,
    "stability": 0.72784614563,
    "tonality": 0.489919006824
}