{
    "name": "5fca447b",
    "x": 6.152633190155029,
    "y": 2.4642858505249023,
    "loudness": 0.000353095005266,
    "raspiness": 0.220758542418,
    "color": 12.8080749512,
    "location": 2665.28100586,
    "stability": 0.562765300274,
    "tonality": 0.412089377642
}