{
    "name": "5fca447b",
    "x": 19.219099044799805,
    "y": -26.09783935546875,
    "loudness": 0.000353095005266,
    "raspiness": 0.220758542418,
    "color": 12.8080749512,
    "location": 2665.28100586,
    "stability": 0.562765300274,
    "tonality": 0.412089377642
}