{
    "name": "5fca447b",
    "x": 18.648099899291992,
    "y": -16.20130157470703,
    "loudness": 0.000353095005266,
    "raspiness": 0.220758542418,
    "color": 12.8080749512,
    "location": 51.62635960301675,
    "stability": 0.562765300274,
    "tonality": 0.412089377642
}