{
    "name": "5fca79da",
    "x": 27.87315559387207,
    "y": -13.514592170715332,
    "loudness": 0.0238333381712,
    "raspiness": 0.279836952686,
    "color": 284.257629395,
    "location": 56.98887124088351,
    "stability": 0.72784614563,
    "tonality": 0.489919006824
}