{
    "name": "5fcfe4c2",
    "x": 49.053646087646484,
    "y": 4.450227737426758,
    "loudness": 0.980336010456,
    "raspiness": 0.249054774642,
    "color": 51.6748123169,
    "location": 59.837438472665255,
    "stability": 0.775302350521,
    "tonality": 0.49760979414
}