{
    "name": "5fcfe4c2",
    "x": 9.538023948669434,
    "y": 8.784637451171875,
    "loudness": 0.980336010456,
    "raspiness": 0.249054774642,
    "color": 51.6748123169,
    "location": 3580.51904297,
    "stability": 0.775302350521,
    "tonality": 0.49760979414
}