{
    "name": "5fd95b59",
    "x": 18.170927047729492,
    "y": 42.286075592041016,
    "loudness": 0.99068403244,
    "raspiness": 0.0820556655526,
    "color": 7.79206848145,
    "location": 36.35122417498481,
    "stability": 0.788839399815,
    "tonality": 0.474461644888
}