{
    "name": "5fe07b4b",
    "x": 43.7437858581543,
    "y": -21.456361770629883,
    "loudness": 0.99068403244,
    "raspiness": 0.402289509773,
    "color": 512.815307617,
    "location": 77.16388176109338,
    "stability": 0.666753649712,
    "tonality": 0.495939970016
}