{
    "name": "5fe07b4b",
    "x": 11.542919158935547,
    "y": 5.806065559387207,
    "loudness": 0.99068403244,
    "raspiness": 0.402289509773,
    "color": 512.815307617,
    "location": 5954.26464844,
    "stability": 0.666753649712,
    "tonality": 0.495939970016
}