{
    "name": "5fe4741a",
    "x": 47.292137145996094,
    "y": 32.014286041259766,
    "loudness": 0.984365582466,
    "raspiness": 0.135924324393,
    "color": 25.0504398346,
    "location": 2691.55078125,
    "stability": 0.850679337978,
    "tonality": 0.48633030057
}