{
    "name": "5fe4741a",
    "x": 7.625494480133057,
    "y": 11.165925025939941,
    "loudness": 0.984365582466,
    "raspiness": 0.135924324393,
    "color": 25.0504398346,
    "location": 2691.55078125,
    "stability": 0.850679337978,
    "tonality": 0.48633030057
}