{
    "name": "5fed8602",
    "x": -5.884864330291748,
    "y": 13.665204048156738,
    "loudness": 0.99068403244,
    "raspiness": 0.0907443612814,
    "color": 5.0526714325,
    "location": 1701.03503418,
    "stability": 0.400257408619,
    "tonality": 0.438942551613
}