{
    "name": "600dc6d1",
    "x": 10.317822456359863,
    "y": 38.666446685791016,
    "loudness": 0.918867886066,
    "raspiness": 0.0897657424212,
    "color": 11.8931264877,
    "location": 1569.78588867,
    "stability": 0.61417388916,
    "tonality": 0.460834741592
}