{
    "name": "600fbad3",
    "x": 12.758219718933105,
    "y": -23.742717742919922,
    "loudness": 0.0853085666895,
    "raspiness": 0.0993075892329,
    "color": 38.7838478088,
    "location": 35.168301753709976,
    "stability": 0.71251809597,
    "tonality": 0.472513258457
}