{
    "name": "600fbad3",
    "x": 4.951935291290283,
    "y": 2.6609365940093994,
    "loudness": 0.0853085666895,
    "raspiness": 0.0993075892329,
    "color": 38.7838478088,
    "location": 1236.80944824,
    "stability": 0.71251809597,
    "tonality": 0.472513258457
}