{
    "name": "600fbad3",
    "x": 11.505520820617676,
    "y": -18.065671920776367,
    "loudness": 0.0853085666895,
    "raspiness": 0.0993075892329,
    "color": 38.7838478088,
    "location": 1236.80944824,
    "stability": 0.71251809597,
    "tonality": 0.472513258457
}