{
    "name": "600fe305",
    "x": 16.127540588378906,
    "y": 1.3584673404693604,
    "loudness": 0.51035374403,
    "raspiness": 0.0794216021895,
    "color": 17.0228767395,
    "location": 42.01992906324331,
    "stability": 0.749217450619,
    "tonality": 0.488383978605
}