{
    "name": "600fe305",
    "x": 5.274961948394775,
    "y": 3.864511489868164,
    "loudness": 0.51035374403,
    "raspiness": 0.0794216021895,
    "color": 17.0228767395,
    "location": 1765.67443848,
    "stability": 0.749217450619,
    "tonality": 0.488383978605
}