{
    "name": "601c44d5",
    "x": -2.556607961654663,
    "y": 9.028131484985352,
    "loudness": 0.973989665508,
    "raspiness": 0.00912787020206,
    "color": 8.11515140533,
    "location": 248.994720459,
    "stability": 0.438273727894,
    "tonality": 0.386099845171
}