{
    "name": "601c44d5",
    "x": -25.56986427307129,
    "y": 12.123200416564941,
    "loudness": 0.973989665508,
    "raspiness": 0.00912787020206,
    "color": 8.11515140533,
    "location": 15.77956654851457,
    "stability": 0.438273727894,
    "tonality": 0.386099845171
}