{
    "name": "602ca70a",
    "x": -0.1441284865140915,
    "y": 11.300064086914062,
    "loudness": 0.967252671719,
    "raspiness": 0.0646741390228,
    "color": 40.4208755493,
    "location": 1423.89758301,
    "stability": 0.758896946907,
    "tonality": 0.395558208227
}