{
    "name": "602f68bf",
    "x": 25.855331420898438,
    "y": 3.8855111598968506,
    "loudness": 0.944423854351,
    "raspiness": 0.146880418062,
    "color": 45.7694282532,
    "location": 59.90727494887411,
    "stability": 0.493959128857,
    "tonality": 0.491609543562
}