{
    "name": "6032d510",
    "x": 4.3593220710754395,
    "y": 0.844769299030304,
    "loudness": 0.015189238824,
    "raspiness": 0.0324859619141,
    "color": 252.995864868,
    "location": 1562.08288574,
    "stability": 0.154713898897,
    "tonality": 0.484817028046
}