{
    "name": "603cc6cd",
    "x": 8.640729904174805,
    "y": 8.99797248840332,
    "loudness": 0.951470851898,
    "raspiness": 0.190396010876,
    "color": 61.9302940369,
    "location": 3199.56225586,
    "stability": 0.691678464413,
    "tonality": 0.487125515938
}