{
    "name": "604f23cd",
    "x": 9.163945198059082,
    "y": 8.954517364501953,
    "loudness": 0.99068403244,
    "raspiness": 0.223724365234,
    "color": 12.9583387375,
    "location": 3179.62060547,
    "stability": 0.725712537766,
    "tonality": 0.49152520299
}