{
    "name": "604f23cd",
    "x": 46.517425537109375,
    "y": 10.233915328979492,
    "loudness": 0.99068403244,
    "raspiness": 0.223724365234,
    "color": 12.9583387375,
    "location": 56.38812468481285,
    "stability": 0.725712537766,
    "tonality": 0.49152520299
}