{
    "name": "6064aad0",
    "x": 54.07453155517578,
    "y": 15.781153678894043,
    "loudness": 0.965373396873,
    "raspiness": 0.19064719975,
    "color": 37.9159889221,
    "location": 3428.94970703,
    "stability": 0.794982790947,
    "tonality": 0.492062240839
}