{
    "name": "6064aad0",
    "x": 47.189064025878906,
    "y": 14.393720626831055,
    "loudness": 0.965373396873,
    "raspiness": 0.19064719975,
    "color": 37.9159889221,
    "location": 58.55723445510384,
    "stability": 0.794982790947,
    "tonality": 0.492062240839
}