{
    "name": "6085c41b",
    "x": 38.15349197387695,
    "y": -14.044757843017578,
    "loudness": 0.767815172672,
    "raspiness": 0.299695670605,
    "color": 102.110794067,
    "location": 5329.25878906,
    "stability": 0.441405624151,
    "tonality": 0.498899877071
}