{
    "name": "6085c41b",
    "x": 39.07240295410156,
    "y": -8.434074401855469,
    "loudness": 0.767815172672,
    "raspiness": 0.299695670605,
    "color": 102.110794067,
    "location": 73.00177250628919,
    "stability": 0.441405624151,
    "tonality": 0.498899877071
}