{
    "name": "608ac00c",
    "x": 2.5352888107299805,
    "y": 1.3131957054138184,
    "loudness": 0.188065513968,
    "raspiness": 0.00982183031738,
    "color": 4.95867824554,
    "location": 200.409164429,
    "stability": 0.462313532829,
    "tonality": 0.356708467007
}