{
    "name": "609e2253",
    "x": 21.047245025634766,
    "y": 14.663373947143555,
    "loudness": 0.682989001274,
    "raspiness": 0.105689540505,
    "color": 7.91893768311,
    "location": 46.55075355190289,
    "stability": 0.647016823292,
    "tonality": 0.484366416931
}