{
    "name": "609e2253",
    "x": 5.8405585289001465,
    "y": 10.665873527526855,
    "loudness": 0.682989001274,
    "raspiness": 0.105689540505,
    "color": 7.91893768311,
    "location": 2166.97265625,
    "stability": 0.647016823292,
    "tonality": 0.484366416931
}