{
    "name": "60ac28c4",
    "x": 9.956037521362305,
    "y": 34.471221923828125,
    "loudness": 0.99068403244,
    "raspiness": 0.0674438476562,
    "color": 14.9654312134,
    "location": 38.4358374258972,
    "stability": 0.634160578251,
    "tonality": 0.476696163416
}