{
    "name": "60ac28c4",
    "x": 3.406214952468872,
    "y": 10.449590682983398,
    "loudness": 0.99068403244,
    "raspiness": 0.0674438476562,
    "color": 14.9654312134,
    "location": 1477.31359863,
    "stability": 0.634160578251,
    "tonality": 0.476696163416
}