{
    "name": "60c03b3e",
    "x": -14.230765342712402,
    "y": 49.42387771606445,
    "loudness": 0.99068403244,
    "raspiness": 0.0505065917969,
    "color": 32.5120429993,
    "location": 1503.31542969,
    "stability": 0.746124446392,
    "tonality": 0.426648199558
}