{
    "name": "60cccafc",
    "x": 7.387398719787598,
    "y": -3.9969165325164795,
    "loudness": 0.584285914898,
    "raspiness": 0.0978781953454,
    "color": 12.8935060501,
    "location": 2023.95227051,
    "stability": 0.387688755989,
    "tonality": 0.483013778925
}