{
    "name": "60e178b0",
    "x": 24.189125061035156,
    "y": 38.36741256713867,
    "loudness": 0.99068403244,
    "raspiness": 0.100687660277,
    "color": 20.5673961639,
    "location": 1916.40856934,
    "stability": 0.664700806141,
    "tonality": 0.484748005867
}