{
    "name": "60e178b0",
    "x": 21.7238826751709,
    "y": 30.44928550720215,
    "loudness": 0.99068403244,
    "raspiness": 0.100687660277,
    "color": 20.5673961639,
    "location": 43.776804010114766,
    "stability": 0.664700806141,
    "tonality": 0.484748005867
}