{
    "name": "60ee6e25",
    "x": -4.198627471923828,
    "y": -26.986536026000977,
    "loudness": 0.000440505886218,
    "raspiness": 0.0398364774883,
    "color": 8.35869884491,
    "location": 586.059143066,
    "stability": 0.447957098484,
    "tonality": 0.436403721571
}