{
    "name": "60ee6e25",
    "x": -3.5317914485931396,
    "y": -23.071861267089844,
    "loudness": 0.000440505886218,
    "raspiness": 0.0398364774883,
    "color": 8.35869884491,
    "location": 24.208658431767756,
    "stability": 0.447957098484,
    "tonality": 0.436403721571
}