{
    "name": "60f481f8",
    "x": -17.782012939453125,
    "y": -0.3567812740802765,
    "loudness": 0.665693998337,
    "raspiness": 0.0268370434642,
    "color": 4.75749492645,
    "location": 29.1830016106637,
    "stability": 0.299529016018,
    "tonality": 0.403835237026
}