{
    "name": "60f6a04e",
    "x": -2.6500229835510254,
    "y": -7.268341541290283,
    "loudness": 0.674977779388,
    "raspiness": 0.0763649195433,
    "color": 19.2780990601,
    "location": 37.76643306959237,
    "stability": 0.160146594048,
    "tonality": 0.493559330702
}