{
    "name": "60f6a04e",
    "x": 2.3505706787109375,
    "y": 4.3831400871276855,
    "loudness": 0.674977779388,
    "raspiness": 0.0763649195433,
    "color": 19.2780990601,
    "location": 1426.3034668,
    "stability": 0.160146594048,
    "tonality": 0.493559330702
}