{
    "name": "60f75c30",
    "x": 27.218849182128906,
    "y": -3.686373710632324,
    "loudness": 0.99068403244,
    "raspiness": 0.167135804892,
    "color": 146.741287231,
    "location": 4651.14453125,
    "stability": 0.382044017315,
    "tonality": 0.493417918682
}