{
    "name": "60f75c30",
    "x": 28.515960693359375,
    "y": -1.0992175340652466,
    "loudness": 0.99068403244,
    "raspiness": 0.167135804892,
    "color": 146.741287231,
    "location": 68.19930007888644,
    "stability": 0.382044017315,
    "tonality": 0.493417918682
}