{
    "name": "60f9e3ed",
    "x": 39.43053436279297,
    "y": 3.2182013988494873,
    "loudness": 0.926066100597,
    "raspiness": 0.198120862246,
    "color": 25.4398288727,
    "location": 4056.84838867,
    "stability": 0.580214440823,
    "tonality": 0.495560973883
}