{
    "name": "60f9e3ed",
    "x": 8.663050651550293,
    "y": 7.780533790588379,
    "loudness": 0.926066100597,
    "raspiness": 0.198120862246,
    "color": 25.4398288727,
    "location": 4056.84838867,
    "stability": 0.580214440823,
    "tonality": 0.495560973883
}