{
    "name": "60f9e3ed",
    "x": 36.443077087402344,
    "y": 3.3911521434783936,
    "loudness": 0.926066100597,
    "raspiness": 0.198120862246,
    "color": 25.4398288727,
    "location": 63.69339360302605,
    "stability": 0.580214440823,
    "tonality": 0.495560973883
}