{
    "name": "610d986c",
    "x": -17.83205795288086,
    "y": -15.194302558898926,
    "loudness": 0.271686136723,
    "raspiness": 0.0211409851909,
    "color": 4.10508298874,
    "location": 17.74142033787036,
    "stability": 0.460227757692,
    "tonality": 0.329828321934
}