{
    "name": "610d986c",
    "x": -18.203428268432617,
    "y": -21.411502838134766,
    "loudness": 0.271686136723,
    "raspiness": 0.0211409851909,
    "color": 4.10508298874,
    "location": 314.757995605,
    "stability": 0.460227757692,
    "tonality": 0.329828321934
}