{
    "name": "6115e8ac",
    "x": 21.29564666748047,
    "y": -20.15735626220703,
    "loudness": 0.0827065557241,
    "raspiness": 0.166307374835,
    "color": 9.00105476379,
    "location": 2979.22949219,
    "stability": 0.587692201138,
    "tonality": 0.491553455591
}