{
    "name": "6115e8ac",
    "x": 21.774845123291016,
    "y": -16.615982055664062,
    "loudness": 0.0827065557241,
    "raspiness": 0.166307374835,
    "color": 9.00105476379,
    "location": 54.582318494087446,
    "stability": 0.587692201138,
    "tonality": 0.491553455591
}