{
    "name": "6116eaa8",
    "x": -26.414867401123047,
    "y": 7.422333717346191,
    "loudness": 0.99068403244,
    "raspiness": 0.00838104635477,
    "color": 14.3079652786,
    "location": 187.451660156,
    "stability": 0.375616639853,
    "tonality": 0.4018407166
}