{
    "name": "611c548e",
    "x": 50.72955322265625,
    "y": 13.639575004577637,
    "loudness": 0.99068403244,
    "raspiness": 0.206616207957,
    "color": 6.99445056915,
    "location": 3157.32373047,
    "stability": 0.749966442585,
    "tonality": 0.470234572887
}