{
    "name": "611c548e",
    "x": 45.19313430786133,
    "y": 13.429572105407715,
    "loudness": 0.99068403244,
    "raspiness": 0.206616207957,
    "color": 6.99445056915,
    "location": 56.19006789878439,
    "stability": 0.749966442585,
    "tonality": 0.470234572887
}