{
    "name": "611c7dbf",
    "x": 4.578154563903809,
    "y": 7.65568733215332,
    "loudness": 0.99068403244,
    "raspiness": 0.133163064718,
    "color": 3.67677783966,
    "location": 2059.43530273,
    "stability": 0.466124415398,
    "tonality": 0.48740118742
}