{
    "name": "6122f82a",
    "x": -18.206390380859375,
    "y": 17.820222854614258,
    "loudness": 0.982745707035,
    "raspiness": 0.0982798412442,
    "color": 6.40796422958,
    "location": 1035.39086914,
    "stability": 0.426607936621,
    "tonality": 0.420795619488
}