{
    "name": "6123a18d",
    "x": -5.475824356079102,
    "y": 9.340837478637695,
    "loudness": 0.762520313263,
    "raspiness": 0.0849624797702,
    "color": 3.88973116875,
    "location": 1334.94238281,
    "stability": 0.436063021421,
    "tonality": 0.433949887753
}