{
    "name": "6123a18d",
    "x": -4.628239154815674,
    "y": 10.785154342651367,
    "loudness": 0.762520313263,
    "raspiness": 0.0849624797702,
    "color": 3.88973116875,
    "location": 36.53686334115177,
    "stability": 0.436063021421,
    "tonality": 0.433949887753
}