{
    "name": "612a9f1a",
    "x": -17.019250869750977,
    "y": 5.10716438293457,
    "loudness": 0.660673975945,
    "raspiness": 0.135490164161,
    "color": 2.71039485931,
    "location": 1729.13391113,
    "stability": 0.36686322093,
    "tonality": 0.370905727148
}