{
    "name": "612a9f1a",
    "x": -18.003623962402344,
    "y": 6.961399078369141,
    "loudness": 0.660673975945,
    "raspiness": 0.135490164161,
    "color": 2.71039485931,
    "location": 41.58285597611111,
    "stability": 0.36686322093,
    "tonality": 0.370905727148
}