{
    "name": "612a9f1a",
    "x": -1.6191641092300415,
    "y": 8.007274627685547,
    "loudness": 0.660673975945,
    "raspiness": 0.135490164161,
    "color": 2.71039485931,
    "location": 1729.13391113,
    "stability": 0.36686322093,
    "tonality": 0.370905727148
}