{
    "name": "612e2c3e",
    "x": 48.691741943359375,
    "y": -10.934661865234375,
    "loudness": 0.99068403244,
    "raspiness": 0.398187398911,
    "color": 192.11050415,
    "location": 65.62463541567298,
    "stability": 0.774396836758,
    "tonality": 0.488158851862
}