{
    "name": "613f92d5",
    "x": -29.883981704711914,
    "y": -6.60730504989624,
    "loudness": 0.99068403244,
    "raspiness": 0.0484566055238,
    "color": 4.9345240593,
    "location": 28.023330777603864,
    "stability": 0.237113371491,
    "tonality": 0.334647208452
}