{
    "name": "6144e686",
    "x": 2.9744017124176025,
    "y": 10.361681938171387,
    "loudness": 0.99068403244,
    "raspiness": 0.0666188895702,
    "color": 7.89917230606,
    "location": 1230.70324707,
    "stability": 0.617811620235,
    "tonality": 0.474344283342
}