{
    "name": "6144e686",
    "x": 3.502606153488159,
    "y": 44.30479431152344,
    "loudness": 0.99068403244,
    "raspiness": 0.0666188895702,
    "color": 7.89917230606,
    "location": 1230.70324707,
    "stability": 0.617811620235,
    "tonality": 0.474344283342
}