{
    "name": "6144e686",
    "x": 5.146186828613281,
    "y": 34.09946060180664,
    "loudness": 0.99068403244,
    "raspiness": 0.0666188895702,
    "color": 7.89917230606,
    "location": 35.08138034727254,
    "stability": 0.617811620235,
    "tonality": 0.474344283342
}