{
    "name": "615e3011",
    "x": 3.770373582839966,
    "y": 11.591482162475586,
    "loudness": 0.932750225067,
    "raspiness": 0.0587276220322,
    "color": 44.7050361633,
    "location": 1376.77966309,
    "stability": 0.697751164436,
    "tonality": 0.479630857706
}