{
    "name": "616e8c33",
    "x": -31.321624755859375,
    "y": 7.118729591369629,
    "loudness": 0.783505380154,
    "raspiness": 0.0396845564246,
    "color": 7.12752246857,
    "location": 861.865112305,
    "stability": 0.474795818329,
    "tonality": 0.370175778866
}