{
    "name": "616ff2dc",
    "x": 2.662663698196411,
    "y": 1.9312124252319336,
    "loudness": 0.439803272486,
    "raspiness": 0.0416815988719,
    "color": 7.40650892258,
    "location": 938.374206543,
    "stability": 0.596567451954,
    "tonality": 0.371936380863
}