{
    "name": "616ff2dc",
    "x": -11.738678932189941,
    "y": -10.735769271850586,
    "loudness": 0.439803272486,
    "raspiness": 0.0416815988719,
    "color": 7.40650892258,
    "location": 938.374206543,
    "stability": 0.596567451954,
    "tonality": 0.371936380863
}