{
    "name": "617db487",
    "x": 0.6259329319000244,
    "y": 8.47905445098877,
    "loudness": 0.941320896149,
    "raspiness": 0.0346415750682,
    "color": 9.79536533356,
    "location": 611.78302002,
    "stability": 0.510098576546,
    "tonality": 0.4359113276
}