{
    "name": "618cdb7c",
    "x": 2.8004748821258545,
    "y": 1.3939865827560425,
    "loudness": 0.00853752531111,
    "raspiness": 0.0308657214046,
    "color": 10.0656843185,
    "location": 629.004882812,
    "stability": 0.518379926682,
    "tonality": 0.379336357117
}