{
    "name": "618cdb7c",
    "x": -8.613875389099121,
    "y": -19.494945526123047,
    "loudness": 0.00853752531111,
    "raspiness": 0.0308657214046,
    "color": 10.0656843185,
    "location": 25.079969753012065,
    "stability": 0.518379926682,
    "tonality": 0.379336357117
}