{
    "name": "6195b3c5",
    "x": 2.182072401046753,
    "y": 9.965749740600586,
    "loudness": 0.99068403244,
    "raspiness": 0.0473262891173,
    "color": 8.00307655334,
    "location": 1013.73956299,
    "stability": 0.584821105003,
    "tonality": 0.474374711514
}