{
    "name": "6195b3c5",
    "x": -1.6203136444091797,
    "y": 31.147409439086914,
    "loudness": 0.99068403244,
    "raspiness": 0.0473262891173,
    "color": 8.00307655334,
    "location": 31.83927704879619,
    "stability": 0.584821105003,
    "tonality": 0.474374711514
}