{
    "name": "619d8d1e",
    "x": 29.17931365966797,
    "y": 39.542720794677734,
    "loudness": 0.846814751625,
    "raspiness": 0.0848538503051,
    "color": 17.6428661346,
    "location": 1732.86376953,
    "stability": 0.795864641666,
    "tonality": 0.488122373819
}