{
    "name": "619d8d1e",
    "x": 26.674144744873047,
    "y": 35.898216247558594,
    "loudness": 0.846814751625,
    "raspiness": 0.0848538503051,
    "color": 17.6428661346,
    "location": 41.62768032847855,
    "stability": 0.795864641666,
    "tonality": 0.488122373819
}