{
    "name": "619d8d1e",
    "x": 6.190262317657471,
    "y": 11.939478874206543,
    "loudness": 0.846814751625,
    "raspiness": 0.0848538503051,
    "color": 17.6428661346,
    "location": 1732.86376953,
    "stability": 0.795864641666,
    "tonality": 0.488122373819
}