{
    "name": "61b73bfe",
    "x": -3.399467706680298,
    "y": 8.380488395690918,
    "loudness": 0.670476794243,
    "raspiness": 0.0210690833628,
    "color": 3.28253054619,
    "location": 410.051147461,
    "stability": 0.457926690578,
    "tonality": 0.325284600258
}