{
    "name": "61b73bfe",
    "x": -33.45415115356445,
    "y": -4.834792613983154,
    "loudness": 0.670476794243,
    "raspiness": 0.0210690833628,
    "color": 3.28253054619,
    "location": 410.051147461,
    "stability": 0.457926690578,
    "tonality": 0.325284600258
}