{
    "name": "61b73bfe",
    "x": -32.616539001464844,
    "y": 3.1223127841949463,
    "loudness": 0.670476794243,
    "raspiness": 0.0210690833628,
    "color": 3.28253054619,
    "location": 20.24971968845495,
    "stability": 0.457926690578,
    "tonality": 0.325284600258
}