{
    "name": "61bee671",
    "x": 2.0461347103118896,
    "y": 0.4324408769607544,
    "loudness": 0.172158434987,
    "raspiness": 0.0357764028013,
    "color": 32.6989364624,
    "location": 770.536193848,
    "stability": 0.337379485369,
    "tonality": 0.293038338423
}