{
    "name": "61c168ff",
    "x": 23.15106964111328,
    "y": -10.918347358703613,
    "loudness": 0.268494158983,
    "raspiness": 0.21293361485,
    "color": 9.39787197113,
    "location": 56.44723450444672,
    "stability": 0.553390681744,
    "tonality": 0.490612238646
}