{
    "name": "61c168ff",
    "x": 24.97536277770996,
    "y": -16.240253448486328,
    "loudness": 0.268494158983,
    "raspiness": 0.21293361485,
    "color": 9.39787197113,
    "location": 3186.2902832,
    "stability": 0.553390681744,
    "tonality": 0.490612238646
}