{
    "name": "61c7235b",
    "x": 5.6852216720581055,
    "y": 9.54117488861084,
    "loudness": 0.93162894249,
    "raspiness": 0.0411699302495,
    "color": 11.7985134125,
    "location": 2177.73242188,
    "stability": 0.435817569494,
    "tonality": 0.48109292984
}