{
    "name": "61c914b1",
    "x": 2.4561712741851807,
    "y": 4.360648155212402,
    "loudness": 0.655058026314,
    "raspiness": 0.0785483717918,
    "color": 24.1699447632,
    "location": 2243.5690918,
    "stability": 0.207894682884,
    "tonality": 0.491499334574
}