{
    "name": "61c9c7ad",
    "x": 29.131671905517578,
    "y": 34.02649688720703,
    "loudness": 0.806686282158,
    "raspiness": 0.0868044272065,
    "color": 17.5780239105,
    "location": 1927.125,
    "stability": 0.770582854748,
    "tonality": 0.489964216948
}