{
    "name": "61ccee3e",
    "x": -2.269792079925537,
    "y": 34.46364212036133,
    "loudness": 0.957785367966,
    "raspiness": 0.0477522499859,
    "color": 16.3805618286,
    "location": 38.668303181029295,
    "stability": 0.639012098312,
    "tonality": 0.437761306763
}