{
    "name": "61ccee3e",
    "x": 0.5897768139839172,
    "y": 10.396998405456543,
    "loudness": 0.957785367966,
    "raspiness": 0.0477522499859,
    "color": 16.3805618286,
    "location": 1495.2376709,
    "stability": 0.639012098312,
    "tonality": 0.437761306763
}