{
    "name": "61e4de0f",
    "x": -50.006858825683594,
    "y": 2.3842811584472656,
    "loudness": 0.962158620358,
    "raspiness": 0.0168233588338,
    "color": 15.7359437943,
    "location": 477.067260742,
    "stability": 0.531994640827,
    "tonality": 0.302270144224
}