{
    "name": "61e63fef",
    "x": 46.86388397216797,
    "y": -11.755541801452637,
    "loudness": 0.754021048546,
    "raspiness": 0.294524013996,
    "color": 199.301864624,
    "location": 74.8724794807144,
    "stability": 0.786672830582,
    "tonality": 0.498230934143
}