{
    "name": "61e63fef",
    "x": 50.64748001098633,
    "y": -17.36667823791504,
    "loudness": 0.754021048546,
    "raspiness": 0.294524013996,
    "color": 199.301864624,
    "location": 5605.88818359,
    "stability": 0.786672830582,
    "tonality": 0.498230934143
}