{
    "name": "61ef1c43",
    "x": -24.188491821289062,
    "y": -19.778175354003906,
    "loudness": 0.199953466654,
    "raspiness": 0.0260435584933,
    "color": 3.31102705002,
    "location": 18.715160503345942,
    "stability": 0.33555918932,
    "tonality": 0.266450047493
}