{
    "name": "61f21edf",
    "x": 9.880819320678711,
    "y": -15.32407283782959,
    "loudness": 0.23351547122,
    "raspiness": 0.0874070823193,
    "color": 19.6148452759,
    "location": 41.68595679770347,
    "stability": 0.623649001122,
    "tonality": 0.437514871359
}