{
    "name": "61f21edf",
    "x": 4.750791549682617,
    "y": 3.0964443683624268,
    "loudness": 0.23351547122,
    "raspiness": 0.0874070823193,
    "color": 19.6148452759,
    "location": 1737.71899414,
    "stability": 0.623649001122,
    "tonality": 0.437514871359
}