{
    "name": "61f83028",
    "x": 40.753658294677734,
    "y": 8.450042724609375,
    "loudness": 0.99068403244,
    "raspiness": 0.261708348989,
    "color": 57.5283966064,
    "location": 50.013972657048555,
    "stability": 0.70007866621,
    "tonality": 0.488260388374
}