{
    "name": "61f83028",
    "x": 43.45674514770508,
    "y": 9.249091148376465,
    "loudness": 0.99068403244,
    "raspiness": 0.261708348989,
    "color": 57.5283966064,
    "location": 2501.39746094,
    "stability": 0.70007866621,
    "tonality": 0.488260388374
}