{
    "name": "61ffb766",
    "x": -1.7711528539657593,
    "y": 0.3057589530944824,
    "loudness": 0.99068403244,
    "raspiness": 0.00705788331106,
    "color": 5.55275964737,
    "location": 47.26181286281769,
    "stability": 0.270995885134,
    "tonality": 0.479057610035
}