{
    "name": "61ffb766",
    "x": -0.22650374472141266,
    "y": -0.22676919400691986,
    "loudness": 0.99068403244,
    "raspiness": 0.00705788331106,
    "color": 5.55275964737,
    "location": 2233.67895508,
    "stability": 0.270995885134,
    "tonality": 0.479057610035
}