{
    "name": "6228bc8b",
    "x": 1.5525811910629272,
    "y": 5.388609886169434,
    "loudness": 0.862826883793,
    "raspiness": 0.08251953125,
    "color": 26.1734294891,
    "location": 2492.99462891,
    "stability": 0.255747675896,
    "tonality": 0.494146317244
}