{
    "name": "6228bc8b",
    "x": 5.801936626434326,
    "y": -0.3154463469982147,
    "loudness": 0.862826883793,
    "raspiness": 0.08251953125,
    "color": 26.1734294891,
    "location": 2492.99462891,
    "stability": 0.255747675896,
    "tonality": 0.494146317244
}