{
    "name": "6228bc8b",
    "x": 3.894320487976074,
    "y": -0.23508621752262115,
    "loudness": 0.862826883793,
    "raspiness": 0.08251953125,
    "color": 26.1734294891,
    "location": 49.929897144997206,
    "stability": 0.255747675896,
    "tonality": 0.494146317244
}