{
    "name": "622c09a0",
    "x": 43.799476623535156,
    "y": -20.524019241333008,
    "loudness": 0.937291622162,
    "raspiness": 0.325934588909,
    "color": 274.821868896,
    "location": 5148.29736328,
    "stability": 0.606467068195,
    "tonality": 0.486145317554
}