{
    "name": "622c09a0",
    "x": 43.90869903564453,
    "y": -13.818650245666504,
    "loudness": 0.937291622162,
    "raspiness": 0.325934588909,
    "color": 274.821868896,
    "location": 71.75163665924283,
    "stability": 0.606467068195,
    "tonality": 0.486145317554
}