{
    "name": "623bc3fe",
    "x": 48.14464569091797,
    "y": 20.631633758544922,
    "loudness": 0.936840474606,
    "raspiness": 0.165751561522,
    "color": 50.2831115723,
    "location": 3043.46557617,
    "stability": 0.756833672523,
    "tonality": 0.486713260412
}