{
    "name": "623f0124",
    "x": -30.770397186279297,
    "y": -2.8475754261016846,
    "loudness": 0.759093105793,
    "raspiness": 0.0203365962952,
    "color": 6.76022338867,
    "location": 309.39352417,
    "stability": 0.396746397018,
    "tonality": 0.35674315691
}