{
    "name": "6264e6b6",
    "x": 45.243717193603516,
    "y": -2.2158706188201904,
    "loudness": 0.867085754871,
    "raspiness": 0.290090471506,
    "color": 39.1384048462,
    "location": 62.503109297698145,
    "stability": 0.673004925251,
    "tonality": 0.496906518936
}