{
    "name": "6264e6b6",
    "x": 9.968737602233887,
    "y": 7.669437885284424,
    "loudness": 0.867085754871,
    "raspiness": 0.290090471506,
    "color": 39.1384048462,
    "location": 3906.63867188,
    "stability": 0.673004925251,
    "tonality": 0.496906518936
}