{
    "name": "626de1cb",
    "x": -1.0388566255569458,
    "y": 10.133025169372559,
    "loudness": 0.99068403244,
    "raspiness": 0.0487691946328,
    "color": 39.1370429993,
    "location": 1148.76916504,
    "stability": 0.572134256363,
    "tonality": 0.391053974628
}