{
    "name": "626f8d25",
    "x": -8.714983940124512,
    "y": -3.022294759750366,
    "loudness": 0.701348185539,
    "raspiness": 0.0188763476908,
    "color": 3.79742431641,
    "location": 30.07705862557042,
    "stability": 0.274781674147,
    "tonality": 0.453564763069
}