{
    "name": "627e95db",
    "x": 11.521932601928711,
    "y": 5.129590034484863,
    "loudness": 0.99068403244,
    "raspiness": 0.359682828188,
    "color": 982.553649902,
    "location": 5661.30175781,
    "stability": 0.587331235409,
    "tonality": 0.496055096388
}