{
    "name": "627e95db",
    "x": 32.95684814453125,
    "y": -31.697397232055664,
    "loudness": 0.99068403244,
    "raspiness": 0.359682828188,
    "color": 982.553649902,
    "location": 5661.30175781,
    "stability": 0.587331235409,
    "tonality": 0.496055096388
}