{
    "name": "62a22795",
    "x": -9.056653022766113,
    "y": 22.919330596923828,
    "loudness": 0.99068403244,
    "raspiness": 0.062294781208,
    "color": 18.1316452026,
    "location": 36.65869423861139,
    "stability": 0.514958143234,
    "tonality": 0.430919736624
}