{
    "name": "62a22795",
    "x": -12.416610717773438,
    "y": 28.180545806884766,
    "loudness": 0.99068403244,
    "raspiness": 0.062294781208,
    "color": 18.1316452026,
    "location": 1343.85986328,
    "stability": 0.514958143234,
    "tonality": 0.430919736624
}