{
    "name": "62a95b92",
    "x": 34.34293746948242,
    "y": -3.7848258018493652,
    "loudness": 0.663224816322,
    "raspiness": 0.245058000088,
    "color": 110.700202942,
    "location": 59.39428140873496,
    "stability": 0.612853825092,
    "tonality": 0.49211320281
}