{
    "name": "62a95b92",
    "x": 34.08190155029297,
    "y": -7.3903093338012695,
    "loudness": 0.663224816322,
    "raspiness": 0.245058000088,
    "color": 110.700202942,
    "location": 3527.68066406,
    "stability": 0.612853825092,
    "tonality": 0.49211320281
}