{
    "name": "62aa42eb",
    "x": -23.703887939453125,
    "y": 10.578544616699219,
    "loudness": 0.81420058012,
    "raspiness": 0.0242839884013,
    "color": 11.2170572281,
    "location": 24.389090979144754,
    "stability": 0.442840397358,
    "tonality": 0.390550166368
}