{
    "name": "62aa42eb",
    "x": -26.978227615356445,
    "y": 6.905584812164307,
    "loudness": 0.81420058012,
    "raspiness": 0.0242839884013,
    "color": 11.2170572281,
    "location": 594.827758789,
    "stability": 0.442840397358,
    "tonality": 0.390550166368
}