{
    "name": "62aa42eb",
    "x": -2.5366551876068115,
    "y": 8.256536483764648,
    "loudness": 0.81420058012,
    "raspiness": 0.0242839884013,
    "color": 11.2170572281,
    "location": 594.827758789,
    "stability": 0.442840397358,
    "tonality": 0.390550166368
}