{
    "name": "62b11034",
    "x": -0.22507330775260925,
    "y": -2.1315479278564453,
    "loudness": 0.976986050606,
    "raspiness": 0.0992969498038,
    "color": 34.6754341125,
    "location": 46.78361143424051,
    "stability": 0.196188181639,
    "tonality": 0.475128859282
}