{
    "name": "62b11034",
    "x": 0.4476165771484375,
    "y": -1.590757966041565,
    "loudness": 0.976986050606,
    "raspiness": 0.0992969498038,
    "color": 34.6754341125,
    "location": 2188.70629883,
    "stability": 0.196188181639,
    "tonality": 0.475128859282
}