{
    "name": "62c30547",
    "x": -17.974214553833008,
    "y": -24.85702896118164,
    "loudness": 0.108630001545,
    "raspiness": 0.0348277688026,
    "color": 9.50949382782,
    "location": 698.460998535,
    "stability": 0.474608451128,
    "tonality": 0.313676148653
}