{
    "name": "62ccffe4",
    "x": -11.644439697265625,
    "y": 41.47562789916992,
    "loudness": 0.98725938797,
    "raspiness": 0.0471388287842,
    "color": 8.00976085663,
    "location": 30.699845761583234,
    "stability": 0.776364862919,
    "tonality": 0.39591562748
}