{
    "name": "62ccffe4",
    "x": -0.15550115704536438,
    "y": 11.37795639038086,
    "loudness": 0.98725938797,
    "raspiness": 0.0471388287842,
    "color": 8.00976085663,
    "location": 942.480529785,
    "stability": 0.776364862919,
    "tonality": 0.39591562748
}