{
    "name": "62d25be7",
    "x": 25.0548095703125,
    "y": -19.00448226928711,
    "loudness": 0.00638270564377,
    "raspiness": 0.219306915998,
    "color": 60.6432266235,
    "location": 53.81784644242094,
    "stability": 0.623609364033,
    "tonality": 0.489129006863
}