{
    "name": "62d25be7",
    "x": 6.673572540283203,
    "y": 2.8773815631866455,
    "loudness": 0.00638270564377,
    "raspiness": 0.219306915998,
    "color": 60.6432266235,
    "location": 2896.3605957,
    "stability": 0.623609364033,
    "tonality": 0.489129006863
}