{
    "name": "62e0d004",
    "x": -4.1782989501953125,
    "y": 7.335821628570557,
    "loudness": 0.99068403244,
    "raspiness": 0.0334046371281,
    "color": 2.15881323814,
    "location": 508.852813721,
    "stability": 0.29351618886,
    "tonality": 0.29738971591
}