{
    "name": "62e0d004",
    "x": -37.10152053833008,
    "y": -5.932577610015869,
    "loudness": 0.99068403244,
    "raspiness": 0.0334046371281,
    "color": 2.15881323814,
    "location": 22.557766150951206,
    "stability": 0.29351618886,
    "tonality": 0.29738971591
}