{
    "name": "62ef41ab",
    "x": 7.54916524887085,
    "y": 7.884230136871338,
    "loudness": 0.99068403244,
    "raspiness": 0.214099705219,
    "color": 13.8517246246,
    "location": 2965.4362793,
    "stability": 0.540715873241,
    "tonality": 0.462832778692
}