{
    "name": "62ef41ab",
    "x": 30.909255981445312,
    "y": 5.9503607749938965,
    "loudness": 0.99068403244,
    "raspiness": 0.214099705219,
    "color": 13.8517246246,
    "location": 54.4558195172931,
    "stability": 0.540715873241,
    "tonality": 0.462832778692
}