{
    "name": "62ff8e49",
    "x": -1.9256387948989868,
    "y": 11.893205642700195,
    "loudness": 0.857386410236,
    "raspiness": 0.0412024185061,
    "color": 10.2258243561,
    "location": 1417.05541992,
    "stability": 0.414912551641,
    "tonality": 0.478268355131
}