{
    "name": "62ffe8bd",
    "x": 1.7868983745574951,
    "y": 15.602123260498047,
    "loudness": 0.99068403244,
    "raspiness": 0.0888671875,
    "color": 12.9429674149,
    "location": 44.38954839644125,
    "stability": 0.48043385148,
    "tonality": 0.43452718854
}