{
    "name": "62ff8e49",
    "x": -1.4445987939834595,
    "y": 8.980507850646973,
    "loudness": 0.857386410236,
    "raspiness": 0.0412024185061,
    "color": 10.2258243561,
    "location": 37.64379656623386,
    "stability": 0.414912551641,
    "tonality": 0.478268355131
}