{
    "name": "62ff9fde",
    "x": -2.3846490383148193,
    "y": 9.499541282653809,
    "loudness": 0.987121403217,
    "raspiness": 0.0144357504323,
    "color": 6.89263820648,
    "location": 313.605163574,
    "stability": 0.50791400671,
    "tonality": 0.382878810167
}