{
    "name": "62ffe8bd",
    "x": 3.7344675064086914,
    "y": 7.8863091468811035,
    "loudness": 0.99068403244,
    "raspiness": 0.0888671875,
    "color": 12.9429674149,
    "location": 1970.43200684,
    "stability": 0.48043385148,
    "tonality": 0.43452718854
}