{
    "name": "630ad55a",
    "x": 6.912347316741943,
    "y": 3.1248199939727783,
    "loudness": 0.0774471238256,
    "raspiness": 0.207025885582,
    "color": 21.7818222046,
    "location": 3281.35717773,
    "stability": 0.708289027214,
    "tonality": 0.497417628765
}