{
    "name": "6325deb1",
    "x": 28.727066040039062,
    "y": 30.50890350341797,
    "loudness": 0.99068403244,
    "raspiness": 0.099069006741,
    "color": 7.60092115402,
    "location": 47.54942176062712,
    "stability": 0.710816383362,
    "tonality": 0.480303585529
}