{
    "name": "632c3aaf",
    "x": 3.9334354400634766,
    "y": 8.296021461486816,
    "loudness": 0.959883391857,
    "raspiness": 0.0940462350845,
    "color": 23.6504459381,
    "location": 2141.51245117,
    "stability": 0.516471147537,
    "tonality": 0.448420792818
}