{
    "name": "632fd5c9",
    "x": 1.0340020656585693,
    "y": 5.23423957824707,
    "loudness": 0.99068403244,
    "raspiness": 0.0966260954738,
    "color": 22.7188014984,
    "location": 1695.78710938,
    "stability": 0.229562431574,
    "tonality": 0.477838933468
}