{
    "name": "633a56ad",
    "x": 28.147361755371094,
    "y": 15.044315338134766,
    "loudness": 0.922276556492,
    "raspiness": 0.160350069404,
    "color": 6.21903085709,
    "location": 49.66130156419584,
    "stability": 0.602471292019,
    "tonality": 0.478740394115
}