{
    "name": "6366c230",
    "x": -33.70232009887695,
    "y": 1.4018495082855225,
    "loudness": 0.669965028763,
    "raspiness": 0.0770095661283,
    "color": 2.46616506577,
    "location": 29.23498984689408,
    "stability": 0.437345832586,
    "tonality": 0.312063038349
}