{
    "name": "637a26b1",
    "x": 7.5265092849731445,
    "y": 3.27358078956604,
    "loudness": 0.155726358294,
    "raspiness": 0.441148072481,
    "color": 8.62862491608,
    "location": 2625.67993164,
    "stability": 0.57602339983,
    "tonality": 0.465251654387
}