{
    "name": "6385ecf9",
    "x": 44.85456466674805,
    "y": -3.699474573135376,
    "loudness": 0.99068403244,
    "raspiness": 0.269685447216,
    "color": 116.739143372,
    "location": 3807.11303711,
    "stability": 0.68982976675,
    "tonality": 0.490102529526
}