{
    "name": "638ec6c8",
    "x": 51.9887809753418,
    "y": 19.655879974365234,
    "loudness": 0.937918543816,
    "raspiness": 0.173486024141,
    "color": 34.3800544739,
    "location": 3206.57006836,
    "stability": 0.796813070774,
    "tonality": 0.495281606913
}