{
    "name": "638ec6c8",
    "x": 44.67161560058594,
    "y": 17.866289138793945,
    "loudness": 0.937918543816,
    "raspiness": 0.173486024141,
    "color": 34.3800544739,
    "location": 56.626584466661946,
    "stability": 0.796813070774,
    "tonality": 0.495281606913
}