{
    "name": "639a04af",
    "x": 0.21236802637577057,
    "y": 10.640520095825195,
    "loudness": 0.931456923485,
    "raspiness": 0.113285854459,
    "color": 19.4738883972,
    "location": 1681.08166504,
    "stability": 0.679474532604,
    "tonality": 0.421588659286
}