{
    "name": "639cd52b",
    "x": 31.227893829345703,
    "y": 38.99757766723633,
    "loudness": 0.932838976383,
    "raspiness": 0.0861290171742,
    "color": 34.6079292297,
    "location": 44.52258002227634,
    "stability": 0.79359972477,
    "tonality": 0.492568790913
}