{
    "name": "639cd52b",
    "x": 34.51776123046875,
    "y": 46.73846435546875,
    "loudness": 0.932838976383,
    "raspiness": 0.0861290171742,
    "color": 34.6079292297,
    "location": 1982.26013184,
    "stability": 0.79359972477,
    "tonality": 0.492568790913
}