{
    "name": "63a02506",
    "x": 43.76396560668945,
    "y": 9.435033798217773,
    "loudness": 0.99068403244,
    "raspiness": 0.193329781294,
    "color": 37.8453903198,
    "location": 3573.96850586,
    "stability": 0.652266383171,
    "tonality": 0.491221576929
}