{
    "name": "63b006f9",
    "x": 5.59428596496582,
    "y": 8.99471378326416,
    "loudness": 0.974590718746,
    "raspiness": 0.134037390351,
    "color": 13.8805074692,
    "location": 1735.64318848,
    "stability": 0.547285318375,
    "tonality": 0.477808147669
}