{
    "name": "63b006f9",
    "x": 16.44965362548828,
    "y": 18.929597854614258,
    "loudness": 0.974590718746,
    "raspiness": 0.134037390351,
    "color": 13.8805074692,
    "location": 41.66105121669399,
    "stability": 0.547285318375,
    "tonality": 0.477808147669
}