{
    "name": "63b95f33",
    "x": 26.0460147857666,
    "y": -3.6617238521575928,
    "loudness": 0.780733764172,
    "raspiness": 0.158622175455,
    "color": 241.869873047,
    "location": 3649.55419922,
    "stability": 0.370381742716,
    "tonality": 0.493041604757
}