{
    "name": "63b9e36a",
    "x": -22.082929611206055,
    "y": -4.094233989715576,
    "loudness": 0.944974124432,
    "raspiness": 0.00722434325144,
    "color": 13.8876047134,
    "location": 13.255089699960541,
    "stability": 0.250563442707,
    "tonality": 0.390148341656
}