{
    "name": "63b95f33",
    "x": 24.88058853149414,
    "y": -1.926520586013794,
    "loudness": 0.780733764172,
    "raspiness": 0.158622175455,
    "color": 241.869873047,
    "location": 60.411540281803774,
    "stability": 0.370381742716,
    "tonality": 0.493041604757
}