{
    "name": "63c31673",
    "x": -22.039169311523438,
    "y": -22.019989013671875,
    "loudness": 0.214875638485,
    "raspiness": 0.0633336529136,
    "color": 4.01650524139,
    "location": 28.88278291519015,
    "stability": 0.259368300438,
    "tonality": 0.303195595741
}