{
    "name": "63c8e4c6",
    "x": -32.81490707397461,
    "y": 25.135000228881836,
    "loudness": 0.97069722414,
    "raspiness": 0.0296508334577,
    "color": 11.9446201324,
    "location": 26.844584442062054,
    "stability": 0.614413321018,
    "tonality": 0.358456999063
}