{
    "name": "63c8e4c6",
    "x": -2.9662423133850098,
    "y": 9.983785629272461,
    "loudness": 0.97069722414,
    "raspiness": 0.0296508334577,
    "color": 11.9446201324,
    "location": 720.631713867,
    "stability": 0.614413321018,
    "tonality": 0.358456999063
}