{
    "name": "63cbed9a",
    "x": 9.765528678894043,
    "y": -14.306658744812012,
    "loudness": 0.211128652096,
    "raspiness": 0.0956428050995,
    "color": 9.28927230835,
    "location": 46.14032339895333,
    "stability": 0.471089869738,
    "tonality": 0.454423248768
}