{
    "name": "63cbed9a",
    "x": 11.951493263244629,
    "y": -22.385934829711914,
    "loudness": 0.211128652096,
    "raspiness": 0.0956428050995,
    "color": 9.28927230835,
    "location": 2128.92944336,
    "stability": 0.471089869738,
    "tonality": 0.454423248768
}