{
    "name": "63cbe774",
    "x": 5.4918012619018555,
    "y": 5.966383934020996,
    "loudness": 0.766449809074,
    "raspiness": 0.139862254262,
    "color": 11.8070983887,
    "location": 2483.86987305,
    "stability": 0.525883376598,
    "tonality": 0.449420005083
}