{
    "name": "63cbe774",
    "x": 16.90496253967285,
    "y": 5.8613176345825195,
    "loudness": 0.766449809074,
    "raspiness": 0.139862254262,
    "color": 11.8070983887,
    "location": 49.838437706754014,
    "stability": 0.525883376598,
    "tonality": 0.449420005083
}