{
    "name": "63cbe774",
    "x": 13.367961883544922,
    "y": 7.492117881774902,
    "loudness": 0.766449809074,
    "raspiness": 0.139862254262,
    "color": 11.8070983887,
    "location": 2483.86987305,
    "stability": 0.525883376598,
    "tonality": 0.449420005083
}