{
    "name": "63d9a8eb",
    "x": 50.38726043701172,
    "y": 8.36270523071289,
    "loudness": 0.99068403244,
    "raspiness": 0.221062913537,
    "color": 41.0305671692,
    "location": 62.655104416001095,
    "stability": 0.798300921917,
    "tonality": 0.48570561409
}