{
    "name": "63d9a8eb",
    "x": 9.530377388000488,
    "y": 9.105584144592285,
    "loudness": 0.99068403244,
    "raspiness": 0.221062913537,
    "color": 41.0305671692,
    "location": 3925.66210938,
    "stability": 0.798300921917,
    "tonality": 0.48570561409
}