{
    "name": "63db2898",
    "x": 2.3548715114593506,
    "y": 5.2197418212890625,
    "loudness": 0.627741158009,
    "raspiness": 0.0293722879142,
    "color": 4.22026872635,
    "location": 517.909973145,
    "stability": 0.498380273581,
    "tonality": 0.416990697384
}