{
    "name": "63dd0f23",
    "x": 3.2588045597076416,
    "y": 9.950445175170898,
    "loudness": 0.912241220474,
    "raspiness": 0.0469659902155,
    "color": 16.4644069672,
    "location": 1630.10388184,
    "stability": 0.59627777338,
    "tonality": 0.487605214119
}