{
    "name": "63dd0f23",
    "x": 7.3553290367126465,
    "y": 36.91014099121094,
    "loudness": 0.912241220474,
    "raspiness": 0.0469659902155,
    "color": 16.4644069672,
    "location": 1630.10388184,
    "stability": 0.59627777338,
    "tonality": 0.487605214119
}