{
    "name": "63dd0f23",
    "x": 7.858741283416748,
    "y": 27.288158416748047,
    "loudness": 0.912241220474,
    "raspiness": 0.0469659902155,
    "color": 16.4644069672,
    "location": 40.374544973782676,
    "stability": 0.59627777338,
    "tonality": 0.487605214119
}