{
    "name": "63de87b8",
    "x": 3.369678020477295,
    "y": 6.708009719848633,
    "loudness": 0.99068403244,
    "raspiness": 0.11208961159,
    "color": 17.2763156891,
    "location": 2029.19812012,
    "stability": 0.3490229249,
    "tonality": 0.483394175768
}