{
    "name": "63de87b8",
    "x": 5.830373764038086,
    "y": 4.897877216339111,
    "loudness": 0.99068403244,
    "raspiness": 0.11208961159,
    "color": 17.2763156891,
    "location": 45.0466216282642,
    "stability": 0.3490229249,
    "tonality": 0.483394175768
}