{
    "name": "63e0ab2c",
    "x": 6.000464916229248,
    "y": 5.702845573425293,
    "loudness": 0.65781712532,
    "raspiness": 0.206483945251,
    "color": 8.83413887024,
    "location": 2972.09130859,
    "stability": 0.504858970642,
    "tonality": 0.48686209321
}