{
    "name": "63e0ab2c",
    "x": 24.89586067199707,
    "y": -3.2094404697418213,
    "loudness": 0.65781712532,
    "raspiness": 0.206483945251,
    "color": 8.83413887024,
    "location": 2972.09130859,
    "stability": 0.504858970642,
    "tonality": 0.48686209321
}