{
    "name": "63f027d8",
    "x": 1.6627223491668701,
    "y": 7.422482013702393,
    "loudness": 0.99068403244,
    "raspiness": 0.0428981557488,
    "color": 25.4246273041,
    "location": 1371.27905273,
    "stability": 0.426557898521,
    "tonality": 0.469628244638
}