{
    "name": "63f4fc0e",
    "x": 9.540575981140137,
    "y": 7.537415981292725,
    "loudness": 0.99068403244,
    "raspiness": 0.28135278821,
    "color": 64.6500854492,
    "location": 3677.06176758,
    "stability": 0.590418696404,
    "tonality": 0.484831303358
}