{
    "name": "63f4fc0e",
    "x": 42.66871643066406,
    "y": -2.73083758354187,
    "loudness": 0.99068403244,
    "raspiness": 0.28135278821,
    "color": 64.6500854492,
    "location": 3677.06176758,
    "stability": 0.590418696404,
    "tonality": 0.484831303358
}