{
    "name": "63f4fc0e",
    "x": 41.730167388916016,
    "y": -1.9413392543792725,
    "loudness": 0.99068403244,
    "raspiness": 0.28135278821,
    "color": 64.6500854492,
    "location": 60.63878105288727,
    "stability": 0.590418696404,
    "tonality": 0.484831303358
}