{
    "name": "6412ee13",
    "x": -7.181039810180664,
    "y": -5.0378193855285645,
    "loudness": 0.99068403244,
    "raspiness": 0.0733173042536,
    "color": 2.24835157394,
    "location": 36.19683601504419,
    "stability": 0.17784871161,
    "tonality": 0.475072771311
}