{
    "name": "6412f485",
    "x": 13.8746337890625,
    "y": 35.07953643798828,
    "loudness": 0.99068403244,
    "raspiness": 0.100870765746,
    "color": 11.6146116257,
    "location": 40.25044278675701,
    "stability": 0.692479908466,
    "tonality": 0.44683265686
}