{
    "name": "6412ee13",
    "x": 0.8496308922767639,
    "y": 5.147747039794922,
    "loudness": 0.99068403244,
    "raspiness": 0.0733173042536,
    "color": 2.24835157394,
    "location": 1310.2109375,
    "stability": 0.17784871161,
    "tonality": 0.475072771311
}