{
    "name": "6412f485",
    "x": 4.610001564025879,
    "y": 11.241612434387207,
    "loudness": 0.99068403244,
    "raspiness": 0.100870765746,
    "color": 11.6146116257,
    "location": 1620.09814453,
    "stability": 0.692479908466,
    "tonality": 0.44683265686
}