{
    "name": "641b0096",
    "x": 30.606164932250977,
    "y": 20.904468536376953,
    "loudness": 0.906187176704,
    "raspiness": 0.156232461333,
    "color": 17.0289707184,
    "location": 47.5506386121154,
    "stability": 0.676385045052,
    "tonality": 0.487689077854
}