{
    "name": "641b0096",
    "x": 7.186783790588379,
    "y": 10.215642929077148,
    "loudness": 0.906187176704,
    "raspiness": 0.156232461333,
    "color": 17.0289707184,
    "location": 2261.06323242,
    "stability": 0.676385045052,
    "tonality": 0.487689077854
}