{
    "name": "642ad7e4",
    "x": -25.298866271972656,
    "y": 30.53177261352539,
    "loudness": 0.99068403244,
    "raspiness": 0.0869140625,
    "color": 4.93748617172,
    "location": 1083.50622559,
    "stability": 0.579326987267,
    "tonality": 0.391079008579
}