{
    "name": "642aba58",
    "x": -35.90373229980469,
    "y": -6.70316219329834,
    "loudness": 0.99068403244,
    "raspiness": 0.0755208358169,
    "color": 4.24076604843,
    "location": 861.748352051,
    "stability": 0.337552934885,
    "tonality": 0.319890856743
}