{
    "name": "642aba58",
    "x": -3.4970009326934814,
    "y": 7.43503999710083,
    "loudness": 0.99068403244,
    "raspiness": 0.0755208358169,
    "color": 4.24076604843,
    "location": 861.748352051,
    "stability": 0.337552934885,
    "tonality": 0.319890856743
}