{
    "name": "642ad7e4",
    "x": -19.543968200683594,
    "y": 27.478084564208984,
    "loudness": 0.99068403244,
    "raspiness": 0.0869140625,
    "color": 4.93748617172,
    "location": 32.91665574735684,
    "stability": 0.579326987267,
    "tonality": 0.391079008579
}