{
    "name": "642be2ef",
    "x": 2.3363542556762695,
    "y": 9.905834197998047,
    "loudness": 0.99068403244,
    "raspiness": 0.0527531541884,
    "color": 10.6714038849,
    "location": 1253.79077148,
    "stability": 0.574560105801,
    "tonality": 0.47390806675
}