{
    "name": "642be2ef",
    "x": 0.9704489707946777,
    "y": 27.628406524658203,
    "loudness": 0.99068403244,
    "raspiness": 0.0527531541884,
    "color": 10.6714038849,
    "location": 35.40890808087705,
    "stability": 0.574560105801,
    "tonality": 0.47390806675
}