{
    "name": "6435af44",
    "x": -13.314302444458008,
    "y": 4.378643989562988,
    "loudness": 0.691463530064,
    "raspiness": 0.0215964335948,
    "color": 6.57129859924,
    "location": 465.092315674,
    "stability": 0.536312520504,
    "tonality": 0.42055901885
}