{
    "name": "643dfb33",
    "x": 5.876321315765381,
    "y": 9.287100791931152,
    "loudness": 0.99068403244,
    "raspiness": 0.134422019124,
    "color": 7.87379074097,
    "location": 2111.01855469,
    "stability": 0.598717093468,
    "tonality": 0.464406520128
}