{
    "name": "643dfb33",
    "x": 21.986003875732422,
    "y": 25.734987258911133,
    "loudness": 0.99068403244,
    "raspiness": 0.134422019124,
    "color": 7.87379074097,
    "location": 2111.01855469,
    "stability": 0.598717093468,
    "tonality": 0.464406520128
}