{
    "name": "643e4e39",
    "x": 6.363033294677734,
    "y": 41.75688552856445,
    "loudness": 0.811157524586,
    "raspiness": 0.045272693038,
    "color": 4.65650749207,
    "location": 1060.1385498,
    "stability": 0.715260088444,
    "tonality": 0.479301482439
}