{
    "name": "643e4e39",
    "x": 6.726474761962891,
    "y": 35.55314254760742,
    "loudness": 0.811157524586,
    "raspiness": 0.045272693038,
    "color": 4.65650749207,
    "location": 32.559768884314884,
    "stability": 0.715260088444,
    "tonality": 0.479301482439
}