{
    "name": "644aaa95",
    "x": 3.155463695526123,
    "y": 8.253717422485352,
    "loudness": 0.99068403244,
    "raspiness": 0.086143091321,
    "color": 16.2426071167,
    "location": 1673.08056641,
    "stability": 0.470001071692,
    "tonality": 0.471427708864
}