{
    "name": "644cfbc8",
    "x": -1.9784836769104004,
    "y": 7.292263984680176,
    "loudness": 0.929059743881,
    "raspiness": 0.0481798052788,
    "color": 21.2619609833,
    "location": 1425.0847168,
    "stability": 0.322927027941,
    "tonality": 0.376552581787
}