{
    "name": "644cfbc8",
    "x": -23.065610885620117,
    "y": 2.9619860649108887,
    "loudness": 0.929059743881,
    "raspiness": 0.0481798052788,
    "color": 21.2619609833,
    "location": 37.75029426110478,
    "stability": 0.322927027941,
    "tonality": 0.376552581787
}