{
    "name": "645efe85",
    "x": -16.596115112304688,
    "y": 13.952051162719727,
    "loudness": 0.99068403244,
    "raspiness": 0.031467013061,
    "color": 22.3152713776,
    "location": 779.689758301,
    "stability": 0.423310786486,
    "tonality": 0.437995880842
}