{
    "name": "645efe85",
    "x": -13.16358470916748,
    "y": 11.799324989318848,
    "loudness": 0.99068403244,
    "raspiness": 0.031467013061,
    "color": 22.3152713776,
    "location": 27.922925317756377,
    "stability": 0.423310786486,
    "tonality": 0.437995880842
}