{
    "name": "6475a738",
    "x": -11.576151847839355,
    "y": 14.07754135131836,
    "loudness": 0.904315173626,
    "raspiness": 0.0787344053388,
    "color": 15.7572374344,
    "location": 40.54196742944279,
    "stability": 0.441958755255,
    "tonality": 0.418400526047
}