{
    "name": "6475a738",
    "x": -0.6732168793678284,
    "y": 8.363022804260254,
    "loudness": 0.904315173626,
    "raspiness": 0.0787344053388,
    "color": 15.7572374344,
    "location": 1643.65112305,
    "stability": 0.441958755255,
    "tonality": 0.418400526047
}