{
    "name": "647aac41",
    "x": 25.97026252746582,
    "y": 22.336589813232422,
    "loudness": 0.937157392502,
    "raspiness": 0.118905037642,
    "color": 9.08729839325,
    "location": 48.57332770214534,
    "stability": 0.630614817142,
    "tonality": 0.491024076939
}