{
    "name": "6480dd54",
    "x": -4.8831682205200195,
    "y": 8.703939437866211,
    "loudness": 0.722288310528,
    "raspiness": 0.0152994794771,
    "color": 3.74237465858,
    "location": 327.649902344,
    "stability": 0.572144448757,
    "tonality": 0.193612277508
}