{
    "name": "648bf857",
    "x": -7.2573723793029785,
    "y": 28.59566879272461,
    "loudness": 0.928147375584,
    "raspiness": 0.0470876134932,
    "color": 17.0510597229,
    "location": 920.632019043,
    "stability": 0.521683871746,
    "tonality": 0.473100036383
}