{
    "name": "648bf857",
    "x": 1.6638822555541992,
    "y": 8.721323013305664,
    "loudness": 0.928147375584,
    "raspiness": 0.0470876134932,
    "color": 17.0510597229,
    "location": 920.632019043,
    "stability": 0.521683871746,
    "tonality": 0.473100036383
}