{
    "name": "6496bf6a",
    "x": -34.109710693359375,
    "y": -4.3617730140686035,
    "loudness": 0.915486216545,
    "raspiness": 0.030065715313,
    "color": 10.6501903534,
    "location": 27.4688344353014,
    "stability": 0.312173634768,
    "tonality": 0.319837272167
}