{
    "name": "649c7632",
    "x": 7.301285266876221,
    "y": 38.64228439331055,
    "loudness": 0.961794137955,
    "raspiness": 0.0872653126717,
    "color": 13.45616436,
    "location": 1352.32897949,
    "stability": 0.602934360504,
    "tonality": 0.460729628801
}