{
    "name": "64a5a10a",
    "x": -5.571060657501221,
    "y": 2.4803073406219482,
    "loudness": 0.967854678631,
    "raspiness": 0.0280827004462,
    "color": 15.9592790604,
    "location": 1514.13452148,
    "stability": 0.302615374327,
    "tonality": 0.47744461894
}