{
    "name": "64a5a10a",
    "x": -6.487731456756592,
    "y": 0.6971494555473328,
    "loudness": 0.967854678631,
    "raspiness": 0.0280827004462,
    "color": 15.9592790604,
    "location": 38.91188149498814,
    "stability": 0.302615374327,
    "tonality": 0.47744461894
}