{
    "name": "64a9194b",
    "x": -5.265044212341309,
    "y": 8.334354400634766,
    "loudness": 0.99068403244,
    "raspiness": 0.062860660255,
    "color": 4.08884954453,
    "location": 605.826538086,
    "stability": 0.429124563932,
    "tonality": 0.104425214231
}