{
    "name": "64a9194b",
    "x": -37.76570510864258,
    "y": -19.61015510559082,
    "loudness": 0.99068403244,
    "raspiness": 0.062860660255,
    "color": 4.08884954453,
    "location": 605.826538086,
    "stability": 0.429124563932,
    "tonality": 0.104425214231
}