{
    "name": "64ac5d6b",
    "x": 6.1346116065979,
    "y": 7.945248126983643,
    "loudness": 0.943266630173,
    "raspiness": 0.0799025818706,
    "color": 18.660654068,
    "location": 45.68213994724853,
    "stability": 0.420227825642,
    "tonality": 0.474836647511
}