{
    "name": "64ad99d7",
    "x": -3.590085506439209,
    "y": 10.012358665466309,
    "loudness": 0.962735831738,
    "raspiness": 0.0250835996121,
    "color": 7.4079914093,
    "location": 513.461181641,
    "stability": 0.705062866211,
    "tonality": 0.331036686897
}