{
    "name": "64ad99d7",
    "x": -45.69404220581055,
    "y": 18.1492977142334,
    "loudness": 0.962735831738,
    "raspiness": 0.0250835996121,
    "color": 7.4079914093,
    "location": 513.461181641,
    "stability": 0.705062866211,
    "tonality": 0.331036686897
}