{
    "name": "64af554f",
    "x": 3.913653612136841,
    "y": 5.119073867797852,
    "loudness": 0.737328231335,
    "raspiness": 0.124313503504,
    "color": 8.61639022827,
    "location": 2935.99194336,
    "stability": 0.333623528481,
    "tonality": 0.491528302431
}