{
    "name": "64af554f",
    "x": 12.58279037475586,
    "y": -0.12653107941150665,
    "loudness": 0.737328231335,
    "raspiness": 0.124313503504,
    "color": 8.61639022827,
    "location": 54.184794392523074,
    "stability": 0.333623528481,
    "tonality": 0.491528302431
}