{
    "name": "64b1e8c8",
    "x": -10.186579704284668,
    "y": -9.688993453979492,
    "loudness": 0.948629438877,
    "raspiness": 0.00788944493979,
    "color": 19.3796901703,
    "location": 33.83502383463029,
    "stability": 0.0587565824389,
    "tonality": 0.474166631699
}