{
    "name": "64b1e8c8",
    "x": 0.3515998423099518,
    "y": 4.771358966827393,
    "loudness": 0.948629438877,
    "raspiness": 0.00788944493979,
    "color": 19.3796901703,
    "location": 1144.80883789,
    "stability": 0.0587565824389,
    "tonality": 0.474166631699
}