{
    "name": "64b2bbce",
    "x": 20.734798431396484,
    "y": 37.499359130859375,
    "loudness": 0.99068403244,
    "raspiness": 0.0996222272515,
    "color": 6.88318586349,
    "location": 40.61287228835213,
    "stability": 0.730653703213,
    "tonality": 0.472372800112
}