{
    "name": "64c1bdd2",
    "x": -10.127581596374512,
    "y": -23.317285537719727,
    "loudness": 0.418181478977,
    "raspiness": 0.00738700432703,
    "color": 9.06399059296,
    "location": 220.70614624,
    "stability": 0.277439206839,
    "tonality": 0.407341301441
}