{
    "name": "64c1bdd2",
    "x": 3.523576021194458,
    "y": 0.8342740535736084,
    "loudness": 0.418181478977,
    "raspiness": 0.00738700432703,
    "color": 9.06399059296,
    "location": 220.70614624,
    "stability": 0.277439206839,
    "tonality": 0.407341301441
}