{
    "name": "64c34adb",
    "x": 3.3958492279052734,
    "y": 10.286637306213379,
    "loudness": 0.769242703915,
    "raspiness": 0.0648232623935,
    "color": 8.94155025482,
    "location": 1403.39196777,
    "stability": 0.602167904377,
    "tonality": 0.460298389196
}