{
    "name": "64c34adb",
    "x": 5.1314167976379395,
    "y": 22.84310531616211,
    "loudness": 0.769242703915,
    "raspiness": 0.0648232623935,
    "color": 8.94155025482,
    "location": 37.46187352188889,
    "stability": 0.602167904377,
    "tonality": 0.460298389196
}