{
    "name": "64c61d9b",
    "x": -11.231256484985352,
    "y": -5.683344841003418,
    "loudness": 0.99068403244,
    "raspiness": 0.0520241484046,
    "color": 3.69586539268,
    "location": 29.223535286614453,
    "stability": 0.194529145956,
    "tonality": 0.474809348583
}