{
    "name": "64cc0e5b",
    "x": -24.890670776367188,
    "y": -21.648313522338867,
    "loudness": 0.0333682261407,
    "raspiness": 0.0722078531981,
    "color": 7.7951335907,
    "location": 34.46743962829267,
    "stability": 0.32994645834,
    "tonality": 0.241767019033
}