{
    "name": "64d55bd8",
    "x": 35.211185455322266,
    "y": -16.957252502441406,
    "loudness": 0.309574335814,
    "raspiness": 0.340981304646,
    "color": 184.347595215,
    "location": 4886.06982422,
    "stability": 0.477381199598,
    "tonality": 0.498262673616
}