{
    "name": "64d55bd8",
    "x": 33.91647720336914,
    "y": -11.551778793334961,
    "loudness": 0.309574335814,
    "raspiness": 0.340981304646,
    "color": 184.347595215,
    "location": 69.90042792587181,
    "stability": 0.477381199598,
    "tonality": 0.498262673616
}