{
    "name": "64d8d4a7",
    "x": -15.826438903808594,
    "y": -1.4390636682510376,
    "loudness": 0.981181979179,
    "raspiness": 0.0686786323786,
    "color": 39.2330970764,
    "location": 38.79933068391773,
    "stability": 0.175153911114,
    "tonality": 0.402810871601
}