{
    "name": "64d8d4a7",
    "x": -1.407346487045288,
    "y": 7.180715084075928,
    "loudness": 0.981181979179,
    "raspiness": 0.0686786323786,
    "color": 39.2330970764,
    "location": 1505.38806152,
    "stability": 0.175153911114,
    "tonality": 0.402810871601
}