{
    "name": "64de2033",
    "x": -8.506634712219238,
    "y": 4.179915428161621,
    "loudness": 0.99068403244,
    "raspiness": 0.0256835930049,
    "color": 18.6461486816,
    "location": 1288.34155273,
    "stability": 0.320618391037,
    "tonality": 0.465048640966
}