{
    "name": "64de2033",
    "x": -7.630791664123535,
    "y": 1.7077850103378296,
    "loudness": 0.99068403244,
    "raspiness": 0.0256835930049,
    "color": 18.6461486816,
    "location": 35.89347507180101,
    "stability": 0.320618391037,
    "tonality": 0.465048640966
}