{
    "name": "64e4c75b",
    "x": 0.5073303580284119,
    "y": 6.587371349334717,
    "loudness": 0.99068403244,
    "raspiness": 0.031987208873,
    "color": 4.26905965805,
    "location": 1345.80566406,
    "stability": 0.334852099419,
    "tonality": 0.448210388422
}