{
    "name": "64e6b239",
    "x": 10.56473445892334,
    "y": 7.664903163909912,
    "loudness": 0.99068403244,
    "raspiness": 0.289271771908,
    "color": 109.397438049,
    "location": 4289.50390625,
    "stability": 0.651225209236,
    "tonality": 0.489180743694
}