{
    "name": "64e6b239",
    "x": 49.68280792236328,
    "y": -11.303886413574219,
    "loudness": 0.99068403244,
    "raspiness": 0.289271771908,
    "color": 109.397438049,
    "location": 4289.50390625,
    "stability": 0.651225209236,
    "tonality": 0.489180743694
}