{
    "name": "64edfb51",
    "x": -25.686269760131836,
    "y": -3.1773524284362793,
    "loudness": 0.960696518421,
    "raspiness": 0.0248918421566,
    "color": 10.7692651749,
    "location": 26.420134339836352,
    "stability": 0.268121361732,
    "tonality": 0.366613209248
}