{
    "name": "64edfb51",
    "x": -2.893181562423706,
    "y": 6.908214569091797,
    "loudness": 0.960696518421,
    "raspiness": 0.0248918421566,
    "color": 10.7692651749,
    "location": 698.023498535,
    "stability": 0.268121361732,
    "tonality": 0.366613209248
}