{
    "name": "6506aa35",
    "x": 2.6286191940307617,
    "y": -24.104764938354492,
    "loudness": 0.0735260546207,
    "raspiness": 0.0779782608151,
    "color": 3.60996723175,
    "location": 27.97540401817282,
    "stability": 0.630403459072,
    "tonality": 0.424851804972
}