{
    "name": "6506aa35",
    "x": -2.111272096633911,
    "y": -20.912723541259766,
    "loudness": 0.0735260546207,
    "raspiness": 0.0779782608151,
    "color": 3.60996723175,
    "location": 782.62322998,
    "stability": 0.630403459072,
    "tonality": 0.424851804972
}