{
    "name": "650d3361",
    "x": 17.253032684326172,
    "y": -30.428569793701172,
    "loudness": 0.00380881479941,
    "raspiness": 0.171671777964,
    "color": 32.6076812744,
    "location": 2700.50585938,
    "stability": 0.349604159594,
    "tonality": 0.476443350315
}