{
    "name": "651b5dcd",
    "x": 4.177338123321533,
    "y": 7.1785502433776855,
    "loudness": 0.959353744984,
    "raspiness": 0.101152345538,
    "color": 155.307113647,
    "location": 1976.74890137,
    "stability": 0.427388608456,
    "tonality": 0.480112582445
}