{
    "name": "652df6f3",
    "x": -34.59987258911133,
    "y": 5.258270740509033,
    "loudness": 0.937623441219,
    "raspiness": 0.0384208112955,
    "color": 26.8593921661,
    "location": 32.711229511132714,
    "stability": 0.409557163715,
    "tonality": 0.332308918238
}