{
    "name": "653a8a45",
    "x": 6.380496501922607,
    "y": -1.8309260606765747,
    "loudness": 0.722098231316,
    "raspiness": 0.10986328125,
    "color": 7.61675834656,
    "location": 2155.24682617,
    "stability": 0.362163424492,
    "tonality": 0.45648175478
}