{
    "name": "653a8a45",
    "x": 3.8716347217559814,
    "y": 5.052072525024414,
    "loudness": 0.722098231316,
    "raspiness": 0.10986328125,
    "color": 7.61675834656,
    "location": 2155.24682617,
    "stability": 0.362163424492,
    "tonality": 0.45648175478
}