{
    "name": "654c910e",
    "x": -22.760719299316406,
    "y": 13.963618278503418,
    "loudness": 0.800739765167,
    "raspiness": 0.0465396083891,
    "color": 13.6344556808,
    "location": 32.94271595026736,
    "stability": 0.467524647713,
    "tonality": 0.388802558184
}