{
    "name": "655b5248",
    "x": -36.29371643066406,
    "y": -3.5355498790740967,
    "loudness": 0.670084536076,
    "raspiness": 0.0426587313414,
    "color": 5.22517538071,
    "location": 23.03395294518507,
    "stability": 0.378647118807,
    "tonality": 0.261264920235
}