{
    "name": "655b5248",
    "x": -3.8982558250427246,
    "y": 8.10788345336914,
    "loudness": 0.670084536076,
    "raspiness": 0.0426587313414,
    "color": 5.22517538071,
    "location": 530.562988281,
    "stability": 0.378647118807,
    "tonality": 0.261264920235
}