{
    "name": "655d948e",
    "x": 53.341407775878906,
    "y": -14.795186996459961,
    "loudness": 0.99068403244,
    "raspiness": 0.327165871859,
    "color": 70.82056427,
    "location": 5086.47949219,
    "stability": 0.69857275486,
    "tonality": 0.49746888876
}