{
    "name": "6596a6d0",
    "x": 7.328369617462158,
    "y": 9.609071731567383,
    "loudness": 0.769713401794,
    "raspiness": 0.126880988479,
    "color": 14.4644470215,
    "location": 2786.03979492,
    "stability": 0.64550691843,
    "tonality": 0.496785163879
}