{
    "name": "6596a6d0",
    "x": 28.696861267089844,
    "y": 14.9644775390625,
    "loudness": 0.769713401794,
    "raspiness": 0.126880988479,
    "color": 14.4644470215,
    "location": 52.78294985049623,
    "stability": 0.64550691843,
    "tonality": 0.496785163879
}