{
    "name": "65a465a3",
    "x": 35.943687438964844,
    "y": 36.002685546875,
    "loudness": 0.99068403244,
    "raspiness": 0.116153493524,
    "color": 20.0467567444,
    "location": 2278.66064453,
    "stability": 0.728607416153,
    "tonality": 0.488347709179
}