{
    "name": "65a604fb",
    "x": 12.185575485229492,
    "y": -16.205833435058594,
    "loudness": 9.03801919776e-05,
    "raspiness": 0.1949750036,
    "color": 17.1241149902,
    "location": 44.84415423385751,
    "stability": 0.455205261707,
    "tonality": 0.399187713861
}