{
    "name": "65a604fb",
    "x": 13.183175086975098,
    "y": -25.850940704345703,
    "loudness": 9.03801919776e-05,
    "raspiness": 0.1949750036,
    "color": 17.1241149902,
    "location": 2010.99816895,
    "stability": 0.455205261707,
    "tonality": 0.399187713861
}