{
    "name": "65b299e9",
    "x": -8.457226753234863,
    "y": 8.926344871520996,
    "loudness": 0.872120559216,
    "raspiness": 0.0246242471039,
    "color": 12.2261857986,
    "location": 27.0757017993994,
    "stability": 0.408984214067,
    "tonality": 0.469960689545
}