{
    "name": "65b299e9",
    "x": 1.2555153369903564,
    "y": 6.986146450042725,
    "loudness": 0.872120559216,
    "raspiness": 0.0246242471039,
    "color": 12.2261857986,
    "location": 733.09362793,
    "stability": 0.408984214067,
    "tonality": 0.469960689545
}