{
    "name": "65b299e9",
    "x": -9.827789306640625,
    "y": 11.609626770019531,
    "loudness": 0.872120559216,
    "raspiness": 0.0246242471039,
    "color": 12.2261857986,
    "location": 733.09362793,
    "stability": 0.408984214067,
    "tonality": 0.469960689545
}