{
    "name": "65b8dac7",
    "x": 6.92841100692749,
    "y": 19.588119506835938,
    "loudness": 0.965584993362,
    "raspiness": 0.0853048563004,
    "color": 12.437037468,
    "location": 40.16527287981497,
    "stability": 0.513759076595,
    "tonality": 0.476577579975
}