{
    "name": "65c0c1ce",
    "x": 29.999996185302734,
    "y": -1.4085990190505981,
    "loudness": 0.99068403244,
    "raspiness": 0.238393932581,
    "color": 9.64448451996,
    "location": 3468.88964844,
    "stability": 0.416840016842,
    "tonality": 0.480322480202
}