{
    "name": "65cf904e",
    "x": 31.052186965942383,
    "y": -9.279646873474121,
    "loudness": 0.409794390202,
    "raspiness": 0.320093840361,
    "color": 33.5396003723,
    "location": 55.59316153431104,
    "stability": 0.692434310913,
    "tonality": 0.494184166193
}