{
    "name": "65cf904e",
    "x": 32.638832092285156,
    "y": -12.692132949829102,
    "loudness": 0.409794390202,
    "raspiness": 0.320093840361,
    "color": 33.5396003723,
    "location": 3090.59960938,
    "stability": 0.692434310913,
    "tonality": 0.494184166193
}