{
    "name": "65d277f3",
    "x": -21.772193908691406,
    "y": 5.596399307250977,
    "loudness": 0.663917303085,
    "raspiness": 0.0515030585229,
    "color": 14.0298290253,
    "location": 33.003057164905194,
    "stability": 0.399313658476,
    "tonality": 0.379726737738
}