{
    "name": "65d277f3",
    "x": -22.634273529052734,
    "y": 1.7193183898925781,
    "loudness": 0.663917303085,
    "raspiness": 0.0515030585229,
    "color": 14.0298290253,
    "location": 1089.20178223,
    "stability": 0.399313658476,
    "tonality": 0.379726737738
}