{
    "name": "65d3c9a4",
    "x": 21.145023345947266,
    "y": 4.76301908493042,
    "loudness": 0.975126028061,
    "raspiness": 0.137538939714,
    "color": 25.5203418732,
    "location": 55.254595397125115,
    "stability": 0.466907083988,
    "tonality": 0.49766215682
}