{
    "name": "65d3c9a4",
    "x": 6.851306915283203,
    "y": 7.304564476013184,
    "loudness": 0.975126028061,
    "raspiness": 0.137538939714,
    "color": 25.5203418732,
    "location": 3053.0703125,
    "stability": 0.466907083988,
    "tonality": 0.49766215682
}