{
    "name": "65d688be",
    "x": -3.7098257541656494,
    "y": -37.97724151611328,
    "loudness": 0.0494731888175,
    "raspiness": 0.0113430581987,
    "color": 3.40867590904,
    "location": 174.62638855,
    "stability": 0.215303093195,
    "tonality": 0.430032670498
}