{
    "name": "65d7c8a6",
    "x": 0.16162998974323273,
    "y": 16.694068908691406,
    "loudness": 0.945878565311,
    "raspiness": 0.0659285858274,
    "color": 22.9311733246,
    "location": 43.83951640061738,
    "stability": 0.489839226007,
    "tonality": 0.441765040159
}