{
    "name": "65d7c8a6",
    "x": 3.6544179916381836,
    "y": 7.997006893157959,
    "loudness": 0.945878565311,
    "raspiness": 0.0659285858274,
    "color": 22.9311733246,
    "location": 1921.90319824,
    "stability": 0.489839226007,
    "tonality": 0.441765040159
}