{
    "name": "65de6350",
    "x": -35.83833312988281,
    "y": 5.87754487991333,
    "loudness": 0.875003278255,
    "raspiness": 0.0397963151336,
    "color": 12.0130844116,
    "location": 793.896606445,
    "stability": 0.458372622728,
    "tonality": 0.355392247438
}