{
    "name": "65de6350",
    "x": -2.9690465927124023,
    "y": 8.796030044555664,
    "loudness": 0.875003278255,
    "raspiness": 0.0397963151336,
    "color": 12.0130844116,
    "location": 793.896606445,
    "stability": 0.458372622728,
    "tonality": 0.355392247438
}