{
    "name": "65f0a1fa",
    "x": 4.716431617736816,
    "y": 1.9764795303344727,
    "loudness": 0.17372456193,
    "raspiness": 0.0839778184891,
    "color": 8.86253070831,
    "location": 1473.86865234,
    "stability": 0.427290290594,
    "tonality": 0.443928658962
}