{
    "name": "65f0a1fa",
    "x": 4.244605541229248,
    "y": -15.74500560760498,
    "loudness": 0.17372456193,
    "raspiness": 0.0839778184891,
    "color": 8.86253070831,
    "location": 38.39099702195816,
    "stability": 0.427290290594,
    "tonality": 0.443928658962
}