{
    "name": "65f60c42",
    "x": 17.783735275268555,
    "y": -5.988409042358398,
    "loudness": 0.360817223787,
    "raspiness": 0.0849643424153,
    "color": 18.3048992157,
    "location": 1963.81921387,
    "stability": 0.778341472149,
    "tonality": 0.4914470613
}