{
    "name": "6604ef02",
    "x": -4.683849334716797,
    "y": 6.924197673797607,
    "loudness": 0.681138157845,
    "raspiness": 0.0413417592645,
    "color": 9.94009590149,
    "location": 28.667382992802114,
    "stability": 0.483422964811,
    "tonality": 0.446762561798
}