{
    "name": "6604ef02",
    "x": 2.541653633117676,
    "y": 5.586248397827148,
    "loudness": 0.681138157845,
    "raspiness": 0.0413417592645,
    "color": 9.94009590149,
    "location": 821.818847656,
    "stability": 0.483422964811,
    "tonality": 0.446762561798
}