{
    "name": "660a83c4",
    "x": 2.637575387954712,
    "y": 5.187988758087158,
    "loudness": 0.492808431387,
    "raspiness": 0.0596748143435,
    "color": 7.26301860809,
    "location": 1258.38781738,
    "stability": 0.74045419693,
    "tonality": 0.413009941578
}