{
    "name": "660a83c4",
    "x": 7.006226539611816,
    "y": 2.831277847290039,
    "loudness": 0.492808431387,
    "raspiness": 0.0596748143435,
    "color": 7.26301860809,
    "location": 35.47376237982095,
    "stability": 0.74045419693,
    "tonality": 0.413009941578
}