{
    "name": "6625eab7",
    "x": 6.843443393707275,
    "y": 7.028625011444092,
    "loudness": 0.819857776165,
    "raspiness": 0.128224223852,
    "color": 113.640281677,
    "location": 2814.82373047,
    "stability": 0.449038773775,
    "tonality": 0.486946225166
}