{
    "name": "6625eab7",
    "x": 19.606536865234375,
    "y": 5.082862854003906,
    "loudness": 0.819857776165,
    "raspiness": 0.128224223852,
    "color": 113.640281677,
    "location": 2814.82373047,
    "stability": 0.449038773775,
    "tonality": 0.486946225166
}