{
    "name": "6625eab7",
    "x": 18.44131088256836,
    "y": 3.703901529312134,
    "loudness": 0.819857776165,
    "raspiness": 0.128224223852,
    "color": 113.640281677,
    "location": 53.05491240658117,
    "stability": 0.449038773775,
    "tonality": 0.486946225166
}