{
    "name": "6639d6c6",
    "x": 10.53421688079834,
    "y": 7.677622318267822,
    "loudness": 0.99068403244,
    "raspiness": 0.282102555037,
    "color": 93.303352356,
    "location": 4257.11230469,
    "stability": 0.638939023018,
    "tonality": 0.493233531713
}