{
    "name": "6639d6c6",
    "x": 49.28319549560547,
    "y": -8.639909744262695,
    "loudness": 0.99068403244,
    "raspiness": 0.282102555037,
    "color": 93.303352356,
    "location": 4257.11230469,
    "stability": 0.638939023018,
    "tonality": 0.493233531713
}