{
    "name": "6649f294",
    "x": -18.233417510986328,
    "y": 41.30077362060547,
    "loudness": 0.948066473007,
    "raspiness": 0.0447095781565,
    "color": 23.8857822418,
    "location": 1525.69458008,
    "stability": 0.660865426064,
    "tonality": 0.409597843885
}