{
    "name": "6649f294",
    "x": -11.256486892700195,
    "y": 37.130165100097656,
    "loudness": 0.948066473007,
    "raspiness": 0.0447095781565,
    "color": 23.8857822418,
    "location": 39.06014055376657,
    "stability": 0.660865426064,
    "tonality": 0.409597843885
}