{
    "name": "664e211b",
    "x": 6.987677574157715,
    "y": 52.54623031616211,
    "loudness": 0.99068403244,
    "raspiness": 0.0685918927193,
    "color": 5.50795650482,
    "location": 1161.49572754,
    "stability": 0.673865556717,
    "tonality": 0.480249583721
}