{
    "name": "6657fa9a",
    "x": 1.1396913528442383,
    "y": 10.832986831665039,
    "loudness": 0.99068403244,
    "raspiness": 0.0393428094685,
    "color": 6.24350786209,
    "location": 839.499328613,
    "stability": 0.670529901981,
    "tonality": 0.426484882832
}