{
    "name": "6657fa9a",
    "x": -7.777537822723389,
    "y": 38.00771713256836,
    "loudness": 0.99068403244,
    "raspiness": 0.0393428094685,
    "color": 6.24350786209,
    "location": 28.974114802923662,
    "stability": 0.670529901981,
    "tonality": 0.426484882832
}