{
    "name": "6658b3bb",
    "x": -6.829498767852783,
    "y": 23.33119773864746,
    "loudness": 0.99068403244,
    "raspiness": 0.0630326718092,
    "color": 13.8631601334,
    "location": 38.86145764919273,
    "stability": 0.525797307491,
    "tonality": 0.433657348156
}