{
    "name": "6658b3bb",
    "x": 0.2911715507507324,
    "y": 9.12558650970459,
    "loudness": 0.99068403244,
    "raspiness": 0.0630326718092,
    "color": 13.8631601334,
    "location": 1510.21289062,
    "stability": 0.525797307491,
    "tonality": 0.433657348156
}