{
    "name": "667c75cf",
    "x": 21.77495574951172,
    "y": 9.470816612243652,
    "loudness": 0.981228709221,
    "raspiness": 0.134933039546,
    "color": 22.049079895,
    "location": 52.06616461820479,
    "stability": 0.522887229919,
    "tonality": 0.479434281588
}