{
    "name": "667cc6dc",
    "x": -34.02012252807617,
    "y": -27.45232582092285,
    "loudness": 0.99068403244,
    "raspiness": 0.0218098964542,
    "color": 21.026348114,
    "location": 425.3487854,
    "stability": 0.0236114952713,
    "tonality": 0.0598394498229
}