{
    "name": "667cc6dc",
    "x": -38.53468704223633,
    "y": -10.425925254821777,
    "loudness": 0.99068403244,
    "raspiness": 0.0218098964542,
    "color": 21.026348114,
    "location": 20.623985681725053,
    "stability": 0.0236114952713,
    "tonality": 0.0598394498229
}