{
    "name": "667e0fb2",
    "x": -2.1005754470825195,
    "y": 6.449251174926758,
    "loudness": 0.74892693758,
    "raspiness": 0.0524005517364,
    "color": 2.41192126274,
    "location": 1352.93334961,
    "stability": 0.393373757601,
    "tonality": 0.474503189325
}