{
    "name": "669b7c46",
    "x": 40.345115661621094,
    "y": 39.01341247558594,
    "loudness": 0.976464569569,
    "raspiness": 0.0909386873245,
    "color": 25.3185443878,
    "location": 2594.35253906,
    "stability": 0.782649815083,
    "tonality": 0.476352095604
}