{
    "name": "669b7c46",
    "x": 34.303340911865234,
    "y": 31.729753494262695,
    "loudness": 0.976464569569,
    "raspiness": 0.0909386873245,
    "color": 25.3185443878,
    "location": 50.93478712098442,
    "stability": 0.782649815083,
    "tonality": 0.476352095604
}