{
    "name": "66a159d5",
    "x": 6.917874336242676,
    "y": 3.4764320850372314,
    "loudness": 0.264102607965,
    "raspiness": 0.220879808068,
    "color": 26.9214725494,
    "location": 3772.015625,
    "stability": 0.561369538307,
    "tonality": 0.490596324205
}