{
    "name": "66a5004c",
    "x": 9.19504451751709,
    "y": -27.752033233642578,
    "loudness": 0.0146923614666,
    "raspiness": 0.0920563191175,
    "color": 3.83565711975,
    "location": 1516.31201172,
    "stability": 0.494407594204,
    "tonality": 0.47604572773
}