{
    "name": "66a5b9fb",
    "x": -30.427167892456055,
    "y": -0.2028670758008957,
    "loudness": 0.99068403244,
    "raspiness": 0.0218290444463,
    "color": 2.94577288628,
    "location": 24.33699460987326,
    "stability": 0.343177974224,
    "tonality": 0.349577277899
}