{
    "name": "66a5004c",
    "x": 7.394641399383545,
    "y": -20.649539947509766,
    "loudness": 0.0146923614666,
    "raspiness": 0.0920563191175,
    "color": 3.83565711975,
    "location": 38.93985120310554,
    "stability": 0.494407594204,
    "tonality": 0.47604572773
}