{
    "name": "66a5b9fb",
    "x": -3.3028759956359863,
    "y": 7.324665069580078,
    "loudness": 0.99068403244,
    "raspiness": 0.0218290444463,
    "color": 2.94577288628,
    "location": 592.289306641,
    "stability": 0.343177974224,
    "tonality": 0.349577277899
}