{
    "name": "66af2f72",
    "x": -9.038731575012207,
    "y": -5.461592197418213,
    "loudness": 0.67056697607,
    "raspiness": 0.0143141308799,
    "color": 5.70558214188,
    "location": 27.661815294571685,
    "stability": 0.254546433687,
    "tonality": 0.454449176788
}