{
    "name": "66af2f72",
    "x": -9.220471382141113,
    "y": -11.813699722290039,
    "loudness": 0.67056697607,
    "raspiness": 0.0143141308799,
    "color": 5.70558214188,
    "location": 765.176025391,
    "stability": 0.254546433687,
    "tonality": 0.454449176788
}