{
    "name": "66b65fff",
    "x": -9.361738204956055,
    "y": 11.101311683654785,
    "loudness": 0.781065106392,
    "raspiness": 0.0257995501161,
    "color": 13.5422115326,
    "location": 22.106360908729414,
    "stability": 0.470054119825,
    "tonality": 0.444683164358
}