{
    "name": "66b65fff",
    "x": 2.0651097297668457,
    "y": 5.871784687042236,
    "loudness": 0.781065106392,
    "raspiness": 0.0257995501161,
    "color": 13.5422115326,
    "location": 488.691192627,
    "stability": 0.470054119825,
    "tonality": 0.444683164358
}