{
    "name": "66b8f88f",
    "x": 4.754873275756836,
    "y": 2.6126768589019775,
    "loudness": 0.00617447402328,
    "raspiness": 0.0640288963914,
    "color": 6.63772726059,
    "location": 1198.84887695,
    "stability": 0.744941174984,
    "tonality": 0.473845601082
}