{
    "name": "66b8f88f",
    "x": 11.166131019592285,
    "y": -24.77153968811035,
    "loudness": 0.00617447402328,
    "raspiness": 0.0640288963914,
    "color": 6.63772726059,
    "location": 34.62439713482388,
    "stability": 0.744941174984,
    "tonality": 0.473845601082
}