{
    "name": "66bb1172",
    "x": 3.499589681625366,
    "y": 9.04063606262207,
    "loudness": 0.990681886673,
    "raspiness": 0.104667373002,
    "color": 4.86325120926,
    "location": 1747.82324219,
    "stability": 0.528281867504,
    "tonality": 0.480685383081
}