{
    "name": "66bb1172",
    "x": 10.996492385864258,
    "y": 19.355253219604492,
    "loudness": 0.990681886673,
    "raspiness": 0.104667373002,
    "color": 4.86325120926,
    "location": 41.80697599910809,
    "stability": 0.528281867504,
    "tonality": 0.480685383081
}