{
    "name": "66bcf27e",
    "x": -0.10380291938781738,
    "y": 7.3241753578186035,
    "loudness": 0.99068403244,
    "raspiness": 0.00923138763756,
    "color": 10.8125858307,
    "location": 239.687011719,
    "stability": 0.4415102005,
    "tonality": 0.429246485233
}