{
    "name": "66bcf27e",
    "x": -23.447328567504883,
    "y": 14.525066375732422,
    "loudness": 0.99068403244,
    "raspiness": 0.00923138763756,
    "color": 10.8125858307,
    "location": 239.687011719,
    "stability": 0.4415102005,
    "tonality": 0.429246485233
}