{
    "name": "66be15fd",
    "x": -31.230121612548828,
    "y": 0.35614803433418274,
    "loudness": 0.941848158836,
    "raspiness": 0.0364517197013,
    "color": 14.6118116379,
    "location": 1004.08721924,
    "stability": 0.360326051712,
    "tonality": 0.360137224197
}