{
    "name": "66be15fd",
    "x": -2.4906694889068604,
    "y": 7.4270758628845215,
    "loudness": 0.941848158836,
    "raspiness": 0.0364517197013,
    "color": 14.6118116379,
    "location": 1004.08721924,
    "stability": 0.360326051712,
    "tonality": 0.360137224197
}