{
    "name": "66bf4fa3",
    "x": 47.74147033691406,
    "y": -9.835640907287598,
    "loudness": 0.99068403244,
    "raspiness": 0.28521925211,
    "color": 122.771400452,
    "location": 4264.47314453,
    "stability": 0.646459639072,
    "tonality": 0.491045564413
}