{
    "name": "66bf4fa3",
    "x": 10.542823791503906,
    "y": 7.635649681091309,
    "loudness": 0.99068403244,
    "raspiness": 0.28521925211,
    "color": 122.771400452,
    "location": 4264.47314453,
    "stability": 0.646459639072,
    "tonality": 0.491045564413
}