{
    "name": "66c39830",
    "x": 4.2369561195373535,
    "y": 6.9919819831848145,
    "loudness": 0.922912597656,
    "raspiness": 0.096591129899,
    "color": 20.6659221649,
    "location": 2608.46484375,
    "stability": 0.394967615604,
    "tonality": 0.487809419632
}