{
    "name": "66ccbc5f",
    "x": 34.6406135559082,
    "y": 33.04883575439453,
    "loudness": 0.784357309341,
    "raspiness": 0.103880852461,
    "color": 26.0428237915,
    "location": 2251.1628418,
    "stability": 0.792515575886,
    "tonality": 0.492146015167
}