{
    "name": "66ccbc5f",
    "x": 30.89326286315918,
    "y": 29.621849060058594,
    "loudness": 0.784357309341,
    "raspiness": 0.103880852461,
    "color": 26.0428237915,
    "location": 47.44642074803957,
    "stability": 0.792515575886,
    "tonality": 0.492146015167
}