{
    "name": "66dd3d3b",
    "x": -32.85108947753906,
    "y": 9.5276460647583,
    "loudness": 0.961718738079,
    "raspiness": 0.0498636737466,
    "color": 13.6734895706,
    "location": 1031.15136719,
    "stability": 0.433319956064,
    "tonality": 0.36909455061
}