{
    "name": "66dd3d3b",
    "x": -28.017934799194336,
    "y": 11.014779090881348,
    "loudness": 0.961718738079,
    "raspiness": 0.0498636737466,
    "color": 13.6734895706,
    "location": 32.11154569917181,
    "stability": 0.433319956064,
    "tonality": 0.36909455061
}