{
    "name": "66e0dd75",
    "x": 3.335623025894165,
    "y": 1.231189250946045,
    "loudness": 0.198692545295,
    "raspiness": 0.009521484375,
    "color": 3.96482896805,
    "location": 209.720535278,
    "stability": 0.362721085548,
    "tonality": 0.407340764999
}