{
    "name": "66e0dd75",
    "x": -9.0848388671875,
    "y": -25.552350997924805,
    "loudness": 0.198692545295,
    "raspiness": 0.009521484375,
    "color": 3.96482896805,
    "location": 209.720535278,
    "stability": 0.362721085548,
    "tonality": 0.407340764999
}