{
    "name": "66e0dd75",
    "x": -9.59047794342041,
    "y": -19.287931442260742,
    "loudness": 0.198692545295,
    "raspiness": 0.009521484375,
    "color": 3.96482896805,
    "location": 14.481731087062762,
    "stability": 0.362721085548,
    "tonality": 0.407340764999
}