{
    "name": "66f8e692",
    "x": 11.067156791687012,
    "y": -8.185295104980469,
    "loudness": 0.432314127684,
    "raspiness": 0.0955545157194,
    "color": 11.3497686386,
    "location": 2067.21459961,
    "stability": 0.517534375191,
    "tonality": 0.465307146311
}