{
    "name": "66f8e692",
    "x": 10.780295372009277,
    "y": -7.480537414550781,
    "loudness": 0.432314127684,
    "raspiness": 0.0955545157194,
    "color": 11.3497686386,
    "location": 45.466631716127814,
    "stability": 0.517534375191,
    "tonality": 0.465307146311
}