{
    "name": "66fe50dc",
    "x": -27.7404842376709,
    "y": -0.981027364730835,
    "loudness": 0.99068403244,
    "raspiness": 0.0359350293875,
    "color": 20.5459365845,
    "location": 32.87340701342044,
    "stability": 0.317135483027,
    "tonality": 0.351436674595
}