{
    "name": "66fe50dc",
    "x": -2.904630422592163,
    "y": 7.133908271789551,
    "loudness": 0.99068403244,
    "raspiness": 0.0359350293875,
    "color": 20.5459365845,
    "location": 1080.66088867,
    "stability": 0.317135483027,
    "tonality": 0.351436674595
}