{
    "name": "670a1d0b",
    "x": 22.808692932128906,
    "y": 37.493072509765625,
    "loudness": 0.99068403244,
    "raspiness": 0.0897882655263,
    "color": 6.83649110794,
    "location": 2100.06884766,
    "stability": 0.669283926487,
    "tonality": 0.469171643257
}