{
    "name": "670a1d0b",
    "x": 20.878751754760742,
    "y": 30.94607162475586,
    "loudness": 0.99068403244,
    "raspiness": 0.0897882655263,
    "color": 6.83649110794,
    "location": 45.82650813295728,
    "stability": 0.669283926487,
    "tonality": 0.469171643257
}