{
    "name": "670a1d0b",
    "x": 5.367774963378906,
    "y": 10.6043119430542,
    "loudness": 0.99068403244,
    "raspiness": 0.0897882655263,
    "color": 6.83649110794,
    "location": 2100.06884766,
    "stability": 0.669283926487,
    "tonality": 0.469171643257
}