{
    "name": "670b77c7",
    "x": 15.029052734375,
    "y": 14.256856918334961,
    "loudness": 0.99068403244,
    "raspiness": 0.126228094101,
    "color": 19.8859195709,
    "location": 2632.66601562,
    "stability": 0.476327180862,
    "tonality": 0.457969516516
}