{
    "name": "670ef10d",
    "x": -7.165839672088623,
    "y": 14.471597671508789,
    "loudness": 0.99068403244,
    "raspiness": 0.0511192902923,
    "color": 1.9320088625,
    "location": 29.99535995203258,
    "stability": 0.443231791258,
    "tonality": 0.464949280024
}