{
    "name": "670ef10d",
    "x": 1.1827348470687866,
    "y": 7.589633941650391,
    "loudness": 0.99068403244,
    "raspiness": 0.0511192902923,
    "color": 1.9320088625,
    "location": 899.721618652,
    "stability": 0.443231791258,
    "tonality": 0.464949280024
}