{
    "name": "673a623f",
    "x": 14.585811614990234,
    "y": -12.154061317443848,
    "loudness": 0.289942592382,
    "raspiness": 0.121092051268,
    "color": 45.0913009644,
    "location": 1736.45361328,
    "stability": 0.601715803146,
    "tonality": 0.478579580784
}