{
    "name": "673a623f",
    "x": 14.349905014038086,
    "y": -11.509160995483398,
    "loudness": 0.289942592382,
    "raspiness": 0.121092051268,
    "color": 45.0913009644,
    "location": 41.67077649000556,
    "stability": 0.601715803146,
    "tonality": 0.478579580784
}