{
    "name": "673defaf",
    "x": 1.6699943542480469,
    "y": 0.5234883427619934,
    "loudness": 0.118003547192,
    "raspiness": 0.032836239785,
    "color": 5.38104438782,
    "location": 577.062805176,
    "stability": 0.408195286989,
    "tonality": 0.246594175696
}