{
    "name": "673defaf",
    "x": -25.41328239440918,
    "y": -19.660968780517578,
    "loudness": 0.118003547192,
    "raspiness": 0.032836239785,
    "color": 5.38104438782,
    "location": 24.02213157020001,
    "stability": 0.408195286989,
    "tonality": 0.246594175696
}