{
    "name": "674b6f0f",
    "x": 7.38930606842041,
    "y": 3.248056173324585,
    "loudness": 0.0335996411741,
    "raspiness": 0.331700474024,
    "color": 6.31751823425,
    "location": 3703.03320312,
    "stability": 0.677398383617,
    "tonality": 0.491930007935
}