{
    "name": "674b6f0f",
    "x": 28.856224060058594,
    "y": -14.514731407165527,
    "loudness": 0.0335996411741,
    "raspiness": 0.331700474024,
    "color": 6.31751823425,
    "location": 60.85255297125997,
    "stability": 0.677398383617,
    "tonality": 0.491930007935
}