{
    "name": "675e616f",
    "x": 19.057878494262695,
    "y": 27.2751407623291,
    "loudness": 0.92393553257,
    "raspiness": 0.152264356613,
    "color": 34.9576568604,
    "location": 1582.69238281,
    "stability": 0.574602305889,
    "tonality": 0.475032746792
}