{
    "name": "675e616f",
    "x": 19.521358489990234,
    "y": 20.162691116333008,
    "loudness": 0.92393553257,
    "raspiness": 0.152264356613,
    "color": 34.9576568604,
    "location": 39.78306653351398,
    "stability": 0.574602305889,
    "tonality": 0.475032746792
}