{
    "name": "67c69330",
    "x": 5.271448135375977,
    "y": 25.62689971923828,
    "loudness": 0.754992544651,
    "raspiness": 0.0576846152544,
    "color": 3.50195193291,
    "location": 35.405998316669454,
    "stability": 0.652450859547,
    "tonality": 0.460528105497
}