{
    "name": "67d86f23",
    "x": -3.3084285259246826,
    "y": 7.7259626388549805,
    "loudness": 0.733279705048,
    "raspiness": 0.0348106622696,
    "color": 16.0580883026,
    "location": 963.245849609,
    "stability": 0.311670869589,
    "tonality": 0.330863684416
}