{
    "name": "67e4e043",
    "x": 7.5879807472229,
    "y": 6.76113224029541,
    "loudness": 0.945471823215,
    "raspiness": 0.109119594097,
    "color": 339.426208496,
    "location": 3689.28149414,
    "stability": 0.260758817196,
    "tonality": 0.491868764162
}