{
    "name": "67e4e043",
    "x": 20.2215518951416,
    "y": -1.6803826093673706,
    "loudness": 0.945471823215,
    "raspiness": 0.109119594097,
    "color": 339.426208496,
    "location": 60.73945582683467,
    "stability": 0.260758817196,
    "tonality": 0.491868764162
}