{
    "name": "67e80e0a",
    "x": -1.092871069908142,
    "y": 6.4444193840026855,
    "loudness": 0.99068403244,
    "raspiness": 0.0242538452148,
    "color": 7.40972137451,
    "location": 736.151306152,
    "stability": 0.295083850622,
    "tonality": 0.413813352585
}