{
    "name": "67e80e0a",
    "x": -20.352632522583008,
    "y": -1.565205454826355,
    "loudness": 0.99068403244,
    "raspiness": 0.0242538452148,
    "color": 7.40972137451,
    "location": 736.151306152,
    "stability": 0.295083850622,
    "tonality": 0.413813352585
}