{
    "name": "67eceec7",
    "x": -24.217498779296875,
    "y": 14.591604232788086,
    "loudness": 0.99068403244,
    "raspiness": 0.00649701291695,
    "color": 14.7170572281,
    "location": 217.401199341,
    "stability": 0.442701399326,
    "tonality": 0.427155762911
}