{
    "name": "67eceec7",
    "x": -0.11273816227912903,
    "y": 7.317507743835449,
    "loudness": 0.99068403244,
    "raspiness": 0.00649701291695,
    "color": 14.7170572281,
    "location": 217.401199341,
    "stability": 0.442701399326,
    "tonality": 0.427155762911
}