{
    "name": "67ed3008",
    "x": 2.5971500873565674,
    "y": -0.1896810680627823,
    "loudness": 0.000491662824061,
    "raspiness": 0.0313740186393,
    "color": 2.25918149948,
    "location": 364.750488281,
    "stability": 0.191859513521,
    "tonality": 0.332929641008
}