{
    "name": "67f5ced8",
    "x": -32.440330505371094,
    "y": 16.713584899902344,
    "loudness": 0.979284465313,
    "raspiness": 0.0388719849288,
    "color": 32.8238601685,
    "location": 32.83160716002188,
    "stability": 0.503416478634,
    "tonality": 0.353619337082
}