{
    "name": "67ffdc45",
    "x": 47.68319320678711,
    "y": 11.69741153717041,
    "loudness": 0.99068403244,
    "raspiness": 0.216344758868,
    "color": 6.76016426086,
    "location": 57.42804388632787,
    "stability": 0.784562706947,
    "tonality": 0.487642228603
}