{
    "name": "67ffdc45",
    "x": 53.551631927490234,
    "y": 11.78072738647461,
    "loudness": 0.99068403244,
    "raspiness": 0.216344758868,
    "color": 6.76016426086,
    "location": 3297.98022461,
    "stability": 0.784562706947,
    "tonality": 0.487642228603
}