{
    "name": "681b996f",
    "x": 41.85314178466797,
    "y": 7.074268817901611,
    "loudness": 0.751945316792,
    "raspiness": 0.214527204633,
    "color": 60.0612869263,
    "location": 3107.58740234,
    "stability": 0.742172181606,
    "tonality": 0.484487652779
}