{
    "name": "682cd1a9",
    "x": -25.185775756835938,
    "y": 6.059933185577393,
    "loudness": 0.99068403244,
    "raspiness": 0.033896997571,
    "color": 6.58211565018,
    "location": 29.518262479759883,
    "stability": 0.37315967679,
    "tonality": 0.380586981773
}