{
    "name": "682cd1a9",
    "x": -28.988672256469727,
    "y": 5.013423919677734,
    "loudness": 0.99068403244,
    "raspiness": 0.033896997571,
    "color": 6.58211565018,
    "location": 871.327819824,
    "stability": 0.37315967679,
    "tonality": 0.380586981773
}