{
    "name": "682cd1a9",
    "x": -2.3401575088500977,
    "y": 8.195804595947266,
    "loudness": 0.99068403244,
    "raspiness": 0.033896997571,
    "color": 6.58211565018,
    "location": 871.327819824,
    "stability": 0.37315967679,
    "tonality": 0.380586981773
}