{
    "name": "684e4a9e",
    "x": 2.8784101009368896,
    "y": 8.079733848571777,
    "loudness": 0.987287759781,
    "raspiness": 0.079530403018,
    "color": 32.8084564209,
    "location": 43.639648776198925,
    "stability": 0.39571338892,
    "tonality": 0.465349882841
}