{
    "name": "684e4a9e",
    "x": 3.3098416328430176,
    "y": 10.71031379699707,
    "loudness": 0.987287759781,
    "raspiness": 0.079530403018,
    "color": 32.8084564209,
    "location": 1904.41894531,
    "stability": 0.39571338892,
    "tonality": 0.465349882841
}