{
    "name": "685a6077",
    "x": 1.4758754968643188,
    "y": 0.1744670420885086,
    "loudness": 0.254253089428,
    "raspiness": 0.0449184589088,
    "color": 7.43046617508,
    "location": 759.944458008,
    "stability": 0.234837397933,
    "tonality": 0.207583710551
}