{
    "name": "686a78bf",
    "x": 5.613653182983398,
    "y": 3.8654308319091797,
    "loudness": 0.507636368275,
    "raspiness": 0.134148851037,
    "color": 11.0402746201,
    "location": 1778.90075684,
    "stability": 0.694530963898,
    "tonality": 0.476232618093
}