{
    "name": "686a78bf",
    "x": 17.448226928710938,
    "y": 0.5174631476402283,
    "loudness": 0.507636368275,
    "raspiness": 0.134148851037,
    "color": 11.0402746201,
    "location": 42.17701692675763,
    "stability": 0.694530963898,
    "tonality": 0.476232618093
}