{
    "name": "686bbe8b",
    "x": -19.93054962158203,
    "y": -22.78924560546875,
    "loudness": 0.187438294291,
    "raspiness": 0.0519055388868,
    "color": 31.4288864136,
    "location": 959.505493164,
    "stability": 0.558498501778,
    "tonality": 0.28621506691
}