{
    "name": "686bbe8b",
    "x": 2.0553362369537354,
    "y": 1.1164294481277466,
    "loudness": 0.187438294291,
    "raspiness": 0.0519055388868,
    "color": 31.4288864136,
    "location": 959.505493164,
    "stability": 0.558498501778,
    "tonality": 0.28621506691
}