{
    "name": "689af02b",
    "x": 10.159215927124023,
    "y": 7.601842403411865,
    "loudness": 0.99068403244,
    "raspiness": 0.299519866705,
    "color": 74.0835342407,
    "location": 3785.14038086,
    "stability": 0.784173250198,
    "tonality": 0.495405286551
}