{
    "name": "689ad798",
    "x": 5.041148662567139,
    "y": 8.485349655151367,
    "loudness": 0.674547851086,
    "raspiness": 0.208753272891,
    "color": 5.15501928329,
    "location": 1968.25134277,
    "stability": 0.680119335651,
    "tonality": 0.360561966896
}