{
    "name": "689ad798",
    "x": 12.03375244140625,
    "y": 15.010148048400879,
    "loudness": 0.674547851086,
    "raspiness": 0.208753272891,
    "color": 5.15501928329,
    "location": 44.364978786989184,
    "stability": 0.680119335651,
    "tonality": 0.360561966896
}