{
    "name": "689aa181",
    "x": 2.6974565982818604,
    "y": 1.6686358451843262,
    "loudness": 0.221248134971,
    "raspiness": 0.0229907743633,
    "color": 6.68478298187,
    "location": 598.976806641,
    "stability": 0.546304583549,
    "tonality": 0.37300375104
}