{
    "name": "68a5d0d1",
    "x": -3.1591129302978516,
    "y": 43.09952926635742,
    "loudness": 0.941858947277,
    "raspiness": 0.0482229441404,
    "color": 17.2609806061,
    "location": 1066.08508301,
    "stability": 0.600720345974,
    "tonality": 0.465317219496
}