{
    "name": "68a93434",
    "x": -20.168554306030273,
    "y": -3.362555742263794,
    "loudness": 0.629414379597,
    "raspiness": 0.0325565412641,
    "color": 3.18580579758,
    "location": 24.77519531172257,
    "stability": 0.247941240668,
    "tonality": 0.392157822847
}