{
    "name": "68a93434",
    "x": -2.4376604557037354,
    "y": 7.647414207458496,
    "loudness": 0.629414379597,
    "raspiness": 0.0325565412641,
    "color": 3.18580579758,
    "location": 613.810302734,
    "stability": 0.247941240668,
    "tonality": 0.392157822847
}