{
    "name": "68ae12e2",
    "x": 4.187998294830322,
    "y": -20.638214111328125,
    "loudness": 0.175777614117,
    "raspiness": 0.0500295087695,
    "color": 8.72636795044,
    "location": 25.25331139332028,
    "stability": 0.603977918625,
    "tonality": 0.456536859274
}