{
    "name": "68b11a4d",
    "x": -30.256650924682617,
    "y": 6.963001251220703,
    "loudness": 0.937139689922,
    "raspiness": 0.0391761101782,
    "color": 19.5576324463,
    "location": 777.356689453,
    "stability": 0.396993160248,
    "tonality": 0.382664680481
}