{
    "name": "68b4facc",
    "x": -8.773167610168457,
    "y": 38.71762466430664,
    "loudness": 0.945623457432,
    "raspiness": 0.0702082589269,
    "color": 40.9816360474,
    "location": 1564.11889648,
    "stability": 0.632799863815,
    "tonality": 0.42448580265
}