{
    "name": "68b4facc",
    "x": 0.24539528787136078,
    "y": 10.479660987854004,
    "loudness": 0.945623457432,
    "raspiness": 0.0702082589269,
    "color": 40.9816360474,
    "location": 1564.11889648,
    "stability": 0.632799863815,
    "tonality": 0.42448580265
}