{
    "name": "68b5bf43",
    "x": -40.86467361450195,
    "y": -10.428593635559082,
    "loudness": 0.986788570881,
    "raspiness": 0.00401306152344,
    "color": 17.9372615814,
    "location": 14.65816135591364,
    "stability": 0.154987543821,
    "tonality": 0.196383029222
}