{
    "name": "68c2f93c",
    "x": -4.187486171722412,
    "y": 21.276668548583984,
    "loudness": 0.971416354179,
    "raspiness": 0.0560944750905,
    "color": 28.3345470428,
    "location": 1325.90869141,
    "stability": 0.474471032619,
    "tonality": 0.472285926342
}