{
    "name": "68c2f93c",
    "x": -0.736359715461731,
    "y": 15.56538200378418,
    "loudness": 0.971416354179,
    "raspiness": 0.0560944750905,
    "color": 28.3345470428,
    "location": 36.413029143563435,
    "stability": 0.474471032619,
    "tonality": 0.472285926342
}