{
    "name": "68c57a43",
    "x": 0.11011333763599396,
    "y": 29.843883514404297,
    "loudness": 0.99068403244,
    "raspiness": 0.0498046875,
    "color": 16.4376506805,
    "location": 34.016025132575386,
    "stability": 0.579256951809,
    "tonality": 0.470758199692
}