{
    "name": "68ca0f14",
    "x": 33.10179901123047,
    "y": -20.93898582458496,
    "loudness": 0.91978508234,
    "raspiness": 0.245075032115,
    "color": 692.229064941,
    "location": 3746.69165039,
    "stability": 0.400120139122,
    "tonality": 0.488843291998
}