{
    "name": "68ca0f14",
    "x": 36.31951904296875,
    "y": -15.387659072875977,
    "loudness": 0.91978508234,
    "raspiness": 0.245075032115,
    "color": 692.229064941,
    "location": 61.210225047699346,
    "stability": 0.400120139122,
    "tonality": 0.488843291998
}