{
    "name": "68d8b3fd",
    "x": -10.130722999572754,
    "y": 12.551301956176758,
    "loudness": 0.907837033272,
    "raspiness": 0.016210667789,
    "color": 35.421295166,
    "location": 21.36524499854846,
    "stability": 0.433825969696,
    "tonality": 0.462937325239
}