{
    "name": "68d8b3fd",
    "x": -13.80196475982666,
    "y": 15.252869606018066,
    "loudness": 0.907837033272,
    "raspiness": 0.016210667789,
    "color": 35.421295166,
    "location": 456.473693848,
    "stability": 0.433825969696,
    "tonality": 0.462937325239
}