{
    "name": "68ddd963",
    "x": 3.7309818267822266,
    "y": 3.349030017852783,
    "loudness": 0.396000415087,
    "raspiness": 0.0248516276479,
    "color": 4.93330430984,
    "location": 595.173217773,
    "stability": 0.544811606407,
    "tonality": 0.446254700422
}