{
    "name": "68ddd963",
    "x": -2.017636775970459,
    "y": -8.288066864013672,
    "loudness": 0.396000415087,
    "raspiness": 0.0248516276479,
    "color": 4.93330430984,
    "location": 24.396172195100608,
    "stability": 0.544811606407,
    "tonality": 0.446254700422
}