{
    "name": "68e1a3e9",
    "x": 13.6466646194458,
    "y": 19.17689323425293,
    "loudness": 0.99068403244,
    "raspiness": 0.154654368758,
    "color": 8.56557178497,
    "location": 45.37222626254965,
    "stability": 0.636607527733,
    "tonality": 0.406364649534
}