{
    "name": "68ef495a",
    "x": 10.789325714111328,
    "y": 7.431595802307129,
    "loudness": 0.99068403244,
    "raspiness": 0.312463819981,
    "color": 39.6878471375,
    "location": 5118.56298828,
    "stability": 0.675214886665,
    "tonality": 0.497943252325
}