{
    "name": "68ef495a",
    "x": 54.71571731567383,
    "y": -13.199814796447754,
    "loudness": 0.99068403244,
    "raspiness": 0.312463819981,
    "color": 39.6878471375,
    "location": 5118.56298828,
    "stability": 0.675214886665,
    "tonality": 0.497943252325
}