{
    "name": "68f43bf1",
    "x": 19.67856216430664,
    "y": 29.699180603027344,
    "loudness": 0.99068403244,
    "raspiness": 0.115127190948,
    "color": 35.856716156,
    "location": 1914.85327148,
    "stability": 0.596624493599,
    "tonality": 0.4720223248
}