{
    "name": "690a6466",
    "x": 36.36664581298828,
    "y": 30.186397552490234,
    "loudness": 0.99068403244,
    "raspiness": 0.131998702884,
    "color": 45.8301849365,
    "location": 47.25748380299146,
    "stability": 0.799008071423,
    "tonality": 0.485776871443
}