{
    "name": "690d3746",
    "x": 43.688148498535156,
    "y": 7.680908203125,
    "loudness": 0.99068403244,
    "raspiness": 0.200486406684,
    "color": 20.7844104767,
    "location": 61.12370988544462,
    "stability": 0.694823861122,
    "tonality": 0.494592785835
}