{
    "name": "690d3746",
    "x": 8.85960865020752,
    "y": 8.612399101257324,
    "loudness": 0.99068403244,
    "raspiness": 0.200486406684,
    "color": 20.7844104767,
    "location": 3736.10791016,
    "stability": 0.694823861122,
    "tonality": 0.494592785835
}