{
    "name": "691c7f02",
    "x": 47.07789611816406,
    "y": 8.57776165008545,
    "loudness": 0.99068403244,
    "raspiness": 0.223907470703,
    "color": 21.7873764038,
    "location": 57.83630844218881,
    "stability": 0.725485861301,
    "tonality": 0.493394166231
}