{
    "name": "691c7f02",
    "x": 52.243709564208984,
    "y": 8.621702194213867,
    "loudness": 0.99068403244,
    "raspiness": 0.223907470703,
    "color": 21.7873764038,
    "location": 3345.03857422,
    "stability": 0.725485861301,
    "tonality": 0.493394166231
}