{
    "name": "695a6dcb",
    "x": 26.45374870300293,
    "y": 16.467374801635742,
    "loudness": 0.99068403244,
    "raspiness": 0.188433155417,
    "color": 32.9778709412,
    "location": 43.91384220391106,
    "stability": 0.597492754459,
    "tonality": 0.483216702938
}