{
    "name": "695a6dcb",
    "x": 6.543066024780273,
    "y": 8.973775863647461,
    "loudness": 0.99068403244,
    "raspiness": 0.188433155417,
    "color": 32.9778709412,
    "location": 1928.42553711,
    "stability": 0.597492754459,
    "tonality": 0.483216702938
}