{
    "name": "696ed9ab",
    "x": 5.176526069641113,
    "y": 12.07784366607666,
    "loudness": 0.99068403244,
    "raspiness": 0.0517509356141,
    "color": 18.7359848022,
    "location": 1729.05957031,
    "stability": 0.774998545647,
    "tonality": 0.473857492208
}