{
    "name": "69a6c4a9",
    "x": 35.22191619873047,
    "y": -4.077871799468994,
    "loudness": 0.657801568508,
    "raspiness": 0.263717770576,
    "color": 25.4885120392,
    "location": 61.69964696454916,
    "stability": 0.632804751396,
    "tonality": 0.494841992855
}