{
    "name": "69a6c4a9",
    "x": 8.312055587768555,
    "y": 6.035268783569336,
    "loudness": 0.657801568508,
    "raspiness": 0.263717770576,
    "color": 25.4885120392,
    "location": 3806.84643555,
    "stability": 0.632804751396,
    "tonality": 0.494841992855
}