{
    "name": "69af03c3",
    "x": -47.07600021362305,
    "y": -0.948569118976593,
    "loudness": 0.945941925049,
    "raspiness": 0.0221801754087,
    "color": 13.5922241211,
    "location": 649.797302246,
    "stability": 0.463148534298,
    "tonality": 0.312261521816
}