{
    "name": "69c41690",
    "x": 5.395964622497559,
    "y": 3.1656508445739746,
    "loudness": 0.212909817696,
    "raspiness": 0.0957965105772,
    "color": 10.1662387848,
    "location": 2582.99316406,
    "stability": 0.664340674877,
    "tonality": 0.476653724909
}