{
    "name": "69c41690",
    "x": 17.29252052307129,
    "y": -13.682480812072754,
    "loudness": 0.212909817696,
    "raspiness": 0.0957965105772,
    "color": 10.1662387848,
    "location": 50.82315578611781,
    "stability": 0.664340674877,
    "tonality": 0.476653724909
}