{
    "name": "69cadbf5",
    "x": -28.161128997802734,
    "y": -5.209497928619385,
    "loudness": 0.748644471169,
    "raspiness": 0.0381863005459,
    "color": 12.8036260605,
    "location": 1106.24536133,
    "stability": 0.35356760025,
    "tonality": 0.35079780221
}