{
    "name": "69d3da4e",
    "x": 42.773319244384766,
    "y": 37.79367446899414,
    "loudness": 0.99068403244,
    "raspiness": 0.121081233025,
    "color": 9.86945533752,
    "location": 2419.62084961,
    "stability": 0.796857357025,
    "tonality": 0.480328917503
}