{
    "name": "69d6d713",
    "x": -12.196610450744629,
    "y": 1.4705584049224854,
    "loudness": 0.99068403244,
    "raspiness": 0.0201898626983,
    "color": 2.11976265907,
    "location": 26.423594756637485,
    "stability": 0.315865218639,
    "tonality": 0.468374878168
}