{
    "name": "69dad1d3",
    "x": -3.7792022228240967,
    "y": 37.9247932434082,
    "loudness": 0.99068403244,
    "raspiness": 0.0695112198591,
    "color": 26.8855018616,
    "location": 1420.9473877,
    "stability": 0.609457969666,
    "tonality": 0.440696716309
}