{
    "name": "69dad1d3",
    "x": -0.752575159072876,
    "y": 30.964191436767578,
    "loudness": 0.99068403244,
    "raspiness": 0.0695112198591,
    "color": 26.8855018616,
    "location": 37.69545579642193,
    "stability": 0.609457969666,
    "tonality": 0.440696716309
}