{
    "name": "69dc09b0",
    "x": 3.635988235473633,
    "y": 24.299240112304688,
    "loudness": 0.99068403244,
    "raspiness": 0.0616396963596,
    "color": 10.0123853683,
    "location": 1801.51000977,
    "stability": 0.494493067265,
    "tonality": 0.471285969019
}