{
    "name": "69dc09b0",
    "x": 3.956434726715088,
    "y": 17.744808197021484,
    "loudness": 0.99068403244,
    "raspiness": 0.0616396963596,
    "color": 10.0123853683,
    "location": 42.444198776393456,
    "stability": 0.494493067265,
    "tonality": 0.471285969019
}