{
    "name": "69e18f96",
    "x": -1.4682507514953613,
    "y": 8.80159854888916,
    "loudness": 0.901217877865,
    "raspiness": 0.0503713078797,
    "color": 14.8899707794,
    "location": 1195.39123535,
    "stability": 0.454407453537,
    "tonality": 0.395344138145
}