{
    "name": "69e3e709",
    "x": 0.7466058731079102,
    "y": 5.686779499053955,
    "loudness": 0.99068403244,
    "raspiness": 0.0250946972519,
    "color": 3.33993721008,
    "location": 1463.03161621,
    "stability": 0.263291954994,
    "tonality": 0.477848678827
}