{
    "name": "69e3e709",
    "x": -7.4448113441467285,
    "y": -1.0922025442123413,
    "loudness": 0.99068403244,
    "raspiness": 0.0250946972519,
    "color": 3.33993721008,
    "location": 38.2495962881963,
    "stability": 0.263291954994,
    "tonality": 0.477848678827
}