{
    "name": "69e9d6a0",
    "x": -35.8985595703125,
    "y": 21.201128005981445,
    "loudness": 0.973307967186,
    "raspiness": 0.0174972638488,
    "color": 10.6748533249,
    "location": 314.82421875,
    "stability": 0.569792747498,
    "tonality": 0.378705054522
}