{
    "name": "69e9d6a0",
    "x": -29.024730682373047,
    "y": 22.270952224731445,
    "loudness": 0.973307967186,
    "raspiness": 0.0174972638488,
    "color": 10.6748533249,
    "location": 17.74328658253594,
    "stability": 0.569792747498,
    "tonality": 0.378705054522
}