{
    "name": "69ea40b5",
    "x": 44.19680404663086,
    "y": -5.533458709716797,
    "loudness": 0.954189360142,
    "raspiness": 0.355200350285,
    "color": 172.427947998,
    "location": 58.489394571494756,
    "stability": 0.684892237186,
    "tonality": 0.480580717325
}