{
    "name": "69ecd79d",
    "x": 36.892555236816406,
    "y": 4.1015448570251465,
    "loudness": 0.917293608189,
    "raspiness": 0.248464971781,
    "color": 89.3072738647,
    "location": 53.050513037952804,
    "stability": 0.593338131905,
    "tonality": 0.489699065685
}