{
    "name": "69ecd79d",
    "x": 38.0910530090332,
    "y": 4.779554843902588,
    "loudness": 0.917293608189,
    "raspiness": 0.248464971781,
    "color": 89.3072738647,
    "location": 2814.35693359,
    "stability": 0.593338131905,
    "tonality": 0.489699065685
}