{
    "name": "69f28d59",
    "x": 6.343981742858887,
    "y": 2.941535234451294,
    "loudness": 0.0648445263505,
    "raspiness": 0.17607177794,
    "color": 6.82871103287,
    "location": 2246.0378418,
    "stability": 0.644621431828,
    "tonality": 0.481086224318
}