{
    "name": "69f9d967",
    "x": 2.0911753177642822,
    "y": 10.568562507629395,
    "loudness": 0.94697791338,
    "raspiness": 0.0597340688109,
    "color": 8.67443466187,
    "location": 1224.48742676,
    "stability": 0.618822932243,
    "tonality": 0.45306044817
}