{
    "name": "69fbf109",
    "x": -1.9888436794281006,
    "y": 34.8198127746582,
    "loudness": 0.99068403244,
    "raspiness": 0.0666610077024,
    "color": 29.1341571808,
    "location": 1750.81481934,
    "stability": 0.603429794312,
    "tonality": 0.436463832855
}