{
    "name": "69fd8eac",
    "x": 4.4573211669921875,
    "y": 8.477999687194824,
    "loudness": 0.99068403244,
    "raspiness": 0.122874543071,
    "color": 1.68971669674,
    "location": 1888.01586914,
    "stability": 0.514041602612,
    "tonality": 0.447106033564
}