{
    "name": "69fe3102",
    "x": 10.154191017150879,
    "y": 52.34367370605469,
    "loudness": 0.99068403244,
    "raspiness": 0.039822049439,
    "color": 42.1531410217,
    "location": 1394.61303711,
    "stability": 0.701621711254,
    "tonality": 0.478798121214
}