{
    "name": "69fe3102",
    "x": 11.159201622009277,
    "y": 41.15938186645508,
    "loudness": 0.99068403244,
    "raspiness": 0.039822049439,
    "color": 42.1531410217,
    "location": 37.344518166793904,
    "stability": 0.701621711254,
    "tonality": 0.478798121214
}