{
    "name": "69ff0330",
    "x": -44.80731201171875,
    "y": 12.538015365600586,
    "loudness": 0.971128821373,
    "raspiness": 0.0174165293574,
    "color": 12.7380952835,
    "location": 361.850036621,
    "stability": 0.550625085831,
    "tonality": 0.33863556385
}