{
    "name": "69ff0330",
    "x": -3.3672592639923096,
    "y": 9.700112342834473,
    "loudness": 0.971128821373,
    "raspiness": 0.0174165293574,
    "color": 12.7380952835,
    "location": 361.850036621,
    "stability": 0.550625085831,
    "tonality": 0.33863556385
}