{
    "name": "6a037ddf",
    "x": -21.1004695892334,
    "y": 25.516342163085938,
    "loudness": 0.976818978786,
    "raspiness": 0.0476280786097,
    "color": 35.0013198853,
    "location": 37.11224331026083,
    "stability": 0.551211893559,
    "tonality": 0.391368538141
}