{
    "name": "6a037ddf",
    "x": -0.9423375725746155,
    "y": 10.057543754577637,
    "loudness": 0.976818978786,
    "raspiness": 0.0476280786097,
    "color": 35.0013198853,
    "location": 1377.31860352,
    "stability": 0.551211893559,
    "tonality": 0.391368538141
}