{
    "name": "6a09c24b",
    "x": 2.9883859157562256,
    "y": 0.25147438049316406,
    "loudness": 5.81926979066e-05,
    "raspiness": 0.0586029961705,
    "color": 5.31355953217,
    "location": 693.856994629,
    "stability": 0.239646270871,
    "tonality": 0.386667132378
}