{
    "name": "6a09c24b",
    "x": -12.965767860412598,
    "y": -25.427061080932617,
    "loudness": 5.81926979066e-05,
    "raspiness": 0.0586029961705,
    "color": 5.31355953217,
    "location": 26.341165399978035,
    "stability": 0.239646270871,
    "tonality": 0.386667132378
}