{
    "name": "6a0a829f",
    "x": 48.771934509277344,
    "y": -10.757003784179688,
    "loudness": 0.99068403244,
    "raspiness": 0.341292828321,
    "color": 24.9670906067,
    "location": 4528.03857422,
    "stability": 0.602852344513,
    "tonality": 0.479810297489
}