{
    "name": "6a0f3e43",
    "x": 13.912836074829102,
    "y": 32.87261199951172,
    "loudness": 0.990543305874,
    "raspiness": 0.111007004976,
    "color": 3.45679426193,
    "location": 36.52674700914386,
    "stability": 0.653553068638,
    "tonality": 0.465395897627
}