{
    "name": "6a1b4c44",
    "x": 16.89263343811035,
    "y": 2.8411810398101807,
    "loudness": 0.539333462715,
    "raspiness": 0.105778843164,
    "color": 9.68328857422,
    "location": 43.05652115150503,
    "stability": 0.725082993507,
    "tonality": 0.466964185238
}