{
    "name": "6a1f0cc7",
    "x": 33.78499984741211,
    "y": 32.96040725708008,
    "loudness": 0.985136091709,
    "raspiness": 0.103879481554,
    "color": 53.1756401062,
    "location": 48.03591592496181,
    "stability": 0.771248221397,
    "tonality": 0.49261584878
}