{
    "name": "6a1f0cc7",
    "x": 7.012992858886719,
    "y": 11.592327117919922,
    "loudness": 0.985136091709,
    "raspiness": 0.103879481554,
    "color": 53.1756401062,
    "location": 2307.44921875,
    "stability": 0.771248221397,
    "tonality": 0.49261584878
}