{
    "name": "6a1f0cc7",
    "x": 38.988197326660156,
    "y": 39.9346923828125,
    "loudness": 0.985136091709,
    "raspiness": 0.103879481554,
    "color": 53.1756401062,
    "location": 2307.44921875,
    "stability": 0.771248221397,
    "tonality": 0.49261584878
}