{
    "name": "6a210ffa",
    "x": -41.74705123901367,
    "y": 10.000059127807617,
    "loudness": 0.849639832973,
    "raspiness": 0.0238495953381,
    "color": 10.0805559158,
    "location": 20.538652406523656,
    "stability": 0.538769423962,
    "tonality": 0.301054239273
}