{
    "name": "6a210ffa",
    "x": -4.1434831619262695,
    "y": 9.109942436218262,
    "loudness": 0.849639832973,
    "raspiness": 0.0238495953381,
    "color": 10.0805559158,
    "location": 421.836242676,
    "stability": 0.538769423962,
    "tonality": 0.301054239273
}