{
    "name": "6a2db40a",
    "x": -20.44527816772461,
    "y": -24.620418548583984,
    "loudness": 0.0144929606467,
    "raspiness": 0.0600227192044,
    "color": 16.7251167297,
    "location": 31.94449570207675,
    "stability": 0.249707907438,
    "tonality": 0.303792148829
}