{
    "name": "6a2db40a",
    "x": 2.370718479156494,
    "y": 0.01880870759487152,
    "loudness": 0.0144929606467,
    "raspiness": 0.0600227192044,
    "color": 16.7251167297,
    "location": 1020.45080566,
    "stability": 0.249707907438,
    "tonality": 0.303792148829
}