{
    "name": "6a2eca0f",
    "x": 45.774234771728516,
    "y": 5.937749862670898,
    "loudness": 0.816009640694,
    "raspiness": 0.241599470377,
    "color": 23.1631660461,
    "location": 57.998364655652146,
    "stability": 0.763755381107,
    "tonality": 0.494912564754
}