{
    "name": "6a30339c",
    "x": 1.0688049793243408,
    "y": 5.9557271003723145,
    "loudness": 0.99068403244,
    "raspiness": 0.0849283859134,
    "color": 15.301782608,
    "location": 1354.57995605,
    "stability": 0.305621832609,
    "tonality": 0.491072297096
}