{
    "name": "6a30339c",
    "x": -3.542759895324707,
    "y": 2.7358624935150146,
    "loudness": 0.99068403244,
    "raspiness": 0.0849283859134,
    "color": 15.301782608,
    "location": 36.80461867823113,
    "stability": 0.305621832609,
    "tonality": 0.491072297096
}