{
    "name": "6a34c975",
    "x": 48.528968811035156,
    "y": -24.14070701599121,
    "loudness": 0.99068403244,
    "raspiness": 0.439453125,
    "color": 249.539962769,
    "location": 5586.67480469,
    "stability": 0.716759324074,
    "tonality": 0.469630420208
}