{
    "name": "6a353424",
    "x": 15.064000129699707,
    "y": 45.310482025146484,
    "loudness": 0.99068403244,
    "raspiness": 0.107177734375,
    "color": 6.0515165329,
    "location": 1261.18444824,
    "stability": 0.702459514141,
    "tonality": 0.46358910203
}