{
    "name": "6a3bfead",
    "x": 3.643104314804077,
    "y": 7.838024616241455,
    "loudness": 0.990665793419,
    "raspiness": 0.0795590877533,
    "color": 35.0952262878,
    "location": 1875.39379883,
    "stability": 0.454428166151,
    "tonality": 0.430253654718
}