{
    "name": "6a3bfead",
    "x": -2.3913254737854004,
    "y": 14.076690673828125,
    "loudness": 0.990665793419,
    "raspiness": 0.0795590877533,
    "color": 35.0952262878,
    "location": 43.305817147699685,
    "stability": 0.454428166151,
    "tonality": 0.430253654718
}