{
    "name": "6a446a35",
    "x": -12.1845064163208,
    "y": -18.6224365234375,
    "loudness": 0.00237455149181,
    "raspiness": 0.0735517218709,
    "color": 3.52754330635,
    "location": 31.754594125102592,
    "stability": 0.482179045677,
    "tonality": 0.351670414209
}