{
    "name": "6a446a35",
    "x": 2.6321840286254883,
    "y": 1.136685848236084,
    "loudness": 0.00237455149181,
    "raspiness": 0.0735517218709,
    "color": 3.52754330635,
    "location": 1008.35424805,
    "stability": 0.482179045677,
    "tonality": 0.351670414209
}