{
    "name": "6a591e37",
    "x": -6.464781284332275,
    "y": -23.346389770507812,
    "loudness": 0.00344992033206,
    "raspiness": 0.018904754892,
    "color": 4.94406700134,
    "location": 393.546264648,
    "stability": 0.574541151524,
    "tonality": 0.413610458374
}