{
    "name": "6a609889",
    "x": 6.171075820922852,
    "y": 11.994909286499023,
    "loudness": 0.977983832359,
    "raspiness": 0.0918149575591,
    "color": 29.284570694,
    "location": 2230.54394531,
    "stability": 0.805243015289,
    "tonality": 0.470282793045
}