{
    "name": "6a62bb15",
    "x": -0.7007815837860107,
    "y": 8.405460357666016,
    "loudness": 0.984360158443,
    "raspiness": 0.0671523883939,
    "color": 24.1766681671,
    "location": 1343.52087402,
    "stability": 0.439116150141,
    "tonality": 0.40654706955
}