{
    "name": "6a62bb15",
    "x": -19.679157257080078,
    "y": 17.9793758392334,
    "loudness": 0.984360158443,
    "raspiness": 0.0671523883939,
    "color": 24.1766681671,
    "location": 1343.52087402,
    "stability": 0.439116150141,
    "tonality": 0.40654706955
}