{
    "name": "6a63cd35",
    "x": 34.988765716552734,
    "y": 13.106718063354492,
    "loudness": 0.948882222176,
    "raspiness": 0.183218538761,
    "color": 49.9044647217,
    "location": 52.331306823258295,
    "stability": 0.653877913952,
    "tonality": 0.484103918076
}