{
    "name": "6a63cd35",
    "x": 7.92369270324707,
    "y": 8.812704086303711,
    "loudness": 0.948882222176,
    "raspiness": 0.183218538761,
    "color": 49.9044647217,
    "location": 2738.56567383,
    "stability": 0.653877913952,
    "tonality": 0.484103918076
}