{
    "name": "6a63dd77",
    "x": -4.003212928771973,
    "y": 9.443768501281738,
    "loudness": 0.978601634502,
    "raspiness": 0.0432246550918,
    "color": 16.0543689728,
    "location": 832.025695801,
    "stability": 0.525266826153,
    "tonality": 0.309806615114
}