{
    "name": "6a64d4a4",
    "x": -11.667500495910645,
    "y": 31.081684112548828,
    "loudness": 0.974956035614,
    "raspiness": 0.0637746378779,
    "color": 54.0816040039,
    "location": 36.44844992520258,
    "stability": 0.599476277828,
    "tonality": 0.417177081108
}