{
    "name": "6a64d4a4",
    "x": -0.14280486106872559,
    "y": 10.062870025634766,
    "loudness": 0.974956035614,
    "raspiness": 0.0637746378779,
    "color": 54.0816040039,
    "location": 1328.48950195,
    "stability": 0.599476277828,
    "tonality": 0.417177081108
}