{
    "name": "6a6c66b2",
    "x": 6.0215373039245605,
    "y": 2.0707108974456787,
    "loudness": 0.0012044737814,
    "raspiness": 0.154595822096,
    "color": 29.4072113037,
    "location": 3309.78564453,
    "stability": 0.370338648558,
    "tonality": 0.485755056143
}