{
    "name": "6a6c66b2",
    "x": 15.351887702941895,
    "y": -13.676712989807129,
    "loudness": 0.0012044737814,
    "raspiness": 0.154595822096,
    "color": 29.4072113037,
    "location": 57.53073651996817,
    "stability": 0.370338648558,
    "tonality": 0.485755056143
}