{
    "name": "6a72696a",
    "x": 4.664409160614014,
    "y": 10.49466609954834,
    "loudness": 0.99068403244,
    "raspiness": 0.128246754408,
    "color": 16.5247364044,
    "location": 1344.88769531,
    "stability": 0.641833841801,
    "tonality": 0.468891203403
}