{
    "name": "6a72696a",
    "x": 17.005399703979492,
    "y": 30.01447868347168,
    "loudness": 0.99068403244,
    "raspiness": 0.128246754408,
    "color": 16.5247364044,
    "location": 36.672710498543736,
    "stability": 0.641833841801,
    "tonality": 0.468891203403
}