{
    "name": "6a72696a",
    "x": 15.900259971618652,
    "y": 37.55205535888672,
    "loudness": 0.99068403244,
    "raspiness": 0.128246754408,
    "color": 16.5247364044,
    "location": 1344.88769531,
    "stability": 0.641833841801,
    "tonality": 0.468891203403
}