{
    "name": "6a7c4f15",
    "x": -37.15058898925781,
    "y": -4.5622053146362305,
    "loudness": 0.630153357983,
    "raspiness": 0.0174745507538,
    "color": 8.93623352051,
    "location": 395.014221191,
    "stability": 0.486322462559,
    "tonality": 0.301749616861
}