{
    "name": "6a7c4f15",
    "x": -34.848785400390625,
    "y": 2.5285720825195312,
    "loudness": 0.630153357983,
    "raspiness": 0.0174745507538,
    "color": 8.93623352051,
    "location": 19.874964684018938,
    "stability": 0.486322462559,
    "tonality": 0.301749616861
}