{
    "name": "6a7ea03a",
    "x": 41.564212799072266,
    "y": -4.193777561187744,
    "loudness": 0.715570569038,
    "raspiness": 0.321360826492,
    "color": 111.018157959,
    "location": 60.23434054797977,
    "stability": 0.730224251747,
    "tonality": 0.493979841471
}