{
    "name": "6a887ffa",
    "x": 32.908180236816406,
    "y": 25.794668197631836,
    "loudness": 0.99068403244,
    "raspiness": 0.113938555121,
    "color": 11.1369886398,
    "location": 51.10757888161012,
    "stability": 0.707094788551,
    "tonality": 0.489660054445
}