{
    "name": "6a8869c5",
    "x": 25.38206672668457,
    "y": -5.108513355255127,
    "loudness": 0.471489399672,
    "raspiness": 0.198073476553,
    "color": 28.7191085815,
    "location": 52.11176906045313,
    "stability": 0.758726239204,
    "tonality": 0.488400101662
}