{
    "name": "6a887ffa",
    "x": 6.921504020690918,
    "y": 10.826414108276367,
    "loudness": 0.99068403244,
    "raspiness": 0.113938555121,
    "color": 11.1369886398,
    "location": 2611.98461914,
    "stability": 0.707094788551,
    "tonality": 0.489660054445
}