{
    "name": "6a8869c5",
    "x": 26.425996780395508,
    "y": -5.918028354644775,
    "loudness": 0.471489399672,
    "raspiness": 0.198073476553,
    "color": 28.7191085815,
    "location": 2715.63647461,
    "stability": 0.758726239204,
    "tonality": 0.488400101662
}