{
    "name": "6a8a3268",
    "x": 42.21202087402344,
    "y": -5.599978446960449,
    "loudness": 0.935184717178,
    "raspiness": 0.293133944273,
    "color": 159.352142334,
    "location": 61.704217038951235,
    "stability": 0.646580219269,
    "tonality": 0.478033035994
}