{
    "name": "6a8a3268",
    "x": 42.908058166503906,
    "y": -8.480672836303711,
    "loudness": 0.935184717178,
    "raspiness": 0.293133944273,
    "color": 159.352142334,
    "location": 3807.41040039,
    "stability": 0.646580219269,
    "tonality": 0.478033035994
}