{
    "name": "6a8dce61",
    "x": -3.7657480239868164,
    "y": 9.924661636352539,
    "loudness": 0.987393796444,
    "raspiness": 0.0546355359256,
    "color": 59.264793396,
    "location": 1141.57775879,
    "stability": 0.601132571697,
    "tonality": 0.325699359179
}