{
    "name": "6a8dce61",
    "x": -38.04808044433594,
    "y": 19.037817001342773,
    "loudness": 0.987393796444,
    "raspiness": 0.0546355359256,
    "color": 59.264793396,
    "location": 33.78724254493107,
    "stability": 0.601132571697,
    "tonality": 0.325699359179
}