{
    "name": "6a8ebd07",
    "x": 5.914886474609375,
    "y": 11.113987922668457,
    "loudness": 0.626707434654,
    "raspiness": 0.0698755159974,
    "color": 12.8704042435,
    "location": 1798.66772461,
    "stability": 0.676965236664,
    "tonality": 0.491947472095
}