{
    "name": "6a8efc50",
    "x": -0.7754068970680237,
    "y": 10.929571151733398,
    "loudness": 0.990254104137,
    "raspiness": 0.0358010791242,
    "color": 27.4889698029,
    "location": 1310.67541504,
    "stability": 0.670686602592,
    "tonality": 0.381214171648
}