{
    "name": "6a8ebd07",
    "x": 16.58887481689453,
    "y": 15.179399490356445,
    "loudness": 0.626707434654,
    "raspiness": 0.0698755159974,
    "color": 12.8704042435,
    "location": 42.41070294878405,
    "stability": 0.676965236664,
    "tonality": 0.491947472095
}