{
    "name": "6a92ed21",
    "x": 12.180523872375488,
    "y": 32.74818801879883,
    "loudness": 0.99068403244,
    "raspiness": 0.0884409099817,
    "color": 5.26205921173,
    "location": 38.374411513142455,
    "stability": 0.637095451355,
    "tonality": 0.473840355873
}