{
    "name": "6a959176",
    "x": -14.69411563873291,
    "y": -5.68861198425293,
    "loudness": 0.906633973122,
    "raspiness": 0.0262177567929,
    "color": 7.91005516052,
    "location": 382.038452148,
    "stability": 0.242400825024,
    "tonality": 0.460281729698
}