{
    "name": "6a959176",
    "x": -0.03747708350419998,
    "y": 5.563257217407227,
    "loudness": 0.906633973122,
    "raspiness": 0.0262177567929,
    "color": 7.91005516052,
    "location": 382.038452148,
    "stability": 0.242400825024,
    "tonality": 0.460281729698
}