{
    "name": "6a96272b",
    "x": -8.005367279052734,
    "y": 13.047883033752441,
    "loudness": 0.99068403244,
    "raspiness": 0.0822587460279,
    "color": 3.47531676292,
    "location": 32.36310184963734,
    "stability": 0.41400411725,
    "tonality": 0.451776504517
}