{
    "name": "6aa010f1",
    "x": 0.9776472449302673,
    "y": 7.8862175941467285,
    "loudness": 0.99068403244,
    "raspiness": 0.0231242626905,
    "color": 6.08015346527,
    "location": 390.099456787,
    "stability": 0.480489075184,
    "tonality": 0.461967885494
}