{
    "name": "6aa01975",
    "x": 0.3258674740791321,
    "y": -19.9692325592041,
    "loudness": 0.203768804669,
    "raspiness": 0.0254959054291,
    "color": 7.56089115143,
    "location": 833.094665527,
    "stability": 0.509273886681,
    "tonality": 0.478002995253
}