{
    "name": "6aa01975",
    "x": 1.5064383745193481,
    "y": -16.918991088867188,
    "loudness": 0.203768804669,
    "raspiness": 0.0254959054291,
    "color": 7.56089115143,
    "location": 28.863379315786986,
    "stability": 0.509273886681,
    "tonality": 0.478002995253
}