{
    "name": "6aa12aa0",
    "x": -17.854780197143555,
    "y": -17.639596939086914,
    "loudness": 0.982858121395,
    "raspiness": 0.00228697317652,
    "color": 22.0791969299,
    "location": 420.609985352,
    "stability": 0.071997538209,
    "tonality": 0.43209117651
}