{
    "name": "6aa12aa0",
    "x": -18.103763580322266,
    "y": -10.920716285705566,
    "loudness": 0.982858121395,
    "raspiness": 0.00228697317652,
    "color": 22.0791969299,
    "location": 20.50877825108068,
    "stability": 0.071997538209,
    "tonality": 0.43209117651
}