{
    "name": "6aa2fe1a",
    "x": 3.3734307289123535,
    "y": -18.178462982177734,
    "loudness": 0.00448674848303,
    "raspiness": 0.063151948154,
    "color": 33.2656936646,
    "location": 40.37416401759918,
    "stability": 0.37186473608,
    "tonality": 0.475426465273
}