{
    "name": "6aac58ab",
    "x": 10.886512756347656,
    "y": 5.5247907638549805,
    "loudness": 0.958882212639,
    "raspiness": 0.185510709882,
    "color": 581.773742676,
    "location": 3267.44384766,
    "stability": 0.317856788635,
    "tonality": 0.483676731586
}