{
    "name": "6aaff359",
    "x": -14.243865966796875,
    "y": 36.211090087890625,
    "loudness": 0.99068403244,
    "raspiness": 0.0541341155767,
    "color": 12.482790947,
    "location": 35.81127629350844,
    "stability": 0.654218792915,
    "tonality": 0.407026976347
}