{
    "name": "6ab76c9a",
    "x": -36.971736907958984,
    "y": 1.8456343412399292,
    "loudness": 0.818565666676,
    "raspiness": 0.0322742685676,
    "color": 10.7663698196,
    "location": 665.282531738,
    "stability": 0.469592750072,
    "tonality": 0.338069021702
}