{
    "name": "6abeea59",
    "x": 0.3028503358364105,
    "y": 35.57852554321289,
    "loudness": 0.99068403244,
    "raspiness": 0.0773193389177,
    "color": 26.5013942719,
    "location": 1323.53271484,
    "stability": 0.565293312073,
    "tonality": 0.46120968461
}