{
    "name": "6ace943d",
    "x": 44.95243453979492,
    "y": 6.894379615783691,
    "loudness": 0.901848971844,
    "raspiness": 0.236598849297,
    "color": 43.282409668,
    "location": 57.14045409462547,
    "stability": 0.726623475552,
    "tonality": 0.494073688984
}