{
    "name": "6acef16d",
    "x": -8.865984916687012,
    "y": -26.8460693359375,
    "loudness": 0.00311884144321,
    "raspiness": 0.0176614206284,
    "color": 4.61600255966,
    "location": 271.142425537,
    "stability": 0.433359742165,
    "tonality": 0.402041345835
}