{
    "name": "6ace1661",
    "x": 2.3477940559387207,
    "y": 9.827139854431152,
    "loudness": 0.99068403244,
    "raspiness": 0.0497170463204,
    "color": 6.31757688522,
    "location": 1303.50524902,
    "stability": 0.564968883991,
    "tonality": 0.466762453318
}