{
    "name": "6acef16d",
    "x": -8.10427474975586,
    "y": -20.76205062866211,
    "loudness": 0.00311884144321,
    "raspiness": 0.0176614206284,
    "color": 4.61600255966,
    "location": 16.46640293254723,
    "stability": 0.433359742165,
    "tonality": 0.402041345835
}