{
    "name": "6ace943d",
    "x": 48.79368209838867,
    "y": 6.006300926208496,
    "loudness": 0.901848971844,
    "raspiness": 0.236598849297,
    "color": 43.282409668,
    "location": 3265.03149414,
    "stability": 0.726623475552,
    "tonality": 0.494073688984
}