{
    "name": "6ad3a1aa",
    "x": 2.3828251361846924,
    "y": 6.366580963134766,
    "loudness": 0.791421473026,
    "raspiness": 0.0607685148716,
    "color": 18.6448364258,
    "location": 1437.10925293,
    "stability": 0.377378344536,
    "tonality": 0.459942549467
}