{
    "name": "6ad73ffc",
    "x": 40.60908889770508,
    "y": 3.5074453353881836,
    "loudness": 0.879183650017,
    "raspiness": 0.32417678833,
    "color": 41.1365509033,
    "location": 45.76999648372283,
    "stability": 0.63212198019,
    "tonality": 0.491587996483
}