{
    "name": "6ad73ffc",
    "x": 9.230508804321289,
    "y": 7.674755096435547,
    "loudness": 0.879183650017,
    "raspiness": 0.32417678833,
    "color": 41.1365509033,
    "location": 2094.89257812,
    "stability": 0.63212198019,
    "tonality": 0.491587996483
}