{
    "name": "6add325a",
    "x": -10.703295707702637,
    "y": -10.576578140258789,
    "loudness": 0.850514113903,
    "raspiness": 0.0156354308128,
    "color": 11.7036943436,
    "location": 1100.96350098,
    "stability": 0.159120723605,
    "tonality": 0.462944716215
}