{
    "name": "6af97eab",
    "x": -17.722517013549805,
    "y": 25.984663009643555,
    "loudness": 0.913652896881,
    "raspiness": 0.0782319232821,
    "color": 14.4352960587,
    "location": 1742.87634277,
    "stability": 0.527499854565,
    "tonality": 0.406708955765
}