{
    "name": "6afc5c3b",
    "x": 7.086789608001709,
    "y": -6.147462844848633,
    "loudness": 0.41443157196,
    "raspiness": 0.112369216979,
    "color": 14.095916748,
    "location": 44.67020671722933,
    "stability": 0.402237951756,
    "tonality": 0.416349440813
}