{
    "name": "6aff806b",
    "x": 9.756040573120117,
    "y": -21.932661056518555,
    "loudness": 0.00919028650969,
    "raspiness": 0.0753703862429,
    "color": 75.7624053955,
    "location": 38.04204281423383,
    "stability": 0.563439905643,
    "tonality": 0.478160947561
}