{
    "name": "6affd3c0",
    "x": 17.152372360229492,
    "y": -14.994559288024902,
    "loudness": 0.034209843725,
    "raspiness": 0.180857226253,
    "color": 16.5628662109,
    "location": 52.39883062788711,
    "stability": 0.440173894167,
    "tonality": 0.484202951193
}