{
    "name": "6affd3c0",
    "x": 20.638896942138672,
    "y": -27.407880783081055,
    "loudness": 0.034209843725,
    "raspiness": 0.180857226253,
    "color": 16.5628662109,
    "location": 2745.63745117,
    "stability": 0.440173894167,
    "tonality": 0.484202951193
}