{
    "name": "6aff0c16",
    "x": -45.80982971191406,
    "y": 15.302360534667969,
    "loudness": 0.902364194393,
    "raspiness": 0.0319441258907,
    "color": 17.8782615662,
    "location": 707.176696777,
    "stability": 0.775057196617,
    "tonality": 0.310643613338
}