{
    "name": "6aff0c16",
    "x": -38.353515625,
    "y": 20.75368309020996,
    "loudness": 0.902364194393,
    "raspiness": 0.0319441258907,
    "color": 17.8782615662,
    "location": 26.592794076159052,
    "stability": 0.775057196617,
    "tonality": 0.310643613338
}