{
    "name": "6aff806b",
    "x": 4.815539360046387,
    "y": 2.3228559494018555,
    "loudness": 0.00919028650969,
    "raspiness": 0.0753703862429,
    "color": 75.7624053955,
    "location": 1447.19702148,
    "stability": 0.563439905643,
    "tonality": 0.478160947561
}