{
    "name": "6b15ac5a",
    "x": 5.877098083496094,
    "y": 2.170900583267212,
    "loudness": 0.97268229723,
    "raspiness": 0.0966284200549,
    "color": 27.3232536316,
    "location": 2224.09545898,
    "stability": 0.284743875265,
    "tonality": 0.481970638037
}