{
    "name": "6b15affb",
    "x": 16.160686492919922,
    "y": 15.44377326965332,
    "loudness": 0.944316029549,
    "raspiness": 0.136175841093,
    "color": 60.0161361694,
    "location": 2280.58374023,
    "stability": 0.489330530167,
    "tonality": 0.462345689535
}