{
    "name": "6b1896ab",
    "x": 9.295247077941895,
    "y": 33.03903579711914,
    "loudness": 0.99068403244,
    "raspiness": 0.0790370702744,
    "color": 12.1547679901,
    "location": 37.031503822961334,
    "stability": 0.625317633152,
    "tonality": 0.478026181459
}