{
    "name": "6b1896ab",
    "x": 7.867755889892578,
    "y": 43.78340530395508,
    "loudness": 0.99068403244,
    "raspiness": 0.0790370702744,
    "color": 12.1547679901,
    "location": 1371.33227539,
    "stability": 0.625317633152,
    "tonality": 0.478026181459
}