{
    "name": "6b192226",
    "x": 7.7063469886779785,
    "y": 40.836456298828125,
    "loudness": 0.775034189224,
    "raspiness": 0.0497067496181,
    "color": 13.8826475143,
    "location": 1120.52258301,
    "stability": 0.732326447964,
    "tonality": 0.474530428648
}