{
    "name": "6b192226",
    "x": 7.9705023765563965,
    "y": 34.52604293823242,
    "loudness": 0.775034189224,
    "raspiness": 0.0497067496181,
    "color": 13.8826475143,
    "location": 33.474207727891034,
    "stability": 0.732326447964,
    "tonality": 0.474530428648
}