{
    "name": "6b28b873",
    "x": 1.059662103652954,
    "y": 8.6661376953125,
    "loudness": 0.99068403244,
    "raspiness": 0.0355383828282,
    "color": 12.4273195267,
    "location": 865.694946289,
    "stability": 0.497999101877,
    "tonality": 0.451507329941
}