{
    "name": "6b31bc93",
    "x": -0.0980042889714241,
    "y": 11.563728332519531,
    "loudness": 0.951174199581,
    "raspiness": 0.0663796663284,
    "color": 27.0225944519,
    "location": 1507.70593262,
    "stability": 0.869930684566,
    "tonality": 0.423279732466
}