{
    "name": "6b33850f",
    "x": -1.7580022811889648,
    "y": 2.5988576412200928,
    "loudness": 0.950904905796,
    "raspiness": 0.0365069508553,
    "color": 9.83371448517,
    "location": 42.14417190537738,
    "stability": 0.344637453556,
    "tonality": 0.481544882059
}