{
    "name": "6b33850f",
    "x": 0.9969984292984009,
    "y": 5.8828020095825195,
    "loudness": 0.950904905796,
    "raspiness": 0.0365069508553,
    "color": 9.83371448517,
    "location": 1776.13122559,
    "stability": 0.344637453556,
    "tonality": 0.481544882059
}