{
    "name": "6b3dd35c",
    "x": 47.01222229003906,
    "y": 13.620885848999023,
    "loudness": 0.99068403244,
    "raspiness": 0.207023501396,
    "color": 18.6627979279,
    "location": 56.72798005129391,
    "stability": 0.80757600069,
    "tonality": 0.489475488663
}