{
    "name": "6b3dd35c",
    "x": 9.128443717956543,
    "y": 9.498034477233887,
    "loudness": 0.99068403244,
    "raspiness": 0.207023501396,
    "color": 18.6627979279,
    "location": 3218.0637207,
    "stability": 0.80757600069,
    "tonality": 0.489475488663
}