{
    "name": "6b45a7ab",
    "x": 6.4222211837768555,
    "y": 2.9751505851745605,
    "loudness": 0.0923787727952,
    "raspiness": 0.180480614305,
    "color": 35.5585594177,
    "location": 2400.40136719,
    "stability": 0.71754103899,
    "tonality": 0.486522078514
}