{
    "name": "6b535a04",
    "x": -3.955462694168091,
    "y": 7.079939365386963,
    "loudness": 0.99068403244,
    "raspiness": 0.0697599723935,
    "color": 3.66341328621,
    "location": 1128.93615723,
    "stability": 0.270782977343,
    "tonality": 0.305234581232
}