{
    "name": "6b5b36b2",
    "x": -3.5103118419647217,
    "y": -4.539927959442139,
    "loudness": 0.990205943584,
    "raspiness": 0.0672036781907,
    "color": 37.4685173035,
    "location": 1747.03979492,
    "stability": 0.172608554363,
    "tonality": 0.482170790434
}