{
    "name": "6b64661f",
    "x": -6.314452648162842,
    "y": -37.76605224609375,
    "loudness": 7.2045957495e-05,
    "raspiness": 0.0464909747243,
    "color": 2.3469889164,
    "location": 775.960021973,
    "stability": 0.229241222143,
    "tonality": 0.406717777252
}