{
    "name": "6b6ef25f",
    "x": 38.763221740722656,
    "y": -30.56014633178711,
    "loudness": 0.904867053032,
    "raspiness": 0.538868129253,
    "color": 636.71875,
    "location": 5002.578125,
    "stability": 0.669070541859,
    "tonality": 0.496983110905
}