{
    "name": "6b6ef25f",
    "x": 41.68369674682617,
    "y": -21.95133399963379,
    "loudness": 0.904867053032,
    "raspiness": 0.538868129253,
    "color": 636.71875,
    "location": 70.72890586598947,
    "stability": 0.669070541859,
    "tonality": 0.496983110905
}