{
    "name": "6b75921d",
    "x": -24.155330657958984,
    "y": -32.91739273071289,
    "loudness": 0.0140936318785,
    "raspiness": 0.0483734644949,
    "color": 10.1325101852,
    "location": 927.337890625,
    "stability": 0.365522652864,
    "tonality": 0.248800933361
}