{
    "name": "6b75921d",
    "x": -25.63080596923828,
    "y": -21.46125602722168,
    "loudness": 0.0140936318785,
    "raspiness": 0.0483734644949,
    "color": 10.1325101852,
    "location": 30.452223081821135,
    "stability": 0.365522652864,
    "tonality": 0.248800933361
}