{
    "name": "6b75921d",
    "x": 1.700892686843872,
    "y": 0.3457997441291809,
    "loudness": 0.0140936318785,
    "raspiness": 0.0483734644949,
    "color": 10.1325101852,
    "location": 927.337890625,
    "stability": 0.365522652864,
    "tonality": 0.248800933361
}