{
    "name": "6b76a217",
    "x": 8.443563461303711,
    "y": 9.811171531677246,
    "loudness": 0.911557853222,
    "raspiness": 0.13296431303,
    "color": 80.8514175415,
    "location": 3321.45166016,
    "stability": 0.755316197872,
    "tonality": 0.484695136547
}