{
    "name": "6b90ade1",
    "x": -32.298728942871094,
    "y": 22.66778564453125,
    "loudness": 0.975546181202,
    "raspiness": 0.0383906513453,
    "color": 35.6641540527,
    "location": 801.347961426,
    "stability": 0.523102283478,
    "tonality": 0.388022363186
}