{
    "name": "6b9224c7",
    "x": 8.514836311340332,
    "y": 15.725076675415039,
    "loudness": 0.99068403244,
    "raspiness": 0.104942910373,
    "color": 12.8407783508,
    "location": 2097.10083008,
    "stability": 0.465033888817,
    "tonality": 0.458262979984
}