{
    "name": "6b9224c7",
    "x": 8.452062606811523,
    "y": 11.39025592803955,
    "loudness": 0.99068403244,
    "raspiness": 0.104942910373,
    "color": 12.8407783508,
    "location": 45.794113487215796,
    "stability": 0.465033888817,
    "tonality": 0.458262979984
}