{
    "name": "6b93b48a",
    "x": -4.062330722808838,
    "y": 8.809736251831055,
    "loudness": 0.688522577286,
    "raspiness": 0.0372264012694,
    "color": 13.7640981674,
    "location": 496.958709717,
    "stability": 0.560735881329,
    "tonality": 0.285941392183
}