{
    "name": "6b93b48a",
    "x": -41.82370376586914,
    "y": -2.4045281410217285,
    "loudness": 0.688522577286,
    "raspiness": 0.0372264012694,
    "color": 13.7640981674,
    "location": 496.958709717,
    "stability": 0.560735881329,
    "tonality": 0.285941392183
}