{
    "name": "6b9e155a",
    "x": 39.8220100402832,
    "y": -4.7546772956848145,
    "loudness": 0.965586423874,
    "raspiness": 0.427264988422,
    "color": 60.9275016785,
    "location": 2666.21850586,
    "stability": 0.445877611637,
    "tonality": 0.489542007446
}