{
    "name": "6baf07c8",
    "x": 15.6342191696167,
    "y": 10.0955171585083,
    "loudness": 0.749453186989,
    "raspiness": 0.12179543823,
    "color": 117.953353882,
    "location": 44.69018922202053,
    "stability": 0.536402642727,
    "tonality": 0.484278917313
}