{
    "name": "6baf07c8",
    "x": 4.416423320770264,
    "y": 8.804218292236328,
    "loudness": 0.749453186989,
    "raspiness": 0.12179543823,
    "color": 117.953353882,
    "location": 1997.2130127,
    "stability": 0.536402642727,
    "tonality": 0.484278917313
}