{
    "name": "6bc128c5",
    "x": 23.86711311340332,
    "y": 26.703868865966797,
    "loudness": 0.910490393639,
    "raspiness": 0.111494585872,
    "color": 6.17699432373,
    "location": 2217.12866211,
    "stability": 0.596570074558,
    "tonality": 0.486350089312
}