{
    "name": "6bc67fe4",
    "x": 0.06353957951068878,
    "y": 6.557384967803955,
    "loudness": 0.99068403244,
    "raspiness": 0.0338378921151,
    "color": 11.9464330673,
    "location": 886.011230469,
    "stability": 0.344472080469,
    "tonality": 0.442773997784
}