{
    "name": "6bc67fe4",
    "x": -13.39227294921875,
    "y": 4.789948463439941,
    "loudness": 0.99068403244,
    "raspiness": 0.0338378921151,
    "color": 11.9464330673,
    "location": 29.765940779169068,
    "stability": 0.344472080469,
    "tonality": 0.442773997784
}