{
    "name": "6bcf61c1",
    "x": -18.773347854614258,
    "y": 1.8296643495559692,
    "loudness": 0.669904410839,
    "raspiness": 0.0966719985008,
    "color": 43.8495597839,
    "location": 1723.85180664,
    "stability": 0.292484432459,
    "tonality": 0.384460806847
}