{
    "name": "6bcf61c1",
    "x": -1.6936652660369873,
    "y": 7.895306587219238,
    "loudness": 0.669904410839,
    "raspiness": 0.0966719985008,
    "color": 43.8495597839,
    "location": 1723.85180664,
    "stability": 0.292484432459,
    "tonality": 0.384460806847
}