{
    "name": "6bcf61c1",
    "x": -18.53453826904297,
    "y": 4.509670257568359,
    "loudness": 0.669904410839,
    "raspiness": 0.0966719985008,
    "color": 43.8495597839,
    "location": 41.51929438995803,
    "stability": 0.292484432459,
    "tonality": 0.384460806847
}