{
    "name": "6bda61dd",
    "x": 22.66173553466797,
    "y": 37.730228424072266,
    "loudness": 0.99068403244,
    "raspiness": 0.100597560406,
    "color": 31.9134349823,
    "location": 41.20983633005596,
    "stability": 0.753040015697,
    "tonality": 0.471158623695
}