{
    "name": "6be65e35",
    "x": 7.126396656036377,
    "y": 3.4230847358703613,
    "loudness": 0.267665445805,
    "raspiness": 0.275224864483,
    "color": 63.2448501587,
    "location": 3812.2746582,
    "stability": 0.781442940235,
    "tonality": 0.495292931795
}