{
    "name": "6be65e35",
    "x": 29.25094985961914,
    "y": -13.165626525878906,
    "loudness": 0.267665445805,
    "raspiness": 0.275224864483,
    "color": 63.2448501587,
    "location": 61.7436203846195,
    "stability": 0.781442940235,
    "tonality": 0.495292931795
}