{
    "name": "6bea98c9",
    "x": 6.5948615074157715,
    "y": 10.287002563476562,
    "loudness": 0.965674996376,
    "raspiness": 0.136488363147,
    "color": 31.9235973358,
    "location": 2264.76928711,
    "stability": 0.670365393162,
    "tonality": 0.482395499945
}