{
    "name": "6bfe3806",
    "x": 2.7168984413146973,
    "y": 11.913288116455078,
    "loudness": 0.887628555298,
    "raspiness": 0.0242278836668,
    "color": 20.752286911,
    "location": 806.062805176,
    "stability": 0.743542253971,
    "tonality": 0.465625464916
}