{
    "name": "6bfe3806",
    "x": 3.2537477016448975,
    "y": 41.88008499145508,
    "loudness": 0.887628555298,
    "raspiness": 0.0242278836668,
    "color": 20.752286911,
    "location": 28.39124522059573,
    "stability": 0.743542253971,
    "tonality": 0.465625464916
}