{
    "name": "6bfe3806",
    "x": 0.967121958732605,
    "y": 52.001075744628906,
    "loudness": 0.887628555298,
    "raspiness": 0.0242278836668,
    "color": 20.752286911,
    "location": 806.062805176,
    "stability": 0.743542253971,
    "tonality": 0.465625464916
}