{
    "name": "6bfe2344",
    "x": 0.26717448234558105,
    "y": 10.090812683105469,
    "loudness": 0.99068403244,
    "raspiness": 0.0682651475072,
    "color": 42.544342041,
    "location": 1690.56567383,
    "stability": 0.562733113766,
    "tonality": 0.435186475515
}