{
    "name": "6bfe6671",
    "x": 2.3754963874816895,
    "y": 8.003725051879883,
    "loudness": 0.99068403244,
    "raspiness": 0.0757446289062,
    "color": 17.1745948792,
    "location": 1623.00244141,
    "stability": 0.457794934511,
    "tonality": 0.46556648612
}