{
    "name": "6c053100",
    "x": -0.2649189829826355,
    "y": -15.007019996643066,
    "loudness": 0.472792267799,
    "raspiness": 0.0416209958494,
    "color": 34.630279541,
    "location": 1984.13366699,
    "stability": 0.168059542775,
    "tonality": 0.483094125986
}