{
    "name": "6c053100",
    "x": 2.4745686054229736,
    "y": 4.26378870010376,
    "loudness": 0.472792267799,
    "raspiness": 0.0416209958494,
    "color": 34.630279541,
    "location": 1984.13366699,
    "stability": 0.168059542775,
    "tonality": 0.483094125986
}