{
    "name": "6c1434df",
    "x": -9.416143417358398,
    "y": 30.478252410888672,
    "loudness": 0.882935404778,
    "raspiness": 0.0392628200352,
    "color": 16.7950000763,
    "location": 940.57220459,
    "stability": 0.548944354057,
    "tonality": 0.453944563866
}