{
    "name": "6c1434df",
    "x": -5.62144136428833,
    "y": 24.589576721191406,
    "loudness": 0.882935404778,
    "raspiness": 0.0392628200352,
    "color": 16.7950000763,
    "location": 30.66874964177705,
    "stability": 0.548944354057,
    "tonality": 0.453944563866
}