{
    "name": "6c208e34",
    "x": 14.519623756408691,
    "y": 16.302989959716797,
    "loudness": 0.735671937466,
    "raspiness": 0.117870472372,
    "color": 20.8376636505,
    "location": 40.69330645732784,
    "stability": 0.591813921928,
    "tonality": 0.480755209923
}