{
    "name": "6c208e34",
    "x": 4.798105239868164,
    "y": 9.718963623046875,
    "loudness": 0.735671937466,
    "raspiness": 0.117870472372,
    "color": 20.8376636505,
    "location": 1655.94519043,
    "stability": 0.591813921928,
    "tonality": 0.480755209923
}