{
    "name": "6c271514",
    "x": -0.2196551412343979,
    "y": 9.307108879089355,
    "loudness": 0.92153185606,
    "raspiness": 0.0932253599167,
    "color": 15.1675300598,
    "location": 1348.61755371,
    "stability": 0.534392118454,
    "tonality": 0.41768476367
}