{
    "name": "6c329938",
    "x": -2.7410764694213867,
    "y": -4.2714667320251465,
    "loudness": 0.680914759636,
    "raspiness": 0.0739241167903,
    "color": 29.5673370361,
    "location": 42.36195411274131,
    "stability": 0.18508271873,
    "tonality": 0.446794271469
}