{
    "name": "6c329938",
    "x": -2.2276673316955566,
    "y": -8.570609092712402,
    "loudness": 0.680914759636,
    "raspiness": 0.0739241167903,
    "color": 29.5673370361,
    "location": 1794.53515625,
    "stability": 0.18508271873,
    "tonality": 0.446794271469
}