{
    "name": "6c3828ac",
    "x": 3.441153049468994,
    "y": 1.9874259233474731,
    "loudness": 0.0145572014153,
    "raspiness": 0.0526266396046,
    "color": 4.68260002136,
    "location": 591.306213379,
    "stability": 0.705397129059,
    "tonality": 0.38020247221
}