{
    "name": "6c3828ac",
    "x": -1.6126657724380493,
    "y": -24.297616958618164,
    "loudness": 0.0145572014153,
    "raspiness": 0.0526266396046,
    "color": 4.68260002136,
    "location": 24.316788714363582,
    "stability": 0.705397129059,
    "tonality": 0.38020247221
}