{
    "name": "6c3ccd7a",
    "x": 3.5309181213378906,
    "y": 8.912296295166016,
    "loudness": 0.99068403244,
    "raspiness": 0.0804734006524,
    "color": 8.99979686737,
    "location": 1983.734375,
    "stability": 0.531453609467,
    "tonality": 0.478337973356
}