{
    "name": "6c49d5d5",
    "x": 48.18989181518555,
    "y": -2.474395275115967,
    "loudness": 0.99068403244,
    "raspiness": 0.322777152061,
    "color": 7.21536493301,
    "location": 2975.27685547,
    "stability": 0.713363528252,
    "tonality": 0.491692364216
}