{
    "name": "6c49d5d5",
    "x": 10.09066104888916,
    "y": 7.3092145919799805,
    "loudness": 0.99068403244,
    "raspiness": 0.322777152061,
    "color": 7.21536493301,
    "location": 2975.27685547,
    "stability": 0.713363528252,
    "tonality": 0.491692364216
}