{
    "name": "6c505bc8",
    "x": 9.431418418884277,
    "y": -1.6473798751831055,
    "loudness": 0.658430993557,
    "raspiness": 0.129457831383,
    "color": 4.89301347733,
    "location": 46.73850961733803,
    "stability": 0.33583009243,
    "tonality": 0.47460091114
}