{
    "name": "6c69e1c0",
    "x": 6.011833667755127,
    "y": 5.701219081878662,
    "loudness": 0.657801568508,
    "raspiness": 0.192708328366,
    "color": 27.8115215302,
    "location": 2840.54052734,
    "stability": 0.548871695995,
    "tonality": 0.475803077221
}