{
    "name": "6c69e1c0",
    "x": 24.50948715209961,
    "y": -2.1371002197265625,
    "loudness": 0.657801568508,
    "raspiness": 0.192708328366,
    "color": 27.8115215302,
    "location": 53.29672154401244,
    "stability": 0.548871695995,
    "tonality": 0.475803077221
}