{
    "name": "6c6ca429",
    "x": 3.6127588748931885,
    "y": -12.206707000732422,
    "loudness": 0.303811401129,
    "raspiness": 0.0960523188114,
    "color": 4.386241436,
    "location": 31.289520907997296,
    "stability": 0.526433050632,
    "tonality": 0.440604925156
}