{
    "name": "6c6ca429",
    "x": 4.158037185668945,
    "y": 3.2736732959747314,
    "loudness": 0.303811401129,
    "raspiness": 0.0960523188114,
    "color": 4.386241436,
    "location": 979.034118652,
    "stability": 0.526433050632,
    "tonality": 0.440604925156
}