{
    "name": "6c7e8850",
    "x": 2.06585431098938,
    "y": 16.406387329101562,
    "loudness": 0.99068403244,
    "raspiness": 0.160730704665,
    "color": 9.16954231262,
    "location": 2291.36962891,
    "stability": 0.538200736046,
    "tonality": 0.406649768353
}