{
    "name": "6c7f59a7",
    "x": -11.667763710021973,
    "y": 38.40525817871094,
    "loudness": 0.844997704029,
    "raspiness": 0.0388627015054,
    "color": 17.8399868011,
    "location": 794.505493164,
    "stability": 0.686241924763,
    "tonality": 0.424734443426
}