{
    "name": "6c9269c5",
    "x": 7.433464527130127,
    "y": 9.737743377685547,
    "loudness": 0.663687586784,
    "raspiness": 0.220680758357,
    "color": 3.2926261425,
    "location": 1070.41125488,
    "stability": 0.697889089584,
    "tonality": 0.467188805342
}