{
    "name": "6c923faa",
    "x": 3.588789463043213,
    "y": 7.706596851348877,
    "loudness": 0.99068403244,
    "raspiness": 0.070235401392,
    "color": 23.6873950958,
    "location": 2072.91870117,
    "stability": 0.449875593185,
    "tonality": 0.436570286751
}