{
    "name": "6c94cf13",
    "x": -35.47951126098633,
    "y": -17.41256332397461,
    "loudness": 0.96253490448,
    "raspiness": 0.0130728492513,
    "color": 5.15857505798,
    "location": 251.736373901,
    "stability": 0.240252971649,
    "tonality": 0.301635950804
}