{
    "name": "6c94cf13",
    "x": -35.48701095581055,
    "y": -7.4492998123168945,
    "loudness": 0.96253490448,
    "raspiness": 0.0130728492513,
    "color": 5.15857505798,
    "location": 15.866202251988344,
    "stability": 0.240252971649,
    "tonality": 0.301635950804
}