{
    "name": "6c98c870",
    "x": 4.946806907653809,
    "y": 8.290475845336914,
    "loudness": 0.84291601181,
    "raspiness": 0.154990285635,
    "color": 25.534778595,
    "location": 2111.04345703,
    "stability": 0.495722204447,
    "tonality": 0.425088614225
}