{
    "name": "6c98c870",
    "x": 14.093938827514648,
    "y": 11.417948722839355,
    "loudness": 0.84291601181,
    "raspiness": 0.154990285635,
    "color": 25.534778595,
    "location": 45.94609294629958,
    "stability": 0.495722204447,
    "tonality": 0.425088614225
}