{
    "name": "6ca5f5d1",
    "x": -22.845216751098633,
    "y": -25.786577224731445,
    "loudness": 0.000774001644459,
    "raspiness": 0.048498287797,
    "color": 2.28881764412,
    "location": 28.663913446736473,
    "stability": 0.190997749567,
    "tonality": 0.285205632448
}