{
    "name": "6ca5f5d1",
    "x": -18.30289077758789,
    "y": -37.320804595947266,
    "loudness": 0.000774001644459,
    "raspiness": 0.048498287797,
    "color": 2.28881764412,
    "location": 821.619934082,
    "stability": 0.190997749567,
    "tonality": 0.285205632448
}