{
    "name": "6cb35c9d",
    "x": 4.049617290496826,
    "y": 5.5618577003479,
    "loudness": 0.658557593822,
    "raspiness": 0.143562376499,
    "color": 15.3441200256,
    "location": 2143.02172852,
    "stability": 0.443024337292,
    "tonality": 0.422739684582
}