{
    "name": "6cbb47e9",
    "x": 3.573652505874634,
    "y": 0.6121777296066284,
    "loudness": 0.231387212873,
    "raspiness": 0.0143514182419,
    "color": 3.52356410027,
    "location": 259.438415527,
    "stability": 0.249255627394,
    "tonality": 0.425271064043
}