{
    "name": "6cbf3518",
    "x": -38.72520065307617,
    "y": 14.023497581481934,
    "loudness": 0.944759488106,
    "raspiness": 0.0191015619785,
    "color": 8.90865898132,
    "location": 471.647247314,
    "stability": 0.505294203758,
    "tonality": 0.363086283207
}