{
    "name": "6ccdd42c",
    "x": 45.562591552734375,
    "y": 10.576799392700195,
    "loudness": 0.975830554962,
    "raspiness": 0.23788869381,
    "color": 18.9817390442,
    "location": 54.468198684828934,
    "stability": 0.774221539497,
    "tonality": 0.493157535791
}