{
    "name": "6ccdd42c",
    "x": 49.9627685546875,
    "y": 10.576147079467773,
    "loudness": 0.975830554962,
    "raspiness": 0.23788869381,
    "color": 18.9817390442,
    "location": 2966.78466797,
    "stability": 0.774221539497,
    "tonality": 0.493157535791
}