{
    "name": "6ccf7c29",
    "x": 0.34288540482521057,
    "y": 9.724565505981445,
    "loudness": 0.99068403244,
    "raspiness": 0.0678362175822,
    "color": 11.5544910431,
    "location": 1268.64428711,
    "stability": 0.573113560677,
    "tonality": 0.431364804506
}