{
    "name": "6ccf7c29",
    "x": -9.9398832321167,
    "y": 33.53379821777344,
    "loudness": 0.99068403244,
    "raspiness": 0.0678362175822,
    "color": 11.5544910431,
    "location": 1268.64428711,
    "stability": 0.573113560677,
    "tonality": 0.431364804506
}