{
    "name": "6ccf7c29",
    "x": -7.291996002197266,
    "y": 27.931432723999023,
    "loudness": 0.99068403244,
    "raspiness": 0.0678362175822,
    "color": 11.5544910431,
    "location": 35.61803317295889,
    "stability": 0.573113560677,
    "tonality": 0.431364804506
}