{
    "name": "6cd42ef4",
    "x": 0.7041346430778503,
    "y": 42.82185745239258,
    "loudness": 0.99068403244,
    "raspiness": 0.0489335507154,
    "color": 3.37187576294,
    "location": 29.771667283711203,
    "stability": 0.694638967514,
    "tonality": 0.452446579933
}