{
    "name": "6cd42ef4",
    "x": -1.6907334327697754,
    "y": 53.880001068115234,
    "loudness": 0.99068403244,
    "raspiness": 0.0489335507154,
    "color": 3.37187576294,
    "location": 886.352172852,
    "stability": 0.694638967514,
    "tonality": 0.452446579933
}