{
    "name": "6cde1300",
    "x": -27.54633331298828,
    "y": 23.98002815246582,
    "loudness": 0.964693725109,
    "raspiness": 0.0319021232426,
    "color": 6.98118162155,
    "location": 617.977294922,
    "stability": 0.512068152428,
    "tonality": 0.412602037191
}