{
    "name": "6ce430d2",
    "x": -0.06763157248497009,
    "y": 11.394462585449219,
    "loudness": 0.85852175951,
    "raspiness": 0.048423089087,
    "color": 20.9406356812,
    "location": 1185.50061035,
    "stability": 0.757793426514,
    "tonality": 0.392177075148
}