{
    "name": "6ce42228",
    "x": 32.54304504394531,
    "y": -3.5123579502105713,
    "loudness": 0.651622354984,
    "raspiness": 0.282688617706,
    "color": 42.2549972534,
    "location": 2886.3112793,
    "stability": 0.549431622028,
    "tonality": 0.486012727022
}