{
    "name": "6ce42228",
    "x": 31.692214965820312,
    "y": -3.068427801132202,
    "loudness": 0.651622354984,
    "raspiness": 0.282688617706,
    "color": 42.2549972534,
    "location": 53.7244011534796,
    "stability": 0.549431622028,
    "tonality": 0.486012727022
}