{
    "name": "6ce430d2",
    "x": -12.587224960327148,
    "y": 39.454654693603516,
    "loudness": 0.85852175951,
    "raspiness": 0.048423089087,
    "color": 20.9406356812,
    "location": 34.431099464728106,
    "stability": 0.757793426514,
    "tonality": 0.392177075148
}