{
    "name": "6ce9cbde",
    "x": 17.91259765625,
    "y": 11.213544845581055,
    "loudness": 0.964408397675,
    "raspiness": 0.176858007908,
    "color": 15.3620147705,
    "location": 50.19614116533262,
    "stability": 0.474573403597,
    "tonality": 0.413633823395
}