{
    "name": "6ceab67a",
    "x": -43.730167388916016,
    "y": 12.616751670837402,
    "loudness": 0.923584759235,
    "raspiness": 0.0382625870407,
    "color": 17.794462204,
    "location": 28.36893132721076,
    "stability": 0.578346550465,
    "tonality": 0.296791881323
}