{
    "name": "6cf01b03",
    "x": -12.305304527282715,
    "y": -4.437196731567383,
    "loudness": 0.939212083817,
    "raspiness": 0.0119191082194,
    "color": 31.8755779266,
    "location": 28.758654013426984,
    "stability": 0.200712651014,
    "tonality": 0.463928937912
}