{
    "name": "6cf01b03",
    "x": -13.319796562194824,
    "y": -8.599275588989258,
    "loudness": 0.939212083817,
    "raspiness": 0.0119191082194,
    "color": 31.8755779266,
    "location": 827.060180664,
    "stability": 0.200712651014,
    "tonality": 0.463928937912
}