{
    "name": "6cfd79c3",
    "x": -16.103269577026367,
    "y": 21.173770904541016,
    "loudness": 0.976598739624,
    "raspiness": 0.0100911455229,
    "color": 14.5706758499,
    "location": 322.852630615,
    "stability": 0.480433136225,
    "tonality": 0.460002243519
}