{
    "name": "6d01bc2c",
    "x": 1.0230755805969238,
    "y": 9.244550704956055,
    "loudness": 0.99068403244,
    "raspiness": 0.0284790042788,
    "color": 7.89346218109,
    "location": 625.444213867,
    "stability": 0.529949426651,
    "tonality": 0.442295461893
}