{
    "name": "6d01bc2c",
    "x": -21.03156089782715,
    "y": 29.699907302856445,
    "loudness": 0.99068403244,
    "raspiness": 0.0284790042788,
    "color": 7.89346218109,
    "location": 625.444213867,
    "stability": 0.529949426651,
    "tonality": 0.442295461893
}