{
    "name": "6d01bc2c",
    "x": -13.21113395690918,
    "y": 24.291242599487305,
    "loudness": 0.99068403244,
    "raspiness": 0.0284790042788,
    "color": 7.89346218109,
    "location": 25.008882699293068,
    "stability": 0.529949426651,
    "tonality": 0.442295461893
}