{
    "name": "6d10d700",
    "x": 34.574256896972656,
    "y": -1.1360639333724976,
    "loudness": 0.99068403244,
    "raspiness": 0.230437040329,
    "color": 221.301361084,
    "location": 2582.73535156,
    "stability": 0.527056515217,
    "tonality": 0.491596460342
}