{
    "name": "6d15afe2",
    "x": 32.04459762573242,
    "y": 21.786828994750977,
    "loudness": 0.99068403244,
    "raspiness": 0.16339789331,
    "color": 4.31301689148,
    "location": 2329.87646484,
    "stability": 0.628291726112,
    "tonality": 0.47215116024
}