{
    "name": "6d1e1e67",
    "x": 28.026514053344727,
    "y": 29.353439331054688,
    "loudness": 0.808296382427,
    "raspiness": 0.109915323555,
    "color": 25.6949329376,
    "location": 1932.91699219,
    "stability": 0.731440067291,
    "tonality": 0.483431696892
}