{
    "name": "6d1e1e67",
    "x": 26.50715446472168,
    "y": 28.088315963745117,
    "loudness": 0.808296382427,
    "raspiness": 0.109915323555,
    "color": 25.6949329376,
    "location": 43.964951861568096,
    "stability": 0.731440067291,
    "tonality": 0.483431696892
}