{
    "name": "6d1e1e67",
    "x": 6.07242488861084,
    "y": 11.14289665222168,
    "loudness": 0.808296382427,
    "raspiness": 0.109915323555,
    "color": 25.6949329376,
    "location": 1932.91699219,
    "stability": 0.731440067291,
    "tonality": 0.483431696892
}