{
    "name": "6d21ad67",
    "x": -34.22744369506836,
    "y": -8.44677734375,
    "loudness": 0.988842725754,
    "raspiness": 0.011296347715,
    "color": 14.1991529465,
    "location": 20.359651553427923,
    "stability": 0.224051937461,
    "tonality": 0.308440178633
}