{
    "name": "6d36591b",
    "x": -26.247713088989258,
    "y": -19.163360595703125,
    "loudness": 0.183435291052,
    "raspiness": 0.0274340491742,
    "color": 4.2190451622,
    "location": 23.72822938250977,
    "stability": 0.383953988552,
    "tonality": 0.243241712451
}