{
    "name": "6d36591b",
    "x": -24.798778533935547,
    "y": -30.615245819091797,
    "loudness": 0.183435291052,
    "raspiness": 0.0274340491742,
    "color": 4.2190451622,
    "location": 563.028869629,
    "stability": 0.383953988552,
    "tonality": 0.243241712451
}