{
    "name": "6d36f4e4",
    "x": -34.8157958984375,
    "y": -5.22505521774292,
    "loudness": 0.960860908031,
    "raspiness": 0.00883987918496,
    "color": 8.93400764465,
    "location": 13.410955568042123,
    "stability": 0.29024580121,
    "tonality": 0.31319797039
}