{
    "name": "6d36f4e4",
    "x": -36.20406723022461,
    "y": -14.835774421691895,
    "loudness": 0.960860908031,
    "raspiness": 0.00883987918496,
    "color": 8.93400764465,
    "location": 179.853729248,
    "stability": 0.29024580121,
    "tonality": 0.31319797039
}