{
    "name": "6d3722db",
    "x": -22.92972183227539,
    "y": -9.408868789672852,
    "loudness": 0.756589055061,
    "raspiness": 0.0137355634943,
    "color": 4.78456640244,
    "location": 640.889770508,
    "stability": 0.239946991205,
    "tonality": 0.382064312696
}