{
    "name": "6d3e8659",
    "x": 22.133968353271484,
    "y": -0.39655381441116333,
    "loudness": 0.657801568508,
    "raspiness": 0.182009547949,
    "color": 23.3865699768,
    "location": 2663.07763672,
    "stability": 0.526166379452,
    "tonality": 0.474458962679
}