{
    "name": "6d4fca1c",
    "x": -12.675664901733398,
    "y": 0.7606695890426636,
    "loudness": 0.936683833599,
    "raspiness": 0.00865915603936,
    "color": 27.6621417999,
    "location": 716.619934082,
    "stability": 0.305180042982,
    "tonality": 0.471518009901
}