{
    "name": "6d52f8c1",
    "x": -1.253740668296814,
    "y": -4.180100917816162,
    "loudness": 0.473808139563,
    "raspiness": 0.0262730009854,
    "color": 65.797706604,
    "location": 27.151736535164744,
    "stability": 0.470528274775,
    "tonality": 0.465534389019
}