{
    "name": "6d5abee4",
    "x": 6.556282043457031,
    "y": 9.329917907714844,
    "loudness": 0.99068403244,
    "raspiness": 0.115417480469,
    "color": 12.955286026,
    "location": 2733.28295898,
    "stability": 0.614397823811,
    "tonality": 0.470346182585
}