{
    "name": "6d5abee4",
    "x": 26.067264556884766,
    "y": 18.86664581298828,
    "loudness": 0.99068403244,
    "raspiness": 0.115417480469,
    "color": 12.955286026,
    "location": 52.280808706254724,
    "stability": 0.614397823811,
    "tonality": 0.470346182585
}