{
    "name": "6d717c18",
    "x": 37.555938720703125,
    "y": -19.964035034179688,
    "loudness": 0.780310750008,
    "raspiness": 0.42243540287,
    "color": 1888.52770996,
    "location": 71.18802471820665,
    "stability": 0.553677558899,
    "tonality": 0.493554294109
}