{
    "name": "6d8620e6",
    "x": 27.316781997680664,
    "y": 7.345851421356201,
    "loudness": 0.99068403244,
    "raspiness": 0.205043852329,
    "color": 16.4064731598,
    "location": 51.8443739602476,
    "stability": 0.51360231638,
    "tonality": 0.459165543318
}