{
    "name": "6d9019ba",
    "x": 29.722278594970703,
    "y": 15.993203163146973,
    "loudness": 0.99068403244,
    "raspiness": 0.215966790915,
    "color": 115.706672668,
    "location": 1879.39306641,
    "stability": 0.576214849949,
    "tonality": 0.465091913939
}