{
    "name": "6d9b63eb",
    "x": -22.5317325592041,
    "y": 41.9524040222168,
    "loudness": 0.99068403244,
    "raspiness": 0.0632073804736,
    "color": 32.5723953247,
    "location": 1327.24938965,
    "stability": 0.681258678436,
    "tonality": 0.397616118193
}