{
    "name": "6d9e7052",
    "x": 4.796992778778076,
    "y": 2.7414705753326416,
    "loudness": 0.146078839898,
    "raspiness": 0.0566756501794,
    "color": 13.7111434937,
    "location": 1237.70117188,
    "stability": 0.73566454649,
    "tonality": 0.483373641968
}