{
    "name": "6d9e7052",
    "x": 11.464964866638184,
    "y": -20.901334762573242,
    "loudness": 0.146078839898,
    "raspiness": 0.0566756501794,
    "color": 13.7111434937,
    "location": 35.18097741507476,
    "stability": 0.73566454649,
    "tonality": 0.483373641968
}