{
    "name": "6da3d596",
    "x": 47.05087661743164,
    "y": 5.032748699188232,
    "loudness": 0.99068403244,
    "raspiness": 0.225608125329,
    "color": 19.6238880157,
    "location": 63.9991283357047,
    "stability": 0.729467749596,
    "tonality": 0.488631755114
}