{
    "name": "6daab86c",
    "x": -4.265361785888672,
    "y": 8.229788780212402,
    "loudness": 0.939825534821,
    "raspiness": 0.032328762114,
    "color": 10.7161779404,
    "location": 786.296325684,
    "stability": 0.424968391657,
    "tonality": 0.307736754417
}