{
    "name": "6daab86c",
    "x": -38.86558151245117,
    "y": 2.560809373855591,
    "loudness": 0.939825534821,
    "raspiness": 0.032328762114,
    "color": 10.7161779404,
    "location": 28.040975833305087,
    "stability": 0.424968391657,
    "tonality": 0.307736754417
}