{
    "name": "6dc4e733",
    "x": 47.2736701965332,
    "y": -3.3067612648010254,
    "loudness": 0.970406651497,
    "raspiness": 0.272218674421,
    "color": 111.639183044,
    "location": 3815.44873047,
    "stability": 0.711892843246,
    "tonality": 0.49014043808
}