{
    "name": "6dc4e733",
    "x": 46.41836166381836,
    "y": -1.2266888618469238,
    "loudness": 0.970406651497,
    "raspiness": 0.272218674421,
    "color": 111.639183044,
    "location": 61.76931868225519,
    "stability": 0.711892843246,
    "tonality": 0.49014043808
}