{
    "name": "6dc525e7",
    "x": 5.761595726013184,
    "y": 9.224761962890625,
    "loudness": 0.99068403244,
    "raspiness": 0.126323089004,
    "color": 9.70553302765,
    "location": 1948.15917969,
    "stability": 0.576871216297,
    "tonality": 0.475744903088
}