{
    "name": "6dc89ee7",
    "x": 0.5295435786247253,
    "y": -22.7816219329834,
    "loudness": 0.00842808000743,
    "raspiness": 0.0144620705396,
    "color": 6.18683767319,
    "location": 20.03298366619411,
    "stability": 0.52896887064,
    "tonality": 0.458032131195
}