{
    "name": "6dc89ee7",
    "x": -1.4295645952224731,
    "y": -25.130369186401367,
    "loudness": 0.00842808000743,
    "raspiness": 0.0144620705396,
    "color": 6.18683767319,
    "location": 401.32043457,
    "stability": 0.52896887064,
    "tonality": 0.458032131195
}