{
    "name": "6dcdddab",
    "x": 7.5972442626953125,
    "y": 8.283048629760742,
    "loudness": 0.986705362797,
    "raspiness": 0.164629936218,
    "color": 18.686126709,
    "location": 3238.87280273,
    "stability": 0.570290923119,
    "tonality": 0.490276426077
}