{
    "name": "6dcdddab",
    "x": 32.435035705566406,
    "y": 10.957840919494629,
    "loudness": 0.986705362797,
    "raspiness": 0.164629936218,
    "color": 18.686126709,
    "location": 3238.87280273,
    "stability": 0.570290923119,
    "tonality": 0.490276426077
}