{
    "name": "6dcdddab",
    "x": 31.033611297607422,
    "y": 8.154706954956055,
    "loudness": 0.986705362797,
    "raspiness": 0.164629936218,
    "color": 18.686126709,
    "location": 56.91109560296656,
    "stability": 0.570290923119,
    "tonality": 0.490276426077
}