{
    "name": "6dd8c59b",
    "x": -13.071535110473633,
    "y": 5.9883317947387695,
    "loudness": 0.99068403244,
    "raspiness": 0.033480938524,
    "color": 26.2310199738,
    "location": 947.150817871,
    "stability": 0.333690881729,
    "tonality": 0.457059681416
}