{
    "name": "6ddfdcfd",
    "x": 2.260704278945923,
    "y": 10.300960540771484,
    "loudness": 0.895628631115,
    "raspiness": 0.0472048483789,
    "color": 8.26248264313,
    "location": 989.636535645,
    "stability": 0.608447313309,
    "tonality": 0.456449538469
}