{
    "name": "6ddfdcfd",
    "x": -2.8867602348327637,
    "y": 40.88576126098633,
    "loudness": 0.895628631115,
    "raspiness": 0.0472048483789,
    "color": 8.26248264313,
    "location": 989.636535645,
    "stability": 0.608447313309,
    "tonality": 0.456449538469
}