{
    "name": "6ddfdcfd",
    "x": -1.133373498916626,
    "y": 31.526599884033203,
    "loudness": 0.895628631115,
    "raspiness": 0.0472048483789,
    "color": 8.26248264313,
    "location": 31.458489087128772,
    "stability": 0.608447313309,
    "tonality": 0.456449538469
}