{
    "name": "6de38680",
    "x": -8.773787498474121,
    "y": 6.164315223693848,
    "loudness": 0.577487170696,
    "raspiness": 0.068524248898,
    "color": 39.3479194641,
    "location": 42.63436366172245,
    "stability": 0.442994117737,
    "tonality": 0.406220763922
}