{
    "name": "6de38680",
    "x": -1.541192889213562,
    "y": 8.172163963317871,
    "loudness": 0.577487170696,
    "raspiness": 0.068524248898,
    "color": 39.3479194641,
    "location": 1817.68896484,
    "stability": 0.442994117737,
    "tonality": 0.406220763922
}