{
    "name": "6de58fec",
    "x": 17.35484504699707,
    "y": -19.919757843017578,
    "loudness": 0.021973380819,
    "raspiness": 0.124884136021,
    "color": 8.62799167633,
    "location": 46.21839608554153,
    "stability": 0.658186793327,
    "tonality": 0.475460708141
}