{
    "name": "6dea9b11",
    "x": 10.885581970214844,
    "y": 6.069556713104248,
    "loudness": 0.99068403244,
    "raspiness": 0.353979498148,
    "color": 388.040863037,
    "location": 4303.87939453,
    "stability": 0.582990646362,
    "tonality": 0.468440711498
}