{
    "name": "6df2f14c",
    "x": 3.910560369491577,
    "y": 4.908379554748535,
    "loudness": 0.512442409992,
    "raspiness": 0.111018389463,
    "color": 12.4033069611,
    "location": 2651.07861328,
    "stability": 0.371539443731,
    "tonality": 0.494440615177
}