{
    "name": "6df575aa",
    "x": -6.990842819213867,
    "y": 1.4353446960449219,
    "loudness": 0.99068403244,
    "raspiness": 0.0330810546875,
    "color": 26.8917655945,
    "location": 1510.88586426,
    "stability": 0.28455170989,
    "tonality": 0.468270599842
}