{
    "name": "6dfdf381",
    "x": -2.7303812503814697,
    "y": 14.038140296936035,
    "loudness": 0.696305572987,
    "raspiness": 0.0677458271384,
    "color": 18.2843284607,
    "location": 39.238881474119516,
    "stability": 0.545785784721,
    "tonality": 0.425955474377
}