{
    "name": "6dfd9bac",
    "x": -18.546449661254883,
    "y": 12.847495079040527,
    "loudness": 0.959060370922,
    "raspiness": 0.0703476443887,
    "color": 31.7880935669,
    "location": 41.04474710179124,
    "stability": 0.416768789291,
    "tonality": 0.393724411726
}