{
    "name": "6e028fd5",
    "x": 20.12686538696289,
    "y": -6.419256687164307,
    "loudness": 0.409339010715,
    "raspiness": 0.120027668774,
    "color": 7.87648010254,
    "location": 52.57326547010372,
    "stability": 0.675438225269,
    "tonality": 0.491516828537
}