{
    "name": "6e028fd5",
    "x": 5.589651584625244,
    "y": 3.6963863372802734,
    "loudness": 0.409339010715,
    "raspiness": 0.120027668774,
    "color": 7.87648010254,
    "location": 2763.94824219,
    "stability": 0.675438225269,
    "tonality": 0.491516828537
}