{
    "name": "6e028fd5",
    "x": 20.46002769470215,
    "y": -5.326890468597412,
    "loudness": 0.409339010715,
    "raspiness": 0.120027668774,
    "color": 7.87648010254,
    "location": 2763.94824219,
    "stability": 0.675438225269,
    "tonality": 0.491516828537
}