{
    "name": "6e09d1f2",
    "x": 16.578561782836914,
    "y": 18.476755142211914,
    "loudness": 0.99068403244,
    "raspiness": 0.0960441455245,
    "color": 8.26386070251,
    "location": 49.60663624334954,
    "stability": 0.552556931973,
    "tonality": 0.461828798056
}