{
    "name": "6e14925e",
    "x": -1.6401625871658325,
    "y": 7.7128190994262695,
    "loudness": 0.69394749403,
    "raspiness": 0.0772070065141,
    "color": 11.5457782745,
    "location": 38.61162288586171,
    "stability": 0.44672331214,
    "tonality": 0.434995263815
}