{
    "name": "6e14925e",
    "x": -5.196585178375244,
    "y": 7.339090347290039,
    "loudness": 0.69394749403,
    "raspiness": 0.0772070065141,
    "color": 11.5457782745,
    "location": 1490.85742188,
    "stability": 0.44672331214,
    "tonality": 0.434995263815
}