{
    "name": "6e18d7ed",
    "x": 46.60200881958008,
    "y": 34.36045455932617,
    "loudness": 0.99068403244,
    "raspiness": 0.112252369523,
    "color": 18.9709720612,
    "location": 2679.95825195,
    "stability": 0.882569789886,
    "tonality": 0.488076865673
}