{
    "name": "6e1f6a82",
    "x": -25.40610694885254,
    "y": -3.7145092487335205,
    "loudness": 0.975010216236,
    "raspiness": 0.00793696381152,
    "color": 15.2313365936,
    "location": 16.624580550107122,
    "stability": 0.272635281086,
    "tonality": 0.368542313576
}