{
    "name": "6e5088de",
    "x": 32.12774658203125,
    "y": -7.514852046966553,
    "loudness": 0.537994027138,
    "raspiness": 0.262816667557,
    "color": 69.442276001,
    "location": 60.36770667973068,
    "stability": 0.629665255547,
    "tonality": 0.489201754332
}