{
    "name": "6e5088de",
    "x": 32.90214920043945,
    "y": -9.395330429077148,
    "loudness": 0.537994027138,
    "raspiness": 0.262816667557,
    "color": 69.442276001,
    "location": 3644.26000977,
    "stability": 0.629665255547,
    "tonality": 0.489201754332
}