{
    "name": "6e595f4e",
    "x": 0.026858869940042496,
    "y": 11.40885066986084,
    "loudness": 0.927668631077,
    "raspiness": 0.0736141204834,
    "color": 35.4743156433,
    "location": 1643.9708252,
    "stability": 0.742287039757,
    "tonality": 0.423424482346
}