{
    "name": "6e78745c",
    "x": -6.13252067565918,
    "y": -17.611671447753906,
    "loudness": 0.230697065592,
    "raspiness": 0.0237038359046,
    "color": 14.3068666458,
    "location": 28.08500954655348,
    "stability": 0.195403978229,
    "tonality": 0.448332607746
}