{
    "name": "6e78afc3",
    "x": 3.0460641384124756,
    "y": 9.755338668823242,
    "loudness": 0.937152087688,
    "raspiness": 0.0699523314834,
    "color": 38.3989219666,
    "location": 1342.87084961,
    "stability": 0.581778109074,
    "tonality": 0.483313471079
}