{
    "name": "6e78745c",
    "x": 3.9155516624450684,
    "y": 0.7693606615066528,
    "loudness": 0.230697065592,
    "raspiness": 0.0237038359046,
    "color": 14.3068666458,
    "location": 788.76776123,
    "stability": 0.195403978229,
    "tonality": 0.448332607746
}