{
    "name": "6e7d5f74",
    "x": 4.498321056365967,
    "y": 2.648839235305786,
    "loudness": 0.132542774081,
    "raspiness": 0.0419992282987,
    "color": 5.50481700897,
    "location": 749.525634766,
    "stability": 0.730894207954,
    "tonality": 0.464245915413
}