{
    "name": "6e7ff407",
    "x": 5.625409126281738,
    "y": 10.50444507598877,
    "loudness": 0.968554735184,
    "raspiness": 0.0983246341348,
    "color": 17.0665435791,
    "location": 2312.15136719,
    "stability": 0.655091881752,
    "tonality": 0.473800212145
}