{
    "name": "6e863d5c",
    "x": 33.495731353759766,
    "y": -25.929868698120117,
    "loudness": 0.819849312305,
    "raspiness": 0.218976438046,
    "color": 958.921386719,
    "location": 2264.37182617,
    "stability": 0.590835511684,
    "tonality": 0.485018491745
}