{
    "name": "6e904024",
    "x": 17.00508689880371,
    "y": -20.926671981811523,
    "loudness": 0.0275688301772,
    "raspiness": 0.134118333459,
    "color": 30.6538333893,
    "location": 43.32549633656838,
    "stability": 0.697097957134,
    "tonality": 0.471311062574
}