{
    "name": "6e904024",
    "x": 16.64996910095215,
    "y": -17.083740234375,
    "loudness": 0.0275688301772,
    "raspiness": 0.134118333459,
    "color": 30.6538333893,
    "location": 1877.09863281,
    "stability": 0.697097957134,
    "tonality": 0.471311062574
}