{
    "name": "6e910230",
    "x": 2.42165470123291,
    "y": 4.387789249420166,
    "loudness": 0.675940513611,
    "raspiness": 0.0974415764213,
    "color": 27.4754962921,
    "location": 1843.35949707,
    "stability": 0.191131576896,
    "tonality": 0.492921382189
}