{
    "name": "6e910230",
    "x": 0.3893422782421112,
    "y": -5.283360481262207,
    "loudness": 0.675940513611,
    "raspiness": 0.0974415764213,
    "color": 27.4754962921,
    "location": 42.9343626605776,
    "stability": 0.191131576896,
    "tonality": 0.492921382189
}