{
    "name": "6ea22bc2",
    "x": -20.574512481689453,
    "y": 19.281782150268555,
    "loudness": 0.980645179749,
    "raspiness": 0.0421752929688,
    "color": 8.43319320679,
    "location": 31.13043533113535,
    "stability": 0.483324676752,
    "tonality": 0.406652569771
}