{
    "name": "6eb342ea",
    "x": -1.988667368888855,
    "y": 7.687064170837402,
    "loudness": 0.673998653889,
    "raspiness": 0.0267696175724,
    "color": 6.26771354675,
    "location": 1207.61291504,
    "stability": 0.353458195925,
    "tonality": 0.424818903208
}