{
    "name": "6eb342ea",
    "x": -12.313497543334961,
    "y": 2.1905837059020996,
    "loudness": 0.673998653889,
    "raspiness": 0.0267696175724,
    "color": 6.26771354675,
    "location": 34.75072538868793,
    "stability": 0.353458195925,
    "tonality": 0.424818903208
}