{
    "name": "6eb59008",
    "x": -1.556760311126709,
    "y": 13.830279350280762,
    "loudness": 0.99068403244,
    "raspiness": 0.0632629394531,
    "color": 6.60672330856,
    "location": 39.08470618809869,
    "stability": 0.443875133991,
    "tonality": 0.458157718182
}