{
    "name": "6eb59008",
    "x": 2.069291591644287,
    "y": 7.909693241119385,
    "loudness": 0.99068403244,
    "raspiness": 0.0632629394531,
    "color": 6.60672330856,
    "location": 1527.61425781,
    "stability": 0.443875133991,
    "tonality": 0.458157718182
}