{
    "name": "6eb60c13",
    "x": -3.2488486766815186,
    "y": 33.85099411010742,
    "loudness": 0.968600690365,
    "raspiness": 0.0735711380839,
    "color": 39.1377067566,
    "location": 40.900972193457704,
    "stability": 0.648347973824,
    "tonality": 0.428651839495
}