{
    "name": "6eb60c13",
    "x": 0.2841818034648895,
    "y": 10.541940689086914,
    "loudness": 0.968600690365,
    "raspiness": 0.0735711380839,
    "color": 39.1377067566,
    "location": 1672.88952637,
    "stability": 0.648347973824,
    "tonality": 0.428651839495
}