{
    "name": "6ebe3f62",
    "x": 40.78681182861328,
    "y": 30.620214462280273,
    "loudness": 0.8518846035,
    "raspiness": 0.135564625263,
    "color": 35.8125076294,
    "location": 2468.80444336,
    "stability": 0.801623523235,
    "tonality": 0.493187278509
}