{
    "name": "6ebe3f62",
    "x": 36.30065155029297,
    "y": 27.780344009399414,
    "loudness": 0.8518846035,
    "raspiness": 0.135564625263,
    "color": 35.8125076294,
    "location": 49.68706515140535,
    "stability": 0.801623523235,
    "tonality": 0.493187278509
}