{
    "name": "6ec2fca8",
    "x": 5.389997959136963,
    "y": 7.644463062286377,
    "loudness": 0.979918599129,
    "raspiness": 0.12783691287,
    "color": 23.9343242645,
    "location": 2581.73095703,
    "stability": 0.492388963699,
    "tonality": 0.469609111547
}