{
    "name": "6ec2fca8",
    "x": 18.258493423461914,
    "y": 8.70880126953125,
    "loudness": 0.979918599129,
    "raspiness": 0.12783691287,
    "color": 23.9343242645,
    "location": 50.81073663144434,
    "stability": 0.492388963699,
    "tonality": 0.469609111547
}