{
    "name": "6eddc708",
    "x": 7.358559608459473,
    "y": 6.968753814697266,
    "loudness": 0.99068403244,
    "raspiness": 0.164008244872,
    "color": 33.9066848755,
    "location": 3895.3215332,
    "stability": 0.404644787312,
    "tonality": 0.490399509668
}