{
    "name": "6ee9f703",
    "x": 27.08375358581543,
    "y": 28.843570709228516,
    "loudness": 0.82311052084,
    "raspiness": 0.103028818965,
    "color": 18.749288559,
    "location": 2449.34643555,
    "stability": 0.695609927177,
    "tonality": 0.460272073746
}