{
    "name": "6ee9f703",
    "x": 25.68128776550293,
    "y": 24.47311782836914,
    "loudness": 0.82311052084,
    "raspiness": 0.103028818965,
    "color": 18.749288559,
    "location": 49.49087224478873,
    "stability": 0.695609927177,
    "tonality": 0.460272073746
}