{
    "name": "6eebda32",
    "x": 3.9201879501342773,
    "y": 0.8360143303871155,
    "loudness": 0.397547543049,
    "raspiness": 0.00985054392368,
    "color": 9.0999546051,
    "location": 885.845031738,
    "stability": 0.166824191809,
    "tonality": 0.461428105831
}