{
    "name": "6eeb7d48",
    "x": 7.0102410316467285,
    "y": 8.90070915222168,
    "loudness": 0.99068403244,
    "raspiness": 0.168694749475,
    "color": 19.2729434967,
    "location": 3134.77978516,
    "stability": 0.638538062572,
    "tonality": 0.435491919518
}