{
    "name": "6eebda32",
    "x": -5.608612537384033,
    "y": -13.648324966430664,
    "loudness": 0.397547543049,
    "raspiness": 0.00985054392368,
    "color": 9.0999546051,
    "location": 29.763148888146898,
    "stability": 0.166824191809,
    "tonality": 0.461428105831
}