{
    "name": "6ef82473",
    "x": -3.148618459701538,
    "y": 8.455474853515625,
    "loudness": 0.803438127041,
    "raspiness": 0.03416422382,
    "color": 10.3318986893,
    "location": 848.723205566,
    "stability": 0.430691123009,
    "tonality": 0.341718792915
}