{
    "name": "6efbaf90",
    "x": -3.1365907192230225,
    "y": 6.947471618652344,
    "loudness": 0.99068403244,
    "raspiness": 0.04541015625,
    "color": 3.23217535019,
    "location": 851.409240723,
    "stability": 0.24060484767,
    "tonality": 0.352759718895
}