{
    "name": "6efbaf90",
    "x": -27.32007598876953,
    "y": -5.062471866607666,
    "loudness": 0.99068403244,
    "raspiness": 0.04541015625,
    "color": 3.23217535019,
    "location": 29.178917744203606,
    "stability": 0.24060484767,
    "tonality": 0.352759718895
}