{
    "name": "6efdf654",
    "x": 5.673854827880859,
    "y": 2.0570034980773926,
    "loudness": 0.0191024150699,
    "raspiness": 0.10843295604,
    "color": 6.83667182922,
    "location": 2370.69213867,
    "stability": 0.468778431416,
    "tonality": 0.486426115036
}