{
    "name": "6f02c591",
    "x": -13.81630802154541,
    "y": 44.68973159790039,
    "loudness": 0.910294413567,
    "raspiness": 0.0483661368489,
    "color": 12.0425109863,
    "location": 1174.83190918,
    "stability": 0.704185009003,
    "tonality": 0.418903470039
}