{
    "name": "6f049dbb",
    "x": 2.2630341053009033,
    "y": 0.21897082030773163,
    "loudness": 0.405585438013,
    "raspiness": 0.0485215485096,
    "color": 6.34015893936,
    "location": 1004.02514648,
    "stability": 0.241536810994,
    "tonality": 0.300390511751
}