{
    "name": "6f049dbb",
    "x": -24.544721603393555,
    "y": -15.6555814743042,
    "loudness": 0.405585438013,
    "raspiness": 0.0485215485096,
    "color": 6.34015893936,
    "location": 31.68635584096095,
    "stability": 0.241536810994,
    "tonality": 0.300390511751
}