{
    "name": "6f05d010",
    "x": 0.8368107080459595,
    "y": 8.998663902282715,
    "loudness": 0.99068403244,
    "raspiness": 0.0492730028927,
    "color": 14.0715713501,
    "location": 1451.53149414,
    "stability": 0.522782921791,
    "tonality": 0.449851185083
}