{
    "name": "6f05d010",
    "x": -3.1318390369415283,
    "y": 22.077478408813477,
    "loudness": 0.99068403244,
    "raspiness": 0.0492730028927,
    "color": 14.0715713501,
    "location": 38.098969725440085,
    "stability": 0.522782921791,
    "tonality": 0.449851185083
}