{
    "name": "6f19512b",
    "x": 24.324737548828125,
    "y": -15.097713470458984,
    "loudness": 0.190103426576,
    "raspiness": 0.216437265277,
    "color": 24.5006732941,
    "location": 53.881056159748766,
    "stability": 0.671164035797,
    "tonality": 0.473210990429
}