{
    "name": "6f19512b",
    "x": 24.277379989624023,
    "y": -17.11397933959961,
    "loudness": 0.190103426576,
    "raspiness": 0.216437265277,
    "color": 24.5006732941,
    "location": 2903.16821289,
    "stability": 0.671164035797,
    "tonality": 0.473210990429
}