{
    "name": "6f19512b",
    "x": 6.636832237243652,
    "y": 3.173025369644165,
    "loudness": 0.190103426576,
    "raspiness": 0.216437265277,
    "color": 24.5006732941,
    "location": 2903.16821289,
    "stability": 0.671164035797,
    "tonality": 0.473210990429
}