{
    "name": "6f3038f1",
    "x": 1.4263049364089966,
    "y": 8.20195484161377,
    "loudness": 0.905868887901,
    "raspiness": 0.0354751497507,
    "color": 7.98947572708,
    "location": 995.753295898,
    "stability": 0.482792794704,
    "tonality": 0.455631017685
}