{
    "name": "6f3038f1",
    "x": -5.503165245056152,
    "y": 17.11844825744629,
    "loudness": 0.905868887901,
    "raspiness": 0.0354751497507,
    "color": 7.98947572708,
    "location": 31.555558874752958,
    "stability": 0.482792794704,
    "tonality": 0.455631017685
}