{
    "name": "6f37f0d4",
    "x": 21.00412940979004,
    "y": 31.861879348754883,
    "loudness": 0.99068403244,
    "raspiness": 0.143081665039,
    "color": 11.446688652,
    "location": 1687.65478516,
    "stability": 0.649355053902,
    "tonality": 0.462099134922
}