{
    "name": "6f444e0e",
    "x": 11.197097778320312,
    "y": 6.472477436065674,
    "loudness": 0.99068403244,
    "raspiness": 0.367382824421,
    "color": 257.522277832,
    "location": 5451.58056641,
    "stability": 0.634673297405,
    "tonality": 0.495104014874
}