{
    "name": "6f444e0e",
    "x": 45.82428741455078,
    "y": -16.030241012573242,
    "loudness": 0.99068403244,
    "raspiness": 0.367382824421,
    "color": 257.522277832,
    "location": 73.83481947164223,
    "stability": 0.634673297405,
    "tonality": 0.495104014874
}