{
    "name": "6f484851",
    "x": 4.8503217697143555,
    "y": 2.764678478240967,
    "loudness": 0.150820538402,
    "raspiness": 0.0707305073738,
    "color": 13.2926387787,
    "location": 1447.84338379,
    "stability": 0.719085097313,
    "tonality": 0.479881495237
}