{
    "name": "6f484851",
    "x": 12.942251205444336,
    "y": -19.38988494873047,
    "loudness": 0.150820538402,
    "raspiness": 0.0707305073738,
    "color": 13.2926387787,
    "location": 38.05053723392089,
    "stability": 0.719085097313,
    "tonality": 0.479881495237
}