{
    "name": "6f6e15ce",
    "x": 9.203930854797363,
    "y": 7.8875603675842285,
    "loudness": 0.972491800785,
    "raspiness": 0.256714433432,
    "color": 61.7899055481,
    "location": 3367.25683594,
    "stability": 0.626901686192,
    "tonality": 0.492510378361
}