{
    "name": "6f7162b1",
    "x": -0.2380138784646988,
    "y": 4.939043045043945,
    "loudness": 0.99068403244,
    "raspiness": 0.0332970246673,
    "color": 8.99735164642,
    "location": 286.080291748,
    "stability": 0.128258764744,
    "tonality": 0.472583830357
}