{
    "name": "6f71c89b",
    "x": 0.9538172483444214,
    "y": 10.573925018310547,
    "loudness": 0.99068403244,
    "raspiness": 0.0523003488779,
    "color": 11.3549213409,
    "location": 927.018798828,
    "stability": 0.606256663799,
    "tonality": 0.420260906219
}