{
    "name": "6f8909e7",
    "x": -28.215532302856445,
    "y": 20.83168601989746,
    "loudness": 0.99068403244,
    "raspiness": 0.0587926805019,
    "color": 6.07422399521,
    "location": 30.327663129212578,
    "stability": 0.523189783096,
    "tonality": 0.371412247419
}