{
    "name": "6f8909e7",
    "x": -35.20253372192383,
    "y": 21.39910125732422,
    "loudness": 0.99068403244,
    "raspiness": 0.0587926805019,
    "color": 6.07422399521,
    "location": 919.767150879,
    "stability": 0.523189783096,
    "tonality": 0.371412247419
}