{
    "name": "6f8e7de4",
    "x": 5.430511474609375,
    "y": 9.266561508178711,
    "loudness": 0.99068403244,
    "raspiness": 0.110514320433,
    "color": 165.82762146,
    "location": 1995.26416016,
    "stability": 0.573018610477,
    "tonality": 0.475989192724
}