{
    "name": "6f8e7de4",
    "x": 16.753673553466797,
    "y": 20.22400665283203,
    "loudness": 0.99068403244,
    "raspiness": 0.110514320433,
    "color": 165.82762146,
    "location": 44.668379869433366,
    "stability": 0.573018610477,
    "tonality": 0.475989192724
}