{
    "name": "6f95f6ee",
    "x": -18.424373626708984,
    "y": 8.037775039672852,
    "loudness": 0.981701135635,
    "raspiness": 0.0108575504273,
    "color": 10.9041528702,
    "location": 15.673244853826537,
    "stability": 0.381253302097,
    "tonality": 0.425305873156
}