{
    "name": "6f96bccc",
    "x": 11.077153205871582,
    "y": 5.478604793548584,
    "loudness": 0.885422050953,
    "raspiness": 0.114058710635,
    "color": 101.746688843,
    "location": 2160.64282227,
    "stability": 0.357617765665,
    "tonality": 0.48121163249
}