{
    "name": "6f9e6ffa",
    "x": 13.545982360839844,
    "y": -30.897878646850586,
    "loudness": 0.110911130905,
    "raspiness": 0.106853343546,
    "color": 40.322101593,
    "location": 2163.25244141,
    "stability": 0.378676652908,
    "tonality": 0.483734428883
}