{
    "name": "6f9e6ffa",
    "x": 5.519122123718262,
    "y": 1.828939437866211,
    "loudness": 0.110911130905,
    "raspiness": 0.106853343546,
    "color": 40.322101593,
    "location": 2163.25244141,
    "stability": 0.378676652908,
    "tonality": 0.483734428883
}