{
    "name": "6fab1f61",
    "x": 43.96406555175781,
    "y": 13.88784122467041,
    "loudness": 0.99068403244,
    "raspiness": 0.210346415639,
    "color": 101.061042786,
    "location": 2700.98364258,
    "stability": 0.729256868362,
    "tonality": 0.487819284201
}