{
    "name": "6fab1f61",
    "x": 40.85441970825195,
    "y": 12.66370964050293,
    "loudness": 0.99068403244,
    "raspiness": 0.210346415639,
    "color": 101.061042786,
    "location": 51.97098847029947,
    "stability": 0.729256868362,
    "tonality": 0.487819284201
}