{
    "name": "6fb7bc8c",
    "x": -17.43155860900879,
    "y": -2.5351715087890625,
    "loudness": 0.444906890392,
    "raspiness": 0.073849439621,
    "color": 21.406244278,
    "location": 1437.11132812,
    "stability": 0.388142853975,
    "tonality": 0.370898663998
}