{
    "name": "6fc1cba8",
    "x": 5.709817886352539,
    "y": 18.226171493530273,
    "loudness": 0.828865289688,
    "raspiness": 0.06689453125,
    "color": 14.587023735,
    "location": 39.87360095012739,
    "stability": 0.541243433952,
    "tonality": 0.480563491583
}