{
    "name": "6fc1cba8",
    "x": 7.947597980499268,
    "y": 24.068180084228516,
    "loudness": 0.828865289688,
    "raspiness": 0.06689453125,
    "color": 14.587023735,
    "location": 1589.90405273,
    "stability": 0.541243433952,
    "tonality": 0.480563491583
}