{
    "name": "6fc9c9d5",
    "x": 8.601691246032715,
    "y": 21.16357421875,
    "loudness": 0.882966399193,
    "raspiness": 0.0744578018785,
    "color": 48.4663772583,
    "location": 41.27452070672657,
    "stability": 0.552705824375,
    "tonality": 0.482410669327
}