{
    "name": "6fc9c9d5",
    "x": 8.722199440002441,
    "y": 27.7260799407959,
    "loudness": 0.882966399193,
    "raspiness": 0.0744578018785,
    "color": 48.4663772583,
    "location": 1703.58605957,
    "stability": 0.552705824375,
    "tonality": 0.482410669327
}