{
    "name": "6fca680b",
    "x": 2.478923797607422,
    "y": 9.239946365356445,
    "loudness": 0.952268719673,
    "raspiness": 0.0690490081906,
    "color": 7.17507982254,
    "location": 1271.66540527,
    "stability": 0.539926350117,
    "tonality": 0.467592060566
}