{
    "name": "6fcb552a",
    "x": 17.32073974609375,
    "y": -10.52755355834961,
    "loudness": 0.186515584588,
    "raspiness": 0.0913377478719,
    "color": 17.4796657562,
    "location": 2069.27319336,
    "stability": 0.788123011589,
    "tonality": 0.491967320442
}