{
    "name": "6fce4d13",
    "x": -0.42857205867767334,
    "y": 8.973297119140625,
    "loudness": 0.974229812622,
    "raspiness": 0.0731862410903,
    "color": 39.3749694824,
    "location": 1757.83605957,
    "stability": 0.515760481358,
    "tonality": 0.420796245337
}