{
    "name": "6fce4d13",
    "x": -11.3875732421875,
    "y": 25.347082138061523,
    "loudness": 0.974229812622,
    "raspiness": 0.0731862410903,
    "color": 39.3749694824,
    "location": 1757.83605957,
    "stability": 0.515760481358,
    "tonality": 0.420796245337
}