{
    "name": "6fd3cd15",
    "x": -20.235572814941406,
    "y": 8.474994659423828,
    "loudness": 0.762313127518,
    "raspiness": 0.0615725293756,
    "color": 27.7116165161,
    "location": 1428.01574707,
    "stability": 0.413286209106,
    "tonality": 0.396679162979
}