{
    "name": "6fd3cd15",
    "x": -18.536611557006836,
    "y": 9.650047302246094,
    "loudness": 0.762313127518,
    "raspiness": 0.0615725293756,
    "color": 27.7116165161,
    "location": 37.789095610638796,
    "stability": 0.413286209106,
    "tonality": 0.396679162979
}