{
    "name": "6fda26fc",
    "x": 35.42797088623047,
    "y": -5.636183738708496,
    "loudness": 0.664681315422,
    "raspiness": 0.243987724185,
    "color": 198.864349365,
    "location": 60.16702622633098,
    "stability": 0.606147050858,
    "tonality": 0.495203852654
}