{
    "name": "6fda26fc",
    "x": 8.480082511901855,
    "y": 6.174422264099121,
    "loudness": 0.664681315422,
    "raspiness": 0.243987724185,
    "color": 198.864349365,
    "location": 3620.07104492,
    "stability": 0.606147050858,
    "tonality": 0.495203852654
}