{
    "name": "6fda26fc",
    "x": 35.02787399291992,
    "y": -8.056604385375977,
    "loudness": 0.664681315422,
    "raspiness": 0.243987724185,
    "color": 198.864349365,
    "location": 3620.07104492,
    "stability": 0.606147050858,
    "tonality": 0.495203852654
}