{
    "name": "6fdb913f",
    "x": -0.032498352229595184,
    "y": 9.897109985351562,
    "loudness": 0.971274018288,
    "raspiness": 0.0643504038453,
    "color": 24.3083820343,
    "location": 1320.00842285,
    "stability": 0.583687126637,
    "tonality": 0.421038001776
}