{
    "name": "6fdb913f",
    "x": -11.214212417602539,
    "y": 29.373292922973633,
    "loudness": 0.971274018288,
    "raspiness": 0.0643504038453,
    "color": 24.3083820343,
    "location": 36.3319201646431,
    "stability": 0.583687126637,
    "tonality": 0.421038001776
}