{
    "name": "6ff3911e",
    "x": 27.430866241455078,
    "y": 30.599048614501953,
    "loudness": 0.959791362286,
    "raspiness": 0.0741277933121,
    "color": 15.9192771912,
    "location": 49.22263625528401,
    "stability": 0.713212132454,
    "tonality": 0.483702272177
}