{
    "name": "6ff3911e",
    "x": 31.48392105102539,
    "y": 38.58135223388672,
    "loudness": 0.959791362286,
    "raspiness": 0.0741277933121,
    "color": 15.9192771912,
    "location": 2422.86791992,
    "stability": 0.713212132454,
    "tonality": 0.483702272177
}