{
    "name": "6ff3911e",
    "x": 6.390854835510254,
    "y": 11.067090034484863,
    "loudness": 0.959791362286,
    "raspiness": 0.0741277933121,
    "color": 15.9192771912,
    "location": 2422.86791992,
    "stability": 0.713212132454,
    "tonality": 0.483702272177
}