{
    "name": "6ff78d91",
    "x": -37.55813217163086,
    "y": 5.731924057006836,
    "loudness": 0.960795164108,
    "raspiness": 0.0107272397727,
    "color": 9.79836559296,
    "location": 277.171081543,
    "stability": 0.430638074875,
    "tonality": 0.358752310276
}