{
    "name": "6ffb293d",
    "x": -3.450260877609253,
    "y": 16.823257446289062,
    "loudness": 0.864015221596,
    "raspiness": 0.0337353758514,
    "color": 10.7158784866,
    "location": 1380.76806641,
    "stability": 0.457813352346,
    "tonality": 0.471340984106
}