{
    "name": "6ffb293d",
    "x": 2.0328354835510254,
    "y": 6.914676666259766,
    "loudness": 0.864015221596,
    "raspiness": 0.0337353758514,
    "color": 10.7158784866,
    "location": 1380.76806641,
    "stability": 0.457813352346,
    "tonality": 0.471340984106
}