{
    "name": "700f6042",
    "x": -4.2571516036987305,
    "y": 8.832518577575684,
    "loudness": 0.940449953079,
    "raspiness": 0.0138950897381,
    "color": 8.83761882782,
    "location": 418.181793213,
    "stability": 0.468528091908,
    "tonality": 0.301889896393
}