{
    "name": "702a2437",
    "x": -0.3426186144351959,
    "y": 7.977192401885986,
    "loudness": 0.99068403244,
    "raspiness": 0.0328339375556,
    "color": 4.31436681747,
    "location": 987.556091309,
    "stability": 0.419856369495,
    "tonality": 0.422448039055
}