{
    "name": "703e4244",
    "x": 1.5495460033416748,
    "y": 26.05914306640625,
    "loudness": 0.99068403244,
    "raspiness": 0.108092524111,
    "color": 11.0656137466,
    "location": 1434.27319336,
    "stability": 0.525314390659,
    "tonality": 0.449746519327
}