{
    "name": "704d6fc7",
    "x": 5.027076244354248,
    "y": 32.332969665527344,
    "loudness": 0.99068403244,
    "raspiness": 0.0589488632977,
    "color": 6.72931480408,
    "location": 1698.1484375,
    "stability": 0.552213013172,
    "tonality": 0.473025143147
}