{
    "name": "705da657",
    "x": 0.10642320662736893,
    "y": -10.461202621459961,
    "loudness": 0.356388479471,
    "raspiness": 0.035120986402,
    "color": 5.86666250229,
    "location": 24.521603148978656,
    "stability": 0.578002214432,
    "tonality": 0.443532407284
}