{
    "name": "705da657",
    "x": -3.0107290744781494,
    "y": -10.708105087280273,
    "loudness": 0.356388479471,
    "raspiness": 0.035120986402,
    "color": 5.86666250229,
    "location": 601.309020996,
    "stability": 0.578002214432,
    "tonality": 0.443532407284
}