{
    "name": "706c9a51",
    "x": -2.8069496154785156,
    "y": -31.895963668823242,
    "loudness": 0.000148619510583,
    "raspiness": 0.0539094246924,
    "color": 7.38885164261,
    "location": 866.297973633,
    "stability": 0.35186368227,
    "tonality": 0.436429560184
}