{
    "name": "708c28cd",
    "x": -4.297755241394043,
    "y": 22.512205123901367,
    "loudness": 0.99068403244,
    "raspiness": 0.05615234375,
    "color": 9.0886297226,
    "location": 1441.7956543,
    "stability": 0.475850760937,
    "tonality": 0.459595620632
}