{
    "name": "708c7991",
    "x": 3.8651652336120605,
    "y": -21.240253448486328,
    "loudness": 0.202669233084,
    "raspiness": 0.0292257349938,
    "color": 4.07061672211,
    "location": 22.298070521347807,
    "stability": 0.654634177685,
    "tonality": 0.443691492081
}