{
    "name": "70a42920",
    "x": 16.68410301208496,
    "y": 29.239755630493164,
    "loudness": 0.982305586338,
    "raspiness": 0.0993209928274,
    "color": 42.487247467,
    "location": 42.244176339112116,
    "stability": 0.637937068939,
    "tonality": 0.469877719879
}