{
    "name": "70a42920",
    "x": 17.491100311279297,
    "y": 36.918941497802734,
    "loudness": 0.982305586338,
    "raspiness": 0.0993209928274,
    "color": 42.487247467,
    "location": 1784.57043457,
    "stability": 0.637937068939,
    "tonality": 0.469877719879
}