{
    "name": "70a563c3",
    "x": 28.500669479370117,
    "y": 18.727624893188477,
    "loudness": 0.99068403244,
    "raspiness": 0.142195269465,
    "color": 28.6452655792,
    "location": 49.864685062777646,
    "stability": 0.636197507381,
    "tonality": 0.471844553947
}