{
    "name": "70a8869f",
    "x": -16.547367095947266,
    "y": 14.742182731628418,
    "loudness": 0.972408890724,
    "raspiness": 0.081440769136,
    "color": 3.05327582359,
    "location": 32.65642755630199,
    "stability": 0.437022775412,
    "tonality": 0.408825308084
}