{
    "name": "70a8869f",
    "x": -0.3618788421154022,
    "y": 8.38801383972168,
    "loudness": 0.972408890724,
    "raspiness": 0.081440769136,
    "color": 3.05327582359,
    "location": 1066.44226074,
    "stability": 0.437022775412,
    "tonality": 0.408825308084
}