{
    "name": "70b55fc4",
    "x": -30.43707847595215,
    "y": 7.48463773727417,
    "loudness": 0.99068403244,
    "raspiness": 0.0218912754208,
    "color": 5.49146032333,
    "location": 24.26213226433324,
    "stability": 0.408080071211,
    "tonality": 0.361844718456
}