{
    "name": "70b55fc4",
    "x": -37.070186614990234,
    "y": 3.6318159103393555,
    "loudness": 0.99068403244,
    "raspiness": 0.0218912754208,
    "color": 5.49146032333,
    "location": 588.651062012,
    "stability": 0.408080071211,
    "tonality": 0.361844718456
}