{
    "name": "70b68ba0",
    "x": 44.712066650390625,
    "y": 31.577064514160156,
    "loudness": 0.969079315662,
    "raspiness": 0.132288843393,
    "color": 14.3667831421,
    "location": 2597.76757812,
    "stability": 0.767152309418,
    "tonality": 0.491817742586
}