{
    "name": "70b68ba0",
    "x": 38.80785369873047,
    "y": 26.425092697143555,
    "loudness": 0.969079315662,
    "raspiness": 0.132288843393,
    "color": 14.3667831421,
    "location": 50.968299737385784,
    "stability": 0.767152309418,
    "tonality": 0.491817742586
}