{
    "name": "70b68ba0",
    "x": 7.423975467681885,
    "y": 11.027690887451172,
    "loudness": 0.969079315662,
    "raspiness": 0.132288843393,
    "color": 14.3667831421,
    "location": 2597.76757812,
    "stability": 0.767152309418,
    "tonality": 0.491817742586
}