{
    "name": "70c00511",
    "x": -2.9089744091033936,
    "y": 9.97076416015625,
    "loudness": 0.967022418976,
    "raspiness": 0.0384013205767,
    "color": 33.0601768494,
    "location": 845.331176758,
    "stability": 0.591150105,
    "tonality": 0.358394145966
}