{
    "name": "70c00511",
    "x": -40.2303352355957,
    "y": 24.181533813476562,
    "loudness": 0.967022418976,
    "raspiness": 0.0384013205767,
    "color": 33.0601768494,
    "location": 845.331176758,
    "stability": 0.591150105,
    "tonality": 0.358394145966
}