{
    "name": "70c6e930",
    "x": 5.357329845428467,
    "y": 3.76802134513855,
    "loudness": 0.459784388542,
    "raspiness": 0.0743629485369,
    "color": 11.8204526901,
    "location": 1718.75817871,
    "stability": 0.751896619797,
    "tonality": 0.484024047852
}