{
    "name": "70ca9c77",
    "x": 1.6423834562301636,
    "y": 0.5747743248939514,
    "loudness": 0.0940175950527,
    "raspiness": 0.0179429650307,
    "color": 4.72460365295,
    "location": 330.311889648,
    "stability": 0.484710037708,
    "tonality": 0.234540268779
}