{
    "name": "70ca9c77",
    "x": -24.402462005615234,
    "y": -17.899826049804688,
    "loudness": 0.0940175950527,
    "raspiness": 0.0179429650307,
    "color": 4.72460365295,
    "location": 18.174484577230793,
    "stability": 0.484710037708,
    "tonality": 0.234540268779
}