{
    "name": "70d31f98",
    "x": 44.93222427368164,
    "y": -19.799165725708008,
    "loudness": 0.99068403244,
    "raspiness": 0.396484375,
    "color": 410.706176758,
    "location": 77.8496177786378,
    "stability": 0.668512225151,
    "tonality": 0.493932396173
}