{
    "name": "70d986a9",
    "x": -0.5516490936279297,
    "y": 40.84044647216797,
    "loudness": 0.85128068924,
    "raspiness": 0.0392907559872,
    "color": 20.6156387329,
    "location": 839.926452637,
    "stability": 0.65943801403,
    "tonality": 0.468644857407
}