{
    "name": "70d942a5",
    "x": 7.863207817077637,
    "y": 7.289811611175537,
    "loudness": 0.99068403244,
    "raspiness": 0.265832155943,
    "color": 16.4273986816,
    "location": 2965.32055664,
    "stability": 0.457111239433,
    "tonality": 0.484433591366
}