{
    "name": "70f22c96",
    "x": 1.388711929321289,
    "y": 9.738407135009766,
    "loudness": 0.935748875141,
    "raspiness": 0.0206661615521,
    "color": 6.01446914673,
    "location": 361.477233887,
    "stability": 0.571194827557,
    "tonality": 0.467841476202
}