{
    "name": "70f22c96",
    "x": -9.04279613494873,
    "y": 28.359607696533203,
    "loudness": 0.935748875141,
    "raspiness": 0.0206661615521,
    "color": 6.01446914673,
    "location": 19.012554638632864,
    "stability": 0.571194827557,
    "tonality": 0.467841476202
}