{
    "name": "70f7a5e4",
    "x": 9.690696716308594,
    "y": -20.346878051757812,
    "loudness": 0.0468023307621,
    "raspiness": 0.062633253634,
    "color": 14.4612941742,
    "location": 1439.26672363,
    "stability": 0.618681967258,
    "tonality": 0.47456908226
}