{
    "name": "70f8f833",
    "x": 6.277493476867676,
    "y": 12.143495559692383,
    "loudness": 0.92674100399,
    "raspiness": 0.090582691133,
    "color": 29.1658287048,
    "location": 2039.3425293,
    "stability": 0.795491874218,
    "tonality": 0.492980331182
}