{
    "name": "70f8f833",
    "x": 32.540626525878906,
    "y": 37.75355911254883,
    "loudness": 0.92674100399,
    "raspiness": 0.090582691133,
    "color": 29.1658287048,
    "location": 45.15908025303438,
    "stability": 0.795491874218,
    "tonality": 0.492980331182
}