{
    "name": "70f8cdfa",
    "x": -16.97758674621582,
    "y": -10.00545883178711,
    "loudness": 0.99068403244,
    "raspiness": 0.00598538294435,
    "color": 22.7768001556,
    "location": 10.035933212412287,
    "stability": 0.0594472400844,
    "tonality": 0.442205250263
}