{
    "name": "70f8a784",
    "x": 33.4723014831543,
    "y": -8.388875007629395,
    "loudness": 0.99068403244,
    "raspiness": 0.187554255128,
    "color": 377.322052002,
    "location": 68.60479338778013,
    "stability": 0.399468004704,
    "tonality": 0.493576407433
}