{
    "name": "70f8cdfa",
    "x": -0.5277955532073975,
    "y": 4.995925426483154,
    "loudness": 0.99068403244,
    "raspiness": 0.00598538294435,
    "color": 22.7768001556,
    "location": 100.719955444,
    "stability": 0.0594472400844,
    "tonality": 0.442205250263
}