{
    "name": "70fb1d65",
    "x": 6.46188497543335,
    "y": 11.113595962524414,
    "loudness": 0.687548875809,
    "raspiness": 0.126295402646,
    "color": 13.752122879,
    "location": 2696.78466797,
    "stability": 0.717789709568,
    "tonality": 0.489407449961
}