{
    "name": "70fb1d65",
    "x": 30.76059341430664,
    "y": 18.45282745361328,
    "loudness": 0.687548875809,
    "raspiness": 0.126295402646,
    "color": 13.752122879,
    "location": 2696.78466797,
    "stability": 0.717789709568,
    "tonality": 0.489407449961
}