{
    "name": "70fe372a",
    "x": -37.38097381591797,
    "y": 21.627973556518555,
    "loudness": 0.99068403244,
    "raspiness": 0.0421142578125,
    "color": 18.4940814972,
    "location": 29.76178411898386,
    "stability": 0.621984064579,
    "tonality": 0.334364831448
}