{
    "name": "70fe372a",
    "x": -46.3580322265625,
    "y": 19.29454803466797,
    "loudness": 0.99068403244,
    "raspiness": 0.0421142578125,
    "color": 18.4940814972,
    "location": 885.763793945,
    "stability": 0.621984064579,
    "tonality": 0.334364831448
}