{
    "name": "710d8919",
    "x": -1.1340088844299316,
    "y": 10.825106620788574,
    "loudness": 0.957903623581,
    "raspiness": 0.044802416116,
    "color": 38.646446228,
    "location": 976.225708008,
    "stability": 0.659016430378,
    "tonality": 0.36359462142
}