{
    "name": "713e5ec0",
    "x": -1.5715413093566895,
    "y": 8.33522891998291,
    "loudness": 0.93063634634,
    "raspiness": 0.115219205618,
    "color": 55.9913215637,
    "location": 1478.29980469,
    "stability": 0.421830505133,
    "tonality": 0.367504924536
}