{
    "name": "715acdb3",
    "x": 30.3214168548584,
    "y": -12.45206356048584,
    "loudness": 0.19321218133,
    "raspiness": 0.347333848476,
    "color": 85.1415786743,
    "location": 61.37092057790888,
    "stability": 0.59513515234,
    "tonality": 0.489248722792
}