{
    "name": "715acdb3",
    "x": 31.5384578704834,
    "y": -19.904014587402344,
    "loudness": 0.19321218133,
    "raspiness": 0.347333848476,
    "color": 85.1415786743,
    "location": 3766.38989258,
    "stability": 0.59513515234,
    "tonality": 0.489248722792
}