{
    "name": "715b902f",
    "x": -5.87370491027832,
    "y": 4.382081031799316,
    "loudness": 0.979822337627,
    "raspiness": 0.0429866462946,
    "color": 19.5977516174,
    "location": 1332.0838623,
    "stability": 0.323880493641,
    "tonality": 0.478480607271
}