{
    "name": "715b902f",
    "x": -5.415244102478027,
    "y": 2.5884201526641846,
    "loudness": 0.979822337627,
    "raspiness": 0.0429866462946,
    "color": 19.5977516174,
    "location": 36.49772407013895,
    "stability": 0.323880493641,
    "tonality": 0.478480607271
}