{
    "name": "715f247f",
    "x": 4.3345746994018555,
    "y": 1.4172430038452148,
    "loudness": 0.201362863183,
    "raspiness": 0.0293665472418,
    "color": 13.2878847122,
    "location": 1368.39953613,
    "stability": 0.367778420448,
    "tonality": 0.474615752697
}