{
    "name": "715f247f",
    "x": 0.06332828104496002,
    "y": -14.884312629699707,
    "loudness": 0.201362863183,
    "raspiness": 0.0293665472418,
    "color": 13.2878847122,
    "location": 36.99188473341146,
    "stability": 0.367778420448,
    "tonality": 0.474615752697
}