{
    "name": "716e4cae",
    "x": 15.422545433044434,
    "y": 11.149710655212402,
    "loudness": 0.606579303741,
    "raspiness": 0.0807434096932,
    "color": 11.1482334137,
    "location": 41.696796072720026,
    "stability": 0.672507882118,
    "tonality": 0.487566381693
}