{
    "name": "716e4cae",
    "x": 17.63547134399414,
    "y": 15.322033882141113,
    "loudness": 0.606579303741,
    "raspiness": 0.0807434096932,
    "color": 11.1482334137,
    "location": 1738.62280273,
    "stability": 0.672507882118,
    "tonality": 0.487566381693
}