{
    "name": "71a362ec",
    "x": -4.5314812660217285,
    "y": 7.038644313812256,
    "loudness": 0.983643352985,
    "raspiness": 0.0186733361334,
    "color": 19.2179889679,
    "location": 475.373931885,
    "stability": 0.16032962501,
    "tonality": 0.287401854992
}