{
    "name": "71a45cb8",
    "x": 30.405620574951172,
    "y": 32.50074768066406,
    "loudness": 0.99068403244,
    "raspiness": 0.110610961914,
    "color": 15.8193950653,
    "location": 2340.19897461,
    "stability": 0.661513745785,
    "tonality": 0.492472857237
}