{
    "name": "71a45cb8",
    "x": 6.377085208892822,
    "y": 10.459433555603027,
    "loudness": 0.99068403244,
    "raspiness": 0.110610961914,
    "color": 15.8193950653,
    "location": 2340.19897461,
    "stability": 0.661513745785,
    "tonality": 0.492472857237
}