{
    "name": "71a45cb8",
    "x": 27.236373901367188,
    "y": 26.199077606201172,
    "loudness": 0.99068403244,
    "raspiness": 0.110610961914,
    "color": 15.8193950653,
    "location": 48.37560309298479,
    "stability": 0.661513745785,
    "tonality": 0.492472857237
}