{
    "name": "71b6d6c9",
    "x": -8.752403259277344,
    "y": 2.3544209003448486,
    "loudness": 0.972507596016,
    "raspiness": 0.0357864238322,
    "color": 13.691192627,
    "location": 32.363605394022464,
    "stability": 0.323374718428,
    "tonality": 0.47144767642
}