{
    "name": "71c58e84",
    "x": -3.9981677532196045,
    "y": 9.658687591552734,
    "loudness": 0.983962893486,
    "raspiness": 0.04703855142,
    "color": 16.0269565582,
    "location": 780.03314209,
    "stability": 0.55467748642,
    "tonality": 0.299250900745
}