{
    "name": "71c58e84",
    "x": -49.979835510253906,
    "y": 7.475155353546143,
    "loudness": 0.983962893486,
    "raspiness": 0.04703855142,
    "color": 16.0269565582,
    "location": 780.03314209,
    "stability": 0.55467748642,
    "tonality": 0.299250900745
}