{
    "name": "71c58e84",
    "x": -43.10985565185547,
    "y": 12.211028099060059,
    "loudness": 0.983962893486,
    "raspiness": 0.04703855142,
    "color": 16.0269565582,
    "location": 27.929073419825443,
    "stability": 0.55467748642,
    "tonality": 0.299250900745
}