{
    "name": "71c6451f",
    "x": -23.39315414428711,
    "y": 22.577180862426758,
    "loudness": 0.958028912544,
    "raspiness": 0.0725491419435,
    "color": 23.9138469696,
    "location": 1595.7722168,
    "stability": 0.489465326071,
    "tonality": 0.393837481737
}