{
    "name": "71c6451f",
    "x": -18.136762619018555,
    "y": 19.22561264038086,
    "loudness": 0.958028912544,
    "raspiness": 0.0725491419435,
    "color": 23.9138469696,
    "location": 39.947117753349865,
    "stability": 0.489465326071,
    "tonality": 0.393837481737
}