{
    "name": "71ccd45e",
    "x": 6.475232124328613,
    "y": 9.369682312011719,
    "loudness": 0.962864995003,
    "raspiness": 0.128179654479,
    "color": 36.0789337158,
    "location": 2298.83398438,
    "stability": 0.606925606728,
    "tonality": 0.474311441183
}