{
    "name": "71cf40e4",
    "x": 7.0987868309021,
    "y": 25.297489166259766,
    "loudness": 0.970427274704,
    "raspiness": 0.108749240637,
    "color": 33.0931587219,
    "location": 2377.56152344,
    "stability": 0.537861645222,
    "tonality": 0.425684303045
}