{
    "name": "71cf40e4",
    "x": 11.321148872375488,
    "y": 18.401538848876953,
    "loudness": 0.970427274704,
    "raspiness": 0.108749240637,
    "color": 33.0931587219,
    "location": 48.76024531767657,
    "stability": 0.537861645222,
    "tonality": 0.425684303045
}