{
    "name": "71e52061",
    "x": -6.1939239501953125,
    "y": -3.872406244277954,
    "loudness": 0.961765229702,
    "raspiness": 0.0657430589199,
    "color": 42.8606109619,
    "location": 41.42202234983222,
    "stability": 0.170083388686,
    "tonality": 0.463785022497
}