{
    "name": "71e52061",
    "x": -5.279345512390137,
    "y": -3.9442923069000244,
    "loudness": 0.961765229702,
    "raspiness": 0.0657430589199,
    "color": 42.8606109619,
    "location": 1715.78393555,
    "stability": 0.170083388686,
    "tonality": 0.463785022497
}