{
    "name": "71ed6f46",
    "x": -35.47075653076172,
    "y": 6.098563194274902,
    "loudness": 0.821267664433,
    "raspiness": 0.038251504302,
    "color": 13.5566158295,
    "location": 1041.94067383,
    "stability": 0.486009985209,
    "tonality": 0.354766398668
}