{
    "name": "71ed6f46",
    "x": -31.181262969970703,
    "y": 11.661407470703125,
    "loudness": 0.821267664433,
    "raspiness": 0.038251504302,
    "color": 13.5566158295,
    "location": 32.27910584000121,
    "stability": 0.486009985209,
    "tonality": 0.354766398668
}