{
    "name": "71f098be",
    "x": 18.559335708618164,
    "y": 32.616729736328125,
    "loudness": 0.960890769958,
    "raspiness": 0.121758945286,
    "color": 50.8826675415,
    "location": 1712.11022949,
    "stability": 0.615414381027,
    "tonality": 0.473332732916
}