{
    "name": "71f098be",
    "x": 18.143247604370117,
    "y": 25.979942321777344,
    "loudness": 0.960890769958,
    "raspiness": 0.121758945286,
    "color": 50.8826675415,
    "location": 41.37765374559075,
    "stability": 0.615414381027,
    "tonality": 0.473332732916
}