{
    "name": "71f098be",
    "x": 5.364360332489014,
    "y": 9.846355438232422,
    "loudness": 0.960890769958,
    "raspiness": 0.121758945286,
    "color": 50.8826675415,
    "location": 1712.11022949,
    "stability": 0.615414381027,
    "tonality": 0.473332732916
}