{
    "name": "71f2b82b",
    "x": 4.523138046264648,
    "y": 32.379451751708984,
    "loudness": 0.853072106838,
    "raspiness": 0.0530238412321,
    "color": 4.53676319122,
    "location": 35.00567755293418,
    "stability": 0.649883329868,
    "tonality": 0.470016747713
}