{
    "name": "71fbfed6",
    "x": 14.456018447875977,
    "y": 8.999848365783691,
    "loudness": 0.99068403244,
    "raspiness": 0.126598015428,
    "color": 14.7180805206,
    "location": 47.943132410283745,
    "stability": 0.461303144693,
    "tonality": 0.467257529497
}