{
    "name": "71fb2237",
    "x": 6.174709320068359,
    "y": 12.152214050292969,
    "loudness": 0.915836036205,
    "raspiness": 0.0890502929688,
    "color": 23.9623432159,
    "location": 1914.18640137,
    "stability": 0.774035692215,
    "tonality": 0.491808593273
}