{
    "name": "71fbfed6",
    "x": 4.678743362426758,
    "y": 7.53024959564209,
    "loudness": 0.99068403244,
    "raspiness": 0.126598015428,
    "color": 14.7180805206,
    "location": 2298.54394531,
    "stability": 0.461303144693,
    "tonality": 0.467257529497
}