{
    "name": "71fb2237",
    "x": 28.754501342773438,
    "y": 37.72878646850586,
    "loudness": 0.915836036205,
    "raspiness": 0.0890502929688,
    "color": 23.9623432159,
    "location": 43.75141599274245,
    "stability": 0.774035692215,
    "tonality": 0.491808593273
}