{
    "name": "721f5264",
    "x": 7.629877090454102,
    "y": 8.032758712768555,
    "loudness": 0.99068403244,
    "raspiness": 0.24527554214,
    "color": 3.32421040535,
    "location": 2650.95385742,
    "stability": 0.567473351955,
    "tonality": 0.47152787447
}