{
    "name": "721fade5",
    "x": -9.1820707321167,
    "y": 39.79342269897461,
    "loudness": 0.8673620224,
    "raspiness": 0.0712285339832,
    "color": 21.0020675659,
    "location": 37.27739430244555,
    "stability": 0.7086571455,
    "tonality": 0.40942850709
}