{
    "name": "721fade5",
    "x": 0.19534417986869812,
    "y": 11.191940307617188,
    "loudness": 0.8673620224,
    "raspiness": 0.0712285339832,
    "color": 21.0020675659,
    "location": 1389.60412598,
    "stability": 0.7086571455,
    "tonality": 0.40942850709
}