{
    "name": "725eca4f",
    "x": 4.246829986572266,
    "y": 9.681428909301758,
    "loudness": 0.99068403244,
    "raspiness": 0.0770799070597,
    "color": 19.8212757111,
    "location": 2112.91772461,
    "stability": 0.592738986015,
    "tonality": 0.445203572512
}