{
    "name": "725e4647",
    "x": 18.805679321289062,
    "y": 6.312849521636963,
    "loudness": 0.99068403244,
    "raspiness": 0.165704250336,
    "color": 29.6130256653,
    "location": 49.89901422964185,
    "stability": 0.414760708809,
    "tonality": 0.483869314194
}