{
    "name": "725e4647",
    "x": 19.426931381225586,
    "y": 9.051433563232422,
    "loudness": 0.99068403244,
    "raspiness": 0.165704250336,
    "color": 29.6130256653,
    "location": 2489.91162109,
    "stability": 0.414760708809,
    "tonality": 0.483869314194
}