{
    "name": "725eca4f",
    "x": 11.017509460449219,
    "y": 25.27300453186035,
    "loudness": 0.99068403244,
    "raspiness": 0.0770799070597,
    "color": 19.8212757111,
    "location": 45.966484797186745,
    "stability": 0.592738986015,
    "tonality": 0.445203572512
}