{
    "name": "727cc413",
    "x": 2.8653087615966797,
    "y": 9.257651329040527,
    "loudness": 0.932768821716,
    "raspiness": 0.0666411519051,
    "color": 14.070725441,
    "location": 1368.41320801,
    "stability": 0.545089900494,
    "tonality": 0.474613308907
}