{
    "name": "727cc413",
    "x": 3.353071689605713,
    "y": 23.572084426879883,
    "loudness": 0.932768821716,
    "raspiness": 0.0666411519051,
    "color": 14.070725441,
    "location": 36.99206952861654,
    "stability": 0.545089900494,
    "tonality": 0.474613308907
}