{
    "name": "727cc413",
    "x": 1.3075989484786987,
    "y": 31.457746505737305,
    "loudness": 0.932768821716,
    "raspiness": 0.0666411519051,
    "color": 14.070725441,
    "location": 1368.41320801,
    "stability": 0.545089900494,
    "tonality": 0.474613308907
}