{
    "name": "727e8840",
    "x": -23.072019577026367,
    "y": 6.393733024597168,
    "loudness": 0.831415176392,
    "raspiness": 0.0119227450341,
    "color": 7.85874462128,
    "location": 18.571102114306516,
    "stability": 0.386815369129,
    "tonality": 0.394573241472
}