{
    "name": "727f104d",
    "x": 16.039262771606445,
    "y": 38.477813720703125,
    "loudness": 0.99068403244,
    "raspiness": 0.0701270774007,
    "color": 10.9426651001,
    "location": 39.74359501517194,
    "stability": 0.692888319492,
    "tonality": 0.482992768288
}