{
    "name": "727f6a7f",
    "x": 15.498549461364746,
    "y": 31.931264877319336,
    "loudness": 0.99068403244,
    "raspiness": 0.0977486297488,
    "color": 3.77352905273,
    "location": 41.87093467908258,
    "stability": 0.659591436386,
    "tonality": 0.461488723755
}