{
    "name": "727f104d",
    "x": 4.930796146392822,
    "y": 11.380529403686523,
    "loudness": 0.99068403244,
    "raspiness": 0.0701270774007,
    "color": 10.9426651001,
    "location": 1579.55334473,
    "stability": 0.692888319492,
    "tonality": 0.482992768288
}