{
    "name": "727f6a7f",
    "x": 4.727302551269531,
    "y": 10.866318702697754,
    "loudness": 0.99068403244,
    "raspiness": 0.0977486297488,
    "color": 3.77352905273,
    "location": 1753.1751709,
    "stability": 0.659591436386,
    "tonality": 0.461488723755
}