{
    "name": "729dd65a",
    "x": -6.879273891448975,
    "y": 11.469642639160156,
    "loudness": 0.747349858284,
    "raspiness": 0.0316868461668,
    "color": 17.0350017548,
    "location": 23.19264415016106,
    "stability": 0.51432955265,
    "tonality": 0.454222738743
}