{
    "name": "72af0ac5",
    "x": 2.6003329753875732,
    "y": 5.496028900146484,
    "loudness": 0.637685239315,
    "raspiness": 0.037414252758,
    "color": 5.72318506241,
    "location": 1028.66796875,
    "stability": 0.508534371853,
    "tonality": 0.43784353137
}