{
    "name": "72af0ac5",
    "x": -7.315614223480225,
    "y": 5.933260440826416,
    "loudness": 0.637685239315,
    "raspiness": 0.037414252758,
    "color": 5.72318506241,
    "location": 1028.66796875,
    "stability": 0.508534371853,
    "tonality": 0.43784353137
}