{
    "name": "72b7eee6",
    "x": -3.588348388671875,
    "y": 8.303958892822266,
    "loudness": 0.898053944111,
    "raspiness": 0.0190208852291,
    "color": 6.41316318512,
    "location": 277.570343018,
    "stability": 0.396644204855,
    "tonality": 0.329867750406
}