{
    "name": "72d24b33",
    "x": -27.65969467163086,
    "y": 10.60130786895752,
    "loudness": 0.978230476379,
    "raspiness": 0.00879464298487,
    "color": 9.76575660706,
    "location": 254.308731079,
    "stability": 0.420378863811,
    "tonality": 0.403273046017
}