{
    "name": "72d24b33",
    "x": -0.5532795190811157,
    "y": 7.199161529541016,
    "loudness": 0.978230476379,
    "raspiness": 0.00879464298487,
    "color": 9.76575660706,
    "location": 254.308731079,
    "stability": 0.420378863811,
    "tonality": 0.403273046017
}