{
    "name": "72d24b33",
    "x": -22.36338996887207,
    "y": 10.559157371520996,
    "loudness": 0.978230476379,
    "raspiness": 0.00879464298487,
    "color": 9.76575660706,
    "location": 15.947060264481351,
    "stability": 0.420378863811,
    "tonality": 0.403273046017
}