{
    "name": "72d85cdf",
    "x": 31.582273483276367,
    "y": 20.850522994995117,
    "loudness": 0.945203900337,
    "raspiness": 0.158429577947,
    "color": 12.6002416611,
    "location": 47.21996761752384,
    "stability": 0.672543644905,
    "tonality": 0.490964591503
}