{
    "name": "72d85cdf",
    "x": 35.65793228149414,
    "y": 25.065689086914062,
    "loudness": 0.945203900337,
    "raspiness": 0.158429577947,
    "color": 12.6002416611,
    "location": 2229.7253418,
    "stability": 0.672543644905,
    "tonality": 0.490964591503
}