{
    "name": "72dd13f1",
    "x": 29.0258731842041,
    "y": 26.070497512817383,
    "loudness": 0.99068403244,
    "raspiness": 0.152602598071,
    "color": 2.91950201988,
    "location": 2062.3269043,
    "stability": 0.641746103764,
    "tonality": 0.478416025639
}