{
    "name": "72dd13f1",
    "x": 6.4350905418396,
    "y": 9.499420166015625,
    "loudness": 0.99068403244,
    "raspiness": 0.152602598071,
    "color": 2.91950201988,
    "location": 2062.3269043,
    "stability": 0.641746103764,
    "tonality": 0.478416025639
}