{
    "name": "72de958e",
    "x": 7.658471584320068,
    "y": -3.07521915435791,
    "loudness": 0.450697153807,
    "raspiness": 0.0539860799909,
    "color": 90.6694717407,
    "location": 27.26342442766499,
    "stability": 0.675996601582,
    "tonality": 0.467798233032
}