{
    "name": "72de958e",
    "x": 4.420534133911133,
    "y": 3.5511789321899414,
    "loudness": 0.450697153807,
    "raspiness": 0.0539860799909,
    "color": 90.6694717407,
    "location": 743.294311523,
    "stability": 0.675996601582,
    "tonality": 0.467798233032
}