{
    "name": "72e71cd4",
    "x": 3.363969564437866,
    "y": 1.2800993919372559,
    "loudness": 0.267443537712,
    "raspiness": 0.00710367131978,
    "color": 12.2152748108,
    "location": 229.149780273,
    "stability": 0.376922041178,
    "tonality": 0.427274167538
}