{
    "name": "72e71cd4",
    "x": -7.9619140625,
    "y": -23.56784439086914,
    "loudness": 0.267443537712,
    "raspiness": 0.00710367131978,
    "color": 12.2152748108,
    "location": 229.149780273,
    "stability": 0.376922041178,
    "tonality": 0.427274167538
}