{
    "name": "72e71cd4",
    "x": -7.219813823699951,
    "y": -16.377979278564453,
    "loudness": 0.267443537712,
    "raspiness": 0.00710367131978,
    "color": 12.2152748108,
    "location": 15.137694020986155,
    "stability": 0.376922041178,
    "tonality": 0.427274167538
}