{
    "name": "72ef8755",
    "x": 31.429841995239258,
    "y": -35.84131622314453,
    "loudness": 0.99068403244,
    "raspiness": 0.514533519745,
    "color": 3088.41088867,
    "location": 6867.80224609,
    "stability": 0.592602372169,
    "tonality": 0.493156164885
}