{
    "name": "72f47548",
    "x": 2.040881872177124,
    "y": 6.43050479888916,
    "loudness": 0.80333095789,
    "raspiness": 0.0281094629318,
    "color": 23.4316177368,
    "location": 800.917053223,
    "stability": 0.458404451609,
    "tonality": 0.469349175692
}