{
    "name": "72f54816",
    "x": 26.422353744506836,
    "y": -12.333867073059082,
    "loudness": 0.344297021627,
    "raspiness": 0.204633161426,
    "color": 8.1190662384,
    "location": 3437.49584961,
    "stability": 0.594503819942,
    "tonality": 0.487558633089
}