{
    "name": "72fe0598",
    "x": 8.634979248046875,
    "y": -29.92098045349121,
    "loudness": 0.0630546957254,
    "raspiness": 0.064534932375,
    "color": 27.9304027557,
    "location": 1785.73791504,
    "stability": 0.374609172344,
    "tonality": 0.482036501169
}