{
    "name": "731f0692",
    "x": -21.53182601928711,
    "y": -25.768598556518555,
    "loudness": 0.0602296441793,
    "raspiness": 0.0234633218497,
    "color": 10.7636909485,
    "location": 17.31420449359427,
    "stability": 0.205674171448,
    "tonality": 0.310558795929
}