{
    "name": "731f0692",
    "x": -17.661609649658203,
    "y": -38.68635177612305,
    "loudness": 0.0602296441793,
    "raspiness": 0.0234633218497,
    "color": 10.7636909485,
    "location": 299.781677246,
    "stability": 0.205674171448,
    "tonality": 0.310558795929
}