{
    "name": "731f0692",
    "x": 2.4319045543670654,
    "y": -0.1945205181837082,
    "loudness": 0.0602296441793,
    "raspiness": 0.0234633218497,
    "color": 10.7636909485,
    "location": 299.781677246,
    "stability": 0.205674171448,
    "tonality": 0.310558795929
}