{
    "name": "734a6546",
    "x": 45.23265075683594,
    "y": 34.23174285888672,
    "loudness": 0.975299417973,
    "raspiness": 0.105370439589,
    "color": 37.7961959839,
    "location": 3010.20556641,
    "stability": 0.801558673382,
    "tonality": 0.477696925402
}