{
    "name": "736ec991",
    "x": 5.21035623550415,
    "y": 11.995216369628906,
    "loudness": 0.983963251114,
    "raspiness": 0.0731018036604,
    "color": 18.9631004333,
    "location": 1662.51831055,
    "stability": 0.750227212906,
    "tonality": 0.484503805637
}