{
    "name": "736ec991",
    "x": 22.137451171875,
    "y": 41.30852508544922,
    "loudness": 0.983963251114,
    "raspiness": 0.0731018036604,
    "color": 18.9631004333,
    "location": 40.773990613502626,
    "stability": 0.750227212906,
    "tonality": 0.484503805637
}