{
    "name": "737aaa61",
    "x": -36.164371490478516,
    "y": 20.5908203125,
    "loudness": 0.835815548897,
    "raspiness": 0.0217092297971,
    "color": 9.5234041214,
    "location": 20.93959731800017,
    "stability": 0.645850419998,
    "tonality": 0.340548425913
}