{
    "name": "737a9052",
    "x": 6.60331392288208,
    "y": 10.925507545471191,
    "loudness": 0.99068403244,
    "raspiness": 0.107949897647,
    "color": 11.9468955994,
    "location": 2232.52441406,
    "stability": 0.724208056927,
    "tonality": 0.485064923763
}