{
    "name": "737a9052",
    "x": 30.482826232910156,
    "y": 30.72391128540039,
    "loudness": 0.99068403244,
    "raspiness": 0.107949897647,
    "color": 11.9468955994,
    "location": 47.24959697246104,
    "stability": 0.724208056927,
    "tonality": 0.485064923763
}