{
    "name": "737b7050",
    "x": -14.23314380645752,
    "y": 9.178173065185547,
    "loudness": 0.981663286686,
    "raspiness": 0.0116590708494,
    "color": 12.6291723251,
    "location": 474.036621094,
    "stability": 0.372902423143,
    "tonality": 0.47284629941
}