{
    "name": "737b7050",
    "x": -11.185487747192383,
    "y": 7.3407135009765625,
    "loudness": 0.981663286686,
    "raspiness": 0.0116590708494,
    "color": 12.6291723251,
    "location": 21.772382072111448,
    "stability": 0.372902423143,
    "tonality": 0.47284629941
}