{
    "name": "738d5a2b",
    "x": 24.388107299804688,
    "y": 38.690120697021484,
    "loudness": 0.955472290516,
    "raspiness": 0.0986108183861,
    "color": 9.2631816864,
    "location": 1912.49084473,
    "stability": 0.666982471943,
    "tonality": 0.485929429531
}