{
    "name": "738d5a2b",
    "x": 21.912363052368164,
    "y": 31.299297332763672,
    "loudness": 0.955472290516,
    "raspiness": 0.0986108183861,
    "color": 9.2631816864,
    "location": 43.73203453682437,
    "stability": 0.666982471943,
    "tonality": 0.485929429531
}