{
    "name": "73a8474b",
    "x": 15.815286636352539,
    "y": -3.7144739627838135,
    "loudness": 0.490326017141,
    "raspiness": 0.135478511453,
    "color": 10.823843956,
    "location": 43.81636567961793,
    "stability": 0.601438879967,
    "tonality": 0.47650873661
}