{
    "name": "73a8474b",
    "x": 5.133655071258545,
    "y": 3.5940849781036377,
    "loudness": 0.490326017141,
    "raspiness": 0.135478511453,
    "color": 10.823843956,
    "location": 1919.87390137,
    "stability": 0.601438879967,
    "tonality": 0.47650873661
}