{
    "name": "73bbabf9",
    "x": 23.318204879760742,
    "y": 8.582305908203125,
    "loudness": 0.99068403244,
    "raspiness": 0.192777186632,
    "color": 13.6839084625,
    "location": 50.00655230507299,
    "stability": 0.463891535997,
    "tonality": 0.454075545073
}