{
    "name": "73bbabf9",
    "x": 22.579042434692383,
    "y": 11.718600273132324,
    "loudness": 0.99068403244,
    "raspiness": 0.192777186632,
    "color": 13.6839084625,
    "location": 2500.65527344,
    "stability": 0.463891535997,
    "tonality": 0.454075545073
}