{
    "name": "73ca715d",
    "x": 4.768826007843018,
    "y": 10.493509292602539,
    "loudness": 0.99068403244,
    "raspiness": 0.0769418552518,
    "color": 16.1965370178,
    "location": 1850.63012695,
    "stability": 0.623362600803,
    "tonality": 0.476075828075
}