{
    "name": "73ca715d",
    "x": 14.145888328552246,
    "y": 29.712705612182617,
    "loudness": 0.99068403244,
    "raspiness": 0.0769418552518,
    "color": 16.1965370178,
    "location": 43.01895078857689,
    "stability": 0.623362600803,
    "tonality": 0.476075828075
}