{
    "name": "73ca715d",
    "x": 16.152769088745117,
    "y": 37.47731018066406,
    "loudness": 0.99068403244,
    "raspiness": 0.0769418552518,
    "color": 16.1965370178,
    "location": 1850.63012695,
    "stability": 0.623362600803,
    "tonality": 0.476075828075
}