{
    "name": "73cb3e54",
    "x": 4.350490570068359,
    "y": 3.803121328353882,
    "loudness": 0.468507707119,
    "raspiness": 0.0506859757006,
    "color": 8.07110691071,
    "location": 1605.4765625,
    "stability": 0.487224847078,
    "tonality": 0.48204895854
}