{
    "name": "73cb3e54",
    "x": 5.60919713973999,
    "y": -5.1544880867004395,
    "loudness": 0.468507707119,
    "raspiness": 0.0506859757006,
    "color": 8.07110691071,
    "location": 40.068398551726524,
    "stability": 0.487224847078,
    "tonality": 0.48204895854
}