{
    "name": "73cb3e54",
    "x": 5.328872203826904,
    "y": -5.212250232696533,
    "loudness": 0.468507707119,
    "raspiness": 0.0506859757006,
    "color": 8.07110691071,
    "location": 1605.4765625,
    "stability": 0.487224847078,
    "tonality": 0.48204895854
}