{
    "name": "73e326ec",
    "x": 6.23565673828125,
    "y": 12.156099319458008,
    "loudness": 0.920811712742,
    "raspiness": 0.093573577702,
    "color": 23.1916866302,
    "location": 1979.39575195,
    "stability": 0.787865579128,
    "tonality": 0.4913841784
}