{
    "name": "73e326ec",
    "x": 31.396343231201172,
    "y": 37.30106735229492,
    "loudness": 0.920811712742,
    "raspiness": 0.093573577702,
    "color": 23.1916866302,
    "location": 44.49040067194271,
    "stability": 0.787865579128,
    "tonality": 0.4913841784
}