{
    "name": "73e326ec",
    "x": 35.18606185913086,
    "y": 44.128135681152344,
    "loudness": 0.920811712742,
    "raspiness": 0.093573577702,
    "color": 23.1916866302,
    "location": 1979.39575195,
    "stability": 0.787865579128,
    "tonality": 0.4913841784
}