{
    "name": "73e7fd0b",
    "x": 14.795181274414062,
    "y": -12.637862205505371,
    "loudness": 0.254183530807,
    "raspiness": 0.0915241762996,
    "color": 5.00961875916,
    "location": 51.50298885822065,
    "stability": 0.539108514786,
    "tonality": 0.476862937212
}