{
    "name": "73fe5cf6",
    "x": 39.12015151977539,
    "y": 11.791211128234863,
    "loudness": 0.99068403244,
    "raspiness": 0.217740878463,
    "color": 32.6427955627,
    "location": 2714.82495117,
    "stability": 0.644399523735,
    "tonality": 0.487891674042
}