{
    "name": "73fe5cf6",
    "x": 8.105484008789062,
    "y": 8.439813613891602,
    "loudness": 0.99068403244,
    "raspiness": 0.217740878463,
    "color": 32.6427955627,
    "location": 2714.82495117,
    "stability": 0.644399523735,
    "tonality": 0.487891674042
}