{
    "name": "73fe5cf6",
    "x": 37.53792953491211,
    "y": 9.669037818908691,
    "loudness": 0.99068403244,
    "raspiness": 0.217740878463,
    "color": 32.6427955627,
    "location": 52.103982104729766,
    "stability": 0.644399523735,
    "tonality": 0.487891674042
}