{
    "name": "73ffc53f",
    "x": -45.1508903503418,
    "y": -8.300270080566406,
    "loudness": 0.961978256702,
    "raspiness": 0.0270091164857,
    "color": 12.783616066,
    "location": 569.148864746,
    "stability": 0.409788668156,
    "tonality": 0.297867447138
}