{
    "name": "73ffc53f",
    "x": -4.350301265716553,
    "y": 8.141753196716309,
    "loudness": 0.961978256702,
    "raspiness": 0.0270091164857,
    "color": 12.783616066,
    "location": 569.148864746,
    "stability": 0.409788668156,
    "tonality": 0.297867447138
}