{
    "name": "740c8837",
    "x": -14.797623634338379,
    "y": -27.244548797607422,
    "loudness": 0.0931635573506,
    "raspiness": 0.0100830076262,
    "color": 1.79815816879,
    "location": 272.000946045,
    "stability": 0.38926127553,
    "tonality": 0.344693362713
}