{
    "name": "740c8837",
    "x": -17.098718643188477,
    "y": -19.352523803710938,
    "loudness": 0.0931635573506,
    "raspiness": 0.0100830076262,
    "color": 1.79815816879,
    "location": 16.492451183647624,
    "stability": 0.38926127553,
    "tonality": 0.344693362713
}