{
    "name": "740e5bb7",
    "x": -3.1807191371917725,
    "y": 7.867734909057617,
    "loudness": 0.682129383087,
    "raspiness": 0.0238362625241,
    "color": 9.88018703461,
    "location": 705.45111084,
    "stability": 0.353528857231,
    "tonality": 0.350600391626
}