{
    "name": "743ae0f9",
    "x": 2.1955795288085938,
    "y": 5.699207782745361,
    "loudness": 0.70994758606,
    "raspiness": 0.0121152494103,
    "color": 7.14361858368,
    "location": 344.252746582,
    "stability": 0.469495117664,
    "tonality": 0.450026929379
}