{
    "name": "743ae0f9",
    "x": -8.396843910217285,
    "y": 7.685149669647217,
    "loudness": 0.70994758606,
    "raspiness": 0.0121152494103,
    "color": 7.14361858368,
    "location": 18.55404933112985,
    "stability": 0.469495117664,
    "tonality": 0.450026929379
}