{
    "name": "743c4871",
    "x": 33.84303665161133,
    "y": 25.694971084594727,
    "loudness": 0.86704736948,
    "raspiness": 0.136311009526,
    "color": 14.0217237473,
    "location": 2417.94946289,
    "stability": 0.703564524651,
    "tonality": 0.487310260534
}