{
    "name": "743c4871",
    "x": 32.28860092163086,
    "y": 22.880971908569336,
    "loudness": 0.86704736948,
    "raspiness": 0.136311009526,
    "color": 14.0217237473,
    "location": 49.17264954108127,
    "stability": 0.703564524651,
    "tonality": 0.487310260534
}