{
    "name": "744f0497",
    "x": 0.13323715329170227,
    "y": 10.82779598236084,
    "loudness": 0.99068403244,
    "raspiness": 0.168139651418,
    "color": 14.9250545502,
    "location": 1567.18286133,
    "stability": 0.767464876175,
    "tonality": 0.395719319582
}