{
    "name": "744f0497",
    "x": 5.491168975830078,
    "y": 33.51081085205078,
    "loudness": 0.99068403244,
    "raspiness": 0.168139651418,
    "color": 14.9250545502,
    "location": 39.58766046800442,
    "stability": 0.767464876175,
    "tonality": 0.395719319582
}