{
    "name": "745bec80",
    "x": 31.26712417602539,
    "y": 28.340816497802734,
    "loudness": 0.933764159679,
    "raspiness": 0.117469199002,
    "color": 9.54336738586,
    "location": 49.625750250147355,
    "stability": 0.73739439249,
    "tonality": 0.461817771196
}