{
    "name": "745db112",
    "x": -27.575523376464844,
    "y": -32.779335021972656,
    "loudness": 0.000610121991485,
    "raspiness": 0.013640823774,
    "color": 4.30052661896,
    "location": 361.160888672,
    "stability": 0.353145122528,
    "tonality": 0.182035267353
}