{
    "name": "746a24c0",
    "x": 3.2670845985412598,
    "y": 10.186441421508789,
    "loudness": 0.99068403244,
    "raspiness": 0.0413574203849,
    "color": 14.4416007996,
    "location": 1677.30578613,
    "stability": 0.613718509674,
    "tonality": 0.464738726616
}