{
    "name": "746a24c0",
    "x": 6.846549987792969,
    "y": 30.64598846435547,
    "loudness": 0.99068403244,
    "raspiness": 0.0413574203849,
    "color": 14.4416007996,
    "location": 40.95492383255034,
    "stability": 0.613718509674,
    "tonality": 0.464738726616
}