{
    "name": "747bf6fc",
    "x": -20.283432006835938,
    "y": 4.262004375457764,
    "loudness": 0.775196969509,
    "raspiness": 0.0144546236843,
    "color": 8.03956413269,
    "location": 20.176923597268242,
    "stability": 0.382416337729,
    "tonality": 0.403862893581
}