{
    "name": "747bf6fc",
    "x": -2.327711343765259,
    "y": 7.824748516082764,
    "loudness": 0.775196969509,
    "raspiness": 0.0144546236843,
    "color": 8.03956413269,
    "location": 407.10824585,
    "stability": 0.382416337729,
    "tonality": 0.403862893581
}