{
    "name": "747ca235",
    "x": 2.183124542236328,
    "y": 7.9840521812438965,
    "loudness": 0.99068403244,
    "raspiness": 0.0656072422862,
    "color": 12.710811615,
    "location": 1628.63195801,
    "stability": 0.477619558573,
    "tonality": 0.458773344755
}