{
    "name": "747ca235",
    "x": -1.537747859954834,
    "y": 22.25652313232422,
    "loudness": 0.99068403244,
    "raspiness": 0.0656072422862,
    "color": 12.710811615,
    "location": 1628.63195801,
    "stability": 0.477619558573,
    "tonality": 0.458773344755
}