{
    "name": "748c5f3b",
    "x": 3.808468818664551,
    "y": 16.937915802001953,
    "loudness": 0.989429533482,
    "raspiness": 0.087635487318,
    "color": 29.4468727112,
    "location": 2094.25537109,
    "stability": 0.474533289671,
    "tonality": 0.450828582048
}