{
    "name": "74b45f05",
    "x": -21.896011352539062,
    "y": 3.6481313705444336,
    "loudness": 0.632828354836,
    "raspiness": 0.0656812265515,
    "color": 29.8295269012,
    "location": 36.098645163219075,
    "stability": 0.379937171936,
    "tonality": 0.370296448469
}