{
    "name": "74b45f05",
    "x": -1.83567214012146,
    "y": 7.995892524719238,
    "loudness": 0.632828354836,
    "raspiness": 0.0656812265515,
    "color": 29.8295269012,
    "location": 1303.11218262,
    "stability": 0.379937171936,
    "tonality": 0.370296448469
}