{
    "name": "74c4526b",
    "x": 6.667773723602295,
    "y": 2.970247745513916,
    "loudness": 0.0257897265255,
    "raspiness": 0.184608131647,
    "color": 22.7497463226,
    "location": 3006.86938477,
    "stability": 0.686789870262,
    "tonality": 0.493393629789
}