{
    "name": "74c75bde",
    "x": 39.20071029663086,
    "y": 2.5338187217712402,
    "loudness": 0.99068403244,
    "raspiness": 0.228781953454,
    "color": 23.3524398804,
    "location": 3482.63305664,
    "stability": 0.583621740341,
    "tonality": 0.486508488655
}