{
    "name": "74c75bde",
    "x": 36.95156478881836,
    "y": 2.9859142303466797,
    "loudness": 0.99068403244,
    "raspiness": 0.228781953454,
    "color": 23.3524398804,
    "location": 59.01383784028963,
    "stability": 0.583621740341,
    "tonality": 0.486508488655
}