{
    "name": "74cfa1eb",
    "x": -36.573822021484375,
    "y": -2.3760998249053955,
    "loudness": 0.96602076292,
    "raspiness": 0.0436609983444,
    "color": 14.4781847,
    "location": 33.20491906916805,
    "stability": 0.345094740391,
    "tonality": 0.308211624622
}