{
    "name": "74cfa1eb",
    "x": -39.864845275878906,
    "y": -9.605037689208984,
    "loudness": 0.96602076292,
    "raspiness": 0.0436609983444,
    "color": 14.4781847,
    "location": 1102.56665039,
    "stability": 0.345094740391,
    "tonality": 0.308211624622
}