{
    "name": "74d3f71d",
    "x": -2.901465892791748,
    "y": 36.227474212646484,
    "loudness": 0.961020469666,
    "raspiness": 0.0759539976716,
    "color": 13.7943668365,
    "location": 1717.71533203,
    "stability": 0.610433280468,
    "tonality": 0.433067470789
}