{
    "name": "74d3f71d",
    "x": 0.23133252561092377,
    "y": 29.609437942504883,
    "loudness": 0.961020469666,
    "raspiness": 0.0759539976716,
    "color": 13.7943668365,
    "location": 41.44532943565535,
    "stability": 0.610433280468,
    "tonality": 0.433067470789
}