{
    "name": "74d3f71d",
    "x": 0.40506425499916077,
    "y": 10.321928024291992,
    "loudness": 0.961020469666,
    "raspiness": 0.0759539976716,
    "color": 13.7943668365,
    "location": 1717.71533203,
    "stability": 0.610433280468,
    "tonality": 0.433067470789
}