{
    "name": "74de8588",
    "x": 11.146496772766113,
    "y": 5.3650898933410645,
    "loudness": 0.814232110977,
    "raspiness": 0.26606580615,
    "color": 717.270996094,
    "location": 2911.7746582,
    "stability": 0.702817678452,
    "tonality": 0.4816827178
}