{
    "name": "74de8588",
    "x": 37.99263000488281,
    "y": -15.845939636230469,
    "loudness": 0.814232110977,
    "raspiness": 0.26606580615,
    "color": 717.270996094,
    "location": 53.96086228184275,
    "stability": 0.702817678452,
    "tonality": 0.4816827178
}