{
    "name": "750c0beb",
    "x": -17.188539505004883,
    "y": -38.15814971923828,
    "loudness": 0.00037880014861,
    "raspiness": 0.0468268841505,
    "color": 1.80733954906,
    "location": 646.474304199,
    "stability": 0.206357687712,
    "tonality": 0.311360359192
}