{
    "name": "750c0beb",
    "x": -21.12019920349121,
    "y": -26.56104850769043,
    "loudness": 0.00037880014861,
    "raspiness": 0.0468268841505,
    "color": 1.80733954906,
    "location": 25.425858966788123,
    "stability": 0.206357687712,
    "tonality": 0.311360359192
}