{
    "name": "750c0beb",
    "x": 2.418843984603882,
    "y": -0.14997990429401398,
    "loudness": 0.00037880014861,
    "raspiness": 0.0468268841505,
    "color": 1.80733954906,
    "location": 646.474304199,
    "stability": 0.206357687712,
    "tonality": 0.311360359192
}