{
    "name": "752c7638",
    "x": 14.536100387573242,
    "y": 30.139909744262695,
    "loudness": 0.862351357937,
    "raspiness": 0.0678159669042,
    "color": 9.64155483246,
    "location": 43.43777961912878,
    "stability": 0.655149161816,
    "tonality": 0.464206576347
}