{
    "name": "752c7638",
    "x": 5.034406661987305,
    "y": 10.885541915893555,
    "loudness": 0.862351357937,
    "raspiness": 0.0678159669042,
    "color": 9.64155483246,
    "location": 1886.84069824,
    "stability": 0.655149161816,
    "tonality": 0.464206576347
}