{
    "name": "754be109",
    "x": -0.39119797945022583,
    "y": -22.843048095703125,
    "loudness": 0.15478271246,
    "raspiness": 0.0381312146783,
    "color": 8.56981277466,
    "location": 1103.30004883,
    "stability": 0.467767894268,
    "tonality": 0.431834936142
}