{
    "name": "754c5a8a",
    "x": -16.385473251342773,
    "y": 18.649736404418945,
    "loudness": 0.99068403244,
    "raspiness": 0.0620754063129,
    "color": 26.9817657471,
    "location": 1491.83740234,
    "stability": 0.444719254971,
    "tonality": 0.417804449797
}