{
    "name": "755aa142",
    "x": 0.2442374974489212,
    "y": 6.895386695861816,
    "loudness": 0.99068403244,
    "raspiness": 0.0244989804924,
    "color": 3.79989767075,
    "location": 553.791564941,
    "stability": 0.388849586248,
    "tonality": 0.443800896406
}