{
    "name": "755e6708",
    "x": 2.6659011840820312,
    "y": 10.717577934265137,
    "loudness": 0.842494785786,
    "raspiness": 0.0351030901074,
    "color": 10.8741350174,
    "location": 881.857299805,
    "stability": 0.609228014946,
    "tonality": 0.474801748991
}