{
    "name": "756d19cd",
    "x": 9.675666809082031,
    "y": 24.032302856445312,
    "loudness": 0.99068403244,
    "raspiness": 0.113624855876,
    "color": 18.1185073853,
    "location": 1854.59545898,
    "stability": 0.526798129082,
    "tonality": 0.456522703171
}