{
    "name": "756d19cd",
    "x": 11.644661903381348,
    "y": 17.722599029541016,
    "loudness": 0.99068403244,
    "raspiness": 0.113624855876,
    "color": 18.1185073853,
    "location": 43.06501432694525,
    "stability": 0.526798129082,
    "tonality": 0.456522703171
}