{
    "name": "756fc6fa",
    "x": -1.8286464214324951,
    "y": 9.119888305664062,
    "loudness": 0.964704334736,
    "raspiness": 0.0314609371126,
    "color": 12.13626194,
    "location": 827.429626465,
    "stability": 0.485037475824,
    "tonality": 0.393917500973
}