{
    "name": "756f3b73",
    "x": 30.89075469970703,
    "y": -33.65190887451172,
    "loudness": 0.99068403244,
    "raspiness": 0.464371234179,
    "color": 1734.43200684,
    "location": 5734.32275391,
    "stability": 0.649706423283,
    "tonality": 0.494490355253
}