{
    "name": "756fc6fa",
    "x": -24.213510513305664,
    "y": 18.0125732421875,
    "loudness": 0.964704334736,
    "raspiness": 0.0314609371126,
    "color": 12.13626194,
    "location": 28.765076507198795,
    "stability": 0.485037475824,
    "tonality": 0.393917500973
}