{
    "name": "756f3b73",
    "x": 37.85900115966797,
    "y": -20.46099853515625,
    "loudness": 0.99068403244,
    "raspiness": 0.464371234179,
    "color": 1734.43200684,
    "location": 75.72531118397599,
    "stability": 0.649706423283,
    "tonality": 0.494490355253
}