{
    "name": "756f3b73",
    "x": 11.674598693847656,
    "y": 4.914802551269531,
    "loudness": 0.99068403244,
    "raspiness": 0.464371234179,
    "color": 1734.43200684,
    "location": 5734.32275391,
    "stability": 0.649706423283,
    "tonality": 0.494490355253
}