{
    "name": "758ed798",
    "x": 5.768590927124023,
    "y": -9.481687545776367,
    "loudness": 0.375207990408,
    "raspiness": 0.0573405735195,
    "color": 12.9250793457,
    "location": 36.240798940006826,
    "stability": 0.526447296143,
    "tonality": 0.47757089138
}