{
    "name": "758ed798",
    "x": 4.333360195159912,
    "y": 3.393800735473633,
    "loudness": 0.375207990408,
    "raspiness": 0.0573405735195,
    "color": 12.9250793457,
    "location": 1313.39550781,
    "stability": 0.526447296143,
    "tonality": 0.47757089138
}