{
    "name": "75ae3ed3",
    "x": -4.527731418609619,
    "y": -32.05119705200195,
    "loudness": 0.359470784664,
    "raspiness": 0.00264124851674,
    "color": 7.31883478165,
    "location": 94.9831161499,
    "stability": 0.135467529297,
    "tonality": 0.439758837223
}