{
    "name": "75ae3ed3",
    "x": -8.89921760559082,
    "y": -18.057493209838867,
    "loudness": 0.359470784664,
    "raspiness": 0.00264124851674,
    "color": 7.31883478165,
    "location": 9.74592818308754,
    "stability": 0.135467529297,
    "tonality": 0.439758837223
}