{
    "name": "75b62674",
    "x": 5.514978885650635,
    "y": 3.690373182296753,
    "loudness": 0.302893191576,
    "raspiness": 0.116339847445,
    "color": 23.0513725281,
    "location": 2034.5645752,
    "stability": 0.767537713051,
    "tonality": 0.488238185644
}