{
    "name": "75b6cbcb",
    "x": -13.699616432189941,
    "y": 20.39232063293457,
    "loudness": 0.99068403244,
    "raspiness": 0.07080078125,
    "color": 34.1815757751,
    "location": 40.96051952990831,
    "stability": 0.500872552395,
    "tonality": 0.409893095493
}