{
    "name": "75b62674",
    "x": 18.94405746459961,
    "y": -7.877015113830566,
    "loudness": 0.302893191576,
    "raspiness": 0.116339847445,
    "color": 23.0513725281,
    "location": 2034.5645752,
    "stability": 0.767537713051,
    "tonality": 0.488238185644
}