{
    "name": "75b6cbcb",
    "x": -0.5783408284187317,
    "y": 8.949923515319824,
    "loudness": 0.99068403244,
    "raspiness": 0.07080078125,
    "color": 34.1815757751,
    "location": 1677.76416016,
    "stability": 0.500872552395,
    "tonality": 0.409893095493
}