{
    "name": "75e755ad",
    "x": 4.111846923828125,
    "y": 0.7700524926185608,
    "loudness": 0.19043725729,
    "raspiness": 0.0219602566212,
    "color": 78.24269104,
    "location": 880.227355957,
    "stability": 0.147936359048,
    "tonality": 0.4585916996
}