{
    "name": "75e755ad",
    "x": -5.219981670379639,
    "y": -18.448074340820312,
    "loudness": 0.19043725729,
    "raspiness": 0.0219602566212,
    "color": 78.24269104,
    "location": 29.66862578477473,
    "stability": 0.147936359048,
    "tonality": 0.4585916996
}