{
    "name": "75eeefbf",
    "x": 7.549254417419434,
    "y": 29.47495460510254,
    "loudness": 0.911682546139,
    "raspiness": 0.0892914459109,
    "color": 16.8502864838,
    "location": 1733.79321289,
    "stability": 0.564304232597,
    "tonality": 0.456538468599
}