{
    "name": "75eeefbf",
    "x": 8.962587356567383,
    "y": 21.874141693115234,
    "loudness": 0.911682546139,
    "raspiness": 0.0892914459109,
    "color": 16.8502864838,
    "location": 41.63884259786768,
    "stability": 0.564304232597,
    "tonality": 0.456538468599
}