{
    "name": "75f5180e",
    "x": 27.887596130371094,
    "y": -14.578022956848145,
    "loudness": 0.00160697137471,
    "raspiness": 0.266296982765,
    "color": 300.863586426,
    "location": 61.38463359986765,
    "stability": 0.613490760326,
    "tonality": 0.495389699936
}