{
    "name": "75f5180e",
    "x": 7.235931873321533,
    "y": 2.895930767059326,
    "loudness": 0.00160697137471,
    "raspiness": 0.266296982765,
    "color": 300.863586426,
    "location": 3768.07324219,
    "stability": 0.613490760326,
    "tonality": 0.495389699936
}