{
    "name": "75f988e6",
    "x": -21.80246925354004,
    "y": -21.406837463378906,
    "loudness": 0.3460277915,
    "raspiness": 0.0287636946887,
    "color": 3.89970827103,
    "location": 482.792327881,
    "stability": 0.414345234632,
    "tonality": 0.313573002815
}