{
    "name": "75fc7407",
    "x": 47.99331283569336,
    "y": -4.325031280517578,
    "loudness": 0.99068403244,
    "raspiness": 0.268920898438,
    "color": 119.658668518,
    "location": 67.91789045420948,
    "stability": 0.759570002556,
    "tonality": 0.49846675992
}