{
    "name": "75fecc19",
    "x": 2.3285322189331055,
    "y": -11.340581893920898,
    "loudness": 0.377129882574,
    "raspiness": 0.0591451339424,
    "color": 20.1985359192,
    "location": 1264.35913086,
    "stability": 0.516201257706,
    "tonality": 0.454886347055
}