{
    "name": "75fecc19",
    "x": 3.4592065811157227,
    "y": -9.837763786315918,
    "loudness": 0.377129882574,
    "raspiness": 0.0591451339424,
    "color": 20.1985359192,
    "location": 35.55782798287882,
    "stability": 0.516201257706,
    "tonality": 0.454886347055
}