{
    "name": "761aa8c0",
    "x": -41.41737747192383,
    "y": -4.599306583404541,
    "loudness": 0.99068403244,
    "raspiness": 0.0345952473581,
    "color": 13.955655098,
    "location": 19.065670362643953,
    "stability": 0.50012999773,
    "tonality": 0.0450765639544
}