{
    "name": "761aa8c0",
    "x": -36.5717658996582,
    "y": -20.122995376586914,
    "loudness": 0.99068403244,
    "raspiness": 0.0345952473581,
    "color": 13.955655098,
    "location": 363.499786377,
    "stability": 0.50012999773,
    "tonality": 0.0450765639544
}