{
    "name": "761c61b6",
    "x": -1.4999663829803467,
    "y": 4.808019161224365,
    "loudness": 0.692462205887,
    "raspiness": 0.0482029505074,
    "color": 9.11243534088,
    "location": 33.25427310421925,
    "stability": 0.424072355032,
    "tonality": 0.478881686926
}