{
    "name": "761c61b6",
    "x": 2.320615768432617,
    "y": 6.2555623054504395,
    "loudness": 0.692462205887,
    "raspiness": 0.0482029505074,
    "color": 9.11243534088,
    "location": 1105.84667969,
    "stability": 0.424072355032,
    "tonality": 0.478881686926
}