{
    "name": "761c61b6",
    "x": -2.7063465118408203,
    "y": 5.349045753479004,
    "loudness": 0.692462205887,
    "raspiness": 0.0482029505074,
    "color": 9.11243534088,
    "location": 1105.84667969,
    "stability": 0.424072355032,
    "tonality": 0.478881686926
}