{
    "name": "764e4fce",
    "x": -4.968043327331543,
    "y": -11.235869407653809,
    "loudness": 0.416662722826,
    "raspiness": 0.0122663229704,
    "color": 22.9269790649,
    "location": 26.45154214844571,
    "stability": 0.297564208508,
    "tonality": 0.465198367834
}