{
    "name": "766d2f81",
    "x": -33.08332443237305,
    "y": 17.46851348876953,
    "loudness": 0.980439662933,
    "raspiness": 0.0171916931868,
    "color": 8.79459476471,
    "location": 363.371704102,
    "stability": 0.490399003029,
    "tonality": 0.396697074175
}