{
    "name": "767a04cf",
    "x": 7.434119701385498,
    "y": 11.036526679992676,
    "loudness": 0.99068403244,
    "raspiness": 0.136555984616,
    "color": 6.98104476929,
    "location": 2589.27099609,
    "stability": 0.769067108631,
    "tonality": 0.484906375408
}