{
    "name": "767c9e2d",
    "x": -12.140140533447266,
    "y": 1.0128357410430908,
    "loudness": 0.99068403244,
    "raspiness": 0.0275669638067,
    "color": 10.1605367661,
    "location": 30.66341659352395,
    "stability": 0.29717206955,
    "tonality": 0.453459590673
}