{
    "name": "76ae11d8",
    "x": 24.57809066772461,
    "y": 18.49538803100586,
    "loudness": 0.977318704128,
    "raspiness": 0.177511408925,
    "color": 61.4860916138,
    "location": 2335.91479492,
    "stability": 0.574151217937,
    "tonality": 0.453930199146
}