{
    "name": "76ae11d8",
    "x": 25.17757797241211,
    "y": 13.335630416870117,
    "loudness": 0.977318704128,
    "raspiness": 0.177511408925,
    "color": 61.4860916138,
    "location": 48.33130243351611,
    "stability": 0.574151217937,
    "tonality": 0.453930199146
}