{
    "name": "76b0588a",
    "x": -30.666671752929688,
    "y": 4.275210380554199,
    "loudness": 0.815899133682,
    "raspiness": 0.0501302070916,
    "color": 26.1809177399,
    "location": 1233.80126953,
    "stability": 0.431360423565,
    "tonality": 0.355710834265
}