{
    "name": "76b0588a",
    "x": -2.675135850906372,
    "y": 8.38836669921875,
    "loudness": 0.815899133682,
    "raspiness": 0.0501302070916,
    "color": 26.1809177399,
    "location": 1233.80126953,
    "stability": 0.431360423565,
    "tonality": 0.355710834265
}