{
    "name": "76b04ca3",
    "x": -39.277530670166016,
    "y": -2.338501453399658,
    "loudness": 0.99068403244,
    "raspiness": 0.0259241182357,
    "color": 9.66678524017,
    "location": 634.006652832,
    "stability": 0.398891121149,
    "tonality": 0.341483712196
}