{
    "name": "76bd2f27",
    "x": 5.214937686920166,
    "y": 3.5254862308502197,
    "loudness": 0.377962768078,
    "raspiness": 0.110286816955,
    "color": 13.2216739655,
    "location": 2135.80810547,
    "stability": 0.615438520908,
    "tonality": 0.46657705307
}