{
    "name": "76bd2f27",
    "x": 14.835768699645996,
    "y": -7.265613079071045,
    "loudness": 0.377962768078,
    "raspiness": 0.110286816955,
    "color": 13.2216739655,
    "location": 2135.80810547,
    "stability": 0.615438520908,
    "tonality": 0.46657705307
}