{
    "name": "76c23da7",
    "x": 6.145862102508545,
    "y": 10.809279441833496,
    "loudness": 0.895943641663,
    "raspiness": 0.0726125612855,
    "color": 8.48008155823,
    "location": 2396.20776367,
    "stability": 0.672026157379,
    "tonality": 0.486915796995
}