{
    "name": "76c23da7",
    "x": 25.239200592041016,
    "y": 28.12126922607422,
    "loudness": 0.895943641663,
    "raspiness": 0.0726125612855,
    "color": 8.48008155823,
    "location": 48.951075204432435,
    "stability": 0.672026157379,
    "tonality": 0.486915796995
}