{
    "name": "76c64431",
    "x": 1.479923129081726,
    "y": 6.476963043212891,
    "loudness": 0.814628899097,
    "raspiness": 0.0124236149713,
    "color": 9.74453639984,
    "location": 1233.11218262,
    "stability": 0.339906811714,
    "tonality": 0.486062347889
}