{
    "name": "76c64431",
    "x": -6.160552501678467,
    "y": 5.299741744995117,
    "loudness": 0.814628899097,
    "raspiness": 0.0124236149713,
    "color": 9.74453639984,
    "location": 1233.11218262,
    "stability": 0.339906811714,
    "tonality": 0.486062347889
}