{
    "name": "76c64431",
    "x": -5.697604656219482,
    "y": 2.5073630809783936,
    "loudness": 0.814628899097,
    "raspiness": 0.0124236149713,
    "color": 9.74453639984,
    "location": 35.11569709716724,
    "stability": 0.339906811714,
    "tonality": 0.486062347889
}