{
    "name": "76caa735",
    "x": -3.9465036392211914,
    "y": 9.799800872802734,
    "loudness": 0.985884308815,
    "raspiness": 0.0439261160791,
    "color": 44.8904800415,
    "location": 896.982055664,
    "stability": 0.610016226768,
    "tonality": 0.305352628231
}