{
    "name": "76cf62b3",
    "x": -40.5103874206543,
    "y": -0.27517038583755493,
    "loudness": 0.970462441444,
    "raspiness": 0.0345820300281,
    "color": 12.5629291534,
    "location": 26.776945714121318,
    "stability": 0.402985751629,
    "tonality": 0.297418504953
}