{
    "name": "76cf2e96",
    "x": 24.21378517150879,
    "y": 12.207563400268555,
    "loudness": 0.99068403244,
    "raspiness": 0.177197262645,
    "color": 11.9855852127,
    "location": 47.655245891087375,
    "stability": 0.540566802025,
    "tonality": 0.467113882303
}