{
    "name": "76cf2e96",
    "x": 23.621875762939453,
    "y": 18.160837173461914,
    "loudness": 0.99068403244,
    "raspiness": 0.177197262645,
    "color": 11.9855852127,
    "location": 2271.02246094,
    "stability": 0.540566802025,
    "tonality": 0.467113882303
}