{
    "name": "76d09788",
    "x": 11.4039306640625,
    "y": 5.168976783752441,
    "loudness": 0.99068403244,
    "raspiness": 0.303059905767,
    "color": 889.301330566,
    "location": 4288.92285156,
    "stability": 0.598905086517,
    "tonality": 0.494334965944
}