{
    "name": "76d09788",
    "x": 36.1782112121582,
    "y": -19.240131378173828,
    "loudness": 0.99068403244,
    "raspiness": 0.303059905767,
    "color": 889.301330566,
    "location": 65.48986831228171,
    "stability": 0.598905086517,
    "tonality": 0.494334965944
}