{
    "name": "76d5c245",
    "x": 1.3546971082687378,
    "y": 7.662657260894775,
    "loudness": 0.940350830555,
    "raspiness": 0.0376562178135,
    "color": 10.2677354813,
    "location": 959.713317871,
    "stability": 0.460137158632,
    "tonality": 0.466509729624
}