{
    "name": "76e07b91",
    "x": -31.63736915588379,
    "y": -5.742046356201172,
    "loudness": 0.963084816933,
    "raspiness": 0.0451250709593,
    "color": 19.4160423279,
    "location": 33.717826823506876,
    "stability": 0.274232953787,
    "tonality": 0.324093639851
}