{
    "name": "76e07b91",
    "x": -3.8063416481018066,
    "y": 7.07335090637207,
    "loudness": 0.963084816933,
    "raspiness": 0.0451250709593,
    "color": 19.4160423279,
    "location": 1136.8918457,
    "stability": 0.274232953787,
    "tonality": 0.324093639851
}