{
    "name": "76e31fe2",
    "x": 29.040494918823242,
    "y": 30.133026123046875,
    "loudness": 0.99068403244,
    "raspiness": 0.12471101433,
    "color": 14.5466403961,
    "location": 44.13197924181511,
    "stability": 0.72921782732,
    "tonality": 0.481946587563
}