{
    "name": "76e31fe2",
    "x": 6.450687885284424,
    "y": 10.890076637268066,
    "loudness": 0.99068403244,
    "raspiness": 0.12471101433,
    "color": 14.5466403961,
    "location": 1947.6315918,
    "stability": 0.72921782732,
    "tonality": 0.481946587563
}