{
    "name": "76e56ba9",
    "x": -40.306331634521484,
    "y": 8.37637710571289,
    "loudness": 0.964761555195,
    "raspiness": 0.0171962026507,
    "color": 11.6248464584,
    "location": 19.99084491998775,
    "stability": 0.481003344059,
    "tonality": 0.31439101696
}