{
    "name": "76e56ba9",
    "x": -4.0894904136657715,
    "y": 8.963357925415039,
    "loudness": 0.964761555195,
    "raspiness": 0.0171962026507,
    "color": 11.6248464584,
    "location": 399.633880615,
    "stability": 0.481003344059,
    "tonality": 0.31439101696
}