{
    "name": "76ec7b17",
    "x": 3.7248263359069824,
    "y": 7.809481143951416,
    "loudness": 0.99068403244,
    "raspiness": 0.0904615744948,
    "color": 37.6005897522,
    "location": 1973.18347168,
    "stability": 0.468177914619,
    "tonality": 0.444535940886
}