{
    "name": "76ec7b17",
    "x": 0.9300335049629211,
    "y": 18.221189498901367,
    "loudness": 0.99068403244,
    "raspiness": 0.0904615744948,
    "color": 37.6005897522,
    "location": 1973.18347168,
    "stability": 0.468177914619,
    "tonality": 0.444535940886
}