{
    "name": "76edf646",
    "x": -5.105074882507324,
    "y": 19.121952056884766,
    "loudness": 0.933905959129,
    "raspiness": 0.031996730715,
    "color": 10.2112770081,
    "location": 31.686579282718416,
    "stability": 0.503792405128,
    "tonality": 0.471120238304
}