{
    "name": "76edf646",
    "x": -7.152500152587891,
    "y": 24.989336013793945,
    "loudness": 0.933905959129,
    "raspiness": 0.031996730715,
    "color": 10.2112770081,
    "location": 1004.03930664,
    "stability": 0.503792405128,
    "tonality": 0.471120238304
}