{
    "name": "76f2268a",
    "x": 10.502521514892578,
    "y": 32.653587341308594,
    "loudness": 0.95898604393,
    "raspiness": 0.0857256650925,
    "color": 14.535823822,
    "location": 1777.4588623,
    "stability": 0.573028683662,
    "tonality": 0.465901821852
}