{
    "name": "76fdce1b",
    "x": -2.713975667953491,
    "y": 7.940160751342773,
    "loudness": 0.934807062149,
    "raspiness": 0.0272385645658,
    "color": 10.2649393082,
    "location": 712.63458252,
    "stability": 0.36661875248,
    "tonality": 0.366622269154
}