{
    "name": "76ffffa8",
    "x": 6.278631687164307,
    "y": 12.162446022033691,
    "loudness": 0.923294305801,
    "raspiness": 0.0880832895637,
    "color": 31.4531669617,
    "location": 2052.97290039,
    "stability": 0.799578130245,
    "tonality": 0.493241369724
}