{
    "name": "76ffffa8",
    "x": 32.399261474609375,
    "y": 37.2088508605957,
    "loudness": 0.923294305801,
    "raspiness": 0.0880832895637,
    "color": 31.4531669617,
    "location": 45.30974398945551,
    "stability": 0.799578130245,
    "tonality": 0.493241369724
}