{
    "name": "770b841d",
    "x": -7.042550086975098,
    "y": 14.325277328491211,
    "loudness": 0.969711840153,
    "raspiness": 0.0588867180049,
    "color": 29.9755687714,
    "location": 1108.43908691,
    "stability": 0.408738344908,
    "tonality": 0.466971904039
}