{
    "name": "770b841d",
    "x": 1.3030667304992676,
    "y": 7.253795623779297,
    "loudness": 0.969711840153,
    "raspiness": 0.0588867180049,
    "color": 29.9755687714,
    "location": 1108.43908691,
    "stability": 0.408738344908,
    "tonality": 0.466971904039
}