{
    "name": "772ab2de",
    "x": 17.85649299621582,
    "y": -13.52188777923584,
    "loudness": 0.308002531528,
    "raspiness": 0.169587135315,
    "color": 10.0845623016,
    "location": 2003.72387695,
    "stability": 0.57889765501,
    "tonality": 0.475996553898
}