{
    "name": "772ab2de",
    "x": 17.775428771972656,
    "y": -10.945222854614258,
    "loudness": 0.308002531528,
    "raspiness": 0.169587135315,
    "color": 10.0845623016,
    "location": 44.76297439793294,
    "stability": 0.57889765501,
    "tonality": 0.475996553898
}