{
    "name": "773a8550",
    "x": 3.3362784385681152,
    "y": -19.7296142578125,
    "loudness": 0.0805770158768,
    "raspiness": 0.0838513225317,
    "color": 3.54757761955,
    "location": 36.87812155750344,
    "stability": 0.506879687309,
    "tonality": 0.42268833518
}