{
    "name": "774df478",
    "x": 38.81949996948242,
    "y": -3.854261636734009,
    "loudness": 0.942180633545,
    "raspiness": 0.245017915964,
    "color": 174.648468018,
    "location": 60.81832697863367,
    "stability": 0.600597679615,
    "tonality": 0.487928330898
}