{
    "name": "774df478",
    "x": 9.653155326843262,
    "y": 7.48894739151001,
    "loudness": 0.942180633545,
    "raspiness": 0.245017915964,
    "color": 174.648468018,
    "location": 3698.86889648,
    "stability": 0.600597679615,
    "tonality": 0.487928330898
}