{
    "name": "774ecc06",
    "x": 1.0487971305847168,
    "y": 6.201267242431641,
    "loudness": 0.955606818199,
    "raspiness": 0.0377897433937,
    "color": 129.862564087,
    "location": 1830.24487305,
    "stability": 0.345475703478,
    "tonality": 0.48039740324
}