{
    "name": "774ecc06",
    "x": -0.8147394061088562,
    "y": 4.573896884918213,
    "loudness": 0.955606818199,
    "raspiness": 0.0377897433937,
    "color": 129.862564087,
    "location": 42.78136128093635,
    "stability": 0.345475703478,
    "tonality": 0.48039740324
}