{
    "name": "777f8556",
    "x": 16.55712890625,
    "y": 23.798410415649414,
    "loudness": 0.99068403244,
    "raspiness": 0.0944645553827,
    "color": 6.51938915253,
    "location": 47.72909903329414,
    "stability": 0.600646257401,
    "tonality": 0.458468914032
}