{
    "name": "777f8556",
    "x": 17.084257125854492,
    "y": 30.18655776977539,
    "loudness": 0.99068403244,
    "raspiness": 0.0944645553827,
    "color": 6.51938915253,
    "location": 2278.06689453,
    "stability": 0.600646257401,
    "tonality": 0.458468914032
}