{
    "name": "779b0487",
    "x": 30.93675994873047,
    "y": -31.220964431762695,
    "loudness": 0.101513683796,
    "raspiness": 0.377851784229,
    "color": 1232.54345703,
    "location": 3954.3425293,
    "stability": 0.570390403271,
    "tonality": 0.495402216911
}