{
    "name": "779b0487",
    "x": 36.020729064941406,
    "y": -19.492759704589844,
    "loudness": 0.101513683796,
    "raspiness": 0.377851784229,
    "color": 1232.54345703,
    "location": 62.88356326815458,
    "stability": 0.570390403271,
    "tonality": 0.495402216911
}