{
    "name": "77ab589f",
    "x": 11.469218254089355,
    "y": -18.898880004882812,
    "loudness": 0.0828357711434,
    "raspiness": 0.0983249247074,
    "color": 24.008649826,
    "location": 42.29586054615747,
    "stability": 0.592529892921,
    "tonality": 0.454041212797
}