{
    "name": "77b4d585",
    "x": 5.108417987823486,
    "y": 2.6590373516082764,
    "loudness": 0.132035776973,
    "raspiness": 0.115412600338,
    "color": 4.21113204956,
    "location": 1567.38378906,
    "stability": 0.656095266342,
    "tonality": 0.470085501671
}