{
    "name": "77b4d585",
    "x": 14.28895378112793,
    "y": -19.493011474609375,
    "loudness": 0.132035776973,
    "raspiness": 0.115412600338,
    "color": 4.21113204956,
    "location": 39.59019814373249,
    "stability": 0.656095266342,
    "tonality": 0.470085501671
}