{
    "name": "77bf7b4f",
    "x": -1.9602010250091553,
    "y": 9.824607849121094,
    "loudness": 0.99068403244,
    "raspiness": 0.0242638215423,
    "color": 3.6873190403,
    "location": 928.815368652,
    "stability": 0.558600962162,
    "tonality": 0.377684772015
}