{
    "name": "77bf7b4f",
    "x": -36.33041000366211,
    "y": 24.839662551879883,
    "loudness": 0.99068403244,
    "raspiness": 0.0242638215423,
    "color": 3.6873190403,
    "location": 928.815368652,
    "stability": 0.558600962162,
    "tonality": 0.377684772015
}