{
    "name": "77d262ba",
    "x": 1.1433396339416504,
    "y": 0.037786200642585754,
    "loudness": 0.947199225426,
    "raspiness": 0.0468126647174,
    "color": 25.9682865143,
    "location": 46.290127229356365,
    "stability": 0.295421659946,
    "tonality": 0.482516556978
}