{
    "name": "77d93f2b",
    "x": 2.221449851989746,
    "y": 10.191282272338867,
    "loudness": 0.949348986149,
    "raspiness": 0.0465512499213,
    "color": 12.2801761627,
    "location": 1106.39379883,
    "stability": 0.599804401398,
    "tonality": 0.464723348618
}