{
    "name": "77e64c77",
    "x": 7.098211288452148,
    "y": 3.1633951663970947,
    "loudness": 0.0666612163186,
    "raspiness": 0.246665194631,
    "color": 43.2021255493,
    "location": 3427.2890625,
    "stability": 0.729084074497,
    "tonality": 0.496477067471
}