{
    "name": "77e64c77",
    "x": 27.819446563720703,
    "y": -17.753948211669922,
    "loudness": 0.0666612163186,
    "raspiness": 0.246665194631,
    "color": 43.2021255493,
    "location": 58.54305306780643,
    "stability": 0.729084074497,
    "tonality": 0.496477067471
}