{
    "name": "781adc75",
    "x": -4.766854286193848,
    "y": 9.724726676940918,
    "loudness": 0.769482970238,
    "raspiness": 0.110812336206,
    "color": 24.3901882172,
    "location": 1847.32861328,
    "stability": 0.444099634886,
    "tonality": 0.410475492477
}