{
    "name": "781adc75",
    "x": -5.135178089141846,
    "y": 9.853861808776855,
    "loudness": 0.769482970238,
    "raspiness": 0.110812336206,
    "color": 24.3901882172,
    "location": 42.98056087674985,
    "stability": 0.444099634886,
    "tonality": 0.410475492477
}