{
    "name": "781adc75",
    "x": 3.842555522918701,
    "y": 5.677305698394775,
    "loudness": 0.769482970238,
    "raspiness": 0.110812336206,
    "color": 24.3901882172,
    "location": 1847.32861328,
    "stability": 0.444099634886,
    "tonality": 0.410475492477
}