{
    "name": "781df1a2",
    "x": -6.580657005310059,
    "y": 1.6378874778747559,
    "loudness": 0.673933148384,
    "raspiness": 0.0453587584198,
    "color": 19.9577560425,
    "location": 31.22701791636531,
    "stability": 0.372851192951,
    "tonality": 0.44932115078
}