{
    "name": "781e81a8",
    "x": -4.035963535308838,
    "y": 34.20659637451172,
    "loudness": 0.99068403244,
    "raspiness": 0.0330209322274,
    "color": 3.84580206871,
    "location": 1129.93664551,
    "stability": 0.548794329166,
    "tonality": 0.480755418539
}