{
    "name": "781e92e0",
    "x": -15.679547309875488,
    "y": 11.992875099182129,
    "loudness": 0.703547656536,
    "raspiness": 0.0396774187684,
    "color": 11.3685760498,
    "location": 33.9531447739381,
    "stability": 0.50335007906,
    "tonality": 0.403806895018
}