{
    "name": "781e92e0",
    "x": -19.254281997680664,
    "y": 12.1630859375,
    "loudness": 0.703547656536,
    "raspiness": 0.0396774187684,
    "color": 11.3685760498,
    "location": 1152.81604004,
    "stability": 0.50335007906,
    "tonality": 0.403806895018
}