{
    "name": "783bfebc",
    "x": 39.85085678100586,
    "y": -22.053974151611328,
    "loudness": 0.99068403244,
    "raspiness": 0.345555156469,
    "color": 359.644042969,
    "location": 4837.56005859,
    "stability": 0.561738967896,
    "tonality": 0.481408447027
}