{
    "name": "783bfebc",
    "x": 41.782718658447266,
    "y": -15.23292350769043,
    "loudness": 0.99068403244,
    "raspiness": 0.345555156469,
    "color": 359.644042969,
    "location": 69.55257046716534,
    "stability": 0.561738967896,
    "tonality": 0.481408447027
}