{
    "name": "783cbd12",
    "x": 4.397146224975586,
    "y": 21.099103927612305,
    "loudness": 0.692589998245,
    "raspiness": 0.0795014873147,
    "color": 7.31800460815,
    "location": 28.32465483950334,
    "stability": 0.645209014416,
    "tonality": 0.470641374588
}