{
    "name": "785eaf77",
    "x": 28.31426429748535,
    "y": 19.285390853881836,
    "loudness": 0.99068403244,
    "raspiness": 0.178881838918,
    "color": 7.11003112793,
    "location": 2511.06762695,
    "stability": 0.614260911942,
    "tonality": 0.448690980673
}