{
    "name": "785eaf77",
    "x": 26.970355987548828,
    "y": 14.736266136169434,
    "loudness": 0.99068403244,
    "raspiness": 0.178881838918,
    "color": 7.11003112793,
    "location": 50.11055404752576,
    "stability": 0.614260911942,
    "tonality": 0.448690980673
}