{
    "name": "786b9250",
    "x": -9.71597957611084,
    "y": -1.9665778875350952,
    "loudness": 0.90542691946,
    "raspiness": 0.0264509972185,
    "color": 15.2818212509,
    "location": 32.16004973301503,
    "stability": 0.27082580328,
    "tonality": 0.470977932215
}