{
    "name": "786b9250",
    "x": 0.35585516691207886,
    "y": 5.769894123077393,
    "loudness": 0.90542691946,
    "raspiness": 0.0264509972185,
    "color": 15.2818212509,
    "location": 1034.26879883,
    "stability": 0.27082580328,
    "tonality": 0.470977932215
}