{
    "name": "786ee883",
    "x": -20.63359260559082,
    "y": 26.696977615356445,
    "loudness": 0.909828901291,
    "raspiness": 0.0423712879419,
    "color": 9.3950214386,
    "location": 29.677199076395333,
    "stability": 0.571392655373,
    "tonality": 0.401222378016
}