{
    "name": "786e02d0",
    "x": 34.695106506347656,
    "y": 39.93153381347656,
    "loudness": 0.934471786022,
    "raspiness": 0.0900530144572,
    "color": 13.8099651337,
    "location": 2402.51025391,
    "stability": 0.74782538414,
    "tonality": 0.481731981039
}