{
    "name": "786f6efe",
    "x": 16.629047393798828,
    "y": 13.03715991973877,
    "loudness": 0.99068403244,
    "raspiness": 0.196215823293,
    "color": 7.90166473389,
    "location": 2094.60009766,
    "stability": 0.445155769587,
    "tonality": 0.437709093094
}