{
    "name": "786f6efe",
    "x": 5.68179178237915,
    "y": 8.198826789855957,
    "loudness": 0.99068403244,
    "raspiness": 0.196215823293,
    "color": 7.90166473389,
    "location": 2094.60009766,
    "stability": 0.445155769587,
    "tonality": 0.437709093094
}