{
    "name": "787cf41f",
    "x": 46.277034759521484,
    "y": -3.6249256134033203,
    "loudness": 0.944818973541,
    "raspiness": 0.271637111902,
    "color": 198.08732605,
    "location": 3720.15869141,
    "stability": 0.787844717503,
    "tonality": 0.49585428834
}