{
    "name": "787cf41f",
    "x": 43.98991775512695,
    "y": -1.7838201522827148,
    "loudness": 0.944818973541,
    "raspiness": 0.271637111902,
    "color": 198.08732605,
    "location": 60.99310363811633,
    "stability": 0.787844717503,
    "tonality": 0.49585428834
}