{
    "name": "788d34f0",
    "x": 14.964176177978516,
    "y": 9.818506240844727,
    "loudness": 0.99068403244,
    "raspiness": 0.111990794539,
    "color": 17.3949279785,
    "location": 2542.87182617,
    "stability": 0.451284825802,
    "tonality": 0.485107779503
}