{
    "name": "788d34f0",
    "x": 15.283951759338379,
    "y": 6.974381923675537,
    "loudness": 0.99068403244,
    "raspiness": 0.111990794539,
    "color": 17.3949279785,
    "location": 50.42689586093913,
    "stability": 0.451284825802,
    "tonality": 0.485107779503
}