{
    "name": "788f5993",
    "x": 2.543494462966919,
    "y": 46.71424102783203,
    "loudness": 0.925734102726,
    "raspiness": 0.0506233386695,
    "color": 14.4158840179,
    "location": 1125.30749512,
    "stability": 0.662153482437,
    "tonality": 0.467583686113
}