{
    "name": "789ceb04",
    "x": -7.671657562255859,
    "y": 36.31721878051758,
    "loudness": 0.862020373344,
    "raspiness": 0.0936848968267,
    "color": 9.78739643097,
    "location": 1337.91125488,
    "stability": 0.628942847252,
    "tonality": 0.428176552057
}