{
    "name": "789ceb04",
    "x": -3.421844005584717,
    "y": 31.66315269470215,
    "loudness": 0.862020373344,
    "raspiness": 0.0936848968267,
    "color": 9.78739643097,
    "location": 36.57746922464702,
    "stability": 0.628942847252,
    "tonality": 0.428176552057
}