{
    "name": "789ceb04",
    "x": 0.4049350619316101,
    "y": 10.516461372375488,
    "loudness": 0.862020373344,
    "raspiness": 0.0936848968267,
    "color": 9.78739643097,
    "location": 1337.91125488,
    "stability": 0.628942847252,
    "tonality": 0.428176552057
}