{
    "name": "78a86075",
    "x": -46.690677642822266,
    "y": 8.202585220336914,
    "loudness": 0.842689335346,
    "raspiness": 0.0290031433105,
    "color": 11.1068477631,
    "location": 613.042297363,
    "stability": 0.601702868938,
    "tonality": 0.308575183153
}