{
    "name": "78b8ab2e",
    "x": 36.61326599121094,
    "y": -5.806072235107422,
    "loudness": 0.672646582127,
    "raspiness": 0.254054218531,
    "color": 202.932098389,
    "location": 61.068121222860626,
    "stability": 0.614145576954,
    "tonality": 0.493891239166
}