{
    "name": "78b8ab2e",
    "x": 35.90706253051758,
    "y": -8.995956420898438,
    "loudness": 0.672646582127,
    "raspiness": 0.254054218531,
    "color": 202.932098389,
    "location": 3729.31542969,
    "stability": 0.614145576954,
    "tonality": 0.493891239166
}