{
    "name": "78cdcdef",
    "x": 20.44725799560547,
    "y": 16.547998428344727,
    "loudness": 0.977418243885,
    "raspiness": 0.157895296812,
    "color": 39.2907409668,
    "location": 45.974453673969855,
    "stability": 0.5816629529,
    "tonality": 0.442271322012
}