{
    "name": "78cdcdef",
    "x": 5.713634490966797,
    "y": 8.661635398864746,
    "loudness": 0.977418243885,
    "raspiness": 0.157895296812,
    "color": 39.2907409668,
    "location": 2113.65039062,
    "stability": 0.5816629529,
    "tonality": 0.442271322012
}