{
    "name": "78cf7be3",
    "x": -2.369641065597534,
    "y": 9.768318176269531,
    "loudness": 0.97206813097,
    "raspiness": 0.0261546950787,
    "color": 10.7154254913,
    "location": 510.859375,
    "stability": 0.552646875381,
    "tonality": 0.377180993557
}