{
    "name": "78e952a2",
    "x": 16.100303649902344,
    "y": 21.24319839477539,
    "loudness": 0.967590689659,
    "raspiness": 0.107088297606,
    "color": 22.7265644073,
    "location": 48.34820903001475,
    "stability": 0.575476527214,
    "tonality": 0.452233791351
}