{
    "name": "78e952a2",
    "x": 14.293663024902344,
    "y": 27.9334774017334,
    "loudness": 0.967590689659,
    "raspiness": 0.107088297606,
    "color": 22.7265644073,
    "location": 2337.54931641,
    "stability": 0.575476527214,
    "tonality": 0.452233791351
}