{
    "name": "78ea9935",
    "x": 8.67086410522461,
    "y": 7.638203144073486,
    "loudness": 0.81452280283,
    "raspiness": 0.228800624609,
    "color": 24.2917976379,
    "location": 3848.9152832,
    "stability": 0.611855506897,
    "tonality": 0.495139360428
}