{
    "name": "78ea9935",
    "x": 37.28553009033203,
    "y": -0.12110164016485214,
    "loudness": 0.81452280283,
    "raspiness": 0.228800624609,
    "color": 24.2917976379,
    "location": 62.039626717123305,
    "stability": 0.611855506897,
    "tonality": 0.495139360428
}