{
    "name": "78f0c61d",
    "x": 8.270169258117676,
    "y": -25.291667938232422,
    "loudness": 0.000645140768029,
    "raspiness": 0.100683957338,
    "color": 8.13241577148,
    "location": 27.532627794346112,
    "stability": 0.67920178175,
    "tonality": 0.45544809103
}