{
    "name": "78f0c61d",
    "x": 5.858909606933594,
    "y": -20.116748809814453,
    "loudness": 0.000645140768029,
    "raspiness": 0.100683957338,
    "color": 8.13241577148,
    "location": 758.045593262,
    "stability": 0.67920178175,
    "tonality": 0.45544809103
}