{
    "name": "78f34b3a",
    "x": 7.188046455383301,
    "y": 10.166091918945312,
    "loudness": 0.900276124477,
    "raspiness": 0.16785800457,
    "color": 12.7685613632,
    "location": 1931.14160156,
    "stability": 0.694213807583,
    "tonality": 0.47292304039
}