{
    "name": "78f34b3a",
    "x": 32.18744659423828,
    "y": 26.203866958618164,
    "loudness": 0.900276124477,
    "raspiness": 0.16785800457,
    "color": 12.7685613632,
    "location": 1931.14160156,
    "stability": 0.694213807583,
    "tonality": 0.47292304039
}