{
    "name": "78f34b3a",
    "x": 30.09699821472168,
    "y": 22.05133819580078,
    "loudness": 0.900276124477,
    "raspiness": 0.16785800457,
    "color": 12.7685613632,
    "location": 43.944756246451064,
    "stability": 0.694213807583,
    "tonality": 0.47292304039
}