{
    "name": "78f43145",
    "x": -38.7694091796875,
    "y": -27.044578552246094,
    "loudness": 0.99068403244,
    "raspiness": 0.0168945305049,
    "color": 7.22970914841,
    "location": 394.348297119,
    "stability": 0.185042262077,
    "tonality": 0.207018569112
}