{
    "name": "78f43145",
    "x": -5.018704414367676,
    "y": 7.207888126373291,
    "loudness": 0.99068403244,
    "raspiness": 0.0168945305049,
    "color": 7.22970914841,
    "location": 394.348297119,
    "stability": 0.185042262077,
    "tonality": 0.207018569112
}