{
    "name": "78f90b0f",
    "x": 28.117332458496094,
    "y": 35.23939514160156,
    "loudness": 0.99068403244,
    "raspiness": 0.09326171875,
    "color": 24.7282772064,
    "location": 45.728905656050856,
    "stability": 0.752229750156,
    "tonality": 0.474867552519
}