{
    "name": "78f90b0f",
    "x": 30.82594871520996,
    "y": 43.95212936401367,
    "loudness": 0.99068403244,
    "raspiness": 0.09326171875,
    "color": 24.7282772064,
    "location": 2091.1328125,
    "stability": 0.752229750156,
    "tonality": 0.474867552519
}