{
    "name": "78fa599e",
    "x": 10.41667366027832,
    "y": -20.42685890197754,
    "loudness": 0.0672434717417,
    "raspiness": 0.0928352028131,
    "color": 10.7648019791,
    "location": 39.285229076969884,
    "stability": 0.543085753918,
    "tonality": 0.483469456434
}