{
    "name": "78fa599e",
    "x": 4.995855331420898,
    "y": 2.140867233276367,
    "loudness": 0.0672434717417,
    "raspiness": 0.0928352028131,
    "color": 10.7648019791,
    "location": 1543.32922363,
    "stability": 0.543085753918,
    "tonality": 0.483469456434
}