{
    "name": "790b0c13",
    "x": -0.040425535291433334,
    "y": 10.507452964782715,
    "loudness": 0.962746322155,
    "raspiness": 0.0721495971084,
    "color": 12.9111223221,
    "location": 1873.32226562,
    "stability": 0.622708976269,
    "tonality": 0.398544341326
}