{
    "name": "790b0c13",
    "x": -10.230789184570312,
    "y": 32.736690521240234,
    "loudness": 0.962746322155,
    "raspiness": 0.0721495971084,
    "color": 12.9111223221,
    "location": 43.28189304570677,
    "stability": 0.622708976269,
    "tonality": 0.398544341326
}