{
    "name": "792e752d",
    "x": 27.90851402282715,
    "y": 14.144986152648926,
    "loudness": 0.730635225773,
    "raspiness": 0.16271713376,
    "color": 41.9320869446,
    "location": 2238.93920898,
    "stability": 0.630468308926,
    "tonality": 0.482804447412
}