{
    "name": "794a9e40",
    "x": 4.070418357849121,
    "y": 2.361025333404541,
    "loudness": 0.0370315201581,
    "raspiness": 0.0355930253863,
    "color": 19.6912193298,
    "location": 592.826538086,
    "stability": 0.643652021885,
    "tonality": 0.458979725838
}