{
    "name": "794a9e40",
    "x": 2.61666202545166,
    "y": -20.47930145263672,
    "loudness": 0.0370315201581,
    "raspiness": 0.0355930253863,
    "color": 19.6912193298,
    "location": 592.826538086,
    "stability": 0.643652021885,
    "tonality": 0.458979725838
}