{
    "name": "794b500a",
    "x": 4.599076747894287,
    "y": 2.6979427337646484,
    "loudness": 0.156838238239,
    "raspiness": 0.0553564615548,
    "color": 18.8316402435,
    "location": 1034.54467773,
    "stability": 0.7097427845,
    "tonality": 0.469175934792
}