{
    "name": "794b500a",
    "x": 10.062149047851562,
    "y": -21.304025650024414,
    "loudness": 0.156838238239,
    "raspiness": 0.0553564615548,
    "color": 18.8316402435,
    "location": 32.16433860240251,
    "stability": 0.7097427845,
    "tonality": 0.469175934792
}