{
    "name": "794e4a17",
    "x": 29.088748931884766,
    "y": 8.097837448120117,
    "loudness": 0.758371949196,
    "raspiness": 0.176154479384,
    "color": 9.8234872818,
    "location": 53.15630511463339,
    "stability": 0.614839494228,
    "tonality": 0.491455435753
}