{
    "name": "794e4a17",
    "x": 29.688064575195312,
    "y": 10.773414611816406,
    "loudness": 0.758371949196,
    "raspiness": 0.176154479384,
    "color": 9.8234872818,
    "location": 2825.59277344,
    "stability": 0.614839494228,
    "tonality": 0.491455435753
}