{
    "name": "795e7c4d",
    "x": -0.011555151082575321,
    "y": 5.239246368408203,
    "loudness": 0.99068403244,
    "raspiness": 0.0209309887141,
    "color": 9.01571273804,
    "location": 344.440856934,
    "stability": 0.221359685063,
    "tonality": 0.477662533522
}