{
    "name": "796c25a1",
    "x": -1.3259928226470947,
    "y": 8.065523147583008,
    "loudness": 0.99068403244,
    "raspiness": 0.122705079615,
    "color": 3.83227992058,
    "location": 1320.3894043,
    "stability": 0.387283354998,
    "tonality": 0.380028158426
}