{
    "name": "796e727c",
    "x": -0.5597218871116638,
    "y": 21.366411209106445,
    "loudness": 0.949708402157,
    "raspiness": 0.0516601577401,
    "color": 15.855427742,
    "location": 35.79392345147427,
    "stability": 0.524577736855,
    "tonality": 0.469176828861
}