{
    "name": "796e727c",
    "x": -3.2604377269744873,
    "y": 29.47044563293457,
    "loudness": 0.949708402157,
    "raspiness": 0.0516601577401,
    "color": 15.855427742,
    "location": 1281.20495605,
    "stability": 0.524577736855,
    "tonality": 0.469176828861
}