{
    "name": "798d6d5e",
    "x": 15.651127815246582,
    "y": 26.69036102294922,
    "loudness": 0.99068403244,
    "raspiness": 0.103977747262,
    "color": 8.15753078461,
    "location": 40.9971327360829,
    "stability": 0.609687268734,
    "tonality": 0.4769346416
}