{
    "name": "798d03b7",
    "x": 50.90703201293945,
    "y": 10.737881660461426,
    "loudness": 0.99068403244,
    "raspiness": 0.209413722157,
    "color": 75.5467453003,
    "location": 3421.40527344,
    "stability": 0.74073022604,
    "tonality": 0.490053892136
}