{
    "name": "798d6d5e",
    "x": 16.49355125427246,
    "y": 34.08529281616211,
    "loudness": 0.99068403244,
    "raspiness": 0.103977747262,
    "color": 8.15753078461,
    "location": 1680.76489258,
    "stability": 0.609687268734,
    "tonality": 0.4769346416
}