{
    "name": "798d03b7",
    "x": 45.69560623168945,
    "y": 9.579727172851562,
    "loudness": 0.99068403244,
    "raspiness": 0.209413722157,
    "color": 75.5467453003,
    "location": 58.4927796692891,
    "stability": 0.74073022604,
    "tonality": 0.490053892136
}