{
    "name": "79a50c1d",
    "x": 10.16383171081543,
    "y": 7.400125980377197,
    "loudness": 0.875225186348,
    "raspiness": 0.333784043789,
    "color": 52.3973197937,
    "location": 3974.14135742,
    "stability": 0.706666588783,
    "tonality": 0.492401570082
}