{
    "name": "79a50c1d",
    "x": 47.39658737182617,
    "y": -4.07496976852417,
    "loudness": 0.875225186348,
    "raspiness": 0.333784043789,
    "color": 52.3973197937,
    "location": 63.04079121822632,
    "stability": 0.706666588783,
    "tonality": 0.492401570082
}