{
    "name": "79a8dbcc",
    "x": 5.726804733276367,
    "y": 10.459380149841309,
    "loudness": 0.614399194717,
    "raspiness": 0.107623115182,
    "color": 10.8197774887,
    "location": 2113.39550781,
    "stability": 0.61843764782,
    "tonality": 0.4772798419
}