{
    "name": "79b31a2e",
    "x": 0.5176778435707092,
    "y": 10.390097618103027,
    "loudness": 0.942826330662,
    "raspiness": 0.06355176121,
    "color": 12.0653324127,
    "location": 1643.60986328,
    "stability": 0.642227947712,
    "tonality": 0.44201540947
}