{
    "name": "79b31a2e",
    "x": -1.5890604257583618,
    "y": 39.316471099853516,
    "loudness": 0.942826330662,
    "raspiness": 0.06355176121,
    "color": 12.0653324127,
    "location": 1643.60986328,
    "stability": 0.642227947712,
    "tonality": 0.44201540947
}