{
    "name": "79b31a2e",
    "x": 2.8010942935943604,
    "y": 32.88069534301758,
    "loudness": 0.942826330662,
    "raspiness": 0.06355176121,
    "color": 12.0653324127,
    "location": 40.54145857366259,
    "stability": 0.642227947712,
    "tonality": 0.44201540947
}