{
    "name": "79b83450",
    "x": 20.34181785583496,
    "y": -1.5058835744857788,
    "loudness": 0.704442858696,
    "raspiness": 0.185913085938,
    "color": 6.41759729385,
    "location": 51.56344932837601,
    "stability": 0.467718720436,
    "tonality": 0.457307070494
}