{
    "name": "79bb1b55",
    "x": 32.18229293823242,
    "y": 9.801671981811523,
    "loudness": 0.99068403244,
    "raspiness": 0.226101338863,
    "color": 7.91034030914,
    "location": 49.0202993268095,
    "stability": 0.596937775612,
    "tonality": 0.476482540369
}