{
    "name": "79bb1b55",
    "x": 34.06102752685547,
    "y": 11.76762866973877,
    "loudness": 0.99068403244,
    "raspiness": 0.226101338863,
    "color": 7.91034030914,
    "location": 2402.98974609,
    "stability": 0.596937775612,
    "tonality": 0.476482540369
}