{
    "name": "79bc77b2",
    "x": -34.29084014892578,
    "y": -0.36267414689064026,
    "loudness": 0.834271967411,
    "raspiness": 0.0239016208798,
    "color": 7.9294257164,
    "location": 26.439084846491944,
    "stability": 0.365625411272,
    "tonality": 0.309582978487
}