{
    "name": "79be82bb",
    "x": 0.21020303666591644,
    "y": 30.392818450927734,
    "loudness": 0.99068403244,
    "raspiness": 0.0561079531908,
    "color": 8.30298995972,
    "location": 33.27938301681689,
    "stability": 0.586799383163,
    "tonality": 0.469895392656
}