{
    "name": "79c2afb1",
    "x": -7.37294864654541,
    "y": -27.896501541137695,
    "loudness": 0.338497251272,
    "raspiness": 0.0236547645181,
    "color": 6.45700931549,
    "location": 700.419799805,
    "stability": 0.258465945721,
    "tonality": 0.408919125795
}