{
    "name": "79cbc8f6",
    "x": 10.939976692199707,
    "y": 31.295509338378906,
    "loudness": 0.961830258369,
    "raspiness": 0.0662175938487,
    "color": 26.1764812469,
    "location": 1962.38269043,
    "stability": 0.573330402374,
    "tonality": 0.481943428516
}