{
    "name": "79cf0f4b",
    "x": 16.084566116333008,
    "y": 33.922183990478516,
    "loudness": 0.99068403244,
    "raspiness": 0.121446400881,
    "color": 20.1702041626,
    "location": 1481.93920898,
    "stability": 0.603231847286,
    "tonality": 0.473865568638
}