{
    "name": "79cf0f4b",
    "x": 15.938855171203613,
    "y": 26.242843627929688,
    "loudness": 0.99068403244,
    "raspiness": 0.121446400881,
    "color": 20.1702041626,
    "location": 38.495963541389635,
    "stability": 0.603231847286,
    "tonality": 0.473865568638
}