{
    "name": "79d44891",
    "x": -12.47735595703125,
    "y": -28.93337631225586,
    "loudness": 0.062224958092,
    "raspiness": 0.0208097603172,
    "color": 4.5503115654,
    "location": 530.010803223,
    "stability": 0.372377663851,
    "tonality": 0.361946851015
}