{
    "name": "79db26c2",
    "x": 7.740490913391113,
    "y": 8.653144836425781,
    "loudness": 0.816038191319,
    "raspiness": 0.154344365001,
    "color": 11.3021793365,
    "location": 3399.80053711,
    "stability": 0.570190250874,
    "tonality": 0.489937365055
}