{
    "name": "79e22357",
    "x": 49.01742172241211,
    "y": 6.1582159996032715,
    "loudness": 0.99068403244,
    "raspiness": 0.239664718509,
    "color": 3.30198645592,
    "location": 3330.16333008,
    "stability": 0.691685855389,
    "tonality": 0.483825653791
}