{
    "name": "79e22357",
    "x": 45.2581787109375,
    "y": 5.53599214553833,
    "loudness": 0.99068403244,
    "raspiness": 0.239664718509,
    "color": 3.30198645592,
    "location": 57.70756735541709,
    "stability": 0.691685855389,
    "tonality": 0.483825653791
}