{
    "name": "79e99e49",
    "x": 2.437288761138916,
    "y": 10.858750343322754,
    "loudness": 0.672418296337,
    "raspiness": 0.0183747950941,
    "color": 6.35052919388,
    "location": 396.021514893,
    "stability": 0.618390679359,
    "tonality": 0.459333211184
}