{
    "name": "79e99e49",
    "x": -1.8024500608444214,
    "y": 22.129501342773438,
    "loudness": 0.672418296337,
    "raspiness": 0.0183747950941,
    "color": 6.35052919388,
    "location": 19.900289316816476,
    "stability": 0.618390679359,
    "tonality": 0.459333211184
}