{
    "name": "79e99e49",
    "x": -3.420654535293579,
    "y": 32.10159683227539,
    "loudness": 0.672418296337,
    "raspiness": 0.0183747950941,
    "color": 6.35052919388,
    "location": 396.021514893,
    "stability": 0.618390679359,
    "tonality": 0.459333211184
}