{
    "name": "79f04f95",
    "x": -4.317342758178711,
    "y": 7.876804828643799,
    "loudness": 0.978076994419,
    "raspiness": 0.0151271447539,
    "color": 14.5686559677,
    "location": 422.424407959,
    "stability": 0.369497299194,
    "tonality": 0.296516299248
}