{
    "name": "79f04f95",
    "x": -43.612037658691406,
    "y": -12.781733512878418,
    "loudness": 0.978076994419,
    "raspiness": 0.0151271447539,
    "color": 14.5686559677,
    "location": 422.424407959,
    "stability": 0.369497299194,
    "tonality": 0.296516299248
}