{
    "name": "79f04f95",
    "x": -39.077396392822266,
    "y": -2.0604588985443115,
    "loudness": 0.978076994419,
    "raspiness": 0.0151271447539,
    "color": 14.5686559677,
    "location": 20.55296591635864,
    "stability": 0.369497299194,
    "tonality": 0.296516299248
}