{
    "name": "79faa0c4",
    "x": 14.388293266296387,
    "y": 7.638529300689697,
    "loudness": 0.85118997097,
    "raspiness": 0.127601549029,
    "color": 26.7138252258,
    "location": 47.16298514693488,
    "stability": 0.469565391541,
    "tonality": 0.481198638678
}