{
    "name": "79faa0c4",
    "x": 4.498988151550293,
    "y": 7.724029541015625,
    "loudness": 0.85118997097,
    "raspiness": 0.127601549029,
    "color": 26.7138252258,
    "location": 2224.34716797,
    "stability": 0.469565391541,
    "tonality": 0.481198638678
}