{
    "name": "79fdfdb8",
    "x": 34.84558868408203,
    "y": 21.12041664123535,
    "loudness": 0.816343665123,
    "raspiness": 0.209604069591,
    "color": 60.1805877686,
    "location": 1686.70251465,
    "stability": 0.733637988567,
    "tonality": 0.470376640558
}