{
    "name": "79fd94aa",
    "x": 1.5459216833114624,
    "y": 4.3107991218566895,
    "loudness": 0.807296872139,
    "raspiness": 0.0302327480167,
    "color": 2.63445830345,
    "location": 715.386657715,
    "stability": 0.310872703791,
    "tonality": 0.448788464069
}