{
    "name": "7a002442",
    "x": 8.738022804260254,
    "y": 7.6449503898620605,
    "loudness": 0.99068403244,
    "raspiness": 0.23916965723,
    "color": 12.0843391418,
    "location": 3496.94042969,
    "stability": 0.575353384018,
    "tonality": 0.492260664701
}