{
    "name": "7a0c3dfe",
    "x": 2.815732717514038,
    "y": 35.79240036010742,
    "loudness": 0.826484799385,
    "raspiness": 0.0528445504606,
    "color": 13.7362565994,
    "location": 1181.57214355,
    "stability": 0.629356682301,
    "tonality": 0.46405556798
}