{
    "name": "7a0c3dfe",
    "x": 3.0305609703063965,
    "y": 10.739874839782715,
    "loudness": 0.826484799385,
    "raspiness": 0.0528445504606,
    "color": 13.7362565994,
    "location": 1181.57214355,
    "stability": 0.629356682301,
    "tonality": 0.46405556798
}