{
    "name": "7a18ea6f",
    "x": 51.937782287597656,
    "y": -3.848834991455078,
    "loudness": 0.977753520012,
    "raspiness": 0.307783514261,
    "color": 44.5133934021,
    "location": 3743.27856445,
    "stability": 0.768489062786,
    "tonality": 0.491518259048
}