{
    "name": "7a18ea6f",
    "x": 10.225203514099121,
    "y": 7.47312068939209,
    "loudness": 0.977753520012,
    "raspiness": 0.307783514261,
    "color": 44.5133934021,
    "location": 3743.27856445,
    "stability": 0.768489062786,
    "tonality": 0.491518259048
}