{
    "name": "7a18ea6f",
    "x": 49.10469055175781,
    "y": 0.13309429585933685,
    "loudness": 0.977753520012,
    "raspiness": 0.307783514261,
    "color": 44.5133934021,
    "location": 61.18233866443812,
    "stability": 0.768489062786,
    "tonality": 0.491518259048
}