{
    "name": "7a20c7f1",
    "x": -1.912205696105957,
    "y": 26.337146759033203,
    "loudness": 0.99068403244,
    "raspiness": 0.0487976074219,
    "color": 21.9422454834,
    "location": 32.48041026187939,
    "stability": 0.552199721336,
    "tonality": 0.478671431541
}