{
    "name": "7a23dada",
    "x": -2.2942922115325928,
    "y": 7.6004509925842285,
    "loudness": 0.631816744804,
    "raspiness": 0.00897185504436,
    "color": 5.70760726929,
    "location": 998.070068359,
    "stability": 0.236885949969,
    "tonality": 0.421037733555
}