{
    "name": "7a23dada",
    "x": -13.120111465454102,
    "y": -3.9198148250579834,
    "loudness": 0.631816744804,
    "raspiness": 0.00897185504436,
    "color": 5.70760726929,
    "location": 31.59224696597252,
    "stability": 0.236885949969,
    "tonality": 0.421037733555
}