{
    "name": "7a37c028",
    "x": 13.02859878540039,
    "y": 3.1887667179107666,
    "loudness": 0.742637813091,
    "raspiness": 0.0966069623828,
    "color": 6.06063604355,
    "location": 51.853772482819416,
    "stability": 0.447969079018,
    "tonality": 0.491715371609
}