{
    "name": "7a397092",
    "x": -11.300690650939941,
    "y": 34.048179626464844,
    "loudness": 0.838677763939,
    "raspiness": 0.0634561702609,
    "color": 18.0488128662,
    "location": 37.98848670413182,
    "stability": 0.639095306396,
    "tonality": 0.406260222197
}