{
    "name": "7a392ab8",
    "x": 9.778641700744629,
    "y": 25.793867111206055,
    "loudness": 0.851861000061,
    "raspiness": 0.0760788470507,
    "color": 4.18264532089,
    "location": 1842.2376709,
    "stability": 0.560406446457,
    "tonality": 0.47927993536
}