{
    "name": "7a3f81e2",
    "x": 7.461425304412842,
    "y": 3.2896151542663574,
    "loudness": 0.204435050488,
    "raspiness": 0.366855591536,
    "color": 124.915847778,
    "location": 4050.55273438,
    "stability": 0.695115149021,
    "tonality": 0.490639597178
}