{
    "name": "7a3f81e2",
    "x": 31.84172821044922,
    "y": -12.295893669128418,
    "loudness": 0.204435050488,
    "raspiness": 0.366855591536,
    "color": 124.915847778,
    "location": 63.64395285005481,
    "stability": 0.695115149021,
    "tonality": 0.490639597178
}