{
    "name": "7a3f81e2",
    "x": 33.03956604003906,
    "y": -18.12309455871582,
    "loudness": 0.204435050488,
    "raspiness": 0.366855591536,
    "color": 124.915847778,
    "location": 4050.55273438,
    "stability": 0.695115149021,
    "tonality": 0.490639597178
}