{
    "name": "7a431157",
    "x": -10.145343780517578,
    "y": 9.064175605773926,
    "loudness": 0.912212252617,
    "raspiness": 0.0592487603426,
    "color": 23.6603660583,
    "location": 41.79050185054015,
    "stability": 0.370117992163,
    "tonality": 0.426327735186
}