{
    "name": "7a458eec",
    "x": -27.072952270507812,
    "y": 18.217973709106445,
    "loudness": 0.972687900066,
    "raspiness": 0.036560498178,
    "color": 27.3779735565,
    "location": 27.360006328380116,
    "stability": 0.497078835964,
    "tonality": 0.382047951221
}