{
    "name": "7a4666c5",
    "x": 0.23093874752521515,
    "y": 5.019576549530029,
    "loudness": 0.99068403244,
    "raspiness": 0.0519468262792,
    "color": 9.0230140686,
    "location": 857.400878906,
    "stability": 0.185743451118,
    "tonality": 0.459413826466
}