{
    "name": "7a47fd86",
    "x": -0.5099753737449646,
    "y": 8.435013771057129,
    "loudness": 0.967218875885,
    "raspiness": 0.0800358727574,
    "color": 23.4137687683,
    "location": 1361.6907959,
    "stability": 0.452461749315,
    "tonality": 0.420809954405
}