{
    "name": "7a47fd86",
    "x": -12.741781234741211,
    "y": 16.502851486206055,
    "loudness": 0.967218875885,
    "raspiness": 0.0800358727574,
    "color": 23.4137687683,
    "location": 36.90109477915256,
    "stability": 0.452461749315,
    "tonality": 0.420809954405
}