{
    "name": "7a515659",
    "x": 6.89174747467041,
    "y": 9.125502586364746,
    "loudness": 0.99068403244,
    "raspiness": 0.159406796098,
    "color": 11.0801353455,
    "location": 2447.13598633,
    "stability": 0.648961424828,
    "tonality": 0.45242202282
}