{
    "name": "7a59b5b0",
    "x": 22.97735023498535,
    "y": -16.38225746154785,
    "loudness": 0.00143467367161,
    "raspiness": 0.201361402869,
    "color": 178.004104614,
    "location": 51.047410656858986,
    "stability": 0.574310600758,
    "tonality": 0.486063808203
}