{
    "name": "7a5a8e6a",
    "x": -27.052753448486328,
    "y": -14.042506217956543,
    "loudness": 0.644562602043,
    "raspiness": 0.0331833846867,
    "color": 11.6232423782,
    "location": 915.605102539,
    "stability": 0.299512833357,
    "tonality": 0.324465960264
}