{
    "name": "7a5a8e6a",
    "x": -29.086181640625,
    "y": -6.065301418304443,
    "loudness": 0.644562602043,
    "raspiness": 0.0331833846867,
    "color": 11.6232423782,
    "location": 30.258967307874205,
    "stability": 0.299512833357,
    "tonality": 0.324465960264
}