{
    "name": "7a61b4f2",
    "x": 3.3873558044433594,
    "y": 9.254530906677246,
    "loudness": 0.96465742588,
    "raspiness": 0.0495807938278,
    "color": 19.1806125641,
    "location": 1864.69750977,
    "stability": 0.559174120426,
    "tonality": 0.485914945602
}