{
    "name": "7a66b759",
    "x": 14.672541618347168,
    "y": 33.10930633544922,
    "loudness": 0.966935515404,
    "raspiness": 0.0842356234789,
    "color": 18.9392051697,
    "location": 41.51320796505613,
    "stability": 0.657543063164,
    "tonality": 0.466637462378
}