{
    "name": "7a66b759",
    "x": 4.752442359924316,
    "y": 11.129674911499023,
    "loudness": 0.966935515404,
    "raspiness": 0.0842356234789,
    "color": 18.9392051697,
    "location": 1723.34643555,
    "stability": 0.657543063164,
    "tonality": 0.466637462378
}