{
    "name": "7a6d71fc",
    "x": 3.7478597164154053,
    "y": 10.089557647705078,
    "loudness": 0.99068403244,
    "raspiness": 0.0791168212891,
    "color": 15.2582149506,
    "location": 1605.21081543,
    "stability": 0.593600392342,
    "tonality": 0.46383818984
}