{
    "name": "7a6d71fc",
    "x": 8.498668670654297,
    "y": 28.4694881439209,
    "loudness": 0.99068403244,
    "raspiness": 0.0791168212891,
    "color": 15.2582149506,
    "location": 40.065082246639655,
    "stability": 0.593600392342,
    "tonality": 0.46383818984
}