{
    "name": "7a6e15bd",
    "x": 0.6906944513320923,
    "y": 42.50926208496094,
    "loudness": 0.870482683182,
    "raspiness": 0.0485404729843,
    "color": 9.23408031464,
    "location": 882.512512207,
    "stability": 0.6574857831,
    "tonality": 0.468007653952
}