{
    "name": "7a79b65a",
    "x": 5.881971836090088,
    "y": 41.01564407348633,
    "loudness": 0.952322840691,
    "raspiness": 0.043701171875,
    "color": 7.71775436401,
    "location": 1618.11938477,
    "stability": 0.620349645615,
    "tonality": 0.461878448725
}