{
    "name": "7a7a59fd",
    "x": 14.757570266723633,
    "y": -15.79533863067627,
    "loudness": 0.00292173656635,
    "raspiness": 0.178818196058,
    "color": 17.2228012085,
    "location": 52.83097171423218,
    "stability": 0.366686969995,
    "tonality": 0.486835181713
}