{
    "name": "7a7a59fd",
    "x": 6.067043781280518,
    "y": 2.0366203784942627,
    "loudness": 0.00292173656635,
    "raspiness": 0.178818196058,
    "color": 17.2228012085,
    "location": 2791.11157227,
    "stability": 0.366686969995,
    "tonality": 0.486835181713
}