{
    "name": "7a7a59fd",
    "x": 18.52959632873535,
    "y": -29.961196899414062,
    "loudness": 0.00292173656635,
    "raspiness": 0.178818196058,
    "color": 17.2228012085,
    "location": 2791.11157227,
    "stability": 0.366686969995,
    "tonality": 0.486835181713
}