{
    "name": "7a7b777d",
    "x": 50.36663818359375,
    "y": -15.492825508117676,
    "loudness": 0.99068403244,
    "raspiness": 0.422941505909,
    "color": 118.210838318,
    "location": 4137.83740234,
    "stability": 0.77946549654,
    "tonality": 0.496674150229
}