{
    "name": "7a7b777d",
    "x": 50.97498321533203,
    "y": -9.21978759765625,
    "loudness": 0.99068403244,
    "raspiness": 0.422941505909,
    "color": 118.210838318,
    "location": 64.32602430074472,
    "stability": 0.77946549654,
    "tonality": 0.496674150229
}