{
    "name": "7a80327b",
    "x": -34.01072692871094,
    "y": -18.940670013427734,
    "loudness": 0.953041374683,
    "raspiness": 0.0239080544561,
    "color": 15.9793376923,
    "location": 868.628295898,
    "stability": 0.225441664457,
    "tonality": 0.295944005251
}