{
    "name": "7a82bd12",
    "x": 4.577579975128174,
    "y": 1.8966319561004639,
    "loudness": 0.0282817278057,
    "raspiness": 0.117554478347,
    "color": 2.351115942,
    "location": 1740.82788086,
    "stability": 0.439918249846,
    "tonality": 0.399357944727
}