{
    "name": "7a8580db",
    "x": 2.6553618907928467,
    "y": 10.791590690612793,
    "loudness": 0.83737641573,
    "raspiness": 0.039711650461,
    "color": 17.9801750183,
    "location": 888.368896484,
    "stability": 0.627736270428,
    "tonality": 0.468915253878
}