{
    "name": "7a871def",
    "x": 10.801880836486816,
    "y": 6.921595096588135,
    "loudness": 0.982558846474,
    "raspiness": 0.373002946377,
    "color": 144.413284302,
    "location": 4566.38037109,
    "stability": 0.800517499447,
    "tonality": 0.49888703227
}