{
    "name": "7a8cd995",
    "x": 46.72929000854492,
    "y": 19.32783317565918,
    "loudness": 0.99068403244,
    "raspiness": 0.177935436368,
    "color": 11.8777942657,
    "location": 3001.56201172,
    "stability": 0.736733675003,
    "tonality": 0.489236950874
}