{
    "name": "7a9976ef",
    "x": 2.3675026893615723,
    "y": 5.355928421020508,
    "loudness": 0.684391796589,
    "raspiness": 0.0572119131684,
    "color": 5.93834972382,
    "location": 528.766967773,
    "stability": 0.553262650967,
    "tonality": 0.427489846945
}