{
    "name": "7a9976ef",
    "x": -7.070461273193359,
    "y": 9.968879699707031,
    "loudness": 0.684391796589,
    "raspiness": 0.0572119131684,
    "color": 5.93834972382,
    "location": 22.994933523996107,
    "stability": 0.553262650967,
    "tonality": 0.427489846945
}