{
    "name": "7a9976ef",
    "x": -11.755087852478027,
    "y": 7.420075416564941,
    "loudness": 0.684391796589,
    "raspiness": 0.0572119131684,
    "color": 5.93834972382,
    "location": 528.766967773,
    "stability": 0.553262650967,
    "tonality": 0.427489846945
}