{
    "name": "7aa00d54",
    "x": 6.434139728546143,
    "y": 10.892837524414062,
    "loudness": 0.979573845863,
    "raspiness": 0.0971781387925,
    "color": 12.3888292313,
    "location": 2232.72436523,
    "stability": 0.7040386796,
    "tonality": 0.491107225418
}