{
    "name": "7aa93bef",
    "x": 5.246601104736328,
    "y": 8.473038673400879,
    "loudness": 0.99068403244,
    "raspiness": 0.146983042359,
    "color": 23.0360603333,
    "location": 2170.37109375,
    "stability": 0.586421489716,
    "tonality": 0.427199155092
}