{
    "name": "7ab5800d",
    "x": -36.07720947265625,
    "y": 27.503984451293945,
    "loudness": 0.9810744524,
    "raspiness": 0.0447831004858,
    "color": 12.4092273712,
    "location": 1227.92126465,
    "stability": 0.56863284111,
    "tonality": 0.370691239834
}