{
    "name": "7ab5800d",
    "x": -27.998273849487305,
    "y": 25.653615951538086,
    "loudness": 0.9810744524,
    "raspiness": 0.0447831004858,
    "color": 12.4092273712,
    "location": 35.04170750191834,
    "stability": 0.56863284111,
    "tonality": 0.370691239834
}