{
    "name": "7abd83be",
    "x": 49.38589096069336,
    "y": -4.7839765548706055,
    "loudness": 0.99068403244,
    "raspiness": 0.338727682829,
    "color": 5.9393157959,
    "location": 3101.43310547,
    "stability": 0.738649308681,
    "tonality": 0.484355717897
}