{
    "name": "7abd44d6",
    "x": -21.53643798828125,
    "y": -12.184545516967773,
    "loudness": 0.99068403244,
    "raspiness": 0.0378112792969,
    "color": 4.8112988472,
    "location": 253.664093018,
    "stability": 0.157519504428,
    "tonality": 0.40426671505
}