{
    "name": "7abe054d",
    "x": 18.053964614868164,
    "y": 13.149224281311035,
    "loudness": 0.99068403244,
    "raspiness": 0.107569277287,
    "color": 11.0519533157,
    "location": 50.35307224757989,
    "stability": 0.53377276659,
    "tonality": 0.478174269199
}