{
    "name": "7abe054d",
    "x": 5.751659870147705,
    "y": 7.939484596252441,
    "loudness": 0.99068403244,
    "raspiness": 0.107569277287,
    "color": 11.0519533157,
    "location": 2535.43188477,
    "stability": 0.53377276659,
    "tonality": 0.478174269199
}