{
    "name": "7abf4794",
    "x": 25.65496826171875,
    "y": 3.0368785858154297,
    "loudness": 0.946456313133,
    "raspiness": 0.146565288305,
    "color": 42.842830658,
    "location": 59.80105363302557,
    "stability": 0.490950226784,
    "tonality": 0.495494693518
}