{
    "name": "7abf4794",
    "x": 26.579059600830078,
    "y": 3.093029499053955,
    "loudness": 0.946456313133,
    "raspiness": 0.146565288305,
    "color": 42.842830658,
    "location": 3576.16601562,
    "stability": 0.490950226784,
    "tonality": 0.495494693518
}