{
    "name": "7ac74e67",
    "x": 4.839317798614502,
    "y": -27.89139175415039,
    "loudness": 0.0695534273982,
    "raspiness": 0.0550599098206,
    "color": 9.91038990021,
    "location": 1209.92211914,
    "stability": 0.477177679539,
    "tonality": 0.460925966501
}