{
    "name": "7ac74e67",
    "x": 3.4244635105133057,
    "y": -19.746183395385742,
    "loudness": 0.0695534273982,
    "raspiness": 0.0550599098206,
    "color": 9.91038990021,
    "location": 34.783934785184954,
    "stability": 0.477177679539,
    "tonality": 0.460925966501
}