{
    "name": "7ac9a9bf",
    "x": 1.0046837329864502,
    "y": 9.600578308105469,
    "loudness": 0.918525993824,
    "raspiness": 0.0375454425812,
    "color": 11.1152658463,
    "location": 601.814575195,
    "stability": 0.564789772034,
    "tonality": 0.438369452953
}