{
    "name": "7ac9a9bf",
    "x": -21.714942932128906,
    "y": 33.68213653564453,
    "loudness": 0.918525993824,
    "raspiness": 0.0375454425812,
    "color": 11.1152658463,
    "location": 601.814575195,
    "stability": 0.564789772034,
    "tonality": 0.438369452953
}