{
    "name": "7ad126fa",
    "x": 1.4055408239364624,
    "y": 4.2094926834106445,
    "loudness": 0.711664915085,
    "raspiness": 0.00357620813884,
    "color": 13.88580513,
    "location": 102.49823761,
    "stability": 0.20955426991,
    "tonality": 0.460632055998
}