{
    "name": "7ad126fa",
    "x": -11.190381050109863,
    "y": -11.203428268432617,
    "loudness": 0.711664915085,
    "raspiness": 0.00357620813884,
    "color": 13.88580513,
    "location": 102.49823761,
    "stability": 0.20955426991,
    "tonality": 0.460632055998
}