{
    "name": "7ad126fa",
    "x": -11.861454963684082,
    "y": -6.438006401062012,
    "loudness": 0.711664915085,
    "raspiness": 0.00357620813884,
    "color": 13.88580513,
    "location": 10.124141327045963,
    "stability": 0.20955426991,
    "tonality": 0.460632055998
}