{
    "name": "7ad6dfec",
    "x": 18.428010940551758,
    "y": -14.658530235290527,
    "loudness": 0.193746939301,
    "raspiness": 0.188308283687,
    "color": 10.1262025833,
    "location": 44.649020528786515,
    "stability": 0.577367961407,
    "tonality": 0.475558578968
}