{
    "name": "7ad6dfec",
    "x": 6.005998134613037,
    "y": 3.1533560752868652,
    "loudness": 0.193746939301,
    "raspiness": 0.188308283687,
    "color": 10.1262025833,
    "location": 1993.53503418,
    "stability": 0.577367961407,
    "tonality": 0.475558578968
}