{
    "name": "7ad6dfec",
    "x": 18.49846839904785,
    "y": -16.855215072631836,
    "loudness": 0.193746939301,
    "raspiness": 0.188308283687,
    "color": 10.1262025833,
    "location": 1993.53503418,
    "stability": 0.577367961407,
    "tonality": 0.475558578968
}