{
    "name": "7ad8b447",
    "x": -12.259373664855957,
    "y": 25.482681274414062,
    "loudness": 0.99068403244,
    "raspiness": 0.0622836016119,
    "color": 2.0068089962,
    "location": 929.794494629,
    "stability": 0.498791784048,
    "tonality": 0.449683696032
}