{
    "name": "7ad8b447",
    "x": 0.8777865171432495,
    "y": 8.701369285583496,
    "loudness": 0.99068403244,
    "raspiness": 0.0622836016119,
    "color": 2.0068089962,
    "location": 929.794494629,
    "stability": 0.498791784048,
    "tonality": 0.449683696032
}