{
    "name": "7ae6096a",
    "x": -23.257732391357422,
    "y": -19.029088973999023,
    "loudness": 0.428218454123,
    "raspiness": 0.00946362409741,
    "color": 4.56542539597,
    "location": 248.456039429,
    "stability": 0.387327194214,
    "tonality": 0.308719694614
}