{
    "name": "7ae6096a",
    "x": 2.1579043865203857,
    "y": 1.184804081916809,
    "loudness": 0.428218454123,
    "raspiness": 0.00946362409741,
    "color": 4.56542539597,
    "location": 248.456039429,
    "stability": 0.387327194214,
    "tonality": 0.308719694614
}