{
    "name": "7ae92624",
    "x": 11.195070266723633,
    "y": 6.515481472015381,
    "loudness": 0.99068403244,
    "raspiness": 0.351276278496,
    "color": 219.598358154,
    "location": 6235.38916016,
    "stability": 0.614298582077,
    "tonality": 0.493598937988
}