{
    "name": "7aecd8c9",
    "x": 34.87191390991211,
    "y": -6.737306594848633,
    "loudness": 0.658049285412,
    "raspiness": 0.269102156162,
    "color": 46.7085647583,
    "location": 3574.76074219,
    "stability": 0.638756811619,
    "tonality": 0.48792001605
}