{
    "name": "7aecd8c9",
    "x": 35.31239318847656,
    "y": -4.3039937019348145,
    "loudness": 0.658049285412,
    "raspiness": 0.269102156162,
    "color": 46.7085647583,
    "location": 59.78930290771084,
    "stability": 0.638756811619,
    "tonality": 0.48792001605
}