{
    "name": "7af0f234",
    "x": -0.3990844190120697,
    "y": 9.003122329711914,
    "loudness": 0.92872852087,
    "raspiness": 0.0600524395704,
    "color": 35.3405418396,
    "location": 1584.04931641,
    "stability": 0.517556846142,
    "tonality": 0.422476530075
}