{
    "name": "7af0f234",
    "x": -10.759571075439453,
    "y": 22.17621421813965,
    "loudness": 0.92872852087,
    "raspiness": 0.0600524395704,
    "color": 35.3405418396,
    "location": 39.80011704015455,
    "stability": 0.517556846142,
    "tonality": 0.422476530075
}