{
    "name": "7af76555",
    "x": -0.8985020518302917,
    "y": 8.540738105773926,
    "loudness": 0.986330270767,
    "raspiness": 0.0686057582498,
    "color": 21.7807731628,
    "location": 1621.85437012,
    "stability": 0.45866510272,
    "tonality": 0.399129629135
}