{
    "name": "7af76555",
    "x": -17.449256896972656,
    "y": 16.62151336669922,
    "loudness": 0.986330270767,
    "raspiness": 0.0686057582498,
    "color": 21.7807731628,
    "location": 40.27225310458803,
    "stability": 0.45866510272,
    "tonality": 0.399129629135
}