{
    "name": "7afbf017",
    "x": -7.485346794128418,
    "y": 9.065958023071289,
    "loudness": 0.99068403244,
    "raspiness": 0.0408418290317,
    "color": 9.20908641815,
    "location": 1125.46630859,
    "stability": 0.367521613836,
    "tonality": 0.473982453346
}