{
    "name": "7b031e22",
    "x": -24.19863510131836,
    "y": -23.103315353393555,
    "loudness": 0.00672555202618,
    "raspiness": 0.0947366654873,
    "color": 5.33891010284,
    "location": 35.2455238043074,
    "stability": 0.168042838573,
    "tonality": 0.235096499324
}