{
    "name": "7b031e22",
    "x": -22.342613220214844,
    "y": -36.86045455932617,
    "loudness": 0.00672555202618,
    "raspiness": 0.0947366654873,
    "color": 5.33891010284,
    "location": 1242.24694824,
    "stability": 0.168042838573,
    "tonality": 0.235096499324
}