{
    "name": "7b07c16f",
    "x": 12.629251480102539,
    "y": 9.600631713867188,
    "loudness": 0.99068403244,
    "raspiness": 0.10671851784,
    "color": 9.66702842712,
    "location": 48.17640314832563,
    "stability": 0.463484674692,
    "tonality": 0.474467545748
}