{
    "name": "7b085710",
    "x": 0.4290219247341156,
    "y": 11.259903907775879,
    "loudness": 0.791443645954,
    "raspiness": 0.0477730445564,
    "color": 10.1640892029,
    "location": 1288.58105469,
    "stability": 0.713189184666,
    "tonality": 0.414904594421
}