{
    "name": "7b1650a0",
    "x": 5.591683864593506,
    "y": 2.018707752227783,
    "loudness": 0.173000574112,
    "raspiness": 0.114340096712,
    "color": 21.9084415436,
    "location": 2105.62133789,
    "stability": 0.441747367382,
    "tonality": 0.482774853706
}