{
    "name": "7b1650a0",
    "x": 11.799568176269531,
    "y": -14.150596618652344,
    "loudness": 0.173000574112,
    "raspiness": 0.114340096712,
    "color": 21.9084415436,
    "location": 45.887049784116655,
    "stability": 0.441747367382,
    "tonality": 0.482774853706
}