{
    "name": "7b27bd7b",
    "x": -10.285388946533203,
    "y": -7.049585342407227,
    "loudness": 0.99068403244,
    "raspiness": 0.0293511282653,
    "color": 27.4454956055,
    "location": 34.66241174658798,
    "stability": 0.168409153819,
    "tonality": 0.466506391764
}