{
    "name": "7b2d02d4",
    "x": -1.328580379486084,
    "y": 28.108997344970703,
    "loudness": 0.99068403244,
    "raspiness": 0.0790501609445,
    "color": 17.9621829987,
    "location": 1862.65466309,
    "stability": 0.541862010956,
    "tonality": 0.435018539429
}