{
    "name": "7b2d02d4",
    "x": 1.4052404165267944,
    "y": 22.564802169799805,
    "loudness": 0.99068403244,
    "raspiness": 0.0790501609445,
    "color": 17.9621829987,
    "location": 43.15848309533133,
    "stability": 0.541862010956,
    "tonality": 0.435018539429
}