{
    "name": "7b3bc373",
    "x": 49.29716110229492,
    "y": 12.717564582824707,
    "loudness": 0.967326104641,
    "raspiness": 0.179640457034,
    "color": 82.7367401123,
    "location": 62.51298107377379,
    "stability": 0.814879417419,
    "tonality": 0.489164888859
}