{
    "name": "7b3bc373",
    "x": 56.341102600097656,
    "y": 12.46704387664795,
    "loudness": 0.967326104641,
    "raspiness": 0.179640457034,
    "color": 82.7367401123,
    "location": 3907.87280273,
    "stability": 0.814879417419,
    "tonality": 0.489164888859
}