{
    "name": "7b460e46",
    "x": 17.190065383911133,
    "y": 22.238319396972656,
    "loudness": 0.970427274704,
    "raspiness": 0.0986035913229,
    "color": 38.0910987854,
    "location": 48.8805218867393,
    "stability": 0.593769848347,
    "tonality": 0.457588791847
}