{
    "name": "7b460e46",
    "x": 4.454830169677734,
    "y": 9.363561630249023,
    "loudness": 0.970427274704,
    "raspiness": 0.0986035913229,
    "color": 38.0910987854,
    "location": 2389.30541992,
    "stability": 0.593769848347,
    "tonality": 0.457588791847
}