{
    "name": "7b4d753c",
    "x": 10.368391990661621,
    "y": 7.6160783767700195,
    "loudness": 0.980587184429,
    "raspiness": 0.292295306921,
    "color": 60.8438949585,
    "location": 4131.39111328,
    "stability": 0.650675594807,
    "tonality": 0.492830663919
}