{
    "name": "7b4d4b59",
    "x": 35.34920883178711,
    "y": 33.1547966003418,
    "loudness": 0.973875582218,
    "raspiness": 0.105298914015,
    "color": 33.1493644714,
    "location": 48.3434848692148,
    "stability": 0.786996662617,
    "tonality": 0.489944279194
}