{
    "name": "7b4d4b59",
    "x": 40.75849151611328,
    "y": 39.83088302612305,
    "loudness": 0.973875582218,
    "raspiness": 0.105298914015,
    "color": 33.1493644714,
    "location": 2337.0925293,
    "stability": 0.786996662617,
    "tonality": 0.489944279194
}