{
    "name": "7b4e4ea4",
    "x": 5.919307231903076,
    "y": 2.0939130783081055,
    "loudness": 0.00652156723663,
    "raspiness": 0.164157047868,
    "color": 17.5755443573,
    "location": 2643.77441406,
    "stability": 0.331105917692,
    "tonality": 0.400351375341
}