{
    "name": "7b4e4ea4",
    "x": 7.740952014923096,
    "y": -15.294011116027832,
    "loudness": 0.00652156723663,
    "raspiness": 0.164157047868,
    "color": 17.5755443573,
    "location": 51.41764691290335,
    "stability": 0.331105917692,
    "tonality": 0.400351375341
}