{
    "name": "7b56ddc7",
    "x": 20.596593856811523,
    "y": 0.05706147849559784,
    "loudness": 0.756117463112,
    "raspiness": 0.187198892236,
    "color": 42.5550422668,
    "location": 51.61382152359967,
    "stability": 0.437239557505,
    "tonality": 0.483305096626
}