{
    "name": "7b631ab5",
    "x": 22.608173370361328,
    "y": 6.943535327911377,
    "loudness": 0.99068403244,
    "raspiness": 0.138357207179,
    "color": 98.9182434082,
    "location": 52.78807682318044,
    "stability": 0.507004022598,
    "tonality": 0.480811566114
}