{
    "name": "7b631ab5",
    "x": 21.27312469482422,
    "y": 9.72651195526123,
    "loudness": 0.99068403244,
    "raspiness": 0.138357207179,
    "color": 98.9182434082,
    "location": 2786.58105469,
    "stability": 0.507004022598,
    "tonality": 0.480811566114
}