{
    "name": "7b6a119e",
    "x": 9.399057388305664,
    "y": 9.973834037780762,
    "loudness": 0.99068403244,
    "raspiness": 0.104344420135,
    "color": 16.2489871979,
    "location": 2628.01098633,
    "stability": 0.402996391058,
    "tonality": 0.463801234961
}