{
    "name": "7b6b328f",
    "x": -35.04153060913086,
    "y": -5.458515644073486,
    "loudness": 0.99068403244,
    "raspiness": 0.0138346357271,
    "color": 6.49659109116,
    "location": 782.60357666,
    "stability": 0.349261969328,
    "tonality": 0.347180038691
}