{
    "name": "7b6f0648",
    "x": -2.9086291790008545,
    "y": -21.88507080078125,
    "loudness": 0.04172712937,
    "raspiness": 0.0610727146268,
    "color": 6.67596578598,
    "location": 618.883117676,
    "stability": 0.586667358875,
    "tonality": 0.420628577471
}