{
    "name": "7b6f44ff",
    "x": 8.561650276184082,
    "y": -2.9105091094970703,
    "loudness": 0.516684532166,
    "raspiness": 0.0747249871492,
    "color": 16.2899456024,
    "location": 43.34511589867998,
    "stability": 0.506276726723,
    "tonality": 0.474322587252
}