{
    "name": "7b6f0648",
    "x": 3.67877197265625,
    "y": 2.0924720764160156,
    "loudness": 0.04172712937,
    "raspiness": 0.0610727146268,
    "color": 6.67596578598,
    "location": 618.883117676,
    "stability": 0.586667358875,
    "tonality": 0.420628577471
}