{
    "name": "7b766793",
    "x": 17.33387565612793,
    "y": 20.64697265625,
    "loudness": 0.99068403244,
    "raspiness": 0.147974923253,
    "color": 5.02824878693,
    "location": 2119.48632812,
    "stability": 0.5468506217,
    "tonality": 0.455246418715
}