{
    "name": "7b780fa4",
    "x": 6.940425395965576,
    "y": 3.8460841178894043,
    "loudness": 0.514872133732,
    "raspiness": 0.249924197793,
    "color": 19.3824481964,
    "location": 2956.24047852,
    "stability": 0.660786271095,
    "tonality": 0.489706158638
}