{
    "name": "7b780fa4",
    "x": 29.179752349853516,
    "y": -6.054019451141357,
    "loudness": 0.514872133732,
    "raspiness": 0.249924197793,
    "color": 19.3824481964,
    "location": 54.37132036763499,
    "stability": 0.660786271095,
    "tonality": 0.489706158638
}