{
    "name": "7b859d4e",
    "x": 16.095064163208008,
    "y": 25.260046005249023,
    "loudness": 0.917136788368,
    "raspiness": 0.153449654579,
    "color": 5.64145994186,
    "location": 1869.76574707,
    "stability": 0.614532649517,
    "tonality": 0.44403898716
}