{
    "name": "7b8e73b7",
    "x": 9.379789352416992,
    "y": 51.6007080078125,
    "loudness": 0.910513341427,
    "raspiness": 0.0469017550349,
    "color": 7.45658636093,
    "location": 1036.50097656,
    "stability": 0.766002178192,
    "tonality": 0.477132230997
}