{
    "name": "7b8e73b7",
    "x": 3.7521908283233643,
    "y": 11.98486328125,
    "loudness": 0.910513341427,
    "raspiness": 0.0469017550349,
    "color": 7.45658636093,
    "location": 1036.50097656,
    "stability": 0.766002178192,
    "tonality": 0.477132230997
}