{
    "name": "7b9a02a0",
    "x": -19.67357063293457,
    "y": 16.920866012573242,
    "loudness": 0.99068403244,
    "raspiness": 0.0734925866127,
    "color": 7.0453543663,
    "location": 1669.9407959,
    "stability": 0.444841712713,
    "tonality": 0.39893913269
}