{
    "name": "7ba1bf05",
    "x": 11.669573783874512,
    "y": 5.453461647033691,
    "loudness": 0.99068403244,
    "raspiness": 0.398869454861,
    "color": 797.527038574,
    "location": 7101.95996094,
    "stability": 0.721868872643,
    "tonality": 0.481639176607
}