{
    "name": "7ba42f03",
    "x": 46.06939697265625,
    "y": -7.208256721496582,
    "loudness": 0.99068403244,
    "raspiness": 0.288248687983,
    "color": 91.3642044067,
    "location": 66.12780225041506,
    "stability": 0.649324655533,
    "tonality": 0.491199821234
}