{
    "name": "7ba87647",
    "x": 47.423763275146484,
    "y": -2.7817208766937256,
    "loudness": 0.9627212286,
    "raspiness": 0.270850747824,
    "color": 109.735168457,
    "location": 3780.64941406,
    "stability": 0.711832523346,
    "tonality": 0.493694901466
}