{
    "name": "7ba87647",
    "x": 9.840313911437988,
    "y": 7.723793029785156,
    "loudness": 0.9627212286,
    "raspiness": 0.270850747824,
    "color": 109.735168457,
    "location": 3780.64941406,
    "stability": 0.711832523346,
    "tonality": 0.493694901466
}