{
    "name": "7ba87647",
    "x": 45.170921325683594,
    "y": -0.7786809206008911,
    "loudness": 0.9627212286,
    "raspiness": 0.270850747824,
    "color": 109.735168457,
    "location": 61.486985729176865,
    "stability": 0.711832523346,
    "tonality": 0.493694901466
}