{
    "name": "7baee018",
    "x": 31.237083435058594,
    "y": 13.309089660644531,
    "loudness": 0.919531345367,
    "raspiness": 0.1336081177,
    "color": 6.8160033226,
    "location": 55.49833937903007,
    "stability": 0.623973011971,
    "tonality": 0.488222330809
}