{
    "name": "7baf18f6",
    "x": 12.638459205627441,
    "y": 5.919278144836426,
    "loudness": 0.936861693859,
    "raspiness": 0.0874298885465,
    "color": 18.3256149292,
    "location": 2770.21728516,
    "stability": 0.388767302036,
    "tonality": 0.491694241762
}