{
    "name": "7baf18f6",
    "x": 4.218019008636475,
    "y": 6.969058036804199,
    "loudness": 0.936861693859,
    "raspiness": 0.0874298885465,
    "color": 18.3256149292,
    "location": 2770.21728516,
    "stability": 0.388767302036,
    "tonality": 0.491694241762
}