{
    "name": "7bb189e3",
    "x": 0.6712086200714111,
    "y": 1.552457332611084,
    "loudness": 0.977283656597,
    "raspiness": 0.0734669193625,
    "color": 47.3964500427,
    "location": 44.92189673911822,
    "stability": 0.279773145914,
    "tonality": 0.479157149792
}