{
    "name": "7bb189e3",
    "x": 2.3507063388824463,
    "y": 1.595678687095642,
    "loudness": 0.977283656597,
    "raspiness": 0.0734669193625,
    "color": 47.3964500427,
    "location": 2017.97680664,
    "stability": 0.279773145914,
    "tonality": 0.479157149792
}