{
    "name": "7bb60688",
    "x": 48.4360466003418,
    "y": 14.707293510437012,
    "loudness": 0.936960279942,
    "raspiness": 0.207218632102,
    "color": 41.244102478,
    "location": 2836.82421875,
    "stability": 0.783619940281,
    "tonality": 0.490000545979
}