{
    "name": "7bb60688",
    "x": 43.86876678466797,
    "y": 14.5455322265625,
    "loudness": 0.936960279942,
    "raspiness": 0.207218632102,
    "color": 41.244102478,
    "location": 53.26184580682498,
    "stability": 0.783619940281,
    "tonality": 0.490000545979
}