{
    "name": "7bbc5503",
    "x": 3.9073195457458496,
    "y": 4.912790775299072,
    "loudness": 0.541718959808,
    "raspiness": 0.0798477232456,
    "color": 36.3395957947,
    "location": 3000.64697266,
    "stability": 0.459957391024,
    "tonality": 0.490161538124
}