{
    "name": "7bbc5503",
    "x": 13.537535667419434,
    "y": -0.985517680644989,
    "loudness": 0.541718959808,
    "raspiness": 0.0798477232456,
    "color": 36.3395957947,
    "location": 3000.64697266,
    "stability": 0.459957391024,
    "tonality": 0.490161538124
}