{
    "name": "7bc4dab0",
    "x": -0.020566551014780998,
    "y": 11.364494323730469,
    "loudness": 0.981558263302,
    "raspiness": 0.0650949403644,
    "color": 17.7371177673,
    "location": 1589.78234863,
    "stability": 0.75376355648,
    "tonality": 0.420631408691
}