{
    "name": "7bc9c37f",
    "x": 23.038007736206055,
    "y": -23.8096866607666,
    "loudness": 0.0377488434315,
    "raspiness": 0.230625003576,
    "color": 1.20664417744,
    "location": 2803.49926758,
    "stability": 0.580987453461,
    "tonality": 0.482168853283
}