{
    "name": "7bd01506",
    "x": 10.891386032104492,
    "y": -17.947540283203125,
    "loudness": 0.0532153360546,
    "raspiness": 0.0682483240962,
    "color": 13.8423681259,
    "location": 1430.16418457,
    "stability": 0.724570274353,
    "tonality": 0.479352355003
}