{
    "name": "7bfed231",
    "x": -9.108829498291016,
    "y": -33.48585891723633,
    "loudness": 0.073800586164,
    "raspiness": 0.0351106375456,
    "color": 9.32290458679,
    "location": 924.990539551,
    "stability": 0.309598654509,
    "tonality": 0.38956451416
}