{
    "name": "7bfed231",
    "x": -10.879899024963379,
    "y": -22.924423217773438,
    "loudness": 0.073800586164,
    "raspiness": 0.0351106375456,
    "color": 9.32290458679,
    "location": 30.41365712226992,
    "stability": 0.309598654509,
    "tonality": 0.38956451416
}