{
    "name": "7c07d9a2",
    "x": 27.533681869506836,
    "y": 13.303028106689453,
    "loudness": 0.949261963367,
    "raspiness": 0.161838784814,
    "color": 28.8578300476,
    "location": 52.43729979852128,
    "stability": 0.590334653854,
    "tonality": 0.452733337879
}