{
    "name": "7c07d9a2",
    "x": 29.441801071166992,
    "y": 17.28352165222168,
    "loudness": 0.949261963367,
    "raspiness": 0.161838784814,
    "color": 28.8578300476,
    "location": 2749.67041016,
    "stability": 0.590334653854,
    "tonality": 0.452733337879
}