{
    "name": "7c07d6ac",
    "x": -46.92923355102539,
    "y": 18.048704147338867,
    "loudness": 0.99068403244,
    "raspiness": 0.0463434532285,
    "color": 8.66543006897,
    "location": 810.065246582,
    "stability": 0.599592626095,
    "tonality": 0.334033429623
}