{
    "name": "7c07d6ac",
    "x": -38.0963134765625,
    "y": 20.1414794921875,
    "loudness": 0.99068403244,
    "raspiness": 0.0463434532285,
    "color": 8.66543006897,
    "location": 28.46164518403671,
    "stability": 0.599592626095,
    "tonality": 0.334033429623
}