{
    "name": "7c07d9a2",
    "x": 6.82298469543457,
    "y": 8.769739151000977,
    "loudness": 0.949261963367,
    "raspiness": 0.161838784814,
    "color": 28.8578300476,
    "location": 2749.67041016,
    "stability": 0.590334653854,
    "tonality": 0.452733337879
}