{
    "name": "7c1cccaa",
    "x": 4.429765701293945,
    "y": 8.760237693786621,
    "loudness": 0.794414162636,
    "raspiness": 0.141662150621,
    "color": 37.3326416016,
    "location": 1987.86608887,
    "stability": 0.532793402672,
    "tonality": 0.466145008802
}