{
    "name": "7c1cccaa",
    "x": 15.599549293518066,
    "y": 9.903430938720703,
    "loudness": 0.794414162636,
    "raspiness": 0.141662150621,
    "color": 37.3326416016,
    "location": 44.58549191014943,
    "stability": 0.532793402672,
    "tonality": 0.466145008802
}