{
    "name": "7c230e88",
    "x": 5.267538547515869,
    "y": 9.880125999450684,
    "loudness": 0.942952632904,
    "raspiness": 0.126093685627,
    "color": 156.477508545,
    "location": 1149.56750488,
    "stability": 0.663479566574,
    "tonality": 0.461350083351
}