{
    "name": "7c2ba8c5",
    "x": 15.236772537231445,
    "y": 45.831966400146484,
    "loudness": 0.99068403244,
    "raspiness": 0.0824250280857,
    "color": 11.9340133667,
    "location": 1647.71118164,
    "stability": 0.693278729916,
    "tonality": 0.455030947924
}