{
    "name": "7c2ba8c5",
    "x": 4.526296615600586,
    "y": 11.388644218444824,
    "loudness": 0.99068403244,
    "raspiness": 0.0824250280857,
    "color": 11.9340133667,
    "location": 1647.71118164,
    "stability": 0.693278729916,
    "tonality": 0.455030947924
}