{
    "name": "7c335009",
    "x": 11.16614055633545,
    "y": -17.326826095581055,
    "loudness": 0.203712999821,
    "raspiness": 0.0976335406303,
    "color": 7.13529205322,
    "location": 36.990125833524814,
    "stability": 0.619069993496,
    "tonality": 0.466431796551
}