{
    "name": "7c335009",
    "x": 4.795680999755859,
    "y": 2.8907952308654785,
    "loudness": 0.203712999821,
    "raspiness": 0.0976335406303,
    "color": 7.13529205322,
    "location": 1368.26940918,
    "stability": 0.619069993496,
    "tonality": 0.466431796551
}