{
    "name": "7c3f7dda",
    "x": 22.222558975219727,
    "y": -25.40333366394043,
    "loudness": 0.0442552007735,
    "raspiness": 0.226818680763,
    "color": 4.49901676178,
    "location": 3299.8581543,
    "stability": 0.576554596424,
    "tonality": 0.429742217064
}