{
    "name": "7c402b12",
    "x": 7.411134719848633,
    "y": 8.032172203063965,
    "loudness": 0.957783281803,
    "raspiness": 0.195307284594,
    "color": 8.30802440643,
    "location": 2801.5703125,
    "stability": 0.56510579586,
    "tonality": 0.461744189262
}