{
    "name": "7c5c7267",
    "x": -8.7770357131958,
    "y": 17.142812728881836,
    "loudness": 0.99068403244,
    "raspiness": 0.0212590135634,
    "color": 15.6924915314,
    "location": 919.098510742,
    "stability": 0.430797159672,
    "tonality": 0.468767017126
}