{
    "name": "7c611dd7",
    "x": -3.2247977256774902,
    "y": 14.306445121765137,
    "loudness": 0.835313856602,
    "raspiness": 0.0423519723117,
    "color": 4.06208753586,
    "location": 1315.87060547,
    "stability": 0.455743461847,
    "tonality": 0.476837277412
}