{
    "name": "7c611dd7",
    "x": -1.2371785640716553,
    "y": 11.77800178527832,
    "loudness": 0.835313856602,
    "raspiness": 0.0423519723117,
    "color": 4.06208753586,
    "location": 36.274930812752764,
    "stability": 0.455743461847,
    "tonality": 0.476837277412
}