{
    "name": "7c7fea83",
    "x": 1.97745680809021,
    "y": 11.094833374023438,
    "loudness": 0.921108007431,
    "raspiness": 0.0265334974974,
    "color": 5.35482406616,
    "location": 577.582824707,
    "stability": 0.665052294731,
    "tonality": 0.462065279484
}