{
    "name": "7c83add0",
    "x": 0.4165026843547821,
    "y": -20.386335372924805,
    "loudness": 0.140908420086,
    "raspiness": 0.0680506899953,
    "color": 4.54477596283,
    "location": 31.184076950793333,
    "stability": 0.551370680332,
    "tonality": 0.41701489687
}