{
    "name": "7c83add0",
    "x": -0.6309497952461243,
    "y": -21.251018524169922,
    "loudness": 0.140908420086,
    "raspiness": 0.0680506899953,
    "color": 4.54477596283,
    "location": 972.446655273,
    "stability": 0.551370680332,
    "tonality": 0.41701489687
}