{
    "name": "7c8baa21",
    "x": -19.58146095275879,
    "y": 8.375229835510254,
    "loudness": 0.99068403244,
    "raspiness": 0.0316109023988,
    "color": 8.92436122894,
    "location": 33.726597789281975,
    "stability": 0.376530528069,
    "tonality": 0.404164522886
}