{
    "name": "7c8baa21",
    "x": -1.4726769924163818,
    "y": 7.057674884796143,
    "loudness": 0.99068403244,
    "raspiness": 0.0316109023988,
    "color": 8.92436122894,
    "location": 1137.48339844,
    "stability": 0.376530528069,
    "tonality": 0.404164522886
}