{
    "name": "7c8fc462",
    "x": -0.715029239654541,
    "y": 9.03321361541748,
    "loudness": 0.953867614269,
    "raspiness": 0.0735864415765,
    "color": 32.6391868591,
    "location": 1408.00012207,
    "stability": 0.506335616112,
    "tonality": 0.401318639517
}