{
    "name": "7c91f847",
    "x": 2.1720337867736816,
    "y": 21.04574966430664,
    "loudness": 0.722928643227,
    "raspiness": 0.0486183166504,
    "color": 5.58092594147,
    "location": 31.843906211236085,
    "stability": 0.59766292572,
    "tonality": 0.473828285933
}