{
    "name": "7c98f063",
    "x": 2.3476474285125732,
    "y": 5.224490165710449,
    "loudness": 0.626616358757,
    "raspiness": 0.0255925189704,
    "color": 10.6801071167,
    "location": 666.653686523,
    "stability": 0.493549227715,
    "tonality": 0.40489500761
}