{
    "name": "7c9f063c",
    "x": -30.759645462036133,
    "y": 19.52903175354004,
    "loudness": 0.873261809349,
    "raspiness": 0.0236168373376,
    "color": 8.05834579468,
    "location": 502.590759277,
    "stability": 0.513123750687,
    "tonality": 0.396492630243
}