{
    "name": "7c9f063c",
    "x": -23.999624252319336,
    "y": 18.836374282836914,
    "loudness": 0.873261809349,
    "raspiness": 0.0236168373376,
    "color": 8.05834579468,
    "location": 22.418536064538202,
    "stability": 0.513123750687,
    "tonality": 0.396492630243
}