{
    "name": "7ca2aa69",
    "x": -2.936472177505493,
    "y": 7.6406941413879395,
    "loudness": 0.758177936077,
    "raspiness": 0.0635129064322,
    "color": 17.8188896179,
    "location": 1287.78015137,
    "stability": 0.427048504353,
    "tonality": 0.460553079844
}