{
    "name": "7ca2aa69",
    "x": -1.0847454071044922,
    "y": 6.965640068054199,
    "loudness": 0.758177936077,
    "raspiness": 0.0635129064322,
    "color": 17.8188896179,
    "location": 35.88565383785002,
    "stability": 0.427048504353,
    "tonality": 0.460553079844
}