{
    "name": "7ca8edbe",
    "x": 32.046051025390625,
    "y": 33.525508880615234,
    "loudness": 0.874142885208,
    "raspiness": 0.107851676643,
    "color": 25.3086338043,
    "location": 45.51155899274381,
    "stability": 0.787399947643,
    "tonality": 0.488881677389
}