{
    "name": "7ca8edbe",
    "x": 6.53959846496582,
    "y": 11.917407035827637,
    "loudness": 0.874142885208,
    "raspiness": 0.107851676643,
    "color": 25.3086338043,
    "location": 2071.30200195,
    "stability": 0.787399947643,
    "tonality": 0.488881677389
}