{
    "name": "7ca8edbe",
    "x": 35.95146942138672,
    "y": 39.0396728515625,
    "loudness": 0.874142885208,
    "raspiness": 0.107851676643,
    "color": 25.3086338043,
    "location": 2071.30200195,
    "stability": 0.787399947643,
    "tonality": 0.488881677389
}