{
    "name": "7cade848",
    "x": 6.0524725914001465,
    "y": 8.0112943649292,
    "loudness": 0.960824489594,
    "raspiness": 0.126834750175,
    "color": 30.1877784729,
    "location": 2366.55102539,
    "stability": 0.525949954987,
    "tonality": 0.490375816822
}