{
    "name": "7caea617",
    "x": 2.0590412616729736,
    "y": 33.299110412597656,
    "loudness": 0.99068403244,
    "raspiness": 0.109356217086,
    "color": 4.67004108429,
    "location": 1604.91540527,
    "stability": 0.596858978271,
    "tonality": 0.434844434261
}