{
    "name": "7caeda63",
    "x": 22.150882720947266,
    "y": 30.57103157043457,
    "loudness": 0.891370356083,
    "raspiness": 0.100796401501,
    "color": 19.5227355957,
    "location": 2214.31005859,
    "stability": 0.639667510986,
    "tonality": 0.46570572257
}