{
    "name": "7cb16dca",
    "x": 18.015714645385742,
    "y": 32.12643051147461,
    "loudness": 0.99068403244,
    "raspiness": 0.102880857885,
    "color": 16.1883392334,
    "location": 40.346595622431394,
    "stability": 0.668922424316,
    "tonality": 0.474002242088
}