{
    "name": "7cbae5c6",
    "x": -4.0890092849731445,
    "y": 7.102887153625488,
    "loudness": 0.978792786598,
    "raspiness": 0.0447090901434,
    "color": 33.1892929077,
    "location": 957.722961426,
    "stability": 0.260884582996,
    "tonality": 0.30037817359
}