{
    "name": "7cbae5c6",
    "x": -34.37847137451172,
    "y": -6.555831432342529,
    "loudness": 0.978792786598,
    "raspiness": 0.0447090901434,
    "color": 33.1892929077,
    "location": 30.9470994024642,
    "stability": 0.260884582996,
    "tonality": 0.30037817359
}