{
    "name": "7cc65c00",
    "x": -42.24812698364258,
    "y": 10.971480369567871,
    "loudness": 0.973207175732,
    "raspiness": 0.0421335920691,
    "color": 38.7550354004,
    "location": 28.95820605206752,
    "stability": 0.71995395422,
    "tonality": 0.231216847897
}