{
    "name": "7cc65c00",
    "x": -4.25773286819458,
    "y": 9.524319648742676,
    "loudness": 0.973207175732,
    "raspiness": 0.0421335920691,
    "color": 38.7550354004,
    "location": 838.577697754,
    "stability": 0.71995395422,
    "tonality": 0.231216847897
}