{
    "name": "7cd36ab9",
    "x": -2.5678658485412598,
    "y": 24.259838104248047,
    "loudness": 0.822707235813,
    "raspiness": 0.0291359331459,
    "color": 16.8604831696,
    "location": 29.534620756698402,
    "stability": 0.562594115734,
    "tonality": 0.470361024141
}