{
    "name": "7cd36ab9",
    "x": -4.346126556396484,
    "y": 31.159610748291016,
    "loudness": 0.822707235813,
    "raspiness": 0.0291359331459,
    "color": 16.8604831696,
    "location": 872.293823242,
    "stability": 0.562594115734,
    "tonality": 0.470361024141
}