{
    "name": "7cd52ca6",
    "x": 0.21570490300655365,
    "y": -17.409313201904297,
    "loudness": 0.285087585449,
    "raspiness": 0.0484478548169,
    "color": 6.61301851273,
    "location": 1128.19165039,
    "stability": 0.474391222,
    "tonality": 0.438592374325
}