{
    "name": "7cd52ca6",
    "x": 0.25804731249809265,
    "y": -13.17761516571045,
    "loudness": 0.285087585449,
    "raspiness": 0.0484478548169,
    "color": 6.61301851273,
    "location": 33.58856427997481,
    "stability": 0.474391222,
    "tonality": 0.438592374325
}