{
    "name": "7cf2f996",
    "x": -9.186338424682617,
    "y": 21.387582778930664,
    "loudness": 0.983811199665,
    "raspiness": 0.0309634003788,
    "color": 6.1124458313,
    "location": 920.192321777,
    "stability": 0.46753102541,
    "tonality": 0.464166224003
}