{
    "name": "7cf3befc",
    "x": 2.7180471420288086,
    "y": 1.9456570148468018,
    "loudness": 0.388949513435,
    "raspiness": 0.0160364490002,
    "color": 5.04255151749,
    "location": 329.331298828,
    "stability": 0.582823395729,
    "tonality": 0.3978343606
}