{
    "name": "7cf3befc",
    "x": -10.56765365600586,
    "y": -11.090386390686035,
    "loudness": 0.388949513435,
    "raspiness": 0.0160364490002,
    "color": 5.04255151749,
    "location": 329.331298828,
    "stability": 0.582823395729,
    "tonality": 0.3978343606
}