{
    "name": "7d03a440",
    "x": -32.413516998291016,
    "y": -2.960350275039673,
    "loudness": 0.849314451218,
    "raspiness": 0.0535295195878,
    "color": 7.39301013947,
    "location": 30.179549977029147,
    "stability": 0.319432914257,
    "tonality": 0.324178695679
}