{
    "name": "7d03a440",
    "x": -32.60906982421875,
    "y": -9.641899108886719,
    "loudness": 0.849314451218,
    "raspiness": 0.0535295195878,
    "color": 7.39301013947,
    "location": 910.805236816,
    "stability": 0.319432914257,
    "tonality": 0.324178695679
}