{
    "name": "7d03a440",
    "x": -3.618685722351074,
    "y": 7.532888412475586,
    "loudness": 0.849314451218,
    "raspiness": 0.0535295195878,
    "color": 7.39301013947,
    "location": 910.805236816,
    "stability": 0.319432914257,
    "tonality": 0.324178695679
}