{
    "name": "7d11d311",
    "x": 10.108275413513184,
    "y": 39.68476486206055,
    "loudness": 0.934978485107,
    "raspiness": 0.0573641359806,
    "color": 10.5552682877,
    "location": 36.50502293137206,
    "stability": 0.702769994736,
    "tonality": 0.474610835314
}