{
    "name": "7d11d311",
    "x": 10.32042121887207,
    "y": 50.33988571166992,
    "loudness": 0.934978485107,
    "raspiness": 0.0573641359806,
    "color": 10.5552682877,
    "location": 1332.61669922,
    "stability": 0.702769994736,
    "tonality": 0.474610835314
}