{
    "name": "7d13cc12",
    "x": 11.693181991577148,
    "y": 4.8740434646606445,
    "loudness": 0.99068403244,
    "raspiness": 0.494487553835,
    "color": 3327.3671875,
    "location": 5637.36865234,
    "stability": 0.51602512598,
    "tonality": 0.486594796181
}