{
    "name": "7d247397",
    "x": 3.576129913330078,
    "y": 8.90402889251709,
    "loudness": 0.99068403244,
    "raspiness": 0.11354097724,
    "color": 4.24528169632,
    "location": 1495.65063477,
    "stability": 0.512642681599,
    "tonality": 0.47134488821
}