{
    "name": "7d2649b5",
    "x": 3.2542777061462402,
    "y": 9.058223724365234,
    "loudness": 0.99068403244,
    "raspiness": 0.0956448242068,
    "color": 16.2282600403,
    "location": 1415.37634277,
    "stability": 0.523872971535,
    "tonality": 0.478784769773
}