{
    "name": "7d264d04",
    "x": 11.604543685913086,
    "y": 45.86029815673828,
    "loudness": 0.813816964626,
    "raspiness": 0.0913581699133,
    "color": 3.86395835876,
    "location": 1250.67675781,
    "stability": 0.722702503204,
    "tonality": 0.459469169378
}