{
    "name": "7d28e622",
    "x": 45.99741744995117,
    "y": -9.328798294067383,
    "loudness": 0.99068403244,
    "raspiness": 0.394809395075,
    "color": 92.5387954712,
    "location": 66.28977653198116,
    "stability": 0.602189123631,
    "tonality": 0.490327090025
}