{
    "name": "7d2e257c",
    "x": 24.77516746520996,
    "y": 32.617881774902344,
    "loudness": 0.988152682781,
    "raspiness": 0.0968325063586,
    "color": 7.04385137558,
    "location": 45.39970326599063,
    "stability": 0.697264134884,
    "tonality": 0.481870293617
}