{
    "name": "7d2e257c",
    "x": 6.19557523727417,
    "y": 10.817134857177734,
    "loudness": 0.988152682781,
    "raspiness": 0.0968325063586,
    "color": 7.04385137558,
    "location": 2061.13305664,
    "stability": 0.697264134884,
    "tonality": 0.481870293617
}