{
    "name": "7d2e257c",
    "x": 27.195119857788086,
    "y": 39.801849365234375,
    "loudness": 0.988152682781,
    "raspiness": 0.0968325063586,
    "color": 7.04385137558,
    "location": 2061.13305664,
    "stability": 0.697264134884,
    "tonality": 0.481870293617
}