{
    "name": "7d3039a9",
    "x": -40.11988830566406,
    "y": 0.7810871601104736,
    "loudness": 0.959539413452,
    "raspiness": 0.031624596566,
    "color": 24.9980983734,
    "location": 29.80965411600745,
    "stability": 0.407173097134,
    "tonality": 0.297781050205
}