{
    "name": "7d3039a9",
    "x": -45.632781982421875,
    "y": -9.069969177246094,
    "loudness": 0.959539413452,
    "raspiness": 0.031624596566,
    "color": 24.9980983734,
    "location": 888.615478516,
    "stability": 0.407173097134,
    "tonality": 0.297781050205
}