{
    "name": "7d409745",
    "x": 3.6420505046844482,
    "y": 8.226269721984863,
    "loudness": 0.988366007805,
    "raspiness": 0.0731212347746,
    "color": 40.6516532898,
    "location": 1902.00708008,
    "stability": 0.516312658787,
    "tonality": 0.443207621574
}