{
    "name": "7d46df5d",
    "x": 3.45906400680542,
    "y": 8.891616821289062,
    "loudness": 0.976254463196,
    "raspiness": 0.0669574961066,
    "color": 33.8535690308,
    "location": 2017.83532715,
    "stability": 0.509175777435,
    "tonality": 0.490929484367
}