{
    "name": "7d46df5d",
    "x": 9.927499771118164,
    "y": 26.05699920654297,
    "loudness": 0.976254463196,
    "raspiness": 0.0669574961066,
    "color": 33.8535690308,
    "location": 2017.83532715,
    "stability": 0.509175777435,
    "tonality": 0.490929484367
}