{
    "name": "7d46df5d",
    "x": 9.041787147521973,
    "y": 17.289737701416016,
    "loudness": 0.976254463196,
    "raspiness": 0.0669574961066,
    "color": 33.8535690308,
    "location": 44.92032198404192,
    "stability": 0.509175777435,
    "tonality": 0.490929484367
}