{
    "name": "7d4963eb",
    "x": 28.448909759521484,
    "y": 37.99722671508789,
    "loudness": 0.97044301033,
    "raspiness": 0.105838090181,
    "color": 24.1618347168,
    "location": 43.314973042240254,
    "stability": 0.772603750229,
    "tonality": 0.488544106483
}