{
    "name": "7d4963eb",
    "x": 31.55380630493164,
    "y": 46.62731170654297,
    "loudness": 0.97044301033,
    "raspiness": 0.105838090181,
    "color": 24.1618347168,
    "location": 1876.18688965,
    "stability": 0.772603750229,
    "tonality": 0.488544106483
}