{
    "name": "7d4c5e77",
    "x": 10.523663520812988,
    "y": 4.102892875671387,
    "loudness": 0.808069467545,
    "raspiness": 0.100477427244,
    "color": 8.33126544952,
    "location": 48.61365900444031,
    "stability": 0.409184813499,
    "tonality": 0.484105736017
}