{
    "name": "7d4c5e77",
    "x": 10.449409484863281,
    "y": 6.013655662536621,
    "loudness": 0.808069467545,
    "raspiness": 0.100477427244,
    "color": 8.33126544952,
    "location": 2363.2878418,
    "stability": 0.409184813499,
    "tonality": 0.484105736017
}