{
    "name": "7d53fe69",
    "x": 6.8684234619140625,
    "y": 10.883003234863281,
    "loudness": 0.99068403244,
    "raspiness": 0.122601427138,
    "color": 27.8840866089,
    "location": 2360.29199219,
    "stability": 0.714173138142,
    "tonality": 0.487542122602
}