{
    "name": "7d56f695",
    "x": 10.997398376464844,
    "y": 6.477018356323242,
    "loudness": 0.684051334858,
    "raspiness": 0.303345292807,
    "color": 233.746917725,
    "location": 6085.74951172,
    "stability": 0.588469028473,
    "tonality": 0.497482001781
}