{
    "name": "7d56f695",
    "x": 42.74173355102539,
    "y": -12.889741897583008,
    "loudness": 0.684051334858,
    "raspiness": 0.303345292807,
    "color": 233.746917725,
    "location": 78.01121401260205,
    "stability": 0.588469028473,
    "tonality": 0.497482001781
}