{
    "name": "7d639c49",
    "x": 34.962242126464844,
    "y": -30.9146785736084,
    "loudness": 0.731011092663,
    "raspiness": 0.423834204674,
    "color": 829.292358398,
    "location": 4841.39746094,
    "stability": 0.6710947752,
    "tonality": 0.493788212538
}