{
    "name": "7d639c49",
    "x": 38.57118606567383,
    "y": -23.544219970703125,
    "loudness": 0.731011092663,
    "raspiness": 0.423834204674,
    "color": 829.292358398,
    "location": 69.5801513431812,
    "stability": 0.6710947752,
    "tonality": 0.493788212538
}