{
    "name": "7d639c49",
    "x": 11.507187843322754,
    "y": 5.207652568817139,
    "loudness": 0.731011092663,
    "raspiness": 0.423834204674,
    "color": 829.292358398,
    "location": 4841.39746094,
    "stability": 0.6710947752,
    "tonality": 0.493788212538
}