{
    "name": "7d70091a",
    "x": 0.8786793947219849,
    "y": 8.799363136291504,
    "loudness": 0.99068403244,
    "raspiness": 0.0496356673539,
    "color": 5.73038053513,
    "location": 1076.68652344,
    "stability": 0.506218850613,
    "tonality": 0.450955450535
}