{
    "name": "7d70091a",
    "x": -6.664670944213867,
    "y": 20.522140502929688,
    "loudness": 0.99068403244,
    "raspiness": 0.0496356673539,
    "color": 5.73038053513,
    "location": 32.812901783292496,
    "stability": 0.506218850613,
    "tonality": 0.450955450535
}