{
    "name": "7d7e9d1b",
    "x": 17.743619918823242,
    "y": -25.560882568359375,
    "loudness": 4.94346168125e-05,
    "raspiness": 0.154570072889,
    "color": 4.2974729538,
    "location": 2263.78442383,
    "stability": 0.542542219162,
    "tonality": 0.446361243725
}