{
    "name": "7d851bc6",
    "x": 8.651056289672852,
    "y": 7.598952770233154,
    "loudness": 0.99068403244,
    "raspiness": 0.233284890652,
    "color": 22.3306980133,
    "location": 3812.31567383,
    "stability": 0.550600111485,
    "tonality": 0.489114195108
}