{
    "name": "7d87a34c",
    "x": -5.654819488525391,
    "y": 18.35853385925293,
    "loudness": 0.895802617073,
    "raspiness": 0.0563912913203,
    "color": 8.98311901093,
    "location": 34.02579013821722,
    "stability": 0.488751143217,
    "tonality": 0.448206156492
}