{
    "name": "7d87a34c",
    "x": 1.1699926853179932,
    "y": 8.580349922180176,
    "loudness": 0.895802617073,
    "raspiness": 0.0563912913203,
    "color": 8.98311901093,
    "location": 1157.75439453,
    "stability": 0.488751143217,
    "tonality": 0.448206156492
}