{
    "name": "7d896090",
    "x": -45.85017395019531,
    "y": 10.33519172668457,
    "loudness": 0.949398934841,
    "raspiness": 0.0310177952051,
    "color": 15.306476593,
    "location": 540.051452637,
    "stability": 0.54154998064,
    "tonality": 0.33110538125
}