{
    "name": "7d96a0b1",
    "x": -5.470963478088379,
    "y": -1.4078469276428223,
    "loudness": 0.518770873547,
    "raspiness": 0.0481897816062,
    "color": 5.73100805283,
    "location": 876.020935059,
    "stability": 0.552190721035,
    "tonality": 0.433229058981
}