{
    "name": "7d96a0b1",
    "x": -2.755627393722534,
    "y": -0.46471017599105835,
    "loudness": 0.518770873547,
    "raspiness": 0.0481897816062,
    "color": 5.73100805283,
    "location": 29.597650836831626,
    "stability": 0.552190721035,
    "tonality": 0.433229058981
}