{
    "name": "7db2432f",
    "x": -38.146358489990234,
    "y": 20.735809326171875,
    "loudness": 0.99068403244,
    "raspiness": 0.0155695136636,
    "color": 6.76481819153,
    "location": 318.580535889,
    "stability": 0.567604541779,
    "tonality": 0.37518799305
}