{
    "name": "7db2432f",
    "x": -29.743165969848633,
    "y": 22.1113224029541,
    "loudness": 0.99068403244,
    "raspiness": 0.0155695136636,
    "color": 6.76481819153,
    "location": 17.84882449599973,
    "stability": 0.567604541779,
    "tonality": 0.37518799305
}