{
    "name": "7dc09616",
    "x": 2.4680700302124023,
    "y": 5.161313533782959,
    "loudness": 0.567813515663,
    "raspiness": 0.0186226759106,
    "color": 8.95228481293,
    "location": 473.402008057,
    "stability": 0.549332022667,
    "tonality": 0.418743997812
}