{
    "name": "7dc09616",
    "x": -8.496679306030273,
    "y": 2.570988655090332,
    "loudness": 0.567813515663,
    "raspiness": 0.0186226759106,
    "color": 8.95228481293,
    "location": 21.757803383085342,
    "stability": 0.549332022667,
    "tonality": 0.418743997812
}