{
    "name": "7dd43a67",
    "x": 33.51253128051758,
    "y": 17.046730041503906,
    "loudness": 0.99068403244,
    "raspiness": 0.153217509389,
    "color": 11.7641324997,
    "location": 52.57192338986657,
    "stability": 0.660498440266,
    "tonality": 0.485378324986
}