{
    "name": "7dd43a67",
    "x": 7.491809844970703,
    "y": 9.219460487365723,
    "loudness": 0.99068403244,
    "raspiness": 0.153217509389,
    "color": 11.7641324997,
    "location": 2763.80712891,
    "stability": 0.660498440266,
    "tonality": 0.485378324986
}