{
    "name": "7dd9a854",
    "x": 15.167062759399414,
    "y": 0.6825210452079773,
    "loudness": 0.662060022354,
    "raspiness": 0.154994413257,
    "color": 5.19976806641,
    "location": 45.18714746363174,
    "stability": 0.457153350115,
    "tonality": 0.485147386789
}