{
    "name": "7dda9dc2",
    "x": 38.49748611450195,
    "y": 2.822531223297119,
    "loudness": 0.99068403244,
    "raspiness": 0.233041614294,
    "color": 2.85312867165,
    "location": 3449.04443359,
    "stability": 0.567106604576,
    "tonality": 0.485105574131
}