{
    "name": "7dda9dc2",
    "x": 35.920963287353516,
    "y": 2.5357728004455566,
    "loudness": 0.99068403244,
    "raspiness": 0.233041614294,
    "color": 2.85312867165,
    "location": 58.72856573755229,
    "stability": 0.567106604576,
    "tonality": 0.485105574131
}