{
    "name": "7dda9dc2",
    "x": 8.627050399780273,
    "y": 7.651498794555664,
    "loudness": 0.99068403244,
    "raspiness": 0.233041614294,
    "color": 2.85312867165,
    "location": 3449.04443359,
    "stability": 0.567106604576,
    "tonality": 0.485105574131
}