{
    "name": "7dde0c9b",
    "x": -14.330134391784668,
    "y": -13.816815376281738,
    "loudness": 0.83191215992,
    "raspiness": 0.0121322143823,
    "color": 12.13630867,
    "location": 561.518127441,
    "stability": 0.13350661099,
    "tonality": 0.446464389563
}