{
    "name": "7dde0c9b",
    "x": -13.387070655822754,
    "y": -10.587735176086426,
    "loudness": 0.83191215992,
    "raspiness": 0.0121322143823,
    "color": 12.13630867,
    "location": 23.69637371922126,
    "stability": 0.13350661099,
    "tonality": 0.446464389563
}