{
    "name": "7df4a559",
    "x": 36.850135803222656,
    "y": 30.763029098510742,
    "loudness": 0.98083782196,
    "raspiness": 0.121111944318,
    "color": 27.7632827759,
    "location": 49.09920004755678,
    "stability": 0.783764660358,
    "tonality": 0.486693590879
}