{
    "name": "7df4a559",
    "x": 7.320389747619629,
    "y": 11.317834854125977,
    "loudness": 0.98083782196,
    "raspiness": 0.121111944318,
    "color": 27.7632827759,
    "location": 2410.73144531,
    "stability": 0.783764660358,
    "tonality": 0.486693590879
}