{
    "name": "7df9bc8d",
    "x": 50.1032600402832,
    "y": 6.360205173492432,
    "loudness": 0.99068403244,
    "raspiness": 0.232653811574,
    "color": 55.6501846313,
    "location": 63.58145996106097,
    "stability": 0.812528014183,
    "tonality": 0.4967045784
}