{
    "name": "7df9bc8d",
    "x": 9.55717658996582,
    "y": 9.07884407043457,
    "loudness": 0.99068403244,
    "raspiness": 0.232653811574,
    "color": 55.6501846313,
    "location": 4042.60205078,
    "stability": 0.812528014183,
    "tonality": 0.4967045784
}