{
    "name": "7df9bc8d",
    "x": 56.68252944946289,
    "y": 4.979478359222412,
    "loudness": 0.99068403244,
    "raspiness": 0.232653811574,
    "color": 55.6501846313,
    "location": 4042.60205078,
    "stability": 0.812528014183,
    "tonality": 0.4967045784
}