{
    "name": "7e10c7ae",
    "x": 2.6402671337127686,
    "y": 1.1939905881881714,
    "loudness": 0.00186333502643,
    "raspiness": 0.0287178624421,
    "color": 4.1628112793,
    "location": 409.308288574,
    "stability": 0.48011636734,
    "tonality": 0.362685680389
}