{
    "name": "7e119ca2",
    "x": 14.241109848022461,
    "y": 1.5070713758468628,
    "loudness": 0.990678668022,
    "raspiness": 0.161469638348,
    "color": 65.7833938599,
    "location": 55.84928667646526,
    "stability": 0.243167683482,
    "tonality": 0.495339900255
}