{
    "name": "7e119ca2",
    "x": 15.861172676086426,
    "y": 1.0859512090682983,
    "loudness": 0.990678668022,
    "raspiness": 0.161469638348,
    "color": 65.7833938599,
    "location": 3119.14282227,
    "stability": 0.243167683482,
    "tonality": 0.495339900255
}