{
    "name": "7e131c03",
    "x": 18.55365562438965,
    "y": 24.1082763671875,
    "loudness": 0.981101214886,
    "raspiness": 0.139896914363,
    "color": 55.1570358276,
    "location": 41.25972600769423,
    "stability": 0.605755448341,
    "tonality": 0.461833298206
}