{
    "name": "7e131c03",
    "x": 18.476877212524414,
    "y": 30.780128479003906,
    "loudness": 0.981101214886,
    "raspiness": 0.139896914363,
    "color": 55.1570358276,
    "location": 1702.36499023,
    "stability": 0.605755448341,
    "tonality": 0.461833298206
}