{
    "name": "7e131c03",
    "x": 5.502983570098877,
    "y": 9.569077491760254,
    "loudness": 0.981101214886,
    "raspiness": 0.139896914363,
    "color": 55.1570358276,
    "location": 1702.36499023,
    "stability": 0.605755448341,
    "tonality": 0.461833298206
}