{
    "name": "7e169834",
    "x": 27.17156219482422,
    "y": 8.603602409362793,
    "loudness": 0.97216117382,
    "raspiness": 0.167929425836,
    "color": 10.7260875702,
    "location": 52.70729397237161,
    "stability": 0.546730995178,
    "tonality": 0.484798192978
}