{
    "name": "7e169834",
    "x": 7.381660461425781,
    "y": 8.119619369506836,
    "loudness": 0.97216117382,
    "raspiness": 0.167929425836,
    "color": 10.7260875702,
    "location": 2778.05883789,
    "stability": 0.546730995178,
    "tonality": 0.484798192978
}