{
    "name": "7e1a00eb",
    "x": 35.86820602416992,
    "y": 26.952804565429688,
    "loudness": 0.752139508724,
    "raspiness": 0.123050279915,
    "color": 23.4613189697,
    "location": 2653.67236328,
    "stability": 0.7827450037,
    "tonality": 0.489358127117
}