{
    "name": "7e2ca700",
    "x": 2.653648614883423,
    "y": 11.634652137756348,
    "loudness": 0.942779541016,
    "raspiness": 0.0442063286901,
    "color": 8.51873970032,
    "location": 954.513977051,
    "stability": 0.689070761204,
    "tonality": 0.448872566223
}