{
    "name": "7e2ca700",
    "x": -0.2602819800376892,
    "y": 39.96453857421875,
    "loudness": 0.942779541016,
    "raspiness": 0.0442063286901,
    "color": 8.51873970032,
    "location": 30.895209613320315,
    "stability": 0.689070761204,
    "tonality": 0.448872566223
}