{
    "name": "7e2ca700",
    "x": -2.54451060295105,
    "y": 50.895721435546875,
    "loudness": 0.942779541016,
    "raspiness": 0.0442063286901,
    "color": 8.51873970032,
    "location": 954.513977051,
    "stability": 0.689070761204,
    "tonality": 0.448872566223
}