{
    "name": "7e3411ef",
    "x": -27.74700355529785,
    "y": 3.027021646499634,
    "loudness": 0.784688591957,
    "raspiness": 0.0205408036709,
    "color": 4.31291484833,
    "location": 606.535461426,
    "stability": 0.438770711422,
    "tonality": 0.381007939577
}