{
    "name": "7e3b2b71",
    "x": -0.08246950805187225,
    "y": 9.346628189086914,
    "loudness": 0.967050373554,
    "raspiness": 0.0440269820392,
    "color": 32.0985832214,
    "location": 1251.79394531,
    "stability": 0.527499914169,
    "tonality": 0.425535649061
}