{
    "name": "7e416203",
    "x": 15.389263153076172,
    "y": 29.714675903320312,
    "loudness": 0.99068403244,
    "raspiness": 0.0782746374607,
    "color": 9.65634918213,
    "location": 43.568591530711664,
    "stability": 0.628573358059,
    "tonality": 0.475449562073
}