{
    "name": "7e416203",
    "x": 17.170738220214844,
    "y": 36.083160400390625,
    "loudness": 0.99068403244,
    "raspiness": 0.0782746374607,
    "color": 9.65634918213,
    "location": 1898.22216797,
    "stability": 0.628573358059,
    "tonality": 0.475449562073
}