{
    "name": "7e498870",
    "x": -27.930225372314453,
    "y": 6.8906636238098145,
    "loudness": 0.964238107204,
    "raspiness": 0.0238100029528,
    "color": 5.2116317749,
    "location": 19.996981583754085,
    "stability": 0.388401180506,
    "tonality": 0.372952491045
}