{
    "name": "7e5c47c9",
    "x": -33.40839385986328,
    "y": 22.55802345275879,
    "loudness": 0.960694432259,
    "raspiness": 0.0248117577285,
    "color": 11.2363147736,
    "location": 512.093566895,
    "stability": 0.537293076515,
    "tonality": 0.394227832556
}