{
    "name": "7e60cedc",
    "x": 6.521616458892822,
    "y": -10.349116325378418,
    "loudness": 0.344225257635,
    "raspiness": 0.114916928113,
    "color": 10.9669952393,
    "location": 38.23231725922456,
    "stability": 0.457998275757,
    "tonality": 0.4370470047
}