{
    "name": "7e60cedc",
    "x": 4.327967643737793,
    "y": 3.4252636432647705,
    "loudness": 0.344225257635,
    "raspiness": 0.114916928113,
    "color": 10.9669952393,
    "location": 1461.71008301,
    "stability": 0.457998275757,
    "tonality": 0.4370470047
}