{
    "name": "7e60cedc",
    "x": 5.630488395690918,
    "y": -12.726471900939941,
    "loudness": 0.344225257635,
    "raspiness": 0.114916928113,
    "color": 10.9669952393,
    "location": 1461.71008301,
    "stability": 0.457998275757,
    "tonality": 0.4370470047
}