{
    "name": "7e66cfeb",
    "x": -40.15231704711914,
    "y": 17.107534408569336,
    "loudness": 0.960255980492,
    "raspiness": 0.0270774140954,
    "color": 8.75747871399,
    "location": 24.58405815822522,
    "stability": 0.589957892895,
    "tonality": 0.323956698179
}