{
    "name": "7e6aaaa3",
    "x": -16.5707950592041,
    "y": 16.129236221313477,
    "loudness": 0.97369915247,
    "raspiness": 0.0522338114679,
    "color": 7.79140424728,
    "location": 32.8508797119651,
    "stability": 0.4470936656,
    "tonality": 0.418528228998
}