{
    "name": "7e6aaaa3",
    "x": -19.476816177368164,
    "y": 19.21722984313965,
    "loudness": 0.97369915247,
    "raspiness": 0.0522338114679,
    "color": 7.79140424728,
    "location": 1079.18029785,
    "stability": 0.4470936656,
    "tonality": 0.418528228998
}