{
    "name": "7e6aaaa3",
    "x": -0.28501302003860474,
    "y": 8.290176391601562,
    "loudness": 0.97369915247,
    "raspiness": 0.0522338114679,
    "color": 7.79140424728,
    "location": 1079.18029785,
    "stability": 0.4470936656,
    "tonality": 0.418528228998
}