{
    "name": "7e6c15c7",
    "x": -19.14472198486328,
    "y": 17.36414909362793,
    "loudness": 0.988187432289,
    "raspiness": 0.0669871345162,
    "color": 16.3881988525,
    "location": 1475.40490723,
    "stability": 0.437630146742,
    "tonality": 0.404691249132
}