{
    "name": "7e6c15c7",
    "x": -15.694759368896484,
    "y": 14.309592247009277,
    "loudness": 0.988187432289,
    "raspiness": 0.0669871345162,
    "color": 16.3881988525,
    "location": 38.41099982075447,
    "stability": 0.437630146742,
    "tonality": 0.404691249132
}