{
    "name": "7e72bb53",
    "x": 8.236522674560547,
    "y": 9.595588684082031,
    "loudness": 0.930917680264,
    "raspiness": 0.169059127569,
    "color": 57.4723396301,
    "location": 2765.98852539,
    "stability": 0.696446955204,
    "tonality": 0.490151554346
}