{
    "name": "7e72bb53",
    "x": 41.80579376220703,
    "y": 19.314666748046875,
    "loudness": 0.930917680264,
    "raspiness": 0.169059127569,
    "color": 57.4723396301,
    "location": 2765.98852539,
    "stability": 0.696446955204,
    "tonality": 0.490151554346
}