{
    "name": "7e75301b",
    "x": 12.681233406066895,
    "y": -21.895788192749023,
    "loudness": 0.120454102755,
    "raspiness": 0.0668546259403,
    "color": 9.0525560379,
    "location": 38.007501765177885,
    "stability": 0.682080566883,
    "tonality": 0.480956196785
}