{
    "name": "7e75301b",
    "x": 12.563898086547852,
    "y": -17.187421798706055,
    "loudness": 0.120454102755,
    "raspiness": 0.0668546259403,
    "color": 9.0525560379,
    "location": 1444.57019043,
    "stability": 0.682080566883,
    "tonality": 0.480956196785
}