{
    "name": "7e7c5843",
    "x": -11.623391151428223,
    "y": 21.783300399780273,
    "loudness": 0.971539318562,
    "raspiness": 0.0139322914183,
    "color": 7.63251495361,
    "location": 18.170918564948774,
    "stability": 0.509283900261,
    "tonality": 0.460143506527
}