{
    "name": "7e88dc0b",
    "x": 2.9996750354766846,
    "y": -4.362553119659424,
    "loudness": 0.469407528639,
    "raspiness": 0.0291428603232,
    "color": 9.53951835632,
    "location": 25.894288176275477,
    "stability": 0.595350205898,
    "tonality": 0.471659719944
}