{
    "name": "7e88dc0b",
    "x": 0.4220675826072693,
    "y": -4.088828086853027,
    "loudness": 0.469407528639,
    "raspiness": 0.0291428603232,
    "color": 9.53951835632,
    "location": 670.514160156,
    "stability": 0.595350205898,
    "tonality": 0.471659719944
}