{
    "name": "7e8a75e1",
    "x": -4.197525978088379,
    "y": 10.099108695983887,
    "loudness": 0.99068403244,
    "raspiness": 0.0698547363281,
    "color": 14.3324012756,
    "location": 41.68447357122314,
    "stability": 0.401244848967,
    "tonality": 0.440481424332
}