{
    "name": "7e8a75e1",
    "x": -6.847781658172607,
    "y": 12.888696670532227,
    "loudness": 0.99068403244,
    "raspiness": 0.0698547363281,
    "color": 14.3324012756,
    "location": 1737.59533691,
    "stability": 0.401244848967,
    "tonality": 0.440481424332
}