{
    "name": "7e902870",
    "x": -2.0863773822784424,
    "y": -34.72626876831055,
    "loudness": 0.113022997975,
    "raspiness": 0.00760212680325,
    "color": 11.6846132278,
    "location": 614.033874512,
    "stability": 0.208622068167,
    "tonality": 0.450861692429
}