{
    "name": "7e902870",
    "x": -6.760939598083496,
    "y": -21.112899780273438,
    "loudness": 0.113022997975,
    "raspiness": 0.00760212680325,
    "color": 11.6846132278,
    "location": 24.77970690932401,
    "stability": 0.208622068167,
    "tonality": 0.450861692429
}