{
    "name": "7e956288",
    "x": 1.350869059562683,
    "y": 9.590873718261719,
    "loudness": 0.99068403244,
    "raspiness": 0.0384854413569,
    "color": 3.77364635468,
    "location": 507.671173096,
    "stability": 0.56001919508,
    "tonality": 0.455651670694
}