{
    "name": "7eadea22",
    "x": -25.474092483520508,
    "y": 10.574371337890625,
    "loudness": 0.99068403244,
    "raspiness": 0.0260757934302,
    "color": 4.56078100204,
    "location": 889.543884277,
    "stability": 0.399714618921,
    "tonality": 0.404176920652
}