{
    "name": "7eb29109",
    "x": 28.86250114440918,
    "y": 13.836578369140625,
    "loudness": 0.687057673931,
    "raspiness": 0.145857125521,
    "color": 4.60730075836,
    "location": 2691.51660156,
    "stability": 0.65693885088,
    "tonality": 0.483757317066
}