{
    "name": "7eb29109",
    "x": 7.397768497467041,
    "y": 9.57127857208252,
    "loudness": 0.687057673931,
    "raspiness": 0.145857125521,
    "color": 4.60730075836,
    "location": 2691.51660156,
    "stability": 0.65693885088,
    "tonality": 0.483757317066
}