{
    "name": "7eb5554e",
    "x": -18.653472900390625,
    "y": -17.015262603759766,
    "loudness": 0.9454626441,
    "raspiness": 0.0020574904047,
    "color": 19.4410877228,
    "location": 271.957397461,
    "stability": 0.0158065371215,
    "tonality": 0.431382775307
}