{
    "name": "7eb5554e",
    "x": -17.189067840576172,
    "y": -10.76220989227295,
    "loudness": 0.9454626441,
    "raspiness": 0.0020574904047,
    "color": 19.4410877228,
    "location": 16.49113087271458,
    "stability": 0.0158065371215,
    "tonality": 0.431382775307
}