{
    "name": "7eb959ec",
    "x": -40.96335220336914,
    "y": -3.07971453666687,
    "loudness": 0.932379722595,
    "raspiness": 0.0311677344143,
    "color": 12.8096561432,
    "location": 682.730102539,
    "stability": 0.417419016361,
    "tonality": 0.331939250231
}