{
    "name": "7eb9dac0",
    "x": 12.211553573608398,
    "y": 3.151843786239624,
    "loudness": 0.559067666531,
    "raspiness": 0.0829443782568,
    "color": 13.9565181732,
    "location": 2300.6262207,
    "stability": 0.590173244476,
    "tonality": 0.447932779789
}