{
    "name": "7eb959ec",
    "x": -35.84830093383789,
    "y": 4.35138463973999,
    "loudness": 0.932379722595,
    "raspiness": 0.0311677344143,
    "color": 12.8096561432,
    "location": 26.129104510851494,
    "stability": 0.417419016361,
    "tonality": 0.331939250231
}