{
    "name": "7eb9dac0",
    "x": 12.737892150878906,
    "y": 1.6718566417694092,
    "loudness": 0.559067666531,
    "raspiness": 0.0829443782568,
    "color": 13.9565181732,
    "location": 47.964843590905204,
    "stability": 0.590173244476,
    "tonality": 0.447932779789
}