{
    "name": "7ec550df",
    "x": -3.0902180671691895,
    "y": -7.493454456329346,
    "loudness": 0.409095138311,
    "raspiness": 0.0328858979046,
    "color": 11.0418548584,
    "location": 816.106689453,
    "stability": 0.558604001999,
    "tonality": 0.448183685541
}