{
    "name": "7ec550df",
    "x": 0.6320830583572388,
    "y": -7.923738479614258,
    "loudness": 0.409095138311,
    "raspiness": 0.0328858979046,
    "color": 11.0418548584,
    "location": 28.567581092087583,
    "stability": 0.558604001999,
    "tonality": 0.448183685541
}