{
    "name": "7ec8b121",
    "x": -35.07556915283203,
    "y": 10.236323356628418,
    "loudness": 0.957502007484,
    "raspiness": 0.0263181738555,
    "color": 26.3867931366,
    "location": 690.337768555,
    "stability": 0.45070758462,
    "tonality": 0.369735240936
}