{
    "name": "7ecbbb0d",
    "x": 40.416866302490234,
    "y": 9.01799201965332,
    "loudness": 0.765988945961,
    "raspiness": 0.197842001915,
    "color": 106.492012024,
    "location": 2924.91210938,
    "stability": 0.718495905399,
    "tonality": 0.487343639135
}