{
    "name": "7ecbbb0d",
    "x": 8.704194068908691,
    "y": 9.14174747467041,
    "loudness": 0.765988945961,
    "raspiness": 0.197842001915,
    "color": 106.492012024,
    "location": 2924.91210938,
    "stability": 0.718495905399,
    "tonality": 0.487343639135
}