{
    "name": "7ed1b6b8",
    "x": -42.471580505371094,
    "y": 8.904533386230469,
    "loudness": 0.727798759937,
    "raspiness": 0.0441230535507,
    "color": 18.0385894775,
    "location": 925.291809082,
    "stability": 0.613075375557,
    "tonality": 0.314586877823
}