{
    "name": "7ed1b6b8",
    "x": -3.7232284545898438,
    "y": 9.581487655639648,
    "loudness": 0.727798759937,
    "raspiness": 0.0441230535507,
    "color": 18.0385894775,
    "location": 925.291809082,
    "stability": 0.613075375557,
    "tonality": 0.314586877823
}