{
    "name": "7eda47a4",
    "x": 34.50188446044922,
    "y": -10.003856658935547,
    "loudness": 0.621155440807,
    "raspiness": 0.28924036026,
    "color": 351.685913086,
    "location": 2899.90185547,
    "stability": 0.530671775341,
    "tonality": 0.46620041132
}