{
    "name": "7edbc698",
    "x": 35.09660720825195,
    "y": 10.613242149353027,
    "loudness": 0.848570764065,
    "raspiness": 0.162103027105,
    "color": 7.98283052444,
    "location": 59.47097506347109,
    "stability": 0.647682189941,
    "tonality": 0.493821382523
}