{
    "name": "7ee57922",
    "x": -21.458663940429688,
    "y": 33.92558288574219,
    "loudness": 0.99068403244,
    "raspiness": 0.0360351577401,
    "color": 4.2538728714,
    "location": 618.978942871,
    "stability": 0.56214338541,
    "tonality": 0.436087876558
}