{
    "name": "7ee57922",
    "x": 1.0712909698486328,
    "y": 9.642181396484375,
    "loudness": 0.99068403244,
    "raspiness": 0.0360351577401,
    "color": 4.2538728714,
    "location": 618.978942871,
    "stability": 0.56214338541,
    "tonality": 0.436087876558
}