{
    "name": "7ee6b501",
    "x": 20.97211265563965,
    "y": 4.00550651550293,
    "loudness": 0.723039269447,
    "raspiness": 0.140174761415,
    "color": 18.5605316162,
    "location": 52.24890661238759,
    "stability": 0.533636868,
    "tonality": 0.48857870698
}