{
    "name": "7ee7a710",
    "x": -6.465572834014893,
    "y": -18.729276657104492,
    "loudness": 0.179127648473,
    "raspiness": 0.0167983323336,
    "color": 18.1910743713,
    "location": 20.14995056599395,
    "stability": 0.400416970253,
    "tonality": 0.427514910698
}