{
    "name": "7ee7a710",
    "x": 3.452411413192749,
    "y": 1.3454614877700806,
    "loudness": 0.179127648473,
    "raspiness": 0.0167983323336,
    "color": 18.1910743713,
    "location": 406.020507812,
    "stability": 0.400416970253,
    "tonality": 0.427514910698
}