{
    "name": "7eeb1f03",
    "x": -1.7503811120986938,
    "y": 9.767867088317871,
    "loudness": 0.99068403244,
    "raspiness": 0.0292643234134,
    "color": 5.14578437805,
    "location": 746.627746582,
    "stability": 0.571088373661,
    "tonality": 0.399533420801
}