{
    "name": "7eeb1f03",
    "x": -22.66168975830078,
    "y": 26.67681121826172,
    "loudness": 0.99068403244,
    "raspiness": 0.0292643234134,
    "color": 5.14578437805,
    "location": 27.324489868650797,
    "stability": 0.571088373661,
    "tonality": 0.399533420801
}