{
    "name": "7ef2c8e9",
    "x": 21.06795883178711,
    "y": 41.033287048339844,
    "loudness": 0.99068403244,
    "raspiness": 0.0660888701677,
    "color": 26.773273468,
    "location": 42.57384869576628,
    "stability": 0.892276763916,
    "tonality": 0.449531942606
}