{
    "name": "7ef380a8",
    "x": 1.5672389268875122,
    "y": 0.5416049957275391,
    "loudness": 0.0606437027454,
    "raspiness": 0.0222796350718,
    "color": 2.79582595825,
    "location": 397.048553467,
    "stability": 0.545099496841,
    "tonality": 0.194348216057
}