{
    "name": "7f097912",
    "x": 36.19524002075195,
    "y": -11.055831909179688,
    "loudness": 0.99068403244,
    "raspiness": 0.262408852577,
    "color": 355.51776123,
    "location": 2991.44116211,
    "stability": 0.575947999954,
    "tonality": 0.488946795464
}