{
    "name": "7f097912",
    "x": 37.118629455566406,
    "y": -7.206493854522705,
    "loudness": 0.99068403244,
    "raspiness": 0.262408852577,
    "color": 355.51776123,
    "location": 54.69406880192769,
    "stability": 0.575947999954,
    "tonality": 0.488946795464
}