{
    "name": "7f097912",
    "x": 10.454625129699707,
    "y": 5.995389938354492,
    "loudness": 0.99068403244,
    "raspiness": 0.262408852577,
    "color": 355.51776123,
    "location": 2991.44116211,
    "stability": 0.575947999954,
    "tonality": 0.488946795464
}