{
    "name": "7f1af3ae",
    "x": 36.2804069519043,
    "y": 12.113924026489258,
    "loudness": 0.988680005074,
    "raspiness": 0.169222861528,
    "color": 62.452205658,
    "location": 56.10337661130567,
    "stability": 0.644892156124,
    "tonality": 0.47665438056
}