{
    "name": "7f1af3ae",
    "x": 38.48185348510742,
    "y": 14.852296829223633,
    "loudness": 0.988680005074,
    "raspiness": 0.169222861528,
    "color": 62.452205658,
    "location": 3147.58886719,
    "stability": 0.644892156124,
    "tonality": 0.47665438056
}