{
    "name": "7f1a7122",
    "x": -0.4060978293418884,
    "y": 9.219611167907715,
    "loudness": 0.842386245728,
    "raspiness": 0.0837414041162,
    "color": 7.36965513229,
    "location": 1376.97619629,
    "stability": 0.521400690079,
    "tonality": 0.408009082079
}