{
    "name": "7f268b2d",
    "x": 7.782705307006836,
    "y": 19.946130752563477,
    "loudness": 0.919969797134,
    "raspiness": 0.0849485769868,
    "color": 61.5582237244,
    "location": 40.52712066962073,
    "stability": 0.533862292767,
    "tonality": 0.479993313551
}