{
    "name": "7f268b2d",
    "x": 3.1913046836853027,
    "y": 9.278178215026855,
    "loudness": 0.919969797134,
    "raspiness": 0.0849485769868,
    "color": 61.5582237244,
    "location": 1642.44750977,
    "stability": 0.533862292767,
    "tonality": 0.479993313551
}