{
    "name": "7f28550a",
    "x": 29.354684829711914,
    "y": 40.142051696777344,
    "loudness": 0.855013728142,
    "raspiness": 0.0879889056087,
    "color": 16.5817108154,
    "location": 1778.48779297,
    "stability": 0.787473797798,
    "tonality": 0.487419843674
}