{
    "name": "7f28550a",
    "x": 27.07554817199707,
    "y": 35.169471740722656,
    "loudness": 0.855013728142,
    "raspiness": 0.0879889056087,
    "color": 16.5817108154,
    "location": 42.17212103949717,
    "stability": 0.787473797798,
    "tonality": 0.487419843674
}