{
    "name": "7f28550a",
    "x": 6.172183513641357,
    "y": 11.96363639831543,
    "loudness": 0.855013728142,
    "raspiness": 0.0879889056087,
    "color": 16.5817108154,
    "location": 1778.48779297,
    "stability": 0.787473797798,
    "tonality": 0.487419843674
}