{
    "name": "7f3adc10",
    "x": 14.862926483154297,
    "y": -22.836891174316406,
    "loudness": 0.0472301393747,
    "raspiness": 0.0833138078451,
    "color": 17.0244922638,
    "location": 41.01399996781587,
    "stability": 0.676398098469,
    "tonality": 0.485541880131
}