{
    "name": "7f3cd73e",
    "x": -0.7843651175498962,
    "y": -24.1857967376709,
    "loudness": 0.247447624803,
    "raspiness": 0.051499824971,
    "color": 79.6898651123,
    "location": 865.256896973,
    "stability": 0.328213989735,
    "tonality": 0.468469113111
}