{
    "name": "7f3e4512",
    "x": -4.535229206085205,
    "y": 22.00482177734375,
    "loudness": 0.975754261017,
    "raspiness": 0.0425902605057,
    "color": 10.5410289764,
    "location": 38.81925672111716,
    "stability": 0.522897839546,
    "tonality": 0.443646758795
}