{
    "name": "7f3e4512",
    "x": -8.111525535583496,
    "y": 28.135391235351562,
    "loudness": 0.975754261017,
    "raspiness": 0.0425902605057,
    "color": 10.5410289764,
    "location": 1506.93469238,
    "stability": 0.522897839546,
    "tonality": 0.443646758795
}