{
    "name": "7f46849b",
    "x": -4.4475202560424805,
    "y": 7.050660133361816,
    "loudness": 0.746363043785,
    "raspiness": 0.0064997440204,
    "color": 2.31645131111,
    "location": 146.931671143,
    "stability": 0.132417678833,
    "tonality": 0.293623536825
}