{
    "name": "7f4c86b4",
    "x": 3.85036039352417,
    "y": 3.2463607788085938,
    "loudness": 0.336319416761,
    "raspiness": 0.0399068854749,
    "color": 4.80353832245,
    "location": 724.642089844,
    "stability": 0.56808245182,
    "tonality": 0.463231652975
}