{
    "name": "7f4c86b4",
    "x": 1.7931010723114014,
    "y": -11.533565521240234,
    "loudness": 0.336319416761,
    "raspiness": 0.0399068854749,
    "color": 4.80353832245,
    "location": 26.919176990465367,
    "stability": 0.56808245182,
    "tonality": 0.463231652975
}