{
    "name": "7f532d35",
    "x": 6.903560161590576,
    "y": 3.5867021083831787,
    "loudness": 0.376071512699,
    "raspiness": 0.210329994559,
    "color": 7.56924915314,
    "location": 3367.35595703,
    "stability": 0.608514368534,
    "tonality": 0.493822008371
}