{
    "name": "7f553a15",
    "x": -26.784072875976562,
    "y": 6.19245719909668,
    "loudness": 0.99068403244,
    "raspiness": 0.0274618826807,
    "color": 6.27957773209,
    "location": 25.6396644872744,
    "stability": 0.386041909456,
    "tonality": 0.376064270735
}