{
    "name": "7f60f335",
    "x": -0.09095069020986557,
    "y": 8.472360610961914,
    "loudness": 0.947643876076,
    "raspiness": 0.0553646273911,
    "color": 10.5215101242,
    "location": 1168.6607666,
    "stability": 0.471927821636,
    "tonality": 0.426454812288
}