{
    "name": "7f6dfd5b",
    "x": 14.36083698272705,
    "y": 14.576014518737793,
    "loudness": 0.891264855862,
    "raspiness": 0.107768535614,
    "color": 14.628578186,
    "location": 46.24793861535885,
    "stability": 0.533667802811,
    "tonality": 0.469467282295
}