{
    "name": "7f70f1a1",
    "x": 17.779672622680664,
    "y": 33.63227462768555,
    "loudness": 0.99068403244,
    "raspiness": 0.0939989313483,
    "color": 17.1785640717,
    "location": 41.18520301358244,
    "stability": 0.666794896126,
    "tonality": 0.475756973028
}