{
    "name": "7f70f1a1",
    "x": 4.854955673217773,
    "y": 10.867560386657715,
    "loudness": 0.99068403244,
    "raspiness": 0.0939989313483,
    "color": 17.1785640717,
    "location": 1696.22094727,
    "stability": 0.666794896126,
    "tonality": 0.475756973028
}