{
    "name": "7f7310a5",
    "x": 7.889752388000488,
    "y": 7.2500762939453125,
    "loudness": 0.99068403244,
    "raspiness": 0.211414679885,
    "color": 26.4803237915,
    "location": 3834.59765625,
    "stability": 0.453786104918,
    "tonality": 0.490823239088
}