{
    "name": "7f7310a5",
    "x": 30.27541732788086,
    "y": -0.5757466554641724,
    "loudness": 0.99068403244,
    "raspiness": 0.211414679885,
    "color": 26.4803237915,
    "location": 61.92412822357696,
    "stability": 0.453786104918,
    "tonality": 0.490823239088
}