{
    "name": "7f7310a5",
    "x": 30.940217971801758,
    "y": -1.2677624225616455,
    "loudness": 0.99068403244,
    "raspiness": 0.211414679885,
    "color": 26.4803237915,
    "location": 3834.59765625,
    "stability": 0.453786104918,
    "tonality": 0.490823239088
}