{
    "name": "7f7cb49c",
    "x": 6.397192478179932,
    "y": 7.945460319519043,
    "loudness": 0.99068403244,
    "raspiness": 0.101926319301,
    "color": 12.6556053162,
    "location": 47.48841347170907,
    "stability": 0.385828465223,
    "tonality": 0.457411795855
}