{
    "name": "7f7cb49c",
    "x": 4.3897223472595215,
    "y": 10.64137077331543,
    "loudness": 0.99068403244,
    "raspiness": 0.101926319301,
    "color": 12.6556053162,
    "location": 2255.14941406,
    "stability": 0.385828465223,
    "tonality": 0.457411795855
}