{
    "name": "7f80d12f",
    "x": 19.826948165893555,
    "y": 21.273889541625977,
    "loudness": 0.724802494049,
    "raspiness": 0.134326681495,
    "color": 13.3988637924,
    "location": 1567.20581055,
    "stability": 0.654407203197,
    "tonality": 0.469593644142
}