{
    "name": "7f8acf3b",
    "x": 40.506065368652344,
    "y": 32.364479064941406,
    "loudness": 0.98393791914,
    "raspiness": 0.112496510148,
    "color": 37.7535591125,
    "location": 2751.08081055,
    "stability": 0.73594379425,
    "tonality": 0.49711984396
}