{
    "name": "7f8b3192",
    "x": -20.940872192382812,
    "y": 23.51048469543457,
    "loudness": 0.931515753269,
    "raspiness": 0.0201264545321,
    "color": 7.90215492249,
    "location": 543.836364746,
    "stability": 0.508064687252,
    "tonality": 0.438348710537
}