{
    "name": "7fa57f89",
    "x": 31.8421688079834,
    "y": 30.344762802124023,
    "loudness": 0.851849794388,
    "raspiness": 0.108618840575,
    "color": 22.2829093933,
    "location": 47.4136370522237,
    "stability": 0.76270365715,
    "tonality": 0.488231241703
}