{
    "name": "7fa57f89",
    "x": 35.25660705566406,
    "y": 34.76399612426758,
    "loudness": 0.851849794388,
    "raspiness": 0.108618840575,
    "color": 22.2829093933,
    "location": 2248.05297852,
    "stability": 0.76270365715,
    "tonality": 0.488231241703
}