{
    "name": "7fa88daa",
    "x": -23.729185104370117,
    "y": 19.614564895629883,
    "loudness": 0.958686232567,
    "raspiness": 0.0409219823778,
    "color": 11.0500640869,
    "location": 30.78088812445151,
    "stability": 0.492917776108,
    "tonality": 0.39631819725
}