{
    "name": "7fa88daa",
    "x": -1.7280502319335938,
    "y": 9.154480934143066,
    "loudness": 0.958686232567,
    "raspiness": 0.0409219823778,
    "color": 11.0500640869,
    "location": 947.46307373,
    "stability": 0.492917776108,
    "tonality": 0.39631819725
}