{
    "name": "7fb68d4d",
    "x": -36.228485107421875,
    "y": 12.270557403564453,
    "loudness": 0.93799829483,
    "raspiness": 0.0259868428111,
    "color": 9.41048049927,
    "location": 25.429116257019235,
    "stability": 0.497519612312,
    "tonality": 0.338407963514
}