{
    "name": "7fb68d4d",
    "x": -42.645076751708984,
    "y": 8.069594383239746,
    "loudness": 0.93799829483,
    "raspiness": 0.0259868428111,
    "color": 9.41048049927,
    "location": 646.639953613,
    "stability": 0.497519612312,
    "tonality": 0.338407963514
}