{
    "name": "7fb743e5",
    "x": -37.483184814453125,
    "y": 10.389575958251953,
    "loudness": 0.985052585602,
    "raspiness": 0.184758365154,
    "color": 28.9564971924,
    "location": 46.56986099528321,
    "stability": 0.583287298679,
    "tonality": 0.254985123873
}