{
    "name": "7fbb70f7",
    "x": 18.0333251953125,
    "y": 2.407735824584961,
    "loudness": 0.61234754324,
    "raspiness": 0.132519841194,
    "color": 19.4826793671,
    "location": 2519.88549805,
    "stability": 0.496356844902,
    "tonality": 0.484904080629
}