{
    "name": "7fbb70f7",
    "x": 5.620011329650879,
    "y": 5.936563014984131,
    "loudness": 0.61234754324,
    "raspiness": 0.132519841194,
    "color": 19.4826793671,
    "location": 2519.88549805,
    "stability": 0.496356844902,
    "tonality": 0.484904080629
}