{
    "name": "7fc3910c",
    "x": -20.988187789916992,
    "y": -22.81429100036621,
    "loudness": 0.306210905313,
    "raspiness": 0.0604098141193,
    "color": 10.2956113815,
    "location": 35.57465775534601,
    "stability": 0.0629041641951,
    "tonality": 0.30169275403
}