{
    "name": "7fd46eaa",
    "x": 3.167027235031128,
    "y": 9.07921314239502,
    "loudness": 0.99068403244,
    "raspiness": 0.0742675811052,
    "color": 19.0557994843,
    "location": 1634.76428223,
    "stability": 0.550318658352,
    "tonality": 0.464974582195
}