{
    "name": "7fd75c5b",
    "x": 21.54682731628418,
    "y": -1.7449783086776733,
    "loudness": 0.657801568508,
    "raspiness": 0.183675125241,
    "color": 38.0426826477,
    "location": 51.783854886923976,
    "stability": 0.517737686634,
    "tonality": 0.475035607815
}