{
    "name": "7fd75c5b",
    "x": 21.393651962280273,
    "y": -1.053727626800537,
    "loudness": 0.657801568508,
    "raspiness": 0.183675125241,
    "color": 38.0426826477,
    "location": 2681.56762695,
    "stability": 0.517737686634,
    "tonality": 0.475035607815
}