{
    "name": "7fd9457c",
    "x": -38.039634704589844,
    "y": 8.396299362182617,
    "loudness": 0.913009703159,
    "raspiness": 0.0346629694104,
    "color": 15.298915863,
    "location": 857.700561523,
    "stability": 0.476170957088,
    "tonality": 0.358091443777
}