{
    "name": "7fd9457c",
    "x": -2.952573299407959,
    "y": 9.004276275634766,
    "loudness": 0.913009703159,
    "raspiness": 0.0346629694104,
    "color": 15.298915863,
    "location": 857.700561523,
    "stability": 0.476170957088,
    "tonality": 0.358091443777
}