{
    "name": "7fdf7200",
    "x": 5.747817516326904,
    "y": 11.842226028442383,
    "loudness": 0.99068403244,
    "raspiness": 0.0999065861106,
    "color": 22.1412906647,
    "location": 2045.2677002,
    "stability": 0.772833347321,
    "tonality": 0.461185634136
}