{
    "name": "7fe9ea95",
    "x": 4.941004276275635,
    "y": 0.8962658643722534,
    "loudness": 0.160490334034,
    "raspiness": 0.11259482801,
    "color": 53.7219696045,
    "location": 2027.94836426,
    "stability": 0.209215939045,
    "tonality": 0.469465553761
}