{
    "name": "7fe9ea95",
    "x": 8.56750202178955,
    "y": -34.63589859008789,
    "loudness": 0.160490334034,
    "raspiness": 0.11259482801,
    "color": 53.7219696045,
    "location": 2027.94836426,
    "stability": 0.209215939045,
    "tonality": 0.469465553761
}