{
    "name": "7ff6d11c",
    "x": 8.348007202148438,
    "y": 9.716114044189453,
    "loudness": 0.933923900127,
    "raspiness": 0.163378253579,
    "color": 25.9471073151,
    "location": 2897.90844727,
    "stability": 0.727323234081,
    "tonality": 0.490473717451
}