{
    "name": "7ff6d11c",
    "x": 39.78181076049805,
    "y": 18.198694229125977,
    "loudness": 0.933923900127,
    "raspiness": 0.163378253579,
    "color": 25.9471073151,
    "location": 53.832224989034216,
    "stability": 0.727323234081,
    "tonality": 0.490473717451
}