{
    "name": "7ff6d11c",
    "x": 45.23870086669922,
    "y": 22.04686164855957,
    "loudness": 0.933923900127,
    "raspiness": 0.163378253579,
    "color": 25.9471073151,
    "location": 2897.90844727,
    "stability": 0.727323234081,
    "tonality": 0.490473717451
}