{
    "name": "7ff85c01",
    "x": 6.389514446258545,
    "y": -16.66444206237793,
    "loudness": 0.2433847785,
    "raspiness": 0.0390182882547,
    "color": 5.42223262787,
    "location": 33.34843936678297,
    "stability": 0.600791096687,
    "tonality": 0.480490505695
}