{
    "name": "7ff85c01",
    "x": 4.340169429779053,
    "y": 2.7604904174804688,
    "loudness": 0.2433847785,
    "raspiness": 0.0390182882547,
    "color": 5.42223262787,
    "location": 1112.1184082,
    "stability": 0.600791096687,
    "tonality": 0.480490505695
}