{
    "name": "800b401e",
    "x": -44.48723220825195,
    "y": -0.8911552429199219,
    "loudness": 0.849928736687,
    "raspiness": 0.0283977221698,
    "color": 7.08339929581,
    "location": 24.5661723956338,
    "stability": 0.451763659716,
    "tonality": 0.220975086093
}