{
    "name": "800b401e",
    "x": -4.91668176651001,
    "y": 8.621894836425781,
    "loudness": 0.849928736687,
    "raspiness": 0.0283977221698,
    "color": 7.08339929581,
    "location": 603.496826172,
    "stability": 0.451763659716,
    "tonality": 0.220975086093
}