{
    "name": "801a341a",
    "x": 0.6199216246604919,
    "y": 7.091195106506348,
    "loudness": 0.99068403244,
    "raspiness": 0.04541015625,
    "color": 6.84827327728,
    "location": 905.184082031,
    "stability": 0.392215877771,
    "tonality": 0.447798848152
}