{
    "name": "801a341a",
    "x": -10.99335765838623,
    "y": 9.246089935302734,
    "loudness": 0.99068403244,
    "raspiness": 0.04541015625,
    "color": 6.84827327728,
    "location": 30.086277304296058,
    "stability": 0.392215877771,
    "tonality": 0.447798848152
}