{
    "name": "802a3f2a",
    "x": 1.1285793781280518,
    "y": -19.005430221557617,
    "loudness": 0.0255775861442,
    "raspiness": 0.0437773242593,
    "color": 5.41569471359,
    "location": 497.299407959,
    "stability": 0.695805549622,
    "tonality": 0.438011497259
}