{
    "name": "803dfc52",
    "x": 36.85288619995117,
    "y": 15.266860961914062,
    "loudness": 0.960669577122,
    "raspiness": 0.203467696905,
    "color": 30.2754573822,
    "location": 2518.05664062,
    "stability": 0.639064252377,
    "tonality": 0.489350616932
}