{
    "name": "803dfc52",
    "x": 34.23659133911133,
    "y": 12.791220664978027,
    "loudness": 0.960669577122,
    "raspiness": 0.203467696905,
    "color": 30.2754573822,
    "location": 50.18024153608669,
    "stability": 0.639064252377,
    "tonality": 0.489350616932
}