{
    "name": "807a24e5",
    "x": 44.86558151245117,
    "y": 11.360516548156738,
    "loudness": 0.99068403244,
    "raspiness": 0.190507188439,
    "color": 20.1641025543,
    "location": 60.00945970353341,
    "stability": 0.731482863426,
    "tonality": 0.480691850185
}