{
    "name": "807a24e5",
    "x": 8.892988204956055,
    "y": 8.874750137329102,
    "loudness": 0.99068403244,
    "raspiness": 0.190507188439,
    "color": 20.1641025543,
    "location": 3601.13525391,
    "stability": 0.731482863426,
    "tonality": 0.480691850185
}