{
    "name": "807e8ac4",
    "x": 3.849053382873535,
    "y": -4.897663593292236,
    "loudness": 0.632647395134,
    "raspiness": 0.0791247487068,
    "color": 22.3385105133,
    "location": 47.86987468481613,
    "stability": 0.230905845761,
    "tonality": 0.488251626492
}