{
    "name": "807e8ac4",
    "x": 2.5000855922698975,
    "y": 4.3559980392456055,
    "loudness": 0.632647395134,
    "raspiness": 0.0791247487068,
    "color": 22.3385105133,
    "location": 2291.52490234,
    "stability": 0.230905845761,
    "tonality": 0.488251626492
}