{
    "name": "808f7ab9",
    "x": -23.192481994628906,
    "y": 8.084188461303711,
    "loudness": 0.955350935459,
    "raspiness": 0.0178291108459,
    "color": 8.01950740814,
    "location": 409.19631958,
    "stability": 0.376371055841,
    "tonality": 0.424381136894
}