{
    "name": "809ab667",
    "x": 14.278389930725098,
    "y": 7.50632381439209,
    "loudness": 0.99068403244,
    "raspiness": 0.114953242242,
    "color": 15.209769249,
    "location": 50.06718630530379,
    "stability": 0.460288256407,
    "tonality": 0.469847202301
}