{
    "name": "809ea09e",
    "x": 23.16329574584961,
    "y": -2.591729164123535,
    "loudness": 0.657801568508,
    "raspiness": 0.19508177042,
    "color": 5.63033437729,
    "location": 2874.69995117,
    "stability": 0.494139671326,
    "tonality": 0.486607432365
}