{
    "name": "809ea09e",
    "x": 5.91946268081665,
    "y": 5.712786674499512,
    "loudness": 0.657801568508,
    "raspiness": 0.19508177042,
    "color": 5.63033437729,
    "location": 2874.69995117,
    "stability": 0.494139671326,
    "tonality": 0.486607432365
}