{
    "name": "80a3da4a",
    "x": 2.448190212249756,
    "y": 6.219166278839111,
    "loudness": 0.730371832848,
    "raspiness": 0.0532959960401,
    "color": 5.6597070694,
    "location": 1274.67602539,
    "stability": 0.433108717203,
    "tonality": 0.45074146986
}