{
    "name": "80b495a8",
    "x": 44.85816192626953,
    "y": -2.674987554550171,
    "loudness": 0.737212181091,
    "raspiness": 0.326520651579,
    "color": 48.8650512695,
    "location": 61.503834674676995,
    "stability": 0.741274654865,
    "tonality": 0.494227826595
}