{
    "name": "80b495a8",
    "x": 45.07606887817383,
    "y": -5.8635993003845215,
    "loudness": 0.737212181091,
    "raspiness": 0.326520651579,
    "color": 48.8650512695,
    "location": 3782.72167969,
    "stability": 0.741274654865,
    "tonality": 0.494227826595
}