{
    "name": "80bbb34a",
    "x": -6.413707256317139,
    "y": 18.517900466918945,
    "loudness": 0.838262796402,
    "raspiness": 0.0731710493565,
    "color": 22.1302833557,
    "location": 1252.46557617,
    "stability": 0.490244239569,
    "tonality": 0.451902717352
}