{
    "name": "80bbb34a",
    "x": -1.9060142040252686,
    "y": 16.220638275146484,
    "loudness": 0.838262796402,
    "raspiness": 0.0731710493565,
    "color": 22.1302833557,
    "location": 35.390190394655974,
    "stability": 0.490244239569,
    "tonality": 0.451902717352
}