{
    "name": "80bbb34a",
    "x": 1.451748013496399,
    "y": 8.413874626159668,
    "loudness": 0.838262796402,
    "raspiness": 0.0731710493565,
    "color": 22.1302833557,
    "location": 1252.46557617,
    "stability": 0.490244239569,
    "tonality": 0.451902717352
}