{
    "name": "80bc5ee0",
    "x": 22.90536117553711,
    "y": 43.00901412963867,
    "loudness": 0.99068403244,
    "raspiness": 0.0959960967302,
    "color": 7.46636676788,
    "location": 1703.18200684,
    "stability": 0.700926363468,
    "tonality": 0.482927978039
}