{
    "name": "80c11722",
    "x": 18.004777908325195,
    "y": 8.195122718811035,
    "loudness": 0.71308028698,
    "raspiness": 0.132607981563,
    "color": 22.1233043671,
    "location": 2319.51635742,
    "stability": 0.529769122601,
    "tonality": 0.480926424265
}