{
    "name": "80c11722",
    "x": 17.400047302246094,
    "y": 4.341429233551025,
    "loudness": 0.71308028698,
    "raspiness": 0.132607981563,
    "color": 22.1233043671,
    "location": 48.16135751222135,
    "stability": 0.529769122601,
    "tonality": 0.480926424265
}