{
    "name": "80d11b17",
    "x": -17.03053092956543,
    "y": -6.0783233642578125,
    "loudness": 0.661705434322,
    "raspiness": 0.0313279181719,
    "color": 2.59204602242,
    "location": 959.318481445,
    "stability": 0.263537704945,
    "tonality": 0.409953951836
}