{
    "name": "80d22981",
    "x": 2.613524913787842,
    "y": 6.193236351013184,
    "loudness": 0.734944939613,
    "raspiness": 0.0899303108454,
    "color": 13.0602254868,
    "location": 1558.25292969,
    "stability": 0.484504699707,
    "tonality": 0.440569221973
}