{
    "name": "80d22981",
    "x": 2.158812999725342,
    "y": 11.092398643493652,
    "loudness": 0.734944939613,
    "raspiness": 0.0899303108454,
    "color": 13.0602254868,
    "location": 39.474712534608784,
    "stability": 0.484504699707,
    "tonality": 0.440569221973
}