{
    "name": "80d4d3d5",
    "x": 5.9691057205200195,
    "y": 11.05881118774414,
    "loudness": 0.643118619919,
    "raspiness": 0.09641687572,
    "color": 20.5107841492,
    "location": 2140.12597656,
    "stability": 0.681099593639,
    "tonality": 0.488449066877
}