{
    "name": "80d770cd",
    "x": -46.4245491027832,
    "y": -5.88890266418457,
    "loudness": 0.896372258663,
    "raspiness": 0.0252422261983,
    "color": 12.8620977402,
    "location": 571.534851074,
    "stability": 0.494473218918,
    "tonality": 0.267956495285
}