{
    "name": "80d770cd",
    "x": -44.551902770996094,
    "y": 3.898373603820801,
    "loudness": 0.896372258663,
    "raspiness": 0.0252422261983,
    "color": 12.8620977402,
    "location": 23.906795081608074,
    "stability": 0.494473218918,
    "tonality": 0.267956495285
}