{
    "name": "80d770cd",
    "x": -4.772528648376465,
    "y": 8.899848937988281,
    "loudness": 0.896372258663,
    "raspiness": 0.0252422261983,
    "color": 12.8620977402,
    "location": 571.534851074,
    "stability": 0.494473218918,
    "tonality": 0.267956495285
}