{
    "name": "80df55dc",
    "x": 9.72783088684082,
    "y": -6.341568470001221,
    "loudness": 0.438598901033,
    "raspiness": 0.0749555453658,
    "color": 14.6999015808,
    "location": 45.359087042620246,
    "stability": 0.528620183468,
    "tonality": 0.488832265139
}