{
    "name": "80df55dc",
    "x": 10.186762809753418,
    "y": -7.476068019866943,
    "loudness": 0.438598901033,
    "raspiness": 0.0749555453658,
    "color": 14.6999015808,
    "location": 2057.44677734,
    "stability": 0.528620183468,
    "tonality": 0.488832265139
}