{
    "name": "80df55dc",
    "x": 4.655921936035156,
    "y": 3.7073960304260254,
    "loudness": 0.438598901033,
    "raspiness": 0.0749555453658,
    "color": 14.6999015808,
    "location": 2057.44677734,
    "stability": 0.528620183468,
    "tonality": 0.488832265139
}