{
    "name": "80e2a525",
    "x": 2.499699115753174,
    "y": 28.54773712158203,
    "loudness": 0.792495667934,
    "raspiness": 0.0592494904995,
    "color": 10.96646595,
    "location": 1131.27038574,
    "stability": 0.574145197868,
    "tonality": 0.476178318262
}