{
    "name": "80ee3cc7",
    "x": -6.659204006195068,
    "y": 18.18958854675293,
    "loudness": 0.977697134018,
    "raspiness": 0.0471483953297,
    "color": 68.6511383057,
    "location": 1122.98303223,
    "stability": 0.461421281099,
    "tonality": 0.463476032019
}