{
    "name": "80ef109f",
    "x": 4.83837366104126,
    "y": 8.216459274291992,
    "loudness": 0.981768727303,
    "raspiness": 0.133542597294,
    "color": 14.6833963394,
    "location": 1641.8079834,
    "stability": 0.460110902786,
    "tonality": 0.413581550121
}