{
    "name": "80ef109f",
    "x": -1.660704255104065,
    "y": 18.631986618041992,
    "loudness": 0.981768727303,
    "raspiness": 0.133542597294,
    "color": 14.6833963394,
    "location": 1641.8079834,
    "stability": 0.460110902786,
    "tonality": 0.413581550121
}