{
    "name": "80f1c762",
    "x": -25.40446662902832,
    "y": 22.94377899169922,
    "loudness": 0.99068403244,
    "raspiness": 0.0134795214981,
    "color": 4.87129831314,
    "location": 242.322921753,
    "stability": 0.505122184753,
    "tonality": 0.419539928436
}