{
    "name": "80f5c04c",
    "x": 6.893864631652832,
    "y": -2.501901865005493,
    "loudness": 0.659463584423,
    "raspiness": 0.1222788468,
    "color": 23.4997406006,
    "location": 41.078878309418336,
    "stability": 0.332878559828,
    "tonality": 0.479504227638
}