{
    "name": "811bf309",
    "x": -41.68375778198242,
    "y": 21.87759017944336,
    "loudness": 0.974389433861,
    "raspiness": 0.0313829034567,
    "color": 16.117898941,
    "location": 791.563537598,
    "stability": 0.589633703232,
    "tonality": 0.356145590544
}