{
    "name": "811e1301",
    "x": 2.499507427215576,
    "y": 4.320170879364014,
    "loudness": 0.481708347797,
    "raspiness": 0.0919921845198,
    "color": 11.2932434082,
    "location": 2092.67626953,
    "stability": 0.215223535895,
    "tonality": 0.48653909564
}