{
    "name": "812f079e",
    "x": 25.739383697509766,
    "y": 24.350210189819336,
    "loudness": 0.99068403244,
    "raspiness": 0.148202866316,
    "color": 15.5083169937,
    "location": 2071.12695312,
    "stability": 0.612581253052,
    "tonality": 0.481327950954
}