{
    "name": "812f079e",
    "x": 24.25423240661621,
    "y": 19.739097595214844,
    "loudness": 0.99068403244,
    "raspiness": 0.148202866316,
    "color": 15.5083169937,
    "location": 45.50963582715203,
    "stability": 0.612581253052,
    "tonality": 0.481327950954
}