{
    "name": "813bc785",
    "x": 3.7531588077545166,
    "y": 3.3104846477508545,
    "loudness": 0.378410547972,
    "raspiness": 0.0374325178564,
    "color": 10.0048236847,
    "location": 624.622131348,
    "stability": 0.522456526756,
    "tonality": 0.459581077099
}