{
    "name": "813bc785",
    "x": -0.15793883800506592,
    "y": -10.121066093444824,
    "loudness": 0.378410547972,
    "raspiness": 0.0374325178564,
    "color": 10.0048236847,
    "location": 24.99244148433682,
    "stability": 0.522456526756,
    "tonality": 0.459581077099
}