{
    "name": "813ea098",
    "x": 23.90059471130371,
    "y": 20.925701141357422,
    "loudness": 0.66614562273,
    "raspiness": 0.0785140097141,
    "color": 9.97696113586,
    "location": 1659.7277832,
    "stability": 0.770443379879,
    "tonality": 0.487863659859
}