{
    "name": "813ea098",
    "x": 6.1418914794921875,
    "y": 11.46103286743164,
    "loudness": 0.66614562273,
    "raspiness": 0.0785140097141,
    "color": 9.97696113586,
    "location": 1659.7277832,
    "stability": 0.770443379879,
    "tonality": 0.487863659859
}