{
    "name": "815f1827",
    "x": 5.983807563781738,
    "y": -15.481107711791992,
    "loudness": 0.0344589017332,
    "raspiness": 0.0601461157203,
    "color": 18.0575065613,
    "location": 46.973778735268894,
    "stability": 0.364496737719,
    "tonality": 0.487924575806
}