{
    "name": "815f1827",
    "x": 10.146319389343262,
    "y": -31.887651443481445,
    "loudness": 0.0344589017332,
    "raspiness": 0.0601461157203,
    "color": 18.0575065613,
    "location": 2206.53588867,
    "stability": 0.364496737719,
    "tonality": 0.487924575806
}