{
    "name": "817b6f59",
    "x": 15.47019100189209,
    "y": 6.137728691101074,
    "loudness": 0.99068403244,
    "raspiness": 0.103177584708,
    "color": 12.1697978973,
    "location": 53.40491056691322,
    "stability": 0.450562179089,
    "tonality": 0.481761395931
}