{
    "name": "817c5d68",
    "x": 2.708465099334717,
    "y": -16.342103958129883,
    "loudness": 0.255130589008,
    "raspiness": 0.0348843410611,
    "color": 33.1743659973,
    "location": 935.451599121,
    "stability": 0.561303138733,
    "tonality": 0.48102158308
}