{
    "name": "817c5d68",
    "x": 4.156312465667725,
    "y": 2.6955137252807617,
    "loudness": 0.255130589008,
    "raspiness": 0.0348843410611,
    "color": 33.1743659973,
    "location": 935.451599121,
    "stability": 0.561303138733,
    "tonality": 0.48102158308
}