{
    "name": "819c9993",
    "x": 15.439425468444824,
    "y": 3.93125319480896,
    "loudness": 0.858457267284,
    "raspiness": 0.141051843762,
    "color": 125.289207458,
    "location": 2500.45751953,
    "stability": 0.349180549383,
    "tonality": 0.484917640686
}