{
    "name": "819c9993",
    "x": 13.646322250366211,
    "y": 3.576469659805298,
    "loudness": 0.858457267284,
    "raspiness": 0.141051843762,
    "color": 125.289207458,
    "location": 50.00457498599503,
    "stability": 0.349180549383,
    "tonality": 0.484917640686
}