{
    "name": "819f0f9d",
    "x": 14.383150100708008,
    "y": 41.742919921875,
    "loudness": 0.99068403244,
    "raspiness": 0.101246550679,
    "color": 15.0246572495,
    "location": 1450.64709473,
    "stability": 0.663748621941,
    "tonality": 0.468016862869
}