{
    "name": "81a8919b",
    "x": 4.669825077056885,
    "y": 9.286362648010254,
    "loudness": 0.614063322544,
    "raspiness": 0.112434111536,
    "color": 6.7911658287,
    "location": 1885.73608398,
    "stability": 0.572730720043,
    "tonality": 0.466580450535
}