{
    "name": "81a8919b",
    "x": 13.412668228149414,
    "y": 6.502720832824707,
    "loudness": 0.614063322544,
    "raspiness": 0.112434111536,
    "color": 6.7911658287,
    "location": 43.425062855222215,
    "stability": 0.572730720043,
    "tonality": 0.466580450535
}