{
    "name": "81b285ba",
    "x": 36.472679138183594,
    "y": -21.23847007751465,
    "loudness": 0.010295282118,
    "raspiness": 0.36148416996,
    "color": 1523.9642334,
    "location": 72.59431836300965,
    "stability": 0.422682195902,
    "tonality": 0.496807426214
}