{
    "name": "81b285ba",
    "x": 29.268354415893555,
    "y": -32.049766540527344,
    "loudness": 0.010295282118,
    "raspiness": 0.36148416996,
    "color": 1523.9642334,
    "location": 5269.93505859,
    "stability": 0.422682195902,
    "tonality": 0.496807426214
}