{
    "name": "81b607de",
    "x": -17.5418643951416,
    "y": -24.227996826171875,
    "loudness": 9.41603211686e-05,
    "raspiness": 0.119237527251,
    "color": 2.174233675,
    "location": 32.685518806499005,
    "stability": 0.251950800419,
    "tonality": 0.322748482227
}