{
    "name": "81be79f6",
    "x": -32.174434661865234,
    "y": 9.790327072143555,
    "loudness": 0.816398859024,
    "raspiness": 0.0349788032472,
    "color": 9.49769306183,
    "location": 30.23363007802735,
    "stability": 0.473711371422,
    "tonality": 0.350154906511
}