{
    "name": "81be79f6",
    "x": -35.97743225097656,
    "y": 3.7780849933624268,
    "loudness": 0.816398859024,
    "raspiness": 0.0349788032472,
    "color": 9.49769306183,
    "location": 914.072387695,
    "stability": 0.473711371422,
    "tonality": 0.350154906511
}