{
    "name": "81c569b4",
    "x": 3.9592490196228027,
    "y": 6.943133354187012,
    "loudness": 0.91286689043,
    "raspiness": 0.0785098299384,
    "color": 6.07257699966,
    "location": 2245.15600586,
    "stability": 0.45608061552,
    "tonality": 0.485666364431
}