{
    "name": "81c62db2",
    "x": -17.618621826171875,
    "y": 4.893918514251709,
    "loudness": 0.99068403244,
    "raspiness": 0.0152148436755,
    "color": 8.76936149597,
    "location": 15.420304207764515,
    "stability": 0.349170774221,
    "tonality": 0.425657391548
}