{
    "name": "81c75486",
    "x": 4.197941303253174,
    "y": 1.5251140594482422,
    "loudness": 0.0790298059583,
    "raspiness": 0.0419243834913,
    "color": 31.4352912903,
    "location": 995.963623047,
    "stability": 0.406550198793,
    "tonality": 0.471057593822
}