{
    "name": "81cb6681",
    "x": -21.35017204284668,
    "y": 24.255470275878906,
    "loudness": 0.985935747623,
    "raspiness": 0.0535138063133,
    "color": 36.1116905212,
    "location": 1697.84118652,
    "stability": 0.497538536787,
    "tonality": 0.40172970295
}