{
    "name": "81d516e0",
    "x": 14.320920944213867,
    "y": 24.45075035095215,
    "loudness": 0.99068403244,
    "raspiness": 0.0958589613438,
    "color": 19.6198749542,
    "location": 46.10260243381061,
    "stability": 0.600616633892,
    "tonality": 0.452382832766
}