{
    "name": "81d5d2c1",
    "x": -41.30579376220703,
    "y": -7.670022964477539,
    "loudness": 0.99068403244,
    "raspiness": 0.0217881947756,
    "color": 7.81818056107,
    "location": 22.834911134138448,
    "stability": 0.286834180355,
    "tonality": 0.226460769773
}