{
    "name": "81d6c294",
    "x": 5.736455917358398,
    "y": 9.133386611938477,
    "loudness": 0.99068403244,
    "raspiness": 0.140701591969,
    "color": 6.14843988419,
    "location": 1784.94824219,
    "stability": 0.588076591492,
    "tonality": 0.46451485157
}