{
    "name": "81d6c294",
    "x": 18.255714416503906,
    "y": 26.081192016601562,
    "loudness": 0.99068403244,
    "raspiness": 0.140701591969,
    "color": 6.14843988419,
    "location": 1784.94824219,
    "stability": 0.588076591492,
    "tonality": 0.46451485157
}