{
    "name": "81d6c294",
    "x": 18.585039138793945,
    "y": 21.12506675720215,
    "loudness": 0.99068403244,
    "raspiness": 0.140701591969,
    "color": 6.14843988419,
    "location": 42.24864781493012,
    "stability": 0.588076591492,
    "tonality": 0.46451485157
}