{
    "name": "81d9f077",
    "x": -35.83491516113281,
    "y": -1.634716272354126,
    "loudness": 0.649492561817,
    "raspiness": 0.0192567910999,
    "color": 10.8056516647,
    "location": 18.965779054549802,
    "stability": 0.413114637136,
    "tonality": 0.27847263217
}