{
    "name": "81d9f077",
    "x": -3.9290854930877686,
    "y": 8.203023910522461,
    "loudness": 0.649492561817,
    "raspiness": 0.0192567910999,
    "color": 10.8056516647,
    "location": 359.700775146,
    "stability": 0.413114637136,
    "tonality": 0.27847263217
}