{
    "name": "81db9098",
    "x": -18.66481590270996,
    "y": -7.626793384552002,
    "loudness": 0.99068403244,
    "raspiness": 0.0357306972146,
    "color": 8.75208568573,
    "location": 20.22534185434204,
    "stability": 0.13793182373,
    "tonality": 0.416758090258
}