{
    "name": "81dcd25b",
    "x": 0.960979163646698,
    "y": 5.097438335418701,
    "loudness": 0.951554596424,
    "raspiness": 0.0294566396624,
    "color": 4.64846229553,
    "location": 1875.07873535,
    "stability": 0.199949800968,
    "tonality": 0.48010635376
}