{
    "name": "81dcd25b",
    "x": -4.330476760864258,
    "y": -3.4294824600219727,
    "loudness": 0.951554596424,
    "raspiness": 0.0294566396624,
    "color": 4.64846229553,
    "location": 43.3021793371881,
    "stability": 0.199949800968,
    "tonality": 0.48010635376
}