{
    "name": "81dcd25b",
    "x": -3.496098279953003,
    "y": -4.598056793212891,
    "loudness": 0.951554596424,
    "raspiness": 0.0294566396624,
    "color": 4.64846229553,
    "location": 1875.07873535,
    "stability": 0.199949800968,
    "tonality": 0.48010635376
}