{
    "name": "81debe3a",
    "x": -14.666690826416016,
    "y": 0.4305560886859894,
    "loudness": 0.942044556141,
    "raspiness": 0.0157005861402,
    "color": 8.66928768158,
    "location": 24.227523612433032,
    "stability": 0.303639441729,
    "tonality": 0.441394895315
}