{
    "name": "81debe3a",
    "x": -0.4160909056663513,
    "y": 6.297504901885986,
    "loudness": 0.942044556141,
    "raspiness": 0.0157005861402,
    "color": 8.66928768158,
    "location": 586.972900391,
    "stability": 0.303639441729,
    "tonality": 0.441394895315
}