{
    "name": "81e56a0f",
    "x": -21.98271369934082,
    "y": 17.10740089416504,
    "loudness": 0.99068403244,
    "raspiness": 0.100845530629,
    "color": 7.80694818497,
    "location": 892.227539062,
    "stability": 0.444246470928,
    "tonality": 0.393876254559
}