{
    "name": "81e56a0f",
    "x": -0.45739635825157166,
    "y": 8.50916862487793,
    "loudness": 0.99068403244,
    "raspiness": 0.100845530629,
    "color": 7.80694818497,
    "location": 892.227539062,
    "stability": 0.444246470928,
    "tonality": 0.393876254559
}