{
    "name": "81ec0f35",
    "x": 45.978328704833984,
    "y": -28.079200744628906,
    "loudness": 0.99068403244,
    "raspiness": 0.376586914062,
    "color": 350.968322754,
    "location": 6214.16162109,
    "stability": 0.692943930626,
    "tonality": 0.495108813047
}