{
    "name": "81ec2e65",
    "x": 5.353535175323486,
    "y": 12.153238296508789,
    "loudness": 0.98932915926,
    "raspiness": 0.0680362060666,
    "color": 57.726764679,
    "location": 1633.06652832,
    "stability": 0.772565603256,
    "tonality": 0.493976056576
}