{
    "name": "81ec0f35",
    "x": 46.5177001953125,
    "y": -19.482118606567383,
    "loudness": 0.99068403244,
    "raspiness": 0.376586914062,
    "color": 350.968322754,
    "location": 78.82995383158612,
    "stability": 0.692943930626,
    "tonality": 0.495108813047
}