{
    "name": "81f0d826",
    "x": 38.195919036865234,
    "y": 22.795944213867188,
    "loudness": 0.978563308716,
    "raspiness": 0.154237598181,
    "color": 28.3265705109,
    "location": 50.37935193668136,
    "stability": 0.746786653996,
    "tonality": 0.489991217852
}