{
    "name": "81f0cefe",
    "x": -21.594154357910156,
    "y": -16.993131637573242,
    "loudness": 0.193850144744,
    "raspiness": 0.0259030181915,
    "color": 5.58368968964,
    "location": 20.71696692341811,
    "stability": 0.465699642897,
    "tonality": 0.290012270212
}