{
    "name": "81f0d826",
    "x": 43.58987045288086,
    "y": 26.945295333862305,
    "loudness": 0.978563308716,
    "raspiness": 0.154237598181,
    "color": 28.3265705109,
    "location": 2538.07910156,
    "stability": 0.746786653996,
    "tonality": 0.489991217852
}