{
    "name": "81f0b550",
    "x": 4.319591522216797,
    "y": 0.8764008283615112,
    "loudness": 0.00391014572233,
    "raspiness": 0.0229457989335,
    "color": 19.044002533,
    "location": 1426.68713379,
    "stability": 0.223600804806,
    "tonality": 0.480456411839
}