{
    "name": "81f0cefe",
    "x": 1.9913753271102905,
    "y": 0.9477968215942383,
    "loudness": 0.193850144744,
    "raspiness": 0.0259030181915,
    "color": 5.58368968964,
    "location": 429.192718506,
    "stability": 0.465699642897,
    "tonality": 0.290012270212
}