{
    "name": "81f64557",
    "x": 6.1817169189453125,
    "y": 8.481402397155762,
    "loudness": 0.99068403244,
    "raspiness": 0.161736741662,
    "color": 5.53533172607,
    "location": 2406.97680664,
    "stability": 0.542612969875,
    "tonality": 0.466647297144
}