{
    "name": "820a35a5",
    "x": 42.08036422729492,
    "y": -24.444747924804688,
    "loudness": 0.99068403244,
    "raspiness": 0.414731234312,
    "color": 634.654052734,
    "location": 86.15198801571557,
    "stability": 0.708828747272,
    "tonality": 0.494915932417
}