{
    "name": "820bcee9",
    "x": -11.243352890014648,
    "y": -8.785782814025879,
    "loudness": 0.99068403244,
    "raspiness": 0.0486979149282,
    "color": 10.063290596,
    "location": 29.03940404527958,
    "stability": 0.138908013701,
    "tonality": 0.474566012621
}