{
    "name": "820ca779",
    "x": -19.07862091064453,
    "y": -14.806411743164062,
    "loudness": 0.982990026474,
    "raspiness": 0.00240154657513,
    "color": 77.496383667,
    "location": 123.799507141,
    "stability": 0.0995156168938,
    "tonality": 0.440670341253
}