{
    "name": "820ca779",
    "x": -17.89862632751465,
    "y": -9.480766296386719,
    "loudness": 0.982990026474,
    "raspiness": 0.00240154657513,
    "color": 77.496383667,
    "location": 11.126522688648057,
    "stability": 0.0995156168938,
    "tonality": 0.440670341253
}