{
    "name": "820f3645",
    "x": -2.557349443435669,
    "y": 7.3349409103393555,
    "loudness": 0.960028588772,
    "raspiness": 0.0321350097656,
    "color": 17.455406189,
    "location": 1082.02832031,
    "stability": 0.344579547644,
    "tonality": 0.361446738243
}