{
    "name": "822fdbff",
    "x": -2.9419097900390625,
    "y": 7.094415664672852,
    "loudness": 0.99068403244,
    "raspiness": 0.084853515029,
    "color": 4.0754737854,
    "location": 1108.13574219,
    "stability": 0.338363051414,
    "tonality": 0.334618061781
}