{
    "name": "822fdbff",
    "x": -30.935659408569336,
    "y": 0.7601494789123535,
    "loudness": 0.99068403244,
    "raspiness": 0.084853515029,
    "color": 4.0754737854,
    "location": 33.288672881176865,
    "stability": 0.338363051414,
    "tonality": 0.334618061781
}