{
    "name": "823e3be5",
    "x": -24.546796798706055,
    "y": -16.311203002929688,
    "loudness": 0.0955653190613,
    "raspiness": 0.0315102376044,
    "color": 8.08681488037,
    "location": 24.62246055870534,
    "stability": 0.674105644226,
    "tonality": 0.184406757355
}