{
    "name": "824c69d3",
    "x": -18.381423950195312,
    "y": 30.418357849121094,
    "loudness": 0.940357387066,
    "raspiness": 0.0530454292893,
    "color": 16.4836215973,
    "location": 1394.9029541,
    "stability": 0.536735534668,
    "tonality": 0.414290249348
}