{
    "name": "824c69d3",
    "x": -14.68535041809082,
    "y": 25.26921272277832,
    "loudness": 0.940357387066,
    "raspiness": 0.0530454292893,
    "color": 16.4836215973,
    "location": 37.34839961899305,
    "stability": 0.536735534668,
    "tonality": 0.414290249348
}