{
    "name": "824c69d3",
    "x": -0.28393620252609253,
    "y": 9.428121566772461,
    "loudness": 0.940357387066,
    "raspiness": 0.0530454292893,
    "color": 16.4836215973,
    "location": 1394.9029541,
    "stability": 0.536735534668,
    "tonality": 0.414290249348
}