{
    "name": "824ec543",
    "x": 24.636985778808594,
    "y": 16.72985076904297,
    "loudness": 0.845624029636,
    "raspiness": 0.124680742621,
    "color": 37.122543335,
    "location": 49.90470900095501,
    "stability": 0.600114703178,
    "tonality": 0.488603025675
}