{
    "name": "824ec543",
    "x": 25.7479248046875,
    "y": 20.35206413269043,
    "loudness": 0.845624029636,
    "raspiness": 0.124680742621,
    "color": 37.122543335,
    "location": 2490.47998047,
    "stability": 0.600114703178,
    "tonality": 0.488603025675
}