{
    "name": "824ec543",
    "x": 6.740492343902588,
    "y": 9.724265098571777,
    "loudness": 0.845624029636,
    "raspiness": 0.124680742621,
    "color": 37.122543335,
    "location": 2490.47998047,
    "stability": 0.600114703178,
    "tonality": 0.488603025675
}