{
    "name": "825a9c77",
    "x": 22.98855209350586,
    "y": 16.689666748046875,
    "loudness": 0.636080741882,
    "raspiness": 0.0839935988188,
    "color": 26.3299808502,
    "location": 1929.75268555,
    "stability": 0.716408848763,
    "tonality": 0.486523509026
}