{
    "name": "825d767e",
    "x": 17.20735740661621,
    "y": 1.6277666091918945,
    "loudness": 0.719939947128,
    "raspiness": 0.146764680743,
    "color": 17.9146728516,
    "location": 51.489318332446395,
    "stability": 0.462539553642,
    "tonality": 0.48768311739
}