{
    "name": "825d767e",
    "x": 5.624507427215576,
    "y": 5.868666648864746,
    "loudness": 0.719939947128,
    "raspiness": 0.146764680743,
    "color": 17.9146728516,
    "location": 2651.14990234,
    "stability": 0.462539553642,
    "tonality": 0.48768311739
}