{
    "name": "826f23dd",
    "x": 2.4855237007141113,
    "y": 1.1617106199264526,
    "loudness": 0.0379402711987,
    "raspiness": 0.0508709810674,
    "color": 3.17107796669,
    "location": 698.511413574,
    "stability": 0.469060182571,
    "tonality": 0.340496689081
}