{
    "name": "827d48f9",
    "x": -1.1917955875396729,
    "y": 21.02666473388672,
    "loudness": 0.99068403244,
    "raspiness": 0.0524487756193,
    "color": 5.70927810669,
    "location": 1678.01416016,
    "stability": 0.455584943295,
    "tonality": 0.463832318783
}