{
    "name": "827ea9af",
    "x": 36.67748260498047,
    "y": 13.58923625946045,
    "loudness": 0.963813602924,
    "raspiness": 0.158770158887,
    "color": 13.0584821701,
    "location": 56.5340225273242,
    "stability": 0.662582218647,
    "tonality": 0.485418260098
}