{
    "name": "827ea9af",
    "x": 7.880927562713623,
    "y": 8.998367309570312,
    "loudness": 0.963813602924,
    "raspiness": 0.158770158887,
    "color": 13.0584821701,
    "location": 3196.09570312,
    "stability": 0.662582218647,
    "tonality": 0.485418260098
}