{
    "name": "828b5e00",
    "x": 2.466447353363037,
    "y": 9.767555236816406,
    "loudness": 0.99068403244,
    "raspiness": 0.0656459257007,
    "color": 7.78077840805,
    "location": 1373.5045166,
    "stability": 0.574906289577,
    "tonality": 0.458842694759
}