{
    "name": "82a8bcd4",
    "x": 34.308597564697266,
    "y": 23.544418334960938,
    "loudness": 0.967711687088,
    "raspiness": 0.15858450532,
    "color": 30.6231708527,
    "location": 45.80156066096438,
    "stability": 0.731440007687,
    "tonality": 0.479654848576
}