{
    "name": "82a8bcd4",
    "x": 7.333541393280029,
    "y": 10.414687156677246,
    "loudness": 0.967711687088,
    "raspiness": 0.15858450532,
    "color": 30.6231708527,
    "location": 2097.78295898,
    "stability": 0.731440007687,
    "tonality": 0.479654848576
}