{
    "name": "82aa2d0a",
    "x": 7.1024675369262695,
    "y": 31.624351501464844,
    "loudness": 0.970848143101,
    "raspiness": 0.0751047730446,
    "color": 24.1142101288,
    "location": 1620.2565918,
    "stability": 0.550653219223,
    "tonality": 0.476278692484
}