{
    "name": "82b513fe",
    "x": -17.046024322509766,
    "y": 0.5781961679458618,
    "loudness": 0.99068403244,
    "raspiness": 0.0252358037978,
    "color": 2.54355812073,
    "location": 26.72542976625446,
    "stability": 0.307654470205,
    "tonality": 0.425717830658
}