{
    "name": "82c11a88",
    "x": -29.515411376953125,
    "y": -6.820285797119141,
    "loudness": 0.99068403244,
    "raspiness": 0.0537109375,
    "color": 8.73013401031,
    "location": 1047.24597168,
    "stability": 0.279447793961,
    "tonality": 0.352487146854
}