{
    "name": "82c4cf74",
    "x": -1.0462408065795898,
    "y": 8.883430480957031,
    "loudness": 0.99068403244,
    "raspiness": 0.071789547801,
    "color": 28.3970375061,
    "location": 1180.52783203,
    "stability": 0.483075529337,
    "tonality": 0.390029579401
}