{
    "name": "82c4cf74",
    "x": -21.477554321289062,
    "y": 19.469358444213867,
    "loudness": 0.99068403244,
    "raspiness": 0.071789547801,
    "color": 28.3970375061,
    "location": 34.358810107889354,
    "stability": 0.483075529337,
    "tonality": 0.390029579401
}