{
    "name": "82c64894",
    "x": 7.334283828735352,
    "y": 11.120046615600586,
    "loudness": 0.99068403244,
    "raspiness": 0.126297801733,
    "color": 14.9456672668,
    "location": 2544.05273438,
    "stability": 0.769693553448,
    "tonality": 0.487861037254
}