{
    "name": "82c64894",
    "x": 37.55006408691406,
    "y": 28.385372161865234,
    "loudness": 0.99068403244,
    "raspiness": 0.126297801733,
    "color": 14.9456672668,
    "location": 50.438603612510924,
    "stability": 0.769693553448,
    "tonality": 0.487861037254
}