{
    "name": "82ce8f1a",
    "x": 12.58438777923584,
    "y": 33.0673942565918,
    "loudness": 0.99068403244,
    "raspiness": 0.0838419571519,
    "color": 6.74473619461,
    "location": 1742.19348145,
    "stability": 0.585123002529,
    "tonality": 0.481476902962
}