{
    "name": "82ce8f1a",
    "x": 11.893957138061523,
    "y": 25.694793701171875,
    "loudness": 0.99068403244,
    "raspiness": 0.0838419571519,
    "color": 6.74473619461,
    "location": 41.73959129471682,
    "stability": 0.585123002529,
    "tonality": 0.481476902962
}