{
    "name": "82d058e2",
    "x": 5.493826866149902,
    "y": 3.525128126144409,
    "loudness": 0.527092754841,
    "raspiness": 0.0335870608687,
    "color": 5.68252229691,
    "location": 27.040961947515846,
    "stability": 0.664054632187,
    "tonality": 0.474118888378
}