{
    "name": "82d058e2",
    "x": 4.216562271118164,
    "y": 3.6494791507720947,
    "loudness": 0.527092754841,
    "raspiness": 0.0335870608687,
    "color": 5.68252229691,
    "location": 731.213623047,
    "stability": 0.664054632187,
    "tonality": 0.474118888378
}