{
    "name": "82d058e2",
    "x": 4.8858113288879395,
    "y": 5.688744068145752,
    "loudness": 0.527092754841,
    "raspiness": 0.0335870608687,
    "color": 5.68252229691,
    "location": 731.213623047,
    "stability": 0.664054632187,
    "tonality": 0.474118888378
}