{
    "name": "82d4fb44",
    "x": 2.3126654624938965,
    "y": 35.633705139160156,
    "loudness": 0.89401781559,
    "raspiness": 0.0563327297568,
    "color": 5.82378435135,
    "location": 1410.1282959,
    "stability": 0.574417769909,
    "tonality": 0.468838691711
}