{
    "name": "82d58fa4",
    "x": -35.65065383911133,
    "y": 1.9435356855392456,
    "loudness": 0.947019338608,
    "raspiness": 0.0404498912394,
    "color": 8.51705551147,
    "location": 28.77557244149975,
    "stability": 0.390042632818,
    "tonality": 0.325858384371
}