{
    "name": "82dcb7ef",
    "x": -12.049970626831055,
    "y": 9.612958908081055,
    "loudness": 0.689348936081,
    "raspiness": 0.0267185680568,
    "color": 3.80466032028,
    "location": 19.549858322990477,
    "stability": 0.556434929371,
    "tonality": 0.408417612314
}