{
    "name": "82df2d57",
    "x": 5.572253227233887,
    "y": 12.105716705322266,
    "loudness": 0.99068403244,
    "raspiness": 0.145422890782,
    "color": 3.86366677284,
    "location": 2194.02978516,
    "stability": 0.3828317523,
    "tonality": 0.435900896788
}