{
    "name": "82df2d57",
    "x": 8.642075538635254,
    "y": 9.14827823638916,
    "loudness": 0.99068403244,
    "raspiness": 0.145422890782,
    "color": 3.86366677284,
    "location": 46.84047165817184,
    "stability": 0.3828317523,
    "tonality": 0.435900896788
}