{
    "name": "82ecb65c",
    "x": -47.344947814941406,
    "y": 1.7742360830307007,
    "loudness": 0.99068403244,
    "raspiness": 0.0403250567615,
    "color": 11.7652845383,
    "location": 784.248901367,
    "stability": 0.491190433502,
    "tonality": 0.302266448736
}