{
    "name": "82ee1adc",
    "x": 53.78953552246094,
    "y": 6.200141906738281,
    "loudness": 0.99068403244,
    "raspiness": 0.232849121094,
    "color": 14.0648441315,
    "location": 3418.22265625,
    "stability": 0.725998163223,
    "tonality": 0.491488873959
}