{
    "name": "82eec9f2",
    "x": 2.7423994541168213,
    "y": 10.756831169128418,
    "loudness": 0.847917318344,
    "raspiness": 0.053312856704,
    "color": 6.61324262619,
    "location": 986.241149902,
    "stability": 0.623150885105,
    "tonality": 0.475869655609
}