{
    "name": "82ee1adc",
    "x": 47.80860900878906,
    "y": 6.959356784820557,
    "loudness": 0.99068403244,
    "raspiness": 0.232849121094,
    "color": 14.0648441315,
    "location": 58.46556812560706,
    "stability": 0.725998163223,
    "tonality": 0.491488873959
}