{
    "name": "82ee1adc",
    "x": 9.356040000915527,
    "y": 8.90457820892334,
    "loudness": 0.99068403244,
    "raspiness": 0.232849121094,
    "color": 14.0648441315,
    "location": 3418.22265625,
    "stability": 0.725998163223,
    "tonality": 0.491488873959
}