{
    "name": "82ef1c9a",
    "x": 7.371851444244385,
    "y": 8.004220008850098,
    "loudness": 0.99068403244,
    "raspiness": 0.227526217699,
    "color": 4.41958379745,
    "location": 2279.31616211,
    "stability": 0.514261603355,
    "tonality": 0.457794994116
}