{
    "name": "82f235fc",
    "x": 5.546701908111572,
    "y": 15.784248352050781,
    "loudness": 0.870530188084,
    "raspiness": 0.0973332822323,
    "color": 10.7430820465,
    "location": 1520.82397461,
    "stability": 0.461755245924,
    "tonality": 0.481182515621
}