{
    "name": "82f36657",
    "x": 15.632420539855957,
    "y": -26.006345748901367,
    "loudness": 0.203396454453,
    "raspiness": 0.19046792388,
    "color": 7.76120233536,
    "location": 1712.30493164,
    "stability": 0.382611662149,
    "tonality": 0.475077658892
}