{
    "name": "82f36657",
    "x": 11.538702011108398,
    "y": -12.986412048339844,
    "loudness": 0.203396454453,
    "raspiness": 0.19046792388,
    "color": 7.76120233536,
    "location": 41.38000642387577,
    "stability": 0.382611662149,
    "tonality": 0.475077658892
}