{
    "name": "82f36657",
    "x": 5.843937397003174,
    "y": 2.150191307067871,
    "loudness": 0.203396454453,
    "raspiness": 0.19046792388,
    "color": 7.76120233536,
    "location": 1712.30493164,
    "stability": 0.382611662149,
    "tonality": 0.475077658892
}