{
    "name": "82f9184f",
    "x": -2.0271522998809814,
    "y": 7.200941562652588,
    "loudness": 0.940560698509,
    "raspiness": 0.044944435358,
    "color": 23.362487793,
    "location": 1213.65039062,
    "stability": 0.306836485863,
    "tonality": 0.377752959728
}