{
    "name": "82f9184f",
    "x": -23.191923141479492,
    "y": 0.8822593092918396,
    "loudness": 0.940560698509,
    "raspiness": 0.044944435358,
    "color": 23.362487793,
    "location": 34.83748542331952,
    "stability": 0.306836485863,
    "tonality": 0.377752959728
}