{
    "name": "82fa96a7",
    "x": 1.3505802154541016,
    "y": 0.11120579391717911,
    "loudness": 0.149741321802,
    "raspiness": 0.0183588378131,
    "color": 4.01067399979,
    "location": 364.145690918,
    "stability": 0.189325287938,
    "tonality": 0.149518966675
}