{
    "name": "82fa96a7",
    "x": -31.24647331237793,
    "y": -20.701139450073242,
    "loudness": 0.149741321802,
    "raspiness": 0.0183588378131,
    "color": 4.01067399979,
    "location": 19.08260178586767,
    "stability": 0.189325287938,
    "tonality": 0.149518966675
}