{
    "name": "82feeab8",
    "x": -3.146450996398926,
    "y": 9.674604415893555,
    "loudness": 0.925904333591,
    "raspiness": 0.0189786907285,
    "color": 11.2065162659,
    "location": 405.735809326,
    "stability": 0.53996348381,
    "tonality": 0.350164800882
}