{
    "name": "82feeab8",
    "x": -34.65419387817383,
    "y": 17.887924194335938,
    "loudness": 0.925904333591,
    "raspiness": 0.0189786907285,
    "color": 11.2065162659,
    "location": 20.142884831274788,
    "stability": 0.53996348381,
    "tonality": 0.350164800882
}