{
    "name": "831c3001",
    "x": -12.98608112335205,
    "y": 24.33404541015625,
    "loudness": 0.797529578209,
    "raspiness": 0.0890947133303,
    "color": 10.0091590881,
    "location": 1507.15966797,
    "stability": 0.551685869694,
    "tonality": 0.413483381271
}