{
    "name": "831c3001",
    "x": -8.910337448120117,
    "y": 21.540325164794922,
    "loudness": 0.797529578209,
    "raspiness": 0.0890947133303,
    "color": 10.0091590881,
    "location": 38.822154344781026,
    "stability": 0.551685869694,
    "tonality": 0.413483381271
}