{
    "name": "831efaf7",
    "x": 1.072069764137268,
    "y": 7.463186740875244,
    "loudness": 0.973482072353,
    "raspiness": 0.0947783514857,
    "color": 31.87225914,
    "location": 49.727337606893855,
    "stability": 0.346410155296,
    "tonality": 0.428422570229
}