{
    "name": "831efaf7",
    "x": 3.6215360164642334,
    "y": 7.345627307891846,
    "loudness": 0.973482072353,
    "raspiness": 0.0947783514857,
    "color": 31.87225914,
    "location": 2472.80810547,
    "stability": 0.346410155296,
    "tonality": 0.428422570229
}