{
    "name": "834b44c2",
    "x": -12.336165428161621,
    "y": 12.035896301269531,
    "loudness": 0.971501350403,
    "raspiness": 0.0204375460744,
    "color": 6.23979854584,
    "location": 20.905309179823195,
    "stability": 0.422656208277,
    "tonality": 0.459467768669
}