{
    "name": "834b44c2",
    "x": 0.6665647625923157,
    "y": 7.251539707183838,
    "loudness": 0.971501350403,
    "raspiness": 0.0204375460744,
    "color": 6.23979854584,
    "location": 437.031951904,
    "stability": 0.422656208277,
    "tonality": 0.459467768669
}