{
    "name": "834b44c2",
    "x": -16.453401565551758,
    "y": 15.036905288696289,
    "loudness": 0.971501350403,
    "raspiness": 0.0204375460744,
    "color": 6.23979854584,
    "location": 437.031951904,
    "stability": 0.422656208277,
    "tonality": 0.459467768669
}