{
    "name": "834ccf9d",
    "x": -1.6006008386611938,
    "y": 7.31742000579834,
    "loudness": 0.973707079887,
    "raspiness": 0.047146268189,
    "color": 33.6000099182,
    "location": 1630.37585449,
    "stability": 0.314980238676,
    "tonality": 0.393564015627
}