{
    "name": "834ccf9d",
    "x": -19.23932647705078,
    "y": 4.1799702644348145,
    "loudness": 0.973707079887,
    "raspiness": 0.047146268189,
    "color": 33.6000099182,
    "location": 40.37791295361859,
    "stability": 0.314980238676,
    "tonality": 0.393564015627
}