{
    "name": "834d358a",
    "x": 5.809067726135254,
    "y": 6.082931995391846,
    "loudness": 0.692826449871,
    "raspiness": 0.150647088885,
    "color": 15.5882720947,
    "location": 3099.24316406,
    "stability": 0.561404943466,
    "tonality": 0.491462439299
}