{
    "name": "834d358a",
    "x": 24.915639877319336,
    "y": 3.5949251651763916,
    "loudness": 0.692826449871,
    "raspiness": 0.150647088885,
    "color": 15.5882720947,
    "location": 55.67084662603938,
    "stability": 0.561404943466,
    "tonality": 0.491462439299
}