{
    "name": "834d358a",
    "x": 25.69384002685547,
    "y": 6.236595630645752,
    "loudness": 0.692826449871,
    "raspiness": 0.150647088885,
    "color": 15.5882720947,
    "location": 3099.24316406,
    "stability": 0.561404943466,
    "tonality": 0.491462439299
}