{
    "name": "837d1343",
    "x": 29.23139762878418,
    "y": 10.14208698272705,
    "loudness": 0.969338774681,
    "raspiness": 0.151128664613,
    "color": 33.0661239624,
    "location": 54.19229812233469,
    "stability": 0.57206338644,
    "tonality": 0.49025157094
}