{
    "name": "837d1343",
    "x": 31.2617244720459,
    "y": 13.313131332397461,
    "loudness": 0.969338774681,
    "raspiness": 0.151128664613,
    "color": 33.0661239624,
    "location": 2936.80517578,
    "stability": 0.57206338644,
    "tonality": 0.49025157094
}