{
    "name": "838edf19",
    "x": 35.06240463256836,
    "y": 28.95819091796875,
    "loudness": 0.985510826111,
    "raspiness": 0.119082033634,
    "color": 14.3266658783,
    "location": 49.310675564323795,
    "stability": 0.751170814037,
    "tonality": 0.489641726017
}