{
    "name": "838edf19",
    "x": 7.115391731262207,
    "y": 11.020892143249512,
    "loudness": 0.985510826111,
    "raspiness": 0.119082033634,
    "color": 14.3266658783,
    "location": 2431.54272461,
    "stability": 0.751170814037,
    "tonality": 0.489641726017
}