{
    "name": "83ad3ffd",
    "x": 52.21261215209961,
    "y": -11.757647514343262,
    "loudness": 0.99068403244,
    "raspiness": 0.29528439045,
    "color": 85.6159362793,
    "location": 4481.06591797,
    "stability": 0.654586672783,
    "tonality": 0.490842819214
}