{
    "name": "83bd40b1",
    "x": -3.3483071327209473,
    "y": 10.160938262939453,
    "loudness": 0.957462191582,
    "raspiness": 0.0424476414919,
    "color": 21.9830303192,
    "location": 900.990112305,
    "stability": 0.652907431126,
    "tonality": 0.354225724936
}