{
    "name": "83bd40b1",
    "x": -40.88616943359375,
    "y": 26.421863555908203,
    "loudness": 0.957462191582,
    "raspiness": 0.0424476414919,
    "color": 21.9830303192,
    "location": 900.990112305,
    "stability": 0.652907431126,
    "tonality": 0.354225724936
}