{
    "name": "83be8d1d",
    "x": 5.199542999267578,
    "y": 8.402180671691895,
    "loudness": 0.99068403244,
    "raspiness": 0.146940097213,
    "color": 39.0683555603,
    "location": 2142.57373047,
    "stability": 0.522526144981,
    "tonality": 0.440267413855
}