{
    "name": "83be8d1d",
    "x": 16.823270797729492,
    "y": 15.033806800842285,
    "loudness": 0.99068403244,
    "raspiness": 0.146940097213,
    "color": 39.0683555603,
    "location": 46.28794368374988,
    "stability": 0.522526144981,
    "tonality": 0.440267413855
}