{
    "name": "83bf905c",
    "x": -3.864246129989624,
    "y": 34.045616149902344,
    "loudness": 0.97166621685,
    "raspiness": 0.075619764626,
    "color": 19.6876277924,
    "location": 1680.49755859,
    "stability": 0.595756411552,
    "tonality": 0.431163012981
}