{
    "name": "83c2f33a",
    "x": 1.7289451360702515,
    "y": 8.775468826293945,
    "loudness": 0.974927484989,
    "raspiness": 0.0490895099938,
    "color": 24.3844566345,
    "location": 981.719665527,
    "stability": 0.521588146687,
    "tonality": 0.472314238548
}