{
    "name": "83c449b0",
    "x": -10.576348304748535,
    "y": -33.7934455871582,
    "loudness": 0.0121359908953,
    "raspiness": 0.0199804175645,
    "color": 4.03148698807,
    "location": 298.87286377,
    "stability": 0.312501013279,
    "tonality": 0.378871589899
}