{
    "name": "83c8ac52",
    "x": 41.57014846801758,
    "y": 13.072736740112305,
    "loudness": 0.99068403244,
    "raspiness": 0.190456807613,
    "color": 16.6161022186,
    "location": 56.25647532169075,
    "stability": 0.701633989811,
    "tonality": 0.473358631134
}