{
    "name": "83cdded0",
    "x": -3.2529256343841553,
    "y": 7.537134647369385,
    "loudness": 0.774041175842,
    "raspiness": 0.043703649193,
    "color": 17.2224788666,
    "location": 963.786254883,
    "stability": 0.256764382124,
    "tonality": 0.350209593773
}