{
    "name": "83cdded0",
    "x": -26.232168197631836,
    "y": -4.789520740509033,
    "loudness": 0.774041175842,
    "raspiness": 0.043703649193,
    "color": 17.2224788666,
    "location": 31.04490706835825,
    "stability": 0.256764382124,
    "tonality": 0.350209593773
}