{
    "name": "83dfe2f2",
    "x": 42.91778564453125,
    "y": -16.64067268371582,
    "loudness": 0.99068403244,
    "raspiness": 0.428422778845,
    "color": 319.633331299,
    "location": 68.33006335859788,
    "stability": 0.544121921062,
    "tonality": 0.49474221468
}