{
    "name": "83ee99c0",
    "x": 0.4571879506111145,
    "y": 10.301640510559082,
    "loudness": 0.99068403244,
    "raspiness": 0.10243626684,
    "color": 12.9280033112,
    "location": 1482.07897949,
    "stability": 0.614549160004,
    "tonality": 0.427382022142
}