{
    "name": "83ee99c0",
    "x": 1.0507279634475708,
    "y": 29.54627799987793,
    "loudness": 0.99068403244,
    "raspiness": 0.10243626684,
    "color": 12.9280033112,
    "location": 38.49777889034639,
    "stability": 0.614549160004,
    "tonality": 0.427382022142
}