{
    "name": "83f17580",
    "x": 2.4416723251342773,
    "y": 10.07667064666748,
    "loudness": 0.893150210381,
    "raspiness": 0.0547076947987,
    "color": 20.161026001,
    "location": 1232.89929199,
    "stability": 0.586779892445,
    "tonality": 0.463265150785
}