{
    "name": "843f7c2f",
    "x": -29.93869972229004,
    "y": 3.061795473098755,
    "loudness": 0.99068403244,
    "raspiness": 0.0360491089523,
    "color": 8.59808349609,
    "location": 874.368164062,
    "stability": 0.364621043205,
    "tonality": 0.375990539789
}