{
    "name": "843f7c2f",
    "x": -25.804515838623047,
    "y": 4.405673503875732,
    "loudness": 0.99068403244,
    "raspiness": 0.0360491089523,
    "color": 8.59808349609,
    "location": 29.56971701017783,
    "stability": 0.364621043205,
    "tonality": 0.375990539789
}