{
    "name": "844da63b",
    "x": 40.453948974609375,
    "y": -4.900627613067627,
    "loudness": 0.99068403244,
    "raspiness": 0.277567535639,
    "color": 228.189880371,
    "location": 3147.83178711,
    "stability": 0.671504080296,
    "tonality": 0.470162510872
}