{
    "name": "844da63b",
    "x": 40.31156921386719,
    "y": -2.66825270652771,
    "loudness": 0.99068403244,
    "raspiness": 0.277567535639,
    "color": 228.189880371,
    "location": 56.105541500907016,
    "stability": 0.671504080296,
    "tonality": 0.470162510872
}