{
    "name": "847ffe2b",
    "x": 7.709832668304443,
    "y": 8.541172981262207,
    "loudness": 0.880032241344,
    "raspiness": 0.202031761408,
    "color": 15.3686628342,
    "location": 2760.39868164,
    "stability": 0.591047883034,
    "tonality": 0.483515411615
}