{
    "name": "847ffe2b",
    "x": 31.645729064941406,
    "y": 8.904887199401855,
    "loudness": 0.880032241344,
    "raspiness": 0.202031761408,
    "color": 15.3686628342,
    "location": 52.53949639690126,
    "stability": 0.591047883034,
    "tonality": 0.483515411615
}