{
    "name": "848d442c",
    "x": -5.644007682800293,
    "y": 21.303918838500977,
    "loudness": 0.971477925777,
    "raspiness": 0.0486638247967,
    "color": 18.4852142334,
    "location": 35.857094154016444,
    "stability": 0.505298376083,
    "tonality": 0.446752697229
}