{
    "name": "848d442c",
    "x": -9.148618698120117,
    "y": 26.63136863708496,
    "loudness": 0.971477925777,
    "raspiness": 0.0486638247967,
    "color": 18.4852142334,
    "location": 1285.73120117,
    "stability": 0.505298376083,
    "tonality": 0.446752697229
}