{
    "name": "849b45e8",
    "x": 4.395029067993164,
    "y": 19.74965476989746,
    "loudness": 0.677496194839,
    "raspiness": 0.0498366132379,
    "color": 15.8373718262,
    "location": 33.498551522416605,
    "stability": 0.643759131432,
    "tonality": 0.466222435236
}