{
    "name": "849b45e8",
    "x": 2.6600234508514404,
    "y": 23.747800827026367,
    "loudness": 0.677496194839,
    "raspiness": 0.0498366132379,
    "color": 15.8373718262,
    "location": 1122.1529541,
    "stability": 0.643759131432,
    "tonality": 0.466222435236
}