{
    "name": "849d97d6",
    "x": -22.445261001586914,
    "y": -19.18330955505371,
    "loudness": 0.193846970797,
    "raspiness": 0.02199706994,
    "color": 10.9944314957,
    "location": 19.0946530192617,
    "stability": 0.334737449884,
    "tonality": 0.289031535387
}