{
    "name": "849d97d6",
    "x": -20.900474548339844,
    "y": -29.343313217163086,
    "loudness": 0.193846970797,
    "raspiness": 0.02199706994,
    "color": 10.9944314957,
    "location": 364.605773926,
    "stability": 0.334737449884,
    "tonality": 0.289031535387
}