{
    "name": "84a731ba",
    "x": 1.5806961059570312,
    "y": 8.496925354003906,
    "loudness": 0.99068403244,
    "raspiness": 0.0380161814392,
    "color": 4.81552648544,
    "location": 1015.60955811,
    "stability": 0.509808838367,
    "tonality": 0.470359027386
}