{
    "name": "84a7f354",
    "x": -34.96067428588867,
    "y": 19.97097396850586,
    "loudness": 0.968977630138,
    "raspiness": 0.0427768230438,
    "color": 29.532497406,
    "location": 1022.83203125,
    "stability": 0.509581685066,
    "tonality": 0.371209293604
}