{
    "name": "84a731ba",
    "x": -6.963347434997559,
    "y": 26.90733528137207,
    "loudness": 0.99068403244,
    "raspiness": 0.0380161814392,
    "color": 4.81552648544,
    "location": 1015.60955811,
    "stability": 0.509808838367,
    "tonality": 0.470359027386
}