{
    "name": "84a94600",
    "x": 4.555515289306641,
    "y": 34.12961196899414,
    "loudness": 0.99068403244,
    "raspiness": 0.0485351569951,
    "color": 8.93238067627,
    "location": 35.93209198446425,
    "stability": 0.625043928623,
    "tonality": 0.476378589869
}