{
    "name": "84a94600",
    "x": 2.963463306427002,
    "y": 10.536299705505371,
    "loudness": 0.99068403244,
    "raspiness": 0.0485351569951,
    "color": 8.93238067627,
    "location": 1291.11523438,
    "stability": 0.625043928623,
    "tonality": 0.476378589869
}