{
    "name": "84ac80e6",
    "x": 1.434574842453003,
    "y": 7.445151329040527,
    "loudness": 0.960268497467,
    "raspiness": 0.0539568588138,
    "color": 8.77942085266,
    "location": 1092.36950684,
    "stability": 0.433276832104,
    "tonality": 0.475672632456
}