{
    "name": "84b379fe",
    "x": 52.47127151489258,
    "y": 17.317651748657227,
    "loudness": 0.977848887444,
    "raspiness": 0.190957993269,
    "color": 63.1592941284,
    "location": 3242.94677734,
    "stability": 0.793778598309,
    "tonality": 0.48437833786
}