{
    "name": "84c521bf",
    "x": -35.656803131103516,
    "y": 13.765311241149902,
    "loudness": 0.970461428165,
    "raspiness": 0.0538877286017,
    "color": 13.5247449875,
    "location": 34.83909722294767,
    "stability": 0.502468883991,
    "tonality": 0.336743116379
}