{
    "name": "84c521bf",
    "x": -3.28020977973938,
    "y": 9.319265365600586,
    "loudness": 0.970461428165,
    "raspiness": 0.0538877286017,
    "color": 13.5247449875,
    "location": 1213.76269531,
    "stability": 0.502468883991,
    "tonality": 0.336743116379
}