{
    "name": "84c51120",
    "x": 33.208717346191406,
    "y": 8.92487907409668,
    "loudness": 0.959819316864,
    "raspiness": 0.185818433762,
    "color": 122.870277405,
    "location": 51.22985503473536,
    "stability": 0.607008516788,
    "tonality": 0.487684726715
}