{
    "name": "84c521bf",
    "x": -41.31098937988281,
    "y": 11.009293556213379,
    "loudness": 0.970461428165,
    "raspiness": 0.0538877286017,
    "color": 13.5247449875,
    "location": 1213.76269531,
    "stability": 0.502468883991,
    "tonality": 0.336743116379
}