{
    "name": "84c51120",
    "x": 35.357906341552734,
    "y": 10.083982467651367,
    "loudness": 0.959819316864,
    "raspiness": 0.185818433762,
    "color": 122.870277405,
    "location": 2624.49804688,
    "stability": 0.607008516788,
    "tonality": 0.487684726715
}