{
    "name": "84d0e459",
    "x": 41.8183479309082,
    "y": -21.194730758666992,
    "loudness": 0.99068403244,
    "raspiness": 0.373092085123,
    "color": 649.973388672,
    "location": 75.61119773327229,
    "stability": 0.634188115597,
    "tonality": 0.495083212852
}