{
    "name": "84d0e459",
    "x": 38.200950622558594,
    "y": -31.72826385498047,
    "loudness": 0.99068403244,
    "raspiness": 0.373092085123,
    "color": 649.973388672,
    "location": 5717.05322266,
    "stability": 0.634188115597,
    "tonality": 0.495083212852
}