{
    "name": "84d59369",
    "x": 38.705596923828125,
    "y": 8.285041809082031,
    "loudness": 0.99068403244,
    "raspiness": 0.212607637048,
    "color": 4.40243148804,
    "location": 55.52055019666142,
    "stability": 0.637145578861,
    "tonality": 0.487392216921
}