{
    "name": "84d59369",
    "x": 40.890533447265625,
    "y": 8.264250755310059,
    "loudness": 0.99068403244,
    "raspiness": 0.212607637048,
    "color": 4.40243148804,
    "location": 3082.53149414,
    "stability": 0.637145578861,
    "tonality": 0.487392216921
}