{
    "name": "84d625e6",
    "x": 2.6223232746124268,
    "y": 18.794214248657227,
    "loudness": 0.767848610878,
    "raspiness": 0.0850116685033,
    "color": 16.5503883362,
    "location": 37.329683216175304,
    "stability": 0.571992397308,
    "tonality": 0.44571056962
}