{
    "name": "84d625e6",
    "x": 3.181273937225342,
    "y": 22.430347442626953,
    "loudness": 0.767848610878,
    "raspiness": 0.0850116685033,
    "color": 16.5503883362,
    "location": 1393.50524902,
    "stability": 0.571992397308,
    "tonality": 0.44571056962
}