{
    "name": "84d8c795",
    "x": -25.816452026367188,
    "y": 21.573762893676758,
    "loudness": 0.99068403244,
    "raspiness": 0.0686987936497,
    "color": 41.4903297424,
    "location": 1621.87097168,
    "stability": 0.500375449657,
    "tonality": 0.375442832708
}