{
    "name": "84d8c795",
    "x": -21.780550003051758,
    "y": 19.5726375579834,
    "loudness": 0.99068403244,
    "raspiness": 0.0686987936497,
    "color": 41.4903297424,
    "location": 40.27245922066344,
    "stability": 0.500375449657,
    "tonality": 0.375442832708
}