{
    "name": "84e54455",
    "x": -24.35121726989746,
    "y": 16.086881637573242,
    "loudness": 0.889006376266,
    "raspiness": 0.0555178262293,
    "color": 27.2812767029,
    "location": 1384.42321777,
    "stability": 0.459236174822,
    "tonality": 0.396410882473
}