{
    "name": "84e9c4e0",
    "x": 0.5225828289985657,
    "y": 4.778746604919434,
    "loudness": 0.949214756489,
    "raspiness": 0.0101006254554,
    "color": 43.4106025696,
    "location": 1689.24133301,
    "stability": 0.0508760660887,
    "tonality": 0.480051398277
}