{
    "name": "84e9c4e0",
    "x": -6.927877426147461,
    "y": -10.791427612304688,
    "loudness": 0.949214756489,
    "raspiness": 0.0101006254554,
    "color": 43.4106025696,
    "location": 1689.24133301,
    "stability": 0.0508760660887,
    "tonality": 0.480051398277
}