{
    "name": "84f46494",
    "x": -4.7205729484558105,
    "y": 7.108139991760254,
    "loudness": 0.902610659599,
    "raspiness": 0.0348939336836,
    "color": 16.7590866089,
    "location": 991.108764648,
    "stability": 0.187363862991,
    "tonality": 0.261842191219
}