{
    "name": "84f5b84b",
    "x": -35.90860366821289,
    "y": -5.962843418121338,
    "loudness": 0.960619449615,
    "raspiness": 0.0269924532622,
    "color": 16.4749393463,
    "location": 23.46142658914841,
    "stability": 0.29761838913,
    "tonality": 0.308673918247
}