{
    "name": "84f5b84b",
    "x": -4.065038204193115,
    "y": 7.360263347625732,
    "loudness": 0.960619449615,
    "raspiness": 0.0269924532622,
    "color": 16.4749393463,
    "location": 550.438537598,
    "stability": 0.29761838913,
    "tonality": 0.308673918247
}