{
    "name": "851eef4a",
    "x": 43.23939895629883,
    "y": -3.6906018257141113,
    "loudness": 0.99068403244,
    "raspiness": 0.2809471488,
    "color": 108.203201294,
    "location": 61.888626971681965,
    "stability": 0.646642506123,
    "tonality": 0.491790384054
}