{
    "name": "853c629f",
    "x": 7.898849964141846,
    "y": 8.658407211303711,
    "loudness": 0.99068403244,
    "raspiness": 0.163944631815,
    "color": 3.14841032028,
    "location": 3311.71533203,
    "stability": 0.608898878098,
    "tonality": 0.481035321951
}