{
    "name": "853c629f",
    "x": 33.5589599609375,
    "y": 10.210081100463867,
    "loudness": 0.99068403244,
    "raspiness": 0.163944631815,
    "color": 3.14841032028,
    "location": 57.547505002649764,
    "stability": 0.608898878098,
    "tonality": 0.481035321951
}