{
    "name": "856c065c",
    "x": 15.24915885925293,
    "y": -12.457564353942871,
    "loudness": 0.269010305405,
    "raspiness": 0.141591519117,
    "color": 90.5343933105,
    "location": 43.076553686895615,
    "stability": 0.609198987484,
    "tonality": 0.478386431932
}