{
    "name": "856c065c",
    "x": 5.372783184051514,
    "y": 3.172661066055298,
    "loudness": 0.269010305405,
    "raspiness": 0.141591519117,
    "color": 90.5343933105,
    "location": 1855.58947754,
    "stability": 0.609198987484,
    "tonality": 0.478386431932
}