{
    "name": "856ef8d7",
    "x": -0.6032483577728271,
    "y": 7.1340556144714355,
    "loudness": 0.910785377026,
    "raspiness": 0.00897652748972,
    "color": 7.18195104599,
    "location": 205.622711182,
    "stability": 0.411091506481,
    "tonality": 0.405957013369
}