{
    "name": "858c074f",
    "x": -2.924984931945801,
    "y": 9.955652236938477,
    "loudness": 0.967278242111,
    "raspiness": 0.0360576920211,
    "color": 12.144244194,
    "location": 871.664001465,
    "stability": 0.588817596436,
    "tonality": 0.357913434505
}