{
    "name": "858c074f",
    "x": -32.27919387817383,
    "y": 23.530546188354492,
    "loudness": 0.967278242111,
    "raspiness": 0.0360576920211,
    "color": 12.144244194,
    "location": 29.52395639925313,
    "stability": 0.588817596436,
    "tonality": 0.357913434505
}