{
    "name": "858c074f",
    "x": -40.48542022705078,
    "y": 23.481088638305664,
    "loudness": 0.967278242111,
    "raspiness": 0.0360576920211,
    "color": 12.144244194,
    "location": 871.664001465,
    "stability": 0.588817596436,
    "tonality": 0.357913434505
}