{
    "name": "859d1f98",
    "x": 5.388883590698242,
    "y": 2.9551336765289307,
    "loudness": 0.126728668809,
    "raspiness": 0.099849447608,
    "color": 12.984705925,
    "location": 2089.96533203,
    "stability": 0.684345901012,
    "tonality": 0.483158290386
}