{
    "name": "859d1f98",
    "x": 15.527778625488281,
    "y": -17.5113525390625,
    "loudness": 0.126728668809,
    "raspiness": 0.099849447608,
    "color": 12.984705925,
    "location": 45.716138638668944,
    "stability": 0.684345901012,
    "tonality": 0.483158290386
}