{
    "name": "85a9afc9",
    "x": 38.509952545166016,
    "y": 2.0708425045013428,
    "loudness": 0.99068403244,
    "raspiness": 0.228837445378,
    "color": 23.3293037415,
    "location": 3490.26318359,
    "stability": 0.584507167339,
    "tonality": 0.485881686211
}