{
    "name": "85a9afc9",
    "x": 8.679645538330078,
    "y": 7.688671588897705,
    "loudness": 0.99068403244,
    "raspiness": 0.228837445378,
    "color": 23.3293037415,
    "location": 3490.26318359,
    "stability": 0.584507167339,
    "tonality": 0.485881686211
}