{
    "name": "85a9afc9",
    "x": 36.874534606933594,
    "y": 2.158724784851074,
    "loudness": 0.99068403244,
    "raspiness": 0.228837445378,
    "color": 23.3293037415,
    "location": 59.07844940069094,
    "stability": 0.584507167339,
    "tonality": 0.485881686211
}