{
    "name": "85b224b5",
    "x": 4.960643768310547,
    "y": 11.26614761352539,
    "loudness": 0.899808108807,
    "raspiness": 0.0883886739612,
    "color": 10.2125387192,
    "location": 1533.88317871,
    "stability": 0.677796363831,
    "tonality": 0.480745345354
}