{
    "name": "85b3b38d",
    "x": -2.2782442569732666,
    "y": 6.9219279289245605,
    "loudness": 0.99068403244,
    "raspiness": 0.059828273952,
    "color": 6.03851079941,
    "location": 738.87878418,
    "stability": 0.314598053694,
    "tonality": 0.378539055586
}