{
    "name": "85b3260e",
    "x": 0.24808645248413086,
    "y": 10.122031211853027,
    "loudness": 0.982372701168,
    "raspiness": 0.0739977359772,
    "color": 29.3074855804,
    "location": 1704.80078125,
    "stability": 0.572812020779,
    "tonality": 0.426366299391
}