{
    "name": "85b3b38d",
    "x": -24.325220108032227,
    "y": 0.818350076675415,
    "loudness": 0.99068403244,
    "raspiness": 0.059828273952,
    "color": 6.03851079941,
    "location": 27.182324848695337,
    "stability": 0.314598053694,
    "tonality": 0.378539055586
}