{
    "name": "85b3260e",
    "x": -3.853365898132324,
    "y": 26.714645385742188,
    "loudness": 0.982372701168,
    "raspiness": 0.0739977359772,
    "color": 29.3074855804,
    "location": 41.289233236401955,
    "stability": 0.572812020779,
    "tonality": 0.426366299391
}