{
    "name": "85bd7e1b",
    "x": 19.017831802368164,
    "y": 20.677913665771484,
    "loudness": 0.99068403244,
    "raspiness": 0.128108724952,
    "color": 7.37675905228,
    "location": 44.445605690889174,
    "stability": 0.583325326443,
    "tonality": 0.472952395678
}