{
    "name": "85cbd616",
    "x": -10.9536714553833,
    "y": -8.215337753295898,
    "loudness": 0.441161572933,
    "raspiness": 0.0180099979043,
    "color": 6.73066139221,
    "location": 21.373871355208443,
    "stability": 0.475953191519,
    "tonality": 0.393936574459
}