{
    "name": "85cbd616",
    "x": -13.200186729431152,
    "y": -11.644044876098633,
    "loudness": 0.441161572933,
    "raspiness": 0.0180099979043,
    "color": 6.73066139221,
    "location": 456.842376709,
    "stability": 0.475953191519,
    "tonality": 0.393936574459
}