{
    "name": "85cf80fa",
    "x": 5.49753475189209,
    "y": 1.837510108947754,
    "loudness": 0.0746310427785,
    "raspiness": 0.0909121334553,
    "color": 85.758026123,
    "location": 2375.29394531,
    "stability": 0.376704096794,
    "tonality": 0.4802967906
}