{
    "name": "85cf80fa",
    "x": 13.028311729431152,
    "y": -30.707611083984375,
    "loudness": 0.0746310427785,
    "raspiness": 0.0909121334553,
    "color": 85.758026123,
    "location": 2375.29394531,
    "stability": 0.376704096794,
    "tonality": 0.4802967906
}