{
    "name": "85cf80fa",
    "x": 8.653573989868164,
    "y": -14.625165939331055,
    "loudness": 0.0746310427785,
    "raspiness": 0.0909121334553,
    "color": 85.758026123,
    "location": 48.73698744598398,
    "stability": 0.376704096794,
    "tonality": 0.4802967906
}