{
    "name": "85d0c016",
    "x": 11.644542694091797,
    "y": 5.355624675750732,
    "loudness": 0.99068403244,
    "raspiness": 0.396565765142,
    "color": 911.375549316,
    "location": 6819.67236328,
    "stability": 0.750214338303,
    "tonality": 0.495697379112
}