{
    "name": "85d0c016",
    "x": 39.6717414855957,
    "y": -23.121021270751953,
    "loudness": 0.99068403244,
    "raspiness": 0.396565765142,
    "color": 911.375549316,
    "location": 82.58130759003517,
    "stability": 0.750214338303,
    "tonality": 0.495697379112
}