{
    "name": "85d6a7d2",
    "x": -32.84046173095703,
    "y": -4.0989837646484375,
    "loudness": 0.888382792473,
    "raspiness": 0.0284122880548,
    "color": 9.33284473419,
    "location": 27.54908616339206,
    "stability": 0.302786618471,
    "tonality": 0.322640657425
}