{
    "name": "85d6a7d2",
    "x": -3.801820755004883,
    "y": 7.43302583694458,
    "loudness": 0.888382792473,
    "raspiness": 0.0284122880548,
    "color": 9.33284473419,
    "location": 758.952148438,
    "stability": 0.302786618471,
    "tonality": 0.322640657425
}