{
    "name": "85d6a7d2",
    "x": -34.94382858276367,
    "y": -12.23602294921875,
    "loudness": 0.888382792473,
    "raspiness": 0.0284122880548,
    "color": 9.33284473419,
    "location": 758.952148438,
    "stability": 0.302786618471,
    "tonality": 0.322640657425
}