{
    "name": "85d825f1",
    "x": 2.5836093425750732,
    "y": 1.5919181108474731,
    "loudness": 0.300944179296,
    "raspiness": 0.00709810201079,
    "color": 7.86242437363,
    "location": 178.073318481,
    "stability": 0.496639847755,
    "tonality": 0.369049668312
}