{
    "name": "85db997c",
    "x": 6.918750286102295,
    "y": 13.81435489654541,
    "loudness": 0.99068403244,
    "raspiness": 0.0762746706605,
    "color": 29.3003005981,
    "location": 48.263745815674106,
    "stability": 0.488275438547,
    "tonality": 0.450812280178
}