{
    "name": "85db997c",
    "x": 3.892150640487671,
    "y": 7.871295928955078,
    "loudness": 0.99068403244,
    "raspiness": 0.0762746706605,
    "color": 29.3003005981,
    "location": 2329.38916016,
    "stability": 0.488275438547,
    "tonality": 0.450812280178
}