{
    "name": "85dc51de",
    "x": -7.293686389923096,
    "y": 17.59127426147461,
    "loudness": 0.93811917305,
    "raspiness": 0.0537587031722,
    "color": 28.4218730927,
    "location": 40.34907195240059,
    "stability": 0.476469427347,
    "tonality": 0.432322800159
}