{
    "name": "85dc51de",
    "x": -0.3063477575778961,
    "y": 8.5640869140625,
    "loudness": 0.93811917305,
    "raspiness": 0.0537587031722,
    "color": 28.4218730927,
    "location": 1628.04760742,
    "stability": 0.476469427347,
    "tonality": 0.432322800159
}