{
    "name": "85e1bc86",
    "x": 46.97077178955078,
    "y": -15.218968391418457,
    "loudness": 0.858666956425,
    "raspiness": 0.476199656725,
    "color": 212.671951294,
    "location": 3361.52661133,
    "stability": 0.695403933525,
    "tonality": 0.490167945623
}