{
    "name": "85e3073f",
    "x": -48.70331954956055,
    "y": 3.502317428588867,
    "loudness": 0.916571557522,
    "raspiness": 0.0265805143863,
    "color": 13.4267396927,
    "location": 636.469726562,
    "stability": 0.60096102953,
    "tonality": 0.280838131905
}