{
    "name": "85e3073f",
    "x": -44.27307891845703,
    "y": 10.949732780456543,
    "loudness": 0.916571557522,
    "raspiness": 0.0265805143863,
    "color": 13.4267396927,
    "location": 25.2283516417938,
    "stability": 0.60096102953,
    "tonality": 0.280838131905
}