{
    "name": "85ed4220",
    "x": -11.232177734375,
    "y": 37.34260559082031,
    "loudness": 0.99068403244,
    "raspiness": 0.0548872500658,
    "color": 6.74896192551,
    "location": 873.383361816,
    "stability": 0.570312201977,
    "tonality": 0.446547478437
}