{
    "name": "85f0bac3",
    "x": -3.5535128116607666,
    "y": 10.417120933532715,
    "loudness": 0.838324487209,
    "raspiness": 0.0325439460576,
    "color": 14.9144983292,
    "location": 32.88746458987071,
    "stability": 0.438978731632,
    "tonality": 0.484008193016
}