{
    "name": "85f0bac3",
    "x": -5.3658061027526855,
    "y": 12.411704063415527,
    "loudness": 0.838324487209,
    "raspiness": 0.0325439460576,
    "color": 14.9144983292,
    "location": 1081.58532715,
    "stability": 0.438978731632,
    "tonality": 0.484008193016
}