{
    "name": "85fad626",
    "x": -23.943700790405273,
    "y": -3.2612898349761963,
    "loudness": 0.99068403244,
    "raspiness": 0.0137772997841,
    "color": 2.13137888908,
    "location": 25.244029935075737,
    "stability": 0.275346368551,
    "tonality": 0.378221213818
}