{
    "name": "860a2f2e",
    "x": -15.107318878173828,
    "y": 24.25368309020996,
    "loudness": 0.964769780636,
    "raspiness": 0.0662441402674,
    "color": 42.4337234497,
    "location": 37.512839598862676,
    "stability": 0.528676629066,
    "tonality": 0.410738885403
}