{
    "name": "860a2f2e",
    "x": -20.040170669555664,
    "y": 28.16521644592285,
    "loudness": 0.964769780636,
    "raspiness": 0.0662441402674,
    "color": 42.4337234497,
    "location": 1407.21313477,
    "stability": 0.528676629066,
    "tonality": 0.410738885403
}