{
    "name": "860a2f2e",
    "x": -0.4585787355899811,
    "y": 9.241277694702148,
    "loudness": 0.964769780636,
    "raspiness": 0.0662441402674,
    "color": 42.4337234497,
    "location": 1407.21313477,
    "stability": 0.528676629066,
    "tonality": 0.410738885403
}