{
    "name": "862dfdbc",
    "x": 25.128467559814453,
    "y": -20.983121871948242,
    "loudness": 0.0338791050017,
    "raspiness": 0.222469031811,
    "color": 135.128799438,
    "location": 3419.02856445,
    "stability": 0.496204078197,
    "tonality": 0.491126924753
}