{
    "name": "863b0255",
    "x": -0.5535235404968262,
    "y": 7.869124412536621,
    "loudness": 0.99068403244,
    "raspiness": 0.0653427317739,
    "color": 23.3055515289,
    "location": 1908.80712891,
    "stability": 0.398117959499,
    "tonality": 0.429361760616
}