{
    "name": "863b0255",
    "x": -5.8000383377075195,
    "y": 11.580724716186523,
    "loudness": 0.99068403244,
    "raspiness": 0.0653427317739,
    "color": 23.3055515289,
    "location": 43.68989733233531,
    "stability": 0.398117959499,
    "tonality": 0.429361760616
}