{
    "name": "864b28d3",
    "x": 1.2001681327819824,
    "y": 6.741261959075928,
    "loudness": 0.99068403244,
    "raspiness": 0.106946974993,
    "color": 10.3700437546,
    "location": 976.645874023,
    "stability": 0.339708507061,
    "tonality": 0.477237343788
}