{
    "name": "865defec",
    "x": 22.95148277282715,
    "y": 4.490257740020752,
    "loudness": 0.99068403244,
    "raspiness": 0.139931127429,
    "color": 23.0075416565,
    "location": 57.59716018459591,
    "stability": 0.466971546412,
    "tonality": 0.49067234993
}