{
    "name": "865defec",
    "x": 23.583040237426758,
    "y": 4.349358081817627,
    "loudness": 0.99068403244,
    "raspiness": 0.139931127429,
    "color": 23.0075416565,
    "location": 3317.43286133,
    "stability": 0.466971546412,
    "tonality": 0.49067234993
}