{
    "name": "868db11e",
    "x": -39.274444580078125,
    "y": 2.5190062522888184,
    "loudness": 0.99068403244,
    "raspiness": 0.0889615118504,
    "color": 1.6039288044,
    "location": 30.442302223189362,
    "stability": 0.415293246508,
    "tonality": 0.289346247911
}