{
    "name": "868db11e",
    "x": -4.262776851654053,
    "y": 8.232964515686035,
    "loudness": 0.99068403244,
    "raspiness": 0.0889615118504,
    "color": 1.6039288044,
    "location": 926.733764648,
    "stability": 0.415293246508,
    "tonality": 0.289346247911
}