{
    "name": "86a9ffb6",
    "x": 3.2763354778289795,
    "y": 25.306503295898438,
    "loudness": 0.919728040695,
    "raspiness": 0.0510998591781,
    "color": 40.5027427673,
    "location": 1663.4017334,
    "stability": 0.504247486591,
    "tonality": 0.487214922905
}