{
    "name": "86df2de7",
    "x": 7.717477798461914,
    "y": 37.79347229003906,
    "loudness": 0.99068403244,
    "raspiness": 0.076808385551,
    "color": 21.6009674072,
    "location": 33.24262907322464,
    "stability": 0.662668645382,
    "tonality": 0.475087493658
}