{
    "name": "86e11409",
    "x": 3.405496835708618,
    "y": 11.259451866149902,
    "loudness": 0.99068403244,
    "raspiness": 0.0922300294042,
    "color": 4.05953598022,
    "location": 903.914489746,
    "stability": 0.64820510149,
    "tonality": 0.474287241697
}