{
    "name": "86e11409",
    "x": 6.785139083862305,
    "y": 36.000831604003906,
    "loudness": 0.99068403244,
    "raspiness": 0.0922300294042,
    "color": 4.05953598022,
    "location": 30.06517070874536,
    "stability": 0.64820510149,
    "tonality": 0.474287241697
}