{
    "name": "86e8698a",
    "x": -15.52974796295166,
    "y": 16.890718460083008,
    "loudness": 0.874141633511,
    "raspiness": 0.0801910609007,
    "color": 10.3235149384,
    "location": 38.02733873425802,
    "stability": 0.470865637064,
    "tonality": 0.406868606806
}