{
    "name": "86e8698a",
    "x": -18.317907333374023,
    "y": 19.034608840942383,
    "loudness": 0.874141633511,
    "raspiness": 0.0801910609007,
    "color": 10.3235149384,
    "location": 1446.07849121,
    "stability": 0.470865637064,
    "tonality": 0.406868606806
}