{
    "name": "86e8698a",
    "x": -0.6947747468948364,
    "y": 8.649056434631348,
    "loudness": 0.874141633511,
    "raspiness": 0.0801910609007,
    "color": 10.3235149384,
    "location": 1446.07849121,
    "stability": 0.470865637064,
    "tonality": 0.406868606806
}