{
    "name": "86f881f3",
    "x": -3.095203399658203,
    "y": 8.779378890991211,
    "loudness": 0.966333687305,
    "raspiness": 0.0136919803917,
    "color": 11.999455452,
    "location": 350.758514404,
    "stability": 0.431520521641,
    "tonality": 0.348998695612
}