{
    "name": "86fac849",
    "x": -13.618642807006836,
    "y": 27.45831871032715,
    "loudness": 0.99068403244,
    "raspiness": 0.115033321083,
    "color": 12.5958423615,
    "location": 32.93496491663533,
    "stability": 0.58752143383,
    "tonality": 0.400092750788
}