{
    "name": "86fb0077",
    "x": 28.897640228271484,
    "y": 20.12125015258789,
    "loudness": 0.973861515522,
    "raspiness": 0.163610190153,
    "color": 25.3315925598,
    "location": 2351.05078125,
    "stability": 0.601110041142,
    "tonality": 0.471789181232
}