{
    "name": "86fb0077",
    "x": 26.425586700439453,
    "y": 15.610027313232422,
    "loudness": 0.973861515522,
    "raspiness": 0.163610190153,
    "color": 25.3315925598,
    "location": 48.487635343971974,
    "stability": 0.601110041142,
    "tonality": 0.471789181232
}