{
    "name": "871c860e",
    "x": 2.5253078937530518,
    "y": 9.871710777282715,
    "loudness": 0.978436350822,
    "raspiness": 0.0543887354434,
    "color": 14.2872724533,
    "location": 1366.68554688,
    "stability": 0.577602505684,
    "tonality": 0.464972168207
}