{
    "name": "871c860e",
    "x": 2.4305531978607178,
    "y": 28.499866485595703,
    "loudness": 0.978436350822,
    "raspiness": 0.0543887354434,
    "color": 14.2872724533,
    "location": 36.96871037620869,
    "stability": 0.577602505684,
    "tonality": 0.464972168207
}