{
    "name": "876cd66b",
    "x": -20.737815856933594,
    "y": -3.7489967346191406,
    "loudness": 0.99068403244,
    "raspiness": 0.0154355177656,
    "color": 6.42249536514,
    "location": 561.711975098,
    "stability": 0.279519766569,
    "tonality": 0.419025599957
}