{
    "name": "876ff433",
    "x": 8.432103157043457,
    "y": 9.315957069396973,
    "loudness": 0.99068403244,
    "raspiness": 0.09228515625,
    "color": 18.9215106964,
    "location": 49.71329911985323,
    "stability": 0.452142477036,
    "tonality": 0.451196014881
}