{
    "name": "876ff433",
    "x": 7.011627674102783,
    "y": 13.933126449584961,
    "loudness": 0.99068403244,
    "raspiness": 0.09228515625,
    "color": 18.9215106964,
    "location": 2471.41210938,
    "stability": 0.452142477036,
    "tonality": 0.451196014881
}