{
    "name": "877cf83e",
    "x": 1.8767300844192505,
    "y": 10.455951690673828,
    "loudness": 0.99068403244,
    "raspiness": 0.0569335930049,
    "color": 4.81098222733,
    "location": 1188.72668457,
    "stability": 0.603977680206,
    "tonality": 0.447910368443
}