{
    "name": "877cf83e",
    "x": -1.6988579034805298,
    "y": 32.99098205566406,
    "loudness": 0.99068403244,
    "raspiness": 0.0569335930049,
    "color": 4.81098222733,
    "location": 34.47791589655616,
    "stability": 0.603977680206,
    "tonality": 0.447910368443
}