{
    "name": "877cf83e",
    "x": -5.123419284820557,
    "y": 42.647098541259766,
    "loudness": 0.99068403244,
    "raspiness": 0.0569335930049,
    "color": 4.81098222733,
    "location": 1188.72668457,
    "stability": 0.603977680206,
    "tonality": 0.447910368443
}