{
    "name": "879ca7a3",
    "x": 6.574322700500488,
    "y": 7.575414657592773,
    "loudness": 0.99068403244,
    "raspiness": 0.139811202884,
    "color": 6.53399133682,
    "location": 2708.20751953,
    "stability": 0.477461099625,
    "tonality": 0.488802373409
}