{
    "name": "879ca7a3",
    "x": 20.401670455932617,
    "y": 6.8609747886657715,
    "loudness": 0.99068403244,
    "raspiness": 0.139811202884,
    "color": 6.53399133682,
    "location": 52.04044119269167,
    "stability": 0.477461099625,
    "tonality": 0.488802373409
}