{
    "name": "87a12c75",
    "x": -23.569595336914062,
    "y": 26.626161575317383,
    "loudness": 0.99068403244,
    "raspiness": 0.0642333999276,
    "color": 12.5172014236,
    "location": 32.12407662221593,
    "stability": 0.556521058083,
    "tonality": 0.386906176805
}