{
    "name": "87a2b293",
    "x": 11.469888687133789,
    "y": 5.18784236907959,
    "loudness": 0.99068403244,
    "raspiness": 0.383251965046,
    "color": 879.462890625,
    "location": 4223.21728516,
    "stability": 0.677093982697,
    "tonality": 0.469882011414
}