{
    "name": "87b9435b",
    "x": 20.990001678466797,
    "y": 6.077192783355713,
    "loudness": 0.757107138634,
    "raspiness": 0.146089404821,
    "color": 93.669380188,
    "location": 49.689563636441804,
    "stability": 0.549741625786,
    "tonality": 0.488632678986
}