{
    "name": "87b9435b",
    "x": 19.61130142211914,
    "y": 9.389688491821289,
    "loudness": 0.757107138634,
    "raspiness": 0.146089404821,
    "color": 93.669380188,
    "location": 2469.05273438,
    "stability": 0.549741625786,
    "tonality": 0.488632678986
}