{
    "name": "87d039f6",
    "x": -38.729644775390625,
    "y": -6.612849235534668,
    "loudness": 0.99068403244,
    "raspiness": 0.135137379169,
    "color": 2.34632253647,
    "location": 21.293461414786464,
    "stability": 0.206135600805,
    "tonality": 0.185697644949
}