{
    "name": "87e8ae71",
    "x": 13.100618362426758,
    "y": 42.558494567871094,
    "loudness": 0.974325418472,
    "raspiness": 0.0745021998882,
    "color": 30.7549057007,
    "location": 1761.58239746,
    "stability": 0.660388469696,
    "tonality": 0.458105564117
}