{
    "name": "87e8ae71",
    "x": 4.643950462341309,
    "y": 11.225821495056152,
    "loudness": 0.974325418472,
    "raspiness": 0.0745021998882,
    "color": 30.7549057007,
    "location": 1761.58239746,
    "stability": 0.660388469696,
    "tonality": 0.458105564117
}