{
    "name": "87fc1fad",
    "x": 35.631778717041016,
    "y": 26.43395233154297,
    "loudness": 0.980452477932,
    "raspiness": 0.113641828299,
    "color": 36.2692718506,
    "location": 51.88322129879755,
    "stability": 0.733336627483,
    "tonality": 0.49781152606
}