{
    "name": "87fc3b03",
    "x": 5.5185160636901855,
    "y": -0.3942619264125824,
    "loudness": 0.486850976944,
    "raspiness": 0.0387173593044,
    "color": 6.19929599762,
    "location": 27.15509697997781,
    "stability": 0.672383666039,
    "tonality": 0.45246219635
}