{
    "name": "87fc1fad",
    "x": 39.701812744140625,
    "y": 31.912996292114258,
    "loudness": 0.980452477932,
    "raspiness": 0.113641828299,
    "color": 36.2692718506,
    "location": 2691.86865234,
    "stability": 0.733336627483,
    "tonality": 0.49781152606
}