{
    "name": "880c48fa",
    "x": -20.250686645507812,
    "y": 1.042349100112915,
    "loudness": 0.711994707584,
    "raspiness": 0.0200690235943,
    "color": 2.8024160862,
    "location": 405.037231445,
    "stability": 0.427053332329,
    "tonality": 0.408180087805
}