{
    "name": "880c48fa",
    "x": -16.630582809448242,
    "y": 5.465788841247559,
    "loudness": 0.711994707584,
    "raspiness": 0.0200690235943,
    "color": 2.8024160862,
    "location": 20.12553679892787,
    "stability": 0.427053332329,
    "tonality": 0.408180087805
}