{
    "name": "880ddc3a",
    "x": 45.555274963378906,
    "y": 16.96061897277832,
    "loudness": 0.99068403244,
    "raspiness": 0.200816765428,
    "color": 19.8562602997,
    "location": 2741.9699707,
    "stability": 0.738363087177,
    "tonality": 0.484054177999
}