{
    "name": "880ddc3a",
    "x": 41.201236724853516,
    "y": 15.131134033203125,
    "loudness": 0.99068403244,
    "raspiness": 0.200816765428,
    "color": 19.8562602997,
    "location": 52.36382311004421,
    "stability": 0.738363087177,
    "tonality": 0.484054177999
}