{
    "name": "880ddc3a",
    "x": 8.751808166503906,
    "y": 9.224393844604492,
    "loudness": 0.99068403244,
    "raspiness": 0.200816765428,
    "color": 19.8562602997,
    "location": 2741.9699707,
    "stability": 0.738363087177,
    "tonality": 0.484054177999
}