{
    "name": "880f4f68",
    "x": 44.55230712890625,
    "y": -9.813374519348145,
    "loudness": 0.99068403244,
    "raspiness": 0.293312072754,
    "color": 139.836151123,
    "location": 67.04866469587593,
    "stability": 0.642422020435,
    "tonality": 0.48433598876
}