{
    "name": "880f4f68",
    "x": 10.597390174865723,
    "y": 7.588596820831299,
    "loudness": 0.99068403244,
    "raspiness": 0.293312072754,
    "color": 139.836151123,
    "location": 4495.5234375,
    "stability": 0.642422020435,
    "tonality": 0.48433598876
}