{
    "name": "882d631c",
    "x": 14.44204044342041,
    "y": -14.373311042785645,
    "loudness": 0.155671700835,
    "raspiness": 0.1594478935,
    "color": 12.3122224808,
    "location": 49.75221807236337,
    "stability": 0.427021473646,
    "tonality": 0.474060803652
}