{
    "name": "886f3b89",
    "x": 6.004579067230225,
    "y": 3.2373175621032715,
    "loudness": 0.330515652895,
    "raspiness": 0.160340934992,
    "color": 55.9528083801,
    "location": 2446.99829102,
    "stability": 0.547305703163,
    "tonality": 0.487012565136
}