{
    "name": "886f3b89",
    "x": 18.562597274780273,
    "y": -9.824716567993164,
    "loudness": 0.330515652895,
    "raspiness": 0.160340934992,
    "color": 55.9528083801,
    "location": 49.467143550239484,
    "stability": 0.547305703163,
    "tonality": 0.487012565136
}