{
    "name": "889a0bc2",
    "x": -6.105154037475586,
    "y": -1.9380041360855103,
    "loudness": 0.99068403244,
    "raspiness": 0.0277026072145,
    "color": 17.0042419434,
    "location": 1524.57226562,
    "stability": 0.247101351619,
    "tonality": 0.476337075233
}