{
    "name": "889a0bc2",
    "x": -7.203064441680908,
    "y": -1.7726569175720215,
    "loudness": 0.99068403244,
    "raspiness": 0.0277026072145,
    "color": 17.0042419434,
    "location": 39.04577141791413,
    "stability": 0.247101351619,
    "tonality": 0.476337075233
}