{
    "name": "88ac1360",
    "x": 11.708136558532715,
    "y": 0.34084394574165344,
    "loudness": 0.531639993191,
    "raspiness": 0.0953091233969,
    "color": 32.8360061646,
    "location": 42.30086908551643,
    "stability": 0.626210153103,
    "tonality": 0.45563134551
}