{
    "name": "88c42e27",
    "x": -17.435787200927734,
    "y": -20.784555435180664,
    "loudness": 0.0462245829403,
    "raspiness": 0.0695924535394,
    "color": 14.6957530975,
    "location": 38.67817972591264,
    "stability": 0.391420960426,
    "tonality": 0.320413053036
}