{
    "name": "88dbcd44",
    "x": 33.672943115234375,
    "y": -33.908042907714844,
    "loudness": 0.97447937727,
    "raspiness": 0.462557286024,
    "color": 1025.14428711,
    "location": 6235.75976562,
    "stability": 0.593563258648,
    "tonality": 0.493334323168
}