{
    "name": "88dbcd44",
    "x": 39.403560638427734,
    "y": -21.829618453979492,
    "loudness": 0.97447937727,
    "raspiness": 0.462557286024,
    "color": 1025.14428711,
    "location": 78.96682699475774,
    "stability": 0.593563258648,
    "tonality": 0.493334323168
}