{
    "name": "88e24910",
    "x": 43.11566925048828,
    "y": -24.471881866455078,
    "loudness": 0.98156696558,
    "raspiness": 0.416097193956,
    "color": 616.867553711,
    "location": 80.92061237910895,
    "stability": 0.727489769459,
    "tonality": 0.498485296965
}