{
    "name": "88e792b8",
    "x": 2.0098419189453125,
    "y": -12.079675674438477,
    "loudness": 0.312513560057,
    "raspiness": 0.0443797148764,
    "color": 3.90791487694,
    "location": 37.758543954977924,
    "stability": 0.399637907743,
    "tonality": 0.463456571102
}