{
    "name": "88e792b8",
    "x": 3.4470205307006836,
    "y": 3.725374698638916,
    "loudness": 0.312513560057,
    "raspiness": 0.0443797148764,
    "color": 3.90791487694,
    "location": 1425.7076416,
    "stability": 0.399637907743,
    "tonality": 0.463456571102
}