{
    "name": "88e99f1c",
    "x": 25.209335327148438,
    "y": 39.568870544433594,
    "loudness": 0.953853726387,
    "raspiness": 0.0787123069167,
    "color": 33.1650924683,
    "location": 42.765366675734235,
    "stability": 0.753453373909,
    "tonality": 0.487239003181
}