{
    "name": "88f4eb4d",
    "x": -18.341434478759766,
    "y": 24.2200870513916,
    "loudness": 0.99068403244,
    "raspiness": 0.0530853271484,
    "color": 2.3172492981,
    "location": 634.191833496,
    "stability": 0.474307715893,
    "tonality": 0.433418691158
}