{
    "name": "892a2db5",
    "x": -6.773716449737549,
    "y": -20.82821273803711,
    "loudness": 0.0646793693304,
    "raspiness": 0.105022698641,
    "color": 3.77541065216,
    "location": 1035.3026123,
    "stability": 0.638158917427,
    "tonality": 0.381324112415
}