{
    "name": "893af25d",
    "x": 6.691562175750732,
    "y": 7.497528553009033,
    "loudness": 0.963673770428,
    "raspiness": 0.156511574984,
    "color": 54.4515151978,
    "location": 2723.00170898,
    "stability": 0.459285616875,
    "tonality": 0.490632683039
}