{
    "name": "893af25d",
    "x": 21.79770278930664,
    "y": 5.525896072387695,
    "loudness": 0.963673770428,
    "raspiness": 0.156511574984,
    "color": 54.4515151978,
    "location": 52.18238887766638,
    "stability": 0.459285616875,
    "tonality": 0.490632683039
}