{
    "name": "894fd536",
    "x": 7.464142322540283,
    "y": 11.023052215576172,
    "loudness": 0.952667951584,
    "raspiness": 0.140542119741,
    "color": 14.5813112259,
    "location": 2549.84472656,
    "stability": 0.772311210632,
    "tonality": 0.490890562534
}