{
    "name": "894fd536",
    "x": 39.11147689819336,
    "y": 25.692546844482422,
    "loudness": 0.952667951584,
    "raspiness": 0.140542119741,
    "color": 14.5813112259,
    "location": 50.49598723225441,
    "stability": 0.772311210632,
    "tonality": 0.490890562534
}