{
    "name": "897eed84",
    "x": 0.9762094616889954,
    "y": 9.368732452392578,
    "loudness": 0.909247994423,
    "raspiness": 0.0390734709799,
    "color": 7.67449474335,
    "location": 597.656311035,
    "stability": 0.545408844948,
    "tonality": 0.439982563257
}