{
    "name": "897fc1c4",
    "x": 40.346309661865234,
    "y": -10.560872077941895,
    "loudness": 0.883052945137,
    "raspiness": 0.324745744467,
    "color": 144.753097534,
    "location": 70.24733438558363,
    "stability": 0.487140566111,
    "tonality": 0.499268740416
}