{
    "name": "898a757e",
    "x": 28.23859214782715,
    "y": 41.181373596191406,
    "loudness": 0.973146259785,
    "raspiness": 0.0737815275788,
    "color": 31.8569431305,
    "location": 43.4161466736743,
    "stability": 0.795552968979,
    "tonality": 0.490447193384
}