{
    "name": "898a757e",
    "x": 5.703987121582031,
    "y": 12.173742294311523,
    "loudness": 0.973146259785,
    "raspiness": 0.0737815275788,
    "color": 31.8569431305,
    "location": 1884.96179199,
    "stability": 0.795552968979,
    "tonality": 0.490447193384
}