{
    "name": "899e2e78",
    "x": 47.983184814453125,
    "y": 32.13021469116211,
    "loudness": 0.99068403244,
    "raspiness": 0.12969198823,
    "color": 13.7097167969,
    "location": 3028.06469727,
    "stability": 0.852834880352,
    "tonality": 0.487868249416
}