{
    "name": "899eb17b",
    "x": 3.9025442600250244,
    "y": 9.175768852233887,
    "loudness": 0.829484820366,
    "raspiness": 0.0838048681617,
    "color": 19.1618099213,
    "location": 2015.13342285,
    "stability": 0.534744143486,
    "tonality": 0.475189477205
}