{
    "name": "89a058e2",
    "x": -15.669293403625488,
    "y": -26.4491024017334,
    "loudness": 6.71192901791e-05,
    "raspiness": 0.0372419282794,
    "color": 5.45520401001,
    "location": 25.967054180865414,
    "stability": 0.242469653487,
    "tonality": 0.362684488297
}