{
    "name": "89a058e2",
    "x": -12.094656944274902,
    "y": -38.236968994140625,
    "loudness": 6.71192901791e-05,
    "raspiness": 0.0372419282794,
    "color": 5.45520401001,
    "location": 674.287902832,
    "stability": 0.242469653487,
    "tonality": 0.362684488297
}