{
    "name": "89a645fe",
    "x": 49.29378890991211,
    "y": 16.944334030151367,
    "loudness": 0.897062063217,
    "raspiness": 0.184202626348,
    "color": 18.1188983917,
    "location": 3064.56103516,
    "stability": 0.771369218826,
    "tonality": 0.493606746197
}