{
    "name": "89adfd2e",
    "x": 6.102397441864014,
    "y": 8.375082015991211,
    "loudness": 0.99068403244,
    "raspiness": 0.156726375222,
    "color": 4.77203130722,
    "location": 2452.26342773,
    "stability": 0.506636738777,
    "tonality": 0.456553190947
}