{
    "name": "89affc19",
    "x": 5.4269866943359375,
    "y": 44.965396881103516,
    "loudness": 0.99068403244,
    "raspiness": 0.063515111804,
    "color": 11.2238588333,
    "location": 1405.9519043,
    "stability": 0.6427282691,
    "tonality": 0.458004236221
}