{
    "name": "89affc19",
    "x": 6.23604154586792,
    "y": 35.4571418762207,
    "loudness": 0.99068403244,
    "raspiness": 0.063515111804,
    "color": 11.2238588333,
    "location": 37.49602518001075,
    "stability": 0.6427282691,
    "tonality": 0.458004236221
}