{
    "name": "89b17560",
    "x": -1.1275877952575684,
    "y": -0.08148930221796036,
    "loudness": 0.886821985245,
    "raspiness": 0.0730051845312,
    "color": 13.4366807938,
    "location": 1738.80871582,
    "stability": 0.259927660227,
    "tonality": 0.483859807253
}