{
    "name": "89c2111f",
    "x": -22.411624908447266,
    "y": 12.229602813720703,
    "loudness": 0.99068403244,
    "raspiness": 0.0162686426193,
    "color": 9.79911899567,
    "location": 251.340591431,
    "stability": 0.412868320942,
    "tonality": 0.431259602308
}