{
    "name": "89c5c01b",
    "x": 7.948910236358643,
    "y": 16.77370262145996,
    "loudness": 0.946848750114,
    "raspiness": 0.159220978618,
    "color": 56.8827590942,
    "location": 2324.00708008,
    "stability": 0.50092124939,
    "tonality": 0.427794754505
}