{
    "name": "89c5c01b",
    "x": 17.222911834716797,
    "y": 12.011297225952148,
    "loudness": 0.946848750114,
    "raspiness": 0.159220978618,
    "color": 56.8827590942,
    "location": 48.207956605523115,
    "stability": 0.50092124939,
    "tonality": 0.427794754505
}