{
    "name": "89d16dbb",
    "x": -10.640555381774902,
    "y": 34.63968276977539,
    "loudness": 0.72478479147,
    "raspiness": 0.0589962303638,
    "color": 18.2212696075,
    "location": 36.8023781712541,
    "stability": 0.670978784561,
    "tonality": 0.403059571981
}