{
    "name": "89d12569",
    "x": 12.03757095336914,
    "y": -4.815104961395264,
    "loudness": 0.429425626993,
    "raspiness": 0.147602126002,
    "color": 31.0237846375,
    "location": 2574.66796875,
    "stability": 0.435120433569,
    "tonality": 0.431554913521
}