{
    "name": "89d4119c",
    "x": -0.7049445509910583,
    "y": 8.147659301757812,
    "loudness": 0.99068403244,
    "raspiness": 0.0661680623889,
    "color": 24.0679302216,
    "location": 1829.66296387,
    "stability": 0.423865705729,
    "tonality": 0.418362021446
}