{
    "name": "89d4119c",
    "x": -9.35668659210205,
    "y": 13.584206581115723,
    "loudness": 0.99068403244,
    "raspiness": 0.0661680623889,
    "color": 24.0679302216,
    "location": 42.77455977412275,
    "stability": 0.423865705729,
    "tonality": 0.418362021446
}