{
    "name": "89da251b",
    "x": 20.177284240722656,
    "y": 47.89051818847656,
    "loudness": 0.99068403244,
    "raspiness": 0.115447998047,
    "color": 2.67756485939,
    "location": 1320.36181641,
    "stability": 0.772624135017,
    "tonality": 0.461180746555
}