{
    "name": "89e2578a",
    "x": 28.266279220581055,
    "y": 37.18783950805664,
    "loudness": 0.932223796844,
    "raspiness": 0.0908966958523,
    "color": 32.1849136353,
    "location": 44.172285382352584,
    "stability": 0.769274353981,
    "tonality": 0.489546835423
}