{
    "name": "89e2578a",
    "x": 6.0526041984558105,
    "y": 12.139005661010742,
    "loudness": 0.932223796844,
    "raspiness": 0.0908966958523,
    "color": 32.1849136353,
    "location": 1951.1907959,
    "stability": 0.769274353981,
    "tonality": 0.489546835423
}