{
    "name": "89e543b0",
    "x": -10.449849128723145,
    "y": 11.64516544342041,
    "loudness": 0.872976064682,
    "raspiness": 0.0270519256592,
    "color": 7.81646347046,
    "location": 1090.5826416,
    "stability": 0.405142873526,
    "tonality": 0.448183089495
}