{
    "name": "89f13bb9",
    "x": 1.8654601573944092,
    "y": 4.018608570098877,
    "loudness": 0.579150378704,
    "raspiness": 0.0156106660143,
    "color": 11.8458442688,
    "location": 789.668884277,
    "stability": 0.309449136257,
    "tonality": 0.479763120413
}