{
    "name": "89f13bb9",
    "x": -5.685623645782471,
    "y": -6.723219394683838,
    "loudness": 0.579150378704,
    "raspiness": 0.0156106660143,
    "color": 11.8458442688,
    "location": 28.101047743402734,
    "stability": 0.309449136257,
    "tonality": 0.479763120413
}