{
    "name": "89f33989",
    "x": -23.749073028564453,
    "y": -1.8279216289520264,
    "loudness": 0.859373748302,
    "raspiness": 0.0422468036413,
    "color": 14.0059337616,
    "location": 37.54411630269116,
    "stability": 0.275730639696,
    "tonality": 0.36163854599
}