{
    "name": "89f33989",
    "x": -24.896202087402344,
    "y": -3.4017832279205322,
    "loudness": 0.859373748302,
    "raspiness": 0.0422468036413,
    "color": 14.0059337616,
    "location": 1409.56066895,
    "stability": 0.275730639696,
    "tonality": 0.36163854599
}