{
    "name": "89f8b625",
    "x": 10.467177391052246,
    "y": 6.495321273803711,
    "loudness": 0.99068403244,
    "raspiness": 0.324172258377,
    "color": 188.746643066,
    "location": 4734.36669922,
    "stability": 0.534510493279,
    "tonality": 0.495044291019
}