{
    "name": "8a05af88",
    "x": 20.99517822265625,
    "y": -14.147063255310059,
    "loudness": 0.0891068503261,
    "raspiness": 0.194967448711,
    "color": 31.9356555939,
    "location": 56.97432090152545,
    "stability": 0.502647101879,
    "tonality": 0.488854110241
}