{
    "name": "8a11b736",
    "x": -0.40960028767585754,
    "y": 28.597515106201172,
    "loudness": 0.896755278111,
    "raspiness": 0.0724928304553,
    "color": 6.04820728302,
    "location": 33.714470592610525,
    "stability": 0.583946049213,
    "tonality": 0.452380090952
}