{
    "name": "8a13412a",
    "x": 4.597027778625488,
    "y": 8.51218318939209,
    "loudness": 0.748125433922,
    "raspiness": 0.137145996094,
    "color": 5.27993488312,
    "location": 2091.58056641,
    "stability": 0.524690270424,
    "tonality": 0.437161028385
}