{
    "name": "8a13412a",
    "x": 8.773560523986816,
    "y": 10.868636131286621,
    "loudness": 0.748125433922,
    "raspiness": 0.137145996094,
    "color": 5.27993488312,
    "location": 2091.58056641,
    "stability": 0.524690270424,
    "tonality": 0.437161028385
}