{
    "name": "8a2f4e19",
    "x": -30.695005416870117,
    "y": 1.7103391885757446,
    "loudness": 0.99068403244,
    "raspiness": 0.0658761188388,
    "color": 10.79018116,
    "location": 38.40289346598769,
    "stability": 0.353808641434,
    "tonality": 0.330831855536
}