{
    "name": "8a2f4e19",
    "x": -2.8693296909332275,
    "y": 7.1248555183410645,
    "loudness": 0.99068403244,
    "raspiness": 0.0658761188388,
    "color": 10.79018116,
    "location": 1474.78222656,
    "stability": 0.353808641434,
    "tonality": 0.330831855536
}