{
    "name": "8a364f26",
    "x": 36.99462127685547,
    "y": 27.679697036743164,
    "loudness": 0.881731987,
    "raspiness": 0.134222567081,
    "color": 45.6448287964,
    "location": 50.52967249775126,
    "stability": 0.815316855907,
    "tonality": 0.49458450079
}