{
    "name": "8a3e5147",
    "x": -38.718868255615234,
    "y": 8.115325927734375,
    "loudness": 0.879217386246,
    "raspiness": 0.0320634916425,
    "color": 13.7125606537,
    "location": 831.313232422,
    "stability": 0.500831246376,
    "tonality": 0.355485349894
}