{
    "name": "8a45aa41",
    "x": -4.001862525939941,
    "y": -8.037055969238281,
    "loudness": 0.721724033356,
    "raspiness": 0.029025606811,
    "color": 22.3879470825,
    "location": 1506.34118652,
    "stability": 0.23346914351,
    "tonality": 0.476293891668
}