{
    "name": "8a4d0d1e",
    "x": 7.043025970458984,
    "y": 3.1552538871765137,
    "loudness": 0.0684007555246,
    "raspiness": 0.233156979084,
    "color": 51.6045722961,
    "location": 3384.47192383,
    "stability": 0.705919981003,
    "tonality": 0.496693104506
}