{
    "name": "8a4fce15",
    "x": 12.41993236541748,
    "y": 48.11192321777344,
    "loudness": 0.982045173645,
    "raspiness": 0.101792037487,
    "color": 35.9283294678,
    "location": 1019.26690674,
    "stability": 0.719367861748,
    "tonality": 0.472505778074
}