{
    "name": "8a635ff8",
    "x": 54.93083953857422,
    "y": -10.732625961303711,
    "loudness": 0.99068403244,
    "raspiness": 0.284860700369,
    "color": 36.3948287964,
    "location": 4774.90820312,
    "stability": 0.661682784557,
    "tonality": 0.493682473898
}