{
    "name": "8a68f631",
    "x": -27.514497756958008,
    "y": 25.366811752319336,
    "loudness": 0.927926421165,
    "raspiness": 0.0334441959858,
    "color": 16.4772205353,
    "location": 29.334200181579863,
    "stability": 0.585274994373,
    "tonality": 0.377166956663
}