{
    "name": "8a68f631",
    "x": -2.0567898750305176,
    "y": 9.906477928161621,
    "loudness": 0.927926421165,
    "raspiness": 0.0334441959858,
    "color": 16.4772205353,
    "location": 860.495300293,
    "stability": 0.585274994373,
    "tonality": 0.377166956663
}