{
    "name": "8a6ad56f",
    "x": -3.268350839614868,
    "y": 8.378837585449219,
    "loudness": 0.734766423702,
    "raspiness": 0.00620753644034,
    "color": 6.25160694122,
    "location": 191.942871094,
    "stability": 0.438805818558,
    "tonality": 0.335409104824
}