{
    "name": "8a6ad56f",
    "x": -34.19987106323242,
    "y": -2.66247820854187,
    "loudness": 0.734766423702,
    "raspiness": 0.00620753644034,
    "color": 6.25160694122,
    "location": 191.942871094,
    "stability": 0.438805818558,
    "tonality": 0.335409104824
}