{
    "name": "8a6c6627",
    "x": 30.048110961914062,
    "y": 10.529423713684082,
    "loudness": 0.99068403244,
    "raspiness": 0.199354380369,
    "color": 8.98237037659,
    "location": 50.48291209964021,
    "stability": 0.576888799667,
    "tonality": 0.482486605644
}