{
    "name": "8a6c6627",
    "x": 31.646955490112305,
    "y": 13.581523895263672,
    "loudness": 0.99068403244,
    "raspiness": 0.199354380369,
    "color": 8.98237037659,
    "location": 2548.52441406,
    "stability": 0.576888799667,
    "tonality": 0.482486605644
}