{
    "name": "8a739529",
    "x": 16.72894287109375,
    "y": 0.4014977514743805,
    "loudness": 0.657801568508,
    "raspiness": 0.158832460642,
    "color": 17.4990253448,
    "location": 48.9568727618503,
    "stability": 0.46075719595,
    "tonality": 0.469968825579
}