{
    "name": "8a843f42",
    "x": 3.2468345165252686,
    "y": 10.332378387451172,
    "loudness": 0.969775795937,
    "raspiness": 0.0588753409684,
    "color": 10.7832832336,
    "location": 1500.75427246,
    "stability": 0.626934945583,
    "tonality": 0.483453571796
}