{
    "name": "8a843f42",
    "x": 6.935565948486328,
    "y": 42.627647399902344,
    "loudness": 0.969775795937,
    "raspiness": 0.0588753409684,
    "color": 10.7832832336,
    "location": 1500.75427246,
    "stability": 0.626934945583,
    "tonality": 0.483453571796
}