{
    "name": "8a853191",
    "x": -34.03975296020508,
    "y": 3.9834282398223877,
    "loudness": 0.99068403244,
    "raspiness": 0.198583990335,
    "color": 8.26245880127,
    "location": 42.07703129380684,
    "stability": 0.364418447018,
    "tonality": 0.271469324827
}