{
    "name": "8a8a9e60",
    "x": 33.514129638671875,
    "y": -8.003079414367676,
    "loudness": 0.66154551506,
    "raspiness": 0.25146484375,
    "color": 93.9178237915,
    "location": 3640.08618164,
    "stability": 0.618584394455,
    "tonality": 0.493667572737
}