{
    "name": "8a9c77de",
    "x": 18.66851234436035,
    "y": -10.316313743591309,
    "loudness": 0.294451624155,
    "raspiness": 0.162944272161,
    "color": 7.63387203217,
    "location": 1746.39880371,
    "stability": 0.656706213951,
    "tonality": 0.467552244663
}