{
    "name": "8aaada9f",
    "x": -36.54507827758789,
    "y": 5.911086559295654,
    "loudness": 0.938682019711,
    "raspiness": 0.0314960926771,
    "color": 12.8169231415,
    "location": 636.598083496,
    "stability": 0.430452227592,
    "tonality": 0.361349314451
}