{
    "name": "8aaada9f",
    "x": -2.814774751663208,
    "y": 8.472909927368164,
    "loudness": 0.938682019711,
    "raspiness": 0.0314960926771,
    "color": 12.8169231415,
    "location": 636.598083496,
    "stability": 0.430452227592,
    "tonality": 0.361349314451
}