{
    "name": "8aab3694",
    "x": 19.68560791015625,
    "y": 3.5793607234954834,
    "loudness": 0.657801568508,
    "raspiness": 0.168039277196,
    "color": 26.124332428,
    "location": 2363.87158203,
    "stability": 0.536332726479,
    "tonality": 0.471585392952
}