{
    "name": "8ac249cc",
    "x": -12.516523361206055,
    "y": -1.3701242208480835,
    "loudness": 0.99068403244,
    "raspiness": 0.0313831679523,
    "color": 2.62350797653,
    "location": 26.455531398972123,
    "stability": 0.270006597042,
    "tonality": 0.473311901093
}