{
    "name": "8ac249cc",
    "x": -13.438736915588379,
    "y": -3.6159675121307373,
    "loudness": 0.99068403244,
    "raspiness": 0.0313831679523,
    "color": 2.62350797653,
    "location": 699.895141602,
    "stability": 0.270006597042,
    "tonality": 0.473311901093
}