{
    "name": "8ad0ed99",
    "x": 46.190208435058594,
    "y": 7.543229579925537,
    "loudness": 0.99068403244,
    "raspiness": 0.228393554688,
    "color": 15.2452516556,
    "location": 58.50726534081045,
    "stability": 0.715562343597,
    "tonality": 0.489996314049
}