{
    "name": "8ad0ed99",
    "x": 51.16721725463867,
    "y": 6.849067687988281,
    "loudness": 0.99068403244,
    "raspiness": 0.228393554688,
    "color": 15.2452516556,
    "location": 3423.10009766,
    "stability": 0.715562343597,
    "tonality": 0.489996314049
}