{
    "name": "8ad14a86",
    "x": 44.968719482421875,
    "y": -21.165998458862305,
    "loudness": 0.99068403244,
    "raspiness": 0.409380733967,
    "color": 317.20022583,
    "location": 4420.87988281,
    "stability": 0.738379299641,
    "tonality": 0.488830238581
}