{
    "name": "8ae50c6c",
    "x": -0.3393650949001312,
    "y": 32.825584411621094,
    "loudness": 0.722370147705,
    "raspiness": 0.0267970878631,
    "color": 4.67139434814,
    "location": 22.54956969128236,
    "stability": 0.746703863144,
    "tonality": 0.444182962179
}