{
    "name": "8ae50c6c",
    "x": 3.1110565662384033,
    "y": 11.43679141998291,
    "loudness": 0.722370147705,
    "raspiness": 0.0267970878631,
    "color": 4.67139434814,
    "location": 508.483093262,
    "stability": 0.746703863144,
    "tonality": 0.444182962179
}