{
    "name": "8ae68e01",
    "x": -8.227635383605957,
    "y": -1.1367197036743164,
    "loudness": 0.532680988312,
    "raspiness": 0.0324704647064,
    "color": 5.51432275772,
    "location": 622.631286621,
    "stability": 0.506480634212,
    "tonality": 0.43543484807
}