{
    "name": "8ae68e01",
    "x": -5.461101531982422,
    "y": -0.08153463900089264,
    "loudness": 0.532680988312,
    "raspiness": 0.0324704647064,
    "color": 5.51432275772,
    "location": 24.95258076073495,
    "stability": 0.506480634212,
    "tonality": 0.43543484807
}