{
    "name": "8aeb76f4",
    "x": -10.291203498840332,
    "y": 12.826854705810547,
    "loudness": 0.99068403244,
    "raspiness": 0.0372558608651,
    "color": 12.8396120071,
    "location": 1322.0612793,
    "stability": 0.396491408348,
    "tonality": 0.447081297636
}