{
    "name": "8aeb76f4",
    "x": -9.127771377563477,
    "y": 8.804734230041504,
    "loudness": 0.99068403244,
    "raspiness": 0.0372558608651,
    "color": 12.8396120071,
    "location": 36.36016060608094,
    "stability": 0.396491408348,
    "tonality": 0.447081297636
}