{
    "name": "8af3c40f",
    "x": 2.456071138381958,
    "y": -0.18814852833747864,
    "loudness": 0.0100893024355,
    "raspiness": 0.0167040638626,
    "color": 2.51868653297,
    "location": 258.663421631,
    "stability": 0.236099168658,
    "tonality": 0.326210409403
}