{
    "name": "8af3c40f",
    "x": -19.666397094726562,
    "y": -26.68979835510254,
    "loudness": 0.0100893024355,
    "raspiness": 0.0167040638626,
    "color": 2.51868653297,
    "location": 16.083016558811348,
    "stability": 0.236099168658,
    "tonality": 0.326210409403
}