{
    "name": "8b0408b1",
    "x": 51.22230911254883,
    "y": 4.2836408615112305,
    "loudness": 0.99068403244,
    "raspiness": 0.236543536186,
    "color": 75.5350952148,
    "location": 3587.74755859,
    "stability": 0.733893871307,
    "tonality": 0.486879020929
}