{
    "name": "8b12ea14",
    "x": 7.8525543212890625,
    "y": 31.757266998291016,
    "loudness": 0.830412507057,
    "raspiness": 0.093069024384,
    "color": 7.16478967667,
    "location": 32.90580855001135,
    "stability": 0.644391894341,
    "tonality": 0.47120642662
}