{
    "name": "8b12ea14",
    "x": 7.863980770111084,
    "y": 39.656028747558594,
    "loudness": 0.830412507057,
    "raspiness": 0.093069024384,
    "color": 7.16478967667,
    "location": 1082.79223633,
    "stability": 0.644391894341,
    "tonality": 0.47120642662
}