{
    "name": "8b14e805",
    "x": 2.8618433475494385,
    "y": 16.788097381591797,
    "loudness": 0.99068403244,
    "raspiness": 0.19522857666,
    "color": 8.88491535187,
    "location": 2441.74633789,
    "stability": 0.580865204334,
    "tonality": 0.412477642298
}