{
    "name": "8b14e805",
    "x": 5.178972244262695,
    "y": 8.14488697052002,
    "loudness": 0.99068403244,
    "raspiness": 0.19522857666,
    "color": 8.88491535187,
    "location": 2441.74633789,
    "stability": 0.580865204334,
    "tonality": 0.412477642298
}