{
    "name": "8b28686b",
    "x": 43.84672927856445,
    "y": 11.086867332458496,
    "loudness": 0.984677612782,
    "raspiness": 0.219641774893,
    "color": 127.322525024,
    "location": 2754.28808594,
    "stability": 0.73223978281,
    "tonality": 0.487197130919
}