{
    "name": "8b28686b",
    "x": 8.781495094299316,
    "y": 9.219775199890137,
    "loudness": 0.984677612782,
    "raspiness": 0.219641774893,
    "color": 127.322525024,
    "location": 2754.28808594,
    "stability": 0.73223978281,
    "tonality": 0.487197130919
}