{
    "name": "8b33f120",
    "x": -32.84339141845703,
    "y": 12.119382858276367,
    "loudness": 0.906231701374,
    "raspiness": 0.0349557958543,
    "color": 11.0742921829,
    "location": 25.425957387716988,
    "stability": 0.481847137213,
    "tonality": 0.357434570789
}