{
    "name": "8b3be47e",
    "x": -15.376710891723633,
    "y": 39.89430618286133,
    "loudness": 0.9698818326,
    "raspiness": 0.0580461323261,
    "color": 43.3198776245,
    "location": 35.17356518040217,
    "stability": 0.713098227978,
    "tonality": 0.388764977455
}