{
    "name": "8b3be47e",
    "x": -24.38020133972168,
    "y": 42.82083511352539,
    "loudness": 0.9698818326,
    "raspiness": 0.0580461323261,
    "color": 43.3198776245,
    "location": 1237.1796875,
    "stability": 0.713098227978,
    "tonality": 0.388764977455
}