{
    "name": "8b3be47e",
    "x": -0.43492260575294495,
    "y": 11.11176872253418,
    "loudness": 0.9698818326,
    "raspiness": 0.0580461323261,
    "color": 43.3198776245,
    "location": 1237.1796875,
    "stability": 0.713098227978,
    "tonality": 0.388764977455
}