{
    "name": "8b466188",
    "x": 23.476268768310547,
    "y": 31.859235763549805,
    "loudness": 0.874128580093,
    "raspiness": 0.122606299818,
    "color": 55.0041236877,
    "location": 1815.29345703,
    "stability": 0.632384002209,
    "tonality": 0.484941065311
}