{
    "name": "8b49f457",
    "x": 2.1237709522247314,
    "y": 6.578436374664307,
    "loudness": 0.786095738411,
    "raspiness": 0.0402673743665,
    "color": 8.91937541962,
    "location": 1285.09753418,
    "stability": 0.467748731375,
    "tonality": 0.485117971897
}