{
    "name": "8b49f457",
    "x": -0.30655157566070557,
    "y": 10.91539192199707,
    "loudness": 0.786095738411,
    "raspiness": 0.0402673743665,
    "color": 8.91937541962,
    "location": 35.84825705916537,
    "stability": 0.467748731375,
    "tonality": 0.485117971897
}