{
    "name": "8b563f92",
    "x": -10.953145027160645,
    "y": 6.318848133087158,
    "loudness": 0.99068403244,
    "raspiness": 0.0619371198118,
    "color": 30.4389858246,
    "location": 43.228441102126276,
    "stability": 0.322306275368,
    "tonality": 0.424245268106
}