{
    "name": "8b563f92",
    "x": -1.0412724018096924,
    "y": 7.544727325439453,
    "loudness": 0.99068403244,
    "raspiness": 0.0619371198118,
    "color": 30.4389858246,
    "location": 1868.69812012,
    "stability": 0.322306275368,
    "tonality": 0.424245268106
}