{
    "name": "8b5798fc",
    "x": 11.396839141845703,
    "y": -9.124516487121582,
    "loudness": 0.390050113201,
    "raspiness": 0.0776471570134,
    "color": 15.8680858612,
    "location": 1988.7947998,
    "stability": 0.573332726955,
    "tonality": 0.479828387499
}