{
    "name": "8b5d8ca5",
    "x": -18.04384422302246,
    "y": -4.500968933105469,
    "loudness": 0.99068403244,
    "raspiness": 0.0247497558594,
    "color": 4.25112533569,
    "location": 716.792114258,
    "stability": 0.248174846172,
    "tonality": 0.434980541468
}