{
    "name": "8b5d8ca5",
    "x": -15.800948143005371,
    "y": -2.2528886795043945,
    "loudness": 0.99068403244,
    "raspiness": 0.0247497558594,
    "color": 4.25112533569,
    "location": 26.772973578928433,
    "stability": 0.248174846172,
    "tonality": 0.434980541468
}