{
    "name": "8b5fbd09",
    "x": 5.1305623054504395,
    "y": 11.254761695861816,
    "loudness": 0.99068403244,
    "raspiness": 0.088552698493,
    "color": 14.2181997299,
    "location": 1844.40380859,
    "stability": 0.693979680538,
    "tonality": 0.485480576754
}