{
    "name": "8b5fbd09",
    "x": 21.864416122436523,
    "y": 34.487674713134766,
    "loudness": 0.99068403244,
    "raspiness": 0.088552698493,
    "color": 14.2181997299,
    "location": 42.94652266004781,
    "stability": 0.693979680538,
    "tonality": 0.485480576754
}