{
    "name": "8b613dd2",
    "x": 2.239368438720703,
    "y": -7.2319111824035645,
    "loudness": 0.67583990097,
    "raspiness": 0.0520213283598,
    "color": 12.2007226944,
    "location": 2129.49267578,
    "stability": 0.295234233141,
    "tonality": 0.48561668396
}