{
    "name": "8b613dd2",
    "x": 2.552595376968384,
    "y": 4.414105415344238,
    "loudness": 0.67583990097,
    "raspiness": 0.0520213283598,
    "color": 12.2007226944,
    "location": 2129.49267578,
    "stability": 0.295234233141,
    "tonality": 0.48561668396
}