{
    "name": "8b65c98b",
    "x": -0.4936606287956238,
    "y": 7.126469135284424,
    "loudness": 0.929180264473,
    "raspiness": 0.0253307279199,
    "color": 17.3438186646,
    "location": 597.10333252,
    "stability": 0.388448178768,
    "tonality": 0.423689752817
}