{
    "name": "8b68eef8",
    "x": 0.49730420112609863,
    "y": 7.171991348266602,
    "loudness": 0.977067530155,
    "raspiness": 0.0196357406676,
    "color": 17.7493457794,
    "location": 481.752929688,
    "stability": 0.410812675953,
    "tonality": 0.451548993587
}