{
    "name": "8b68eef8",
    "x": -16.36743927001953,
    "y": 12.911026954650879,
    "loudness": 0.977067530155,
    "raspiness": 0.0196357406676,
    "color": 17.7493457794,
    "location": 481.752929688,
    "stability": 0.410812675953,
    "tonality": 0.451548993587
}