{
    "name": "8b76e49d",
    "x": 9.47015380859375,
    "y": 16.467397689819336,
    "loudness": 0.780263006687,
    "raspiness": 0.128029480577,
    "color": 19.374174118,
    "location": 1568.37683105,
    "stability": 0.532906293869,
    "tonality": 0.448731571436
}