{
    "name": "8b76e49d",
    "x": 10.142016410827637,
    "y": 13.627891540527344,
    "loudness": 0.780263006687,
    "raspiness": 0.128029480577,
    "color": 19.374174118,
    "location": 39.60273767115097,
    "stability": 0.532906293869,
    "tonality": 0.448731571436
}