{
    "name": "8b774232",
    "x": 33.96015930175781,
    "y": 20.0703067779541,
    "loudness": 0.99068403244,
    "raspiness": 0.142517089844,
    "color": 2.61941742897,
    "location": 2852.70849609,
    "stability": 0.634263396263,
    "tonality": 0.478653967381
}