{
    "name": "8b911fb3",
    "x": -8.939918518066406,
    "y": 44.18605041503906,
    "loudness": 0.933911502361,
    "raspiness": 0.0601362735033,
    "color": 11.8697624207,
    "location": 35.673688631118594,
    "stability": 0.813926458359,
    "tonality": 0.403335571289
}