{
    "name": "8b911fb3",
    "x": -17.910493850708008,
    "y": 48.88482666015625,
    "loudness": 0.933911502361,
    "raspiness": 0.0601362735033,
    "color": 11.8697624207,
    "location": 1272.61206055,
    "stability": 0.813926458359,
    "tonality": 0.403335571289
}