{
    "name": "8ba4228c",
    "x": 45.861812591552734,
    "y": 3.616969347000122,
    "loudness": 0.99068403244,
    "raspiness": 0.238943919539,
    "color": 31.8869934082,
    "location": 62.700158009769005,
    "stability": 0.700637340546,
    "tonality": 0.495315760374
}