{
    "name": "8ba4228c",
    "x": 9.40238094329834,
    "y": 8.405416488647461,
    "loudness": 0.99068403244,
    "raspiness": 0.238943919539,
    "color": 31.8869934082,
    "location": 3931.30981445,
    "stability": 0.700637340546,
    "tonality": 0.495315760374
}