{
    "name": "8bace939",
    "x": -15.46171760559082,
    "y": 3.8704912662506104,
    "loudness": 0.99068403244,
    "raspiness": 0.0128906248137,
    "color": 6.62824583054,
    "location": 21.30098361757034,
    "stability": 0.333948969841,
    "tonality": 0.44551807642
}