{
    "name": "8bace939",
    "x": -0.11033368855714798,
    "y": 6.54066276550293,
    "loudness": 0.99068403244,
    "raspiness": 0.0128906248137,
    "color": 6.62824583054,
    "location": 453.731903076,
    "stability": 0.333948969841,
    "tonality": 0.44551807642
}