{
    "name": "8bc4df93",
    "x": -4.30348539352417,
    "y": 8.129781723022461,
    "loudness": 0.96565413475,
    "raspiness": 0.0313765928149,
    "color": 14.6045284271,
    "location": 942.012573242,
    "stability": 0.401140600443,
    "tonality": 0.304683446884
}