{
    "name": "8bc4df93",
    "x": -38.32082748413086,
    "y": 1.3519511222839355,
    "loudness": 0.96565413475,
    "raspiness": 0.0313765928149,
    "color": 14.6045284271,
    "location": 30.692223334942682,
    "stability": 0.401140600443,
    "tonality": 0.304683446884
}