{
    "name": "8bc9a0b0",
    "x": 32.572288513183594,
    "y": 19.077865600585938,
    "loudness": 0.787677943707,
    "raspiness": 0.17854899168,
    "color": 123.658332825,
    "location": 1928.84863281,
    "stability": 0.659553706646,
    "tonality": 0.472001343966
}