{
    "name": "8bc9a0b0",
    "x": 29.733373641967773,
    "y": 16.152420043945312,
    "loudness": 0.787677943707,
    "raspiness": 0.17854899168,
    "color": 123.658332825,
    "location": 43.91865927837506,
    "stability": 0.659553706646,
    "tonality": 0.472001343966
}