{
    "name": "8bd07e1d",
    "x": 9.847338676452637,
    "y": 29.161928176879883,
    "loudness": 0.938533842564,
    "raspiness": 0.0765207707882,
    "color": 17.0074081421,
    "location": 39.231893651594234,
    "stability": 0.608232557774,
    "tonality": 0.483876258135
}