{
    "name": "8bd07e1d",
    "x": 9.365729331970215,
    "y": 38.58705520629883,
    "loudness": 0.938533842564,
    "raspiness": 0.0765207707882,
    "color": 17.0074081421,
    "location": 1539.14147949,
    "stability": 0.608232557774,
    "tonality": 0.483876258135
}