{
    "name": "8bd43789",
    "x": 0.22625301778316498,
    "y": 22.2006778717041,
    "loudness": 0.99068403244,
    "raspiness": 0.0560535266995,
    "color": 6.26896238327,
    "location": 1610.70947266,
    "stability": 0.474076598883,
    "tonality": 0.483260691166
}