{
    "name": "8bd786e4",
    "x": 50.327880859375,
    "y": 18.49819564819336,
    "loudness": 0.926778674126,
    "raspiness": 0.177230998874,
    "color": 31.3398723602,
    "location": 3200.44824219,
    "stability": 0.770898938179,
    "tonality": 0.494388341904
}