{
    "name": "8bd786e4",
    "x": 44.364227294921875,
    "y": 16.479145050048828,
    "loudness": 0.926778674126,
    "raspiness": 0.177230998874,
    "color": 31.3398723602,
    "location": 56.57250429484274,
    "stability": 0.770898938179,
    "tonality": 0.494388341904
}