{
    "name": "8bd954b8",
    "x": -35.630741119384766,
    "y": -6.915189266204834,
    "loudness": 0.978740692139,
    "raspiness": 0.0080975368619,
    "color": 8.16346549988,
    "location": 13.803432888995404,
    "stability": 0.272499740124,
    "tonality": 0.30771574378
}