{
    "name": "8bdab359",
    "x": 5.84591007232666,
    "y": 7.809711456298828,
    "loudness": 0.99068403244,
    "raspiness": 0.110889784992,
    "color": 9.93561077118,
    "location": 2630.01708984,
    "stability": 0.522604465485,
    "tonality": 0.485675156116
}