{
    "name": "8bdab359",
    "x": 18.476755142211914,
    "y": 10.489986419677734,
    "loudness": 0.99068403244,
    "raspiness": 0.110889784992,
    "color": 9.93561077118,
    "location": 51.283692240711375,
    "stability": 0.522604465485,
    "tonality": 0.485675156116
}