{
    "name": "8bf04217",
    "x": 2.5995612144470215,
    "y": 5.5047712326049805,
    "loudness": 0.676054537296,
    "raspiness": 0.0491161495447,
    "color": 16.6251106262,
    "location": 1054.98425293,
    "stability": 0.552051663399,
    "tonality": 0.445267051458
}