{
    "name": "8bf04217",
    "x": -2.1246674060821533,
    "y": 11.370923042297363,
    "loudness": 0.676054537296,
    "raspiness": 0.0491161495447,
    "color": 16.6251106262,
    "location": 32.48052113082547,
    "stability": 0.552051663399,
    "tonality": 0.445267051458
}