{
    "name": "8bf2660c",
    "x": 47.720420837402344,
    "y": -19.070499420166016,
    "loudness": 0.98240172863,
    "raspiness": 0.404205322266,
    "color": 287.647949219,
    "location": 76.88795940054594,
    "stability": 0.713903129101,
    "tonality": 0.4951171875
}