{
    "name": "8bf73516",
    "x": 15.629557609558105,
    "y": -3.096029758453369,
    "loudness": 0.486212968826,
    "raspiness": 0.119241982698,
    "color": 16.6735916138,
    "location": 49.01173478341692,
    "stability": 0.612436592579,
    "tonality": 0.461498677731
}