{
    "name": "8bf73516",
    "x": 5.084935665130615,
    "y": 3.7343623638153076,
    "loudness": 0.486212968826,
    "raspiness": 0.119241982698,
    "color": 16.6735916138,
    "location": 2402.15014648,
    "stability": 0.612436592579,
    "tonality": 0.461498677731
}