{
    "name": "8bff2f37",
    "x": 48.46761703491211,
    "y": 7.921786308288574,
    "loudness": 0.99068403244,
    "raspiness": 0.225930601358,
    "color": 4.52425003052,
    "location": 59.036485673014106,
    "stability": 0.7318598032,
    "tonality": 0.491050988436
}