{
    "name": "8bff2f37",
    "x": 9.327568054199219,
    "y": 8.886005401611328,
    "loudness": 0.99068403244,
    "raspiness": 0.225930601358,
    "color": 4.52425003052,
    "location": 3485.30664062,
    "stability": 0.7318598032,
    "tonality": 0.491050988436
}