{
    "name": "8c048e36",
    "x": -3.306699514389038,
    "y": 7.003063678741455,
    "loudness": 0.954913318157,
    "raspiness": 0.0083207115531,
    "color": 4.15411520004,
    "location": 540.150695801,
    "stability": 0.241505503654,
    "tonality": 0.346067279577
}