{
    "name": "8c048e36",
    "x": -29.01066780090332,
    "y": -5.98172664642334,
    "loudness": 0.954913318157,
    "raspiness": 0.0083207115531,
    "color": 4.15411520004,
    "location": 23.24114230843656,
    "stability": 0.241505503654,
    "tonality": 0.346067279577
}