{
    "name": "8c0e42bb",
    "x": 6.587960720062256,
    "y": 10.993550300598145,
    "loudness": 0.962874770164,
    "raspiness": 0.10423039645,
    "color": 14.6626272202,
    "location": 2267.87158203,
    "stability": 0.727203667164,
    "tonality": 0.481948047876
}