{
    "name": "8c0e42bb",
    "x": 29.503149032592773,
    "y": 30.603689193725586,
    "loudness": 0.962874770164,
    "raspiness": 0.10423039645,
    "color": 14.6626272202,
    "location": 47.622175318122544,
    "stability": 0.727203667164,
    "tonality": 0.481948047876
}