{
    "name": "8c0e42bb",
    "x": 33.2452392578125,
    "y": 37.90925598144531,
    "loudness": 0.962874770164,
    "raspiness": 0.10423039645,
    "color": 14.6626272202,
    "location": 2267.87158203,
    "stability": 0.727203667164,
    "tonality": 0.481948047876
}