{
    "name": "8c1a31cf",
    "x": 22.35047149658203,
    "y": 34.43010330200195,
    "loudness": 0.832550466061,
    "raspiness": 0.0850992575288,
    "color": 22.7118301392,
    "location": 1893.24658203,
    "stability": 0.699881613255,
    "tonality": 0.478217631578
}