{
    "name": "8c1a31cf",
    "x": 21.858213424682617,
    "y": 30.18425178527832,
    "loudness": 0.832550466061,
    "raspiness": 0.0850992575288,
    "color": 22.7118301392,
    "location": 43.51145345802642,
    "stability": 0.699881613255,
    "tonality": 0.478217631578
}