{
    "name": "8c1a31cf",
    "x": 5.50078010559082,
    "y": 11.096053123474121,
    "loudness": 0.832550466061,
    "raspiness": 0.0850992575288,
    "color": 22.7118301392,
    "location": 1893.24658203,
    "stability": 0.699881613255,
    "tonality": 0.478217631578
}