{
    "name": "8c1d4c50",
    "x": -16.78764533996582,
    "y": 37.39915466308594,
    "loudness": 0.793013632298,
    "raspiness": 0.04287520051,
    "color": 7.41769456863,
    "location": 1161.43896484,
    "stability": 0.686038732529,
    "tonality": 0.386425971985
}