{
    "name": "8c214788",
    "x": 9.123796463012695,
    "y": 39.79301834106445,
    "loudness": 0.99068403244,
    "raspiness": 0.0670654326677,
    "color": 16.0923252106,
    "location": 37.1767299924294,
    "stability": 0.694216132164,
    "tonality": 0.458740860224
}