{
    "name": "8c3697ba",
    "x": 32.76444625854492,
    "y": -12.923565864562988,
    "loudness": 0.245910078287,
    "raspiness": 0.310884237289,
    "color": 238.889877319,
    "location": 69.32555600094383,
    "stability": 0.472612202168,
    "tonality": 0.495495468378
}