{
    "name": "8c3697ba",
    "x": 34.371131896972656,
    "y": -17.836111068725586,
    "loudness": 0.245910078287,
    "raspiness": 0.310884237289,
    "color": 238.889877319,
    "location": 4806.03271484,
    "stability": 0.472612202168,
    "tonality": 0.495495468378
}