{
    "name": "8c3aab76",
    "x": -28.80199432373047,
    "y": 19.51873779296875,
    "loudness": 0.976655304432,
    "raspiness": 0.0396241284907,
    "color": 29.6615772247,
    "location": 958.104553223,
    "stability": 0.480922669172,
    "tonality": 0.400698125362
}