{
    "name": "8c3c2bee",
    "x": 28.055946350097656,
    "y": 13.507807731628418,
    "loudness": 0.806871116161,
    "raspiness": 0.142604023218,
    "color": 22.8961791992,
    "location": 51.62262829370469,
    "stability": 0.62404435873,
    "tonality": 0.489946842194
}