{
    "name": "8c3c2bee",
    "x": 7.333212852478027,
    "y": 9.552361488342285,
    "loudness": 0.806871116161,
    "raspiness": 0.142604023218,
    "color": 22.8961791992,
    "location": 2664.89575195,
    "stability": 0.62404435873,
    "tonality": 0.489946842194
}