{
    "name": "8c452b56",
    "x": -29.708282470703125,
    "y": 6.303501605987549,
    "loudness": 0.959033131599,
    "raspiness": 0.0408451743424,
    "color": 19.3378791809,
    "location": 32.135645427313264,
    "stability": 0.401441186666,
    "tonality": 0.353569120169
}