{
    "name": "8c452b56",
    "x": -2.7172622680664062,
    "y": 8.21007251739502,
    "loudness": 0.959033131599,
    "raspiness": 0.0408451743424,
    "color": 19.3378791809,
    "location": 1032.69970703,
    "stability": 0.401441186666,
    "tonality": 0.353569120169
}