{
    "name": "8c4c25d9",
    "x": 7.344298362731934,
    "y": 29.03131103515625,
    "loudness": 0.99068403244,
    "raspiness": 0.091385692358,
    "color": 9.97878932953,
    "location": 38.47600967239197,
    "stability": 0.603581428528,
    "tonality": 0.452238798141
}