{
    "name": "8c4d172c",
    "x": -1.4908748865127563,
    "y": 45.82442855834961,
    "loudness": 0.986356139183,
    "raspiness": 0.0604723282158,
    "color": 4.20329761505,
    "location": 1032.49658203,
    "stability": 0.617885410786,
    "tonality": 0.468495726585
}