{
    "name": "8c4d172c",
    "x": 2.3395180702209473,
    "y": 10.397969245910645,
    "loudness": 0.986356139183,
    "raspiness": 0.0604723282158,
    "color": 4.20329761505,
    "location": 1032.49658203,
    "stability": 0.617885410786,
    "tonality": 0.468495726585
}