{
    "name": "8c4e655a",
    "x": -0.3604101836681366,
    "y": 25.125017166137695,
    "loudness": 0.757748603821,
    "raspiness": 0.0277889482677,
    "color": 5.15949964523,
    "location": 27.435427785146707,
    "stability": 0.601062655449,
    "tonality": 0.469101935625
}