{
    "name": "8c4e655a",
    "x": -1.9575767517089844,
    "y": 31.786184310913086,
    "loudness": 0.757748603821,
    "raspiness": 0.0277889482677,
    "color": 5.15949964523,
    "location": 752.702697754,
    "stability": 0.601062655449,
    "tonality": 0.469101935625
}