{
    "name": "8c525564",
    "x": 1.8482948541641235,
    "y": 0.46626994013786316,
    "loudness": 0.138247296214,
    "raspiness": 0.0297927949578,
    "color": 9.76898288727,
    "location": 850.785827637,
    "stability": 0.369463652372,
    "tonality": 0.276697278023
}