{
    "name": "8c593c6e",
    "x": -0.3146483302116394,
    "y": -17.202392578125,
    "loudness": 0.214412420988,
    "raspiness": 0.0234344284981,
    "color": 5.9707493782,
    "location": 21.189684909927283,
    "stability": 0.515234410763,
    "tonality": 0.458649247885
}