{
    "name": "8c5de0f8",
    "x": 0.4978530704975128,
    "y": 9.213951110839844,
    "loudness": 0.99068403244,
    "raspiness": 0.073974609375,
    "color": 9.66576194763,
    "location": 1297.88012695,
    "stability": 0.546110987663,
    "tonality": 0.440411239862
}