{
    "name": "8c5de0f8",
    "x": -4.249373912811279,
    "y": 24.684843063354492,
    "loudness": 0.99068403244,
    "raspiness": 0.073974609375,
    "color": 9.66576194763,
    "location": 36.02610341058272,
    "stability": 0.546110987663,
    "tonality": 0.440411239862
}