{
    "name": "8c639bdb",
    "x": 22.66391372680664,
    "y": -19.690977096557617,
    "loudness": 0.010902127251,
    "raspiness": 0.190398752689,
    "color": 101.301841736,
    "location": 2481.21679688,
    "stability": 0.657264113426,
    "tonality": 0.488111823797
}