{
    "name": "8c639bdb",
    "x": 23.395902633666992,
    "y": -18.951852798461914,
    "loudness": 0.010902127251,
    "raspiness": 0.190398752689,
    "color": 101.301841736,
    "location": 49.811813828448365,
    "stability": 0.657264113426,
    "tonality": 0.488111823797
}