{
    "name": "8c70ed9b",
    "x": -5.938511371612549,
    "y": 20.875179290771484,
    "loudness": 0.99068403244,
    "raspiness": 0.0311226230115,
    "color": 5.94312524796,
    "location": 1260.0645752,
    "stability": 0.46541544795,
    "tonality": 0.473974972963
}