{
    "name": "8c70ed9b",
    "x": -3.920269012451172,
    "y": 16.3973388671875,
    "loudness": 0.99068403244,
    "raspiness": 0.0311226230115,
    "color": 5.94312524796,
    "location": 35.49738828702754,
    "stability": 0.46541544795,
    "tonality": 0.473974972963
}