{
    "name": "8c7f9a97",
    "x": 33.6053352355957,
    "y": 27.613569259643555,
    "loudness": 0.99068403244,
    "raspiness": 0.122682884336,
    "color": 10.474357605,
    "location": 49.4801984541291,
    "stability": 0.731157004833,
    "tonality": 0.481176376343
}