{
    "name": "8c7f9a97",
    "x": 7.02608060836792,
    "y": 10.921806335449219,
    "loudness": 0.99068403244,
    "raspiness": 0.122682884336,
    "color": 10.474357605,
    "location": 2448.29003906,
    "stability": 0.731157004833,
    "tonality": 0.481176376343
}