{
    "name": "8c8112f6",
    "x": -33.28398895263672,
    "y": 13.621639251708984,
    "loudness": 0.979308962822,
    "raspiness": 0.0370787382126,
    "color": 25.4652805328,
    "location": 33.96593968360069,
    "stability": 0.477031201124,
    "tonality": 0.349661231041
}