{
    "name": "8c880b2a",
    "x": 44.95811080932617,
    "y": 6.433446884155273,
    "loudness": 0.99068403244,
    "raspiness": 0.272852838039,
    "color": 23.7054386139,
    "location": 54.28551140083328,
    "stability": 0.744616568089,
    "tonality": 0.470387369394
}