{
    "name": "8c955bf1",
    "x": 42.78957748413086,
    "y": 2.8193459510803223,
    "loudness": 0.951182842255,
    "raspiness": 0.243047297001,
    "color": 13.099187851,
    "location": 59.59457139245151,
    "stability": 0.656485795975,
    "tonality": 0.49516633153
}