{
    "name": "8c955bf1",
    "x": 45.52585983276367,
    "y": 1.9778367280960083,
    "loudness": 0.951182842255,
    "raspiness": 0.243047297001,
    "color": 13.099187851,
    "location": 3551.51293945,
    "stability": 0.656485795975,
    "tonality": 0.49516633153
}