{
    "name": "8c9da787",
    "x": -20.592403411865234,
    "y": 1.9779982566833496,
    "loudness": 0.706581175327,
    "raspiness": 0.0129014756531,
    "color": 6.96998357773,
    "location": 22.430071862992325,
    "stability": 0.353905290365,
    "tonality": 0.394529312849
}