{
    "name": "8c9db47d",
    "x": 9.000805854797363,
    "y": -22.89818000793457,
    "loudness": 0.0681309476495,
    "raspiness": 0.0832824707031,
    "color": 61.4953155518,
    "location": 33.22176315128383,
    "stability": 0.607486784458,
    "tonality": 0.461466193199
}