{
    "name": "8c9da787",
    "x": -21.99931526184082,
    "y": -3.020562171936035,
    "loudness": 0.706581175327,
    "raspiness": 0.0129014756531,
    "color": 6.96998357773,
    "location": 503.108123779,
    "stability": 0.353905290365,
    "tonality": 0.394529312849
}