{
    "name": "8ca18c58",
    "x": -14.04122257232666,
    "y": 33.30878448486328,
    "loudness": 0.97246915102,
    "raspiness": 0.0648309588432,
    "color": 29.5290603638,
    "location": 37.18499203724535,
    "stability": 0.619482398033,
    "tonality": 0.407438904047
}