{
    "name": "8ca18c58",
    "x": -0.2859230041503906,
    "y": 10.430959701538086,
    "loudness": 0.97246915102,
    "raspiness": 0.0648309588432,
    "color": 29.5290603638,
    "location": 1382.72363281,
    "stability": 0.619482398033,
    "tonality": 0.407438904047
}