{
    "name": "8cb2b991",
    "x": 48.72796630859375,
    "y": -11.412192344665527,
    "loudness": 0.99068403244,
    "raspiness": 0.432350844145,
    "color": 154.752944946,
    "location": 67.69859385083268,
    "stability": 0.706326305866,
    "tonality": 0.491148918867
}