{
    "name": "8cb2b991",
    "x": 48.61648941040039,
    "y": -17.49165916442871,
    "loudness": 0.99068403244,
    "raspiness": 0.432350844145,
    "color": 154.752944946,
    "location": 4583.09960938,
    "stability": 0.706326305866,
    "tonality": 0.491148918867
}