{
    "name": "8cce99fa",
    "x": -19.894506454467773,
    "y": 3.4834444522857666,
    "loudness": 0.990397930145,
    "raspiness": 0.0834732651711,
    "color": 11.5147476196,
    "location": 34.62843542581732,
    "stability": 0.311326682568,
    "tonality": 0.391803383827
}