{
    "name": "8cce99fa",
    "x": -2.0902373790740967,
    "y": 6.949287414550781,
    "loudness": 0.990397930145,
    "raspiness": 0.0834732651711,
    "color": 11.5147476196,
    "location": 1199.12854004,
    "stability": 0.311326682568,
    "tonality": 0.391803383827
}