{
    "name": "8cd1bd28",
    "x": 5.8659844398498535,
    "y": 10.448488235473633,
    "loudness": 0.818307816982,
    "raspiness": 0.102258108556,
    "color": 6.30887079239,
    "location": 2207.80175781,
    "stability": 0.628499090672,
    "tonality": 0.483341574669
}