{
    "name": "8cd1bd28",
    "x": 21.319211959838867,
    "y": 21.830137252807617,
    "loudness": 0.818307816982,
    "raspiness": 0.102258108556,
    "color": 6.30887079239,
    "location": 46.987251013546214,
    "stability": 0.628499090672,
    "tonality": 0.483341574669
}