{
    "name": "8cd809d3",
    "x": 21.504945755004883,
    "y": -16.818904876708984,
    "loudness": 0.0611716881394,
    "raspiness": 0.142572760582,
    "color": 58.6398239136,
    "location": 54.49243111506404,
    "stability": 0.63851493597,
    "tonality": 0.494542509317
}