{
    "name": "8ce07f01",
    "x": 4.356969356536865,
    "y": 1.892154574394226,
    "loudness": 0.0746062844992,
    "raspiness": 0.0591400451958,
    "color": 12.1412849426,
    "location": 1220.83569336,
    "stability": 0.476585775614,
    "tonality": 0.426113784313
}