{
    "name": "8ce07f01",
    "x": 0.9071304202079773,
    "y": -19.17980194091797,
    "loudness": 0.0746062844992,
    "raspiness": 0.0591400451958,
    "color": 12.1412849426,
    "location": 34.94045926086262,
    "stability": 0.476585775614,
    "tonality": 0.426113784313
}