{
    "name": "8ce2e863",
    "x": -17.196191787719727,
    "y": -3.1089026927948,
    "loudness": 0.99068403244,
    "raspiness": 0.00554011436179,
    "color": 17.2683143616,
    "location": 15.540556485338612,
    "stability": 0.248285055161,
    "tonality": 0.435072779655
}