{
    "name": "8ce2e863",
    "x": -18.692529678344727,
    "y": -6.299135208129883,
    "loudness": 0.99068403244,
    "raspiness": 0.00554011436179,
    "color": 17.2683143616,
    "location": 241.508895874,
    "stability": 0.248285055161,
    "tonality": 0.435072779655
}