{
    "name": "8ce4c32b",
    "x": -1.073598027229309,
    "y": 7.885631561279297,
    "loudness": 0.99068403244,
    "raspiness": 0.0766927078366,
    "color": 14.7754449844,
    "location": 1640.92077637,
    "stability": 0.369461476803,
    "tonality": 0.401028335094
}