{
    "name": "8ce4c32b",
    "x": -15.886297225952148,
    "y": 8.633646965026855,
    "loudness": 0.99068403244,
    "raspiness": 0.0766927078366,
    "color": 14.7754449844,
    "location": 40.508280343282905,
    "stability": 0.369461476803,
    "tonality": 0.401028335094
}