{
    "name": "8cec30c7",
    "x": -2.567302703857422,
    "y": 17.227745056152344,
    "loudness": 0.952212810516,
    "raspiness": 0.0428675226867,
    "color": 4.52902126312,
    "location": 1557.33032227,
    "stability": 0.43634340167,
    "tonality": 0.470317602158
}