{
    "name": "8cfbfd2c",
    "x": -14.8518705368042,
    "y": -16.669158935546875,
    "loudness": 0.875158548355,
    "raspiness": 0.00456568133086,
    "color": 21.6860523224,
    "location": 453.290435791,
    "stability": 0.0598183460534,
    "tonality": 0.465587735176
}