{
    "name": "8cfbfd2c",
    "x": -14.08014965057373,
    "y": -10.929614067077637,
    "loudness": 0.875158548355,
    "raspiness": 0.00456568133086,
    "color": 21.6860523224,
    "location": 21.290618492448733,
    "stability": 0.0598183460534,
    "tonality": 0.465587735176
}