{
    "name": "8d1109d2",
    "x": 6.192164421081543,
    "y": 11.125186920166016,
    "loudness": 0.639459013939,
    "raspiness": 0.124252781272,
    "color": 8.3184223175,
    "location": 2218.51074219,
    "stability": 0.716337859631,
    "tonality": 0.482335627079
}