{
    "name": "8d1109d2",
    "x": 24.557649612426758,
    "y": 14.166768074035645,
    "loudness": 0.639459013939,
    "raspiness": 0.124252781272,
    "color": 8.3184223175,
    "location": 47.10106943785884,
    "stability": 0.716337859631,
    "tonality": 0.482335627079
}