{
    "name": "8d1c02e7",
    "x": 17.101211547851562,
    "y": 21.973953247070312,
    "loudness": 0.932911574841,
    "raspiness": 0.0628006011248,
    "color": 21.0454711914,
    "location": 2820.17993164,
    "stability": 0.563894093037,
    "tonality": 0.492754906416
}