{
    "name": "8d1e3202",
    "x": 3.6142096519470215,
    "y": 2.09712553024292,
    "loudness": 0.000437054899521,
    "raspiness": 0.0515533387661,
    "color": 4.66470909119,
    "location": 415.329162598,
    "stability": 0.631556630135,
    "tonality": 0.418618738651
}