{
    "name": "8d1e3202",
    "x": -2.947614908218384,
    "y": -20.868610382080078,
    "loudness": 0.000437054899521,
    "raspiness": 0.0515533387661,
    "color": 4.66470909119,
    "location": 415.329162598,
    "stability": 0.631556630135,
    "tonality": 0.418618738651
}