{
    "name": "8d314fba",
    "x": -29.857044219970703,
    "y": -1.1670987606048584,
    "loudness": 0.963744819164,
    "raspiness": 0.0561234503984,
    "color": 24.46525383,
    "location": 35.412338124021126,
    "stability": 0.318723410368,
    "tonality": 0.339343070984
}