{
    "name": "8d314fba",
    "x": -30.656705856323242,
    "y": -5.584077835083008,
    "loudness": 0.963744819164,
    "raspiness": 0.0561234503984,
    "color": 24.46525383,
    "location": 1254.03369141,
    "stability": 0.318723410368,
    "tonality": 0.339343070984
}