{
    "name": "8d31e024",
    "x": 48.2868766784668,
    "y": -2.7815134525299072,
    "loudness": 0.959688425064,
    "raspiness": 0.339637905359,
    "color": 96.1747817993,
    "location": 57.53712286698041,
    "stability": 0.734397530556,
    "tonality": 0.491764754057
}