{
    "name": "8d3a58d0",
    "x": 6.654659748077393,
    "y": 7.550873756408691,
    "loudness": 0.99068403244,
    "raspiness": 0.148026317358,
    "color": 24.0629997253,
    "location": 2830.96948242,
    "stability": 0.485882848501,
    "tonality": 0.489273995161
}