{
    "name": "8d3acc31",
    "x": 44.416297912597656,
    "y": 7.597657680511475,
    "loudness": 0.99068403244,
    "raspiness": 0.201085701585,
    "color": 26.396566391,
    "location": 61.637682122383545,
    "stability": 0.703972458839,
    "tonality": 0.487520605326
}