{
    "name": "8d3fff7f",
    "x": 3.914966344833374,
    "y": 7.92363166809082,
    "loudness": 0.99068403244,
    "raspiness": 0.0899414047599,
    "color": 18.4173049927,
    "location": 2266.24121094,
    "stability": 0.498671114445,
    "tonality": 0.449507534504
}