{
    "name": "8d3fff7f",
    "x": 6.142917156219482,
    "y": 19.004106521606445,
    "loudness": 0.99068403244,
    "raspiness": 0.0899414047599,
    "color": 18.4173049927,
    "location": 2266.24121094,
    "stability": 0.498671114445,
    "tonality": 0.449507534504
}