{
    "name": "8d458e5a",
    "x": -14.620574951171875,
    "y": 8.846236228942871,
    "loudness": 0.99068403244,
    "raspiness": 0.0304687507451,
    "color": 8.62640953064,
    "location": 819.994750977,
    "stability": 0.37125068903,
    "tonality": 0.454319536686
}