{
    "name": "8d458e5a",
    "x": -11.966548919677734,
    "y": 7.455938339233398,
    "loudness": 0.99068403244,
    "raspiness": 0.0304687507451,
    "color": 8.62640953064,
    "location": 28.635550474488873,
    "stability": 0.37125068903,
    "tonality": 0.454319536686
}