{
    "name": "8d458e5a",
    "x": 0.3230179250240326,
    "y": 6.674027919769287,
    "loudness": 0.99068403244,
    "raspiness": 0.0304687507451,
    "color": 8.62640953064,
    "location": 819.994750977,
    "stability": 0.37125068903,
    "tonality": 0.454319536686
}