{
    "name": "8d490c5e",
    "x": -30.747751235961914,
    "y": -9.051663398742676,
    "loudness": 0.99068403244,
    "raspiness": 0.012939453125,
    "color": 16.7911701202,
    "location": 395.404876709,
    "stability": 0.282743632793,
    "tonality": 0.352466076612
}