{
    "name": "8d490c5e",
    "x": -28.335472106933594,
    "y": -4.078061580657959,
    "loudness": 0.99068403244,
    "raspiness": 0.012939453125,
    "color": 16.7911701202,
    "location": 19.884790084609897,
    "stability": 0.282743632793,
    "tonality": 0.352466076612
}