{
    "name": "8d4a12e6",
    "x": -0.18622298538684845,
    "y": 11.210274696350098,
    "loudness": 0.976840674877,
    "raspiness": 0.0555344000459,
    "color": 30.6598777771,
    "location": 1404.76757812,
    "stability": 0.727237820625,
    "tonality": 0.400753796101
}