{
    "name": "8d4f9ffa",
    "x": -24.461660385131836,
    "y": -1.4098888635635376,
    "loudness": 0.99068403244,
    "raspiness": 0.00736305909231,
    "color": 14.3361787796,
    "location": 342.08303833,
    "stability": 0.300526976585,
    "tonality": 0.397601425648
}