{
    "name": "8d50a022",
    "x": 1.0604302883148193,
    "y": -26.988086700439453,
    "loudness": 0.0883878394961,
    "raspiness": 0.0280500333756,
    "color": 7.2637257576,
    "location": 945.377075195,
    "stability": 0.43789255619,
    "tonality": 0.468653827906
}