{
    "name": "8d51290f",
    "x": -38.201210021972656,
    "y": 3.797581911087036,
    "loudness": 0.619880795479,
    "raspiness": 0.0202627368271,
    "color": 11.7539138794,
    "location": 20.091645648229015,
    "stability": 0.524212360382,
    "tonality": 0.265945196152
}