{
    "name": "8d5d3920",
    "x": 17.955228805541992,
    "y": 5.006841659545898,
    "loudness": 0.769563496113,
    "raspiness": 0.157091870904,
    "color": 47.4611587524,
    "location": 46.63568859971942,
    "stability": 0.511040508747,
    "tonality": 0.475760996342
}