{
    "name": "8d5d3920",
    "x": 5.5713791847229,
    "y": 5.982387542724609,
    "loudness": 0.769563496113,
    "raspiness": 0.157091870904,
    "color": 47.4611587524,
    "location": 2174.88745117,
    "stability": 0.511040508747,
    "tonality": 0.475760996342
}