{
    "name": "8d5d3920",
    "x": 16.76982307434082,
    "y": 7.127773761749268,
    "loudness": 0.769563496113,
    "raspiness": 0.157091870904,
    "color": 47.4611587524,
    "location": 2174.88745117,
    "stability": 0.511040508747,
    "tonality": 0.475760996342
}