{
    "name": "8d637767",
    "x": 29.52185821533203,
    "y": 4.675044059753418,
    "loudness": 0.658798754215,
    "raspiness": 0.219383105636,
    "color": 68.631111145,
    "location": 2468.87548828,
    "stability": 0.617367327213,
    "tonality": 0.48231318593
}