{
    "name": "8d647117",
    "x": -9.647931098937988,
    "y": 16.40361213684082,
    "loudness": 0.986510336399,
    "raspiness": 0.0314644388855,
    "color": 27.1543750763,
    "location": 33.81553966240965,
    "stability": 0.460228711367,
    "tonality": 0.440470665693
}