{
    "name": "8d6823f1",
    "x": -13.151006698608398,
    "y": -37.257503509521484,
    "loudness": 0.0456904806197,
    "raspiness": 0.071153357625,
    "color": 27.6577796936,
    "location": 1438.04187012,
    "stability": 0.0824995860457,
    "tonality": 0.336411684752
}