{
    "name": "8d6823f1",
    "x": 2.6125800609588623,
    "y": -0.013848417438566685,
    "loudness": 0.0456904806197,
    "raspiness": 0.071153357625,
    "color": 27.6577796936,
    "location": 1438.04187012,
    "stability": 0.0824995860457,
    "tonality": 0.336411684752
}