{
    "name": "8d740ee0",
    "x": 25.955408096313477,
    "y": 40.039676666259766,
    "loudness": 0.960378527641,
    "raspiness": 0.0905610173941,
    "color": 14.9223709106,
    "location": 42.050689626330744,
    "stability": 0.780252158642,
    "tonality": 0.481146126986
}