{
    "name": "8d742748",
    "x": 3.5256733894348145,
    "y": 7.279452800750732,
    "loudness": 0.99068403244,
    "raspiness": 0.087890625,
    "color": 11.6321058273,
    "location": 2139.07128906,
    "stability": 0.377405375242,
    "tonality": 0.455269277096
}