{
    "name": "8d740ee0",
    "x": 5.6597580909729,
    "y": 12.07506275177002,
    "loudness": 0.960378527641,
    "raspiness": 0.0905610173941,
    "color": 14.9223709106,
    "location": 1768.26049805,
    "stability": 0.780252158642,
    "tonality": 0.481146126986
}