{
    "name": "8d742748",
    "x": 4.1583380699157715,
    "y": 8.038346290588379,
    "loudness": 0.99068403244,
    "raspiness": 0.087890625,
    "color": 11.6321058273,
    "location": 46.25009501676726,
    "stability": 0.377405375242,
    "tonality": 0.455269277096
}