{
    "name": "8d7aae4f",
    "x": 33.87049102783203,
    "y": 36.60137939453125,
    "loudness": 0.960697352886,
    "raspiness": 0.119459666312,
    "color": 28.089799881,
    "location": 2129.0012207,
    "stability": 0.733418047428,
    "tonality": 0.480173647404
}