{
    "name": "8d7e73e0",
    "x": 23.095136642456055,
    "y": -18.08716583251953,
    "loudness": 0.107271879911,
    "raspiness": 0.199790045619,
    "color": 4.60129499435,
    "location": 49.86597515861893,
    "stability": 0.699562430382,
    "tonality": 0.482987135649
}