{
    "name": "8d7e73e0",
    "x": 6.5558319091796875,
    "y": 3.0062849521636963,
    "loudness": 0.107271879911,
    "raspiness": 0.199790045619,
    "color": 4.60129499435,
    "location": 2486.61547852,
    "stability": 0.699562430382,
    "tonality": 0.482987135649
}