{
    "name": "8d7e73e0",
    "x": 22.454866409301758,
    "y": -17.91870880126953,
    "loudness": 0.107271879911,
    "raspiness": 0.199790045619,
    "color": 4.60129499435,
    "location": 2486.61547852,
    "stability": 0.699562430382,
    "tonality": 0.482987135649
}