{
    "name": "8d8a80b5",
    "x": -26.59715461730957,
    "y": -4.573975563049316,
    "loudness": 0.99068403244,
    "raspiness": 0.0559225641191,
    "color": 18.0469226837,
    "location": 1292.99707031,
    "stability": 0.274568706751,
    "tonality": 0.354828894138
}