{
    "name": "8d8a80b5",
    "x": -25.433998107910156,
    "y": -1.5436629056930542,
    "loudness": 0.99068403244,
    "raspiness": 0.0559225641191,
    "color": 18.0469226837,
    "location": 35.958268455391455,
    "stability": 0.274568706751,
    "tonality": 0.354828894138
}