{
    "name": "8d8ed10d",
    "x": -11.40744686126709,
    "y": 19.698659896850586,
    "loudness": 0.99068403244,
    "raspiness": 0.0735746324062,
    "color": 28.0594062805,
    "location": 29.243195614467307,
    "stability": 0.478425949812,
    "tonality": 0.431886702776
}