{
    "name": "8d8ed10d",
    "x": -14.460845947265625,
    "y": 23.602022171020508,
    "loudness": 0.99068403244,
    "raspiness": 0.0735746324062,
    "color": 28.0594062805,
    "location": 855.164489746,
    "stability": 0.478425949812,
    "tonality": 0.431886702776
}