{
    "name": "8d8fb79c",
    "x": 3.8039793968200684,
    "y": -13.812239646911621,
    "loudness": 0.174080222845,
    "raspiness": 0.100886419415,
    "color": 14.0522871017,
    "location": 43.32068656854367,
    "stability": 0.237220808864,
    "tonality": 0.489275813103
}