{
    "name": "8d8fb79c",
    "x": 4.943279266357422,
    "y": 0.8979429602622986,
    "loudness": 0.174080222845,
    "raspiness": 0.100886419415,
    "color": 14.0522871017,
    "location": 1876.68188477,
    "stability": 0.237220808864,
    "tonality": 0.489275813103
}