{
    "name": "8d915840",
    "x": -2.790011405944824,
    "y": 9.067584991455078,
    "loudness": 0.690377354622,
    "raspiness": 0.0600014552474,
    "color": 9.35153102875,
    "location": 29.363531463023993,
    "stability": 0.513511419296,
    "tonality": 0.459034442902
}