{
    "name": "8da48ff3",
    "x": 16.01164436340332,
    "y": 11.838260650634766,
    "loudness": 0.822759926319,
    "raspiness": 0.107310578227,
    "color": 23.5743141174,
    "location": 48.3744726029132,
    "stability": 0.540784299374,
    "tonality": 0.470733702183
}