{
    "name": "8da6c391",
    "x": -3.890702486038208,
    "y": 1.1324200630187988,
    "loudness": 0.812830984592,
    "raspiness": 0.057455483824,
    "color": 37.5789985657,
    "location": 41.51918266656992,
    "stability": 0.303786277771,
    "tonality": 0.455564558506
}