{
    "name": "8da6c391",
    "x": -3.6250903606414795,
    "y": 1.137656807899475,
    "loudness": 0.812830984592,
    "raspiness": 0.057455483824,
    "color": 37.5789985657,
    "location": 1723.8425293,
    "stability": 0.303786277771,
    "tonality": 0.455564558506
}