{
    "name": "8da75280",
    "x": -22.940799713134766,
    "y": -25.48044204711914,
    "loudness": 3.38150457537e-05,
    "raspiness": 0.0330314747989,
    "color": 3.88313651085,
    "location": 18.154626245175084,
    "stability": 0.0972477868199,
    "tonality": 0.269805133343
}