{
    "name": "8da75280",
    "x": -19.284563064575195,
    "y": -39.77864074707031,
    "loudness": 3.38150457537e-05,
    "raspiness": 0.0330314747989,
    "color": 3.88313651085,
    "location": 329.590454102,
    "stability": 0.0972477868199,
    "tonality": 0.269805133343
}