{
    "name": "8db20ce5",
    "x": 33.36154556274414,
    "y": -17.29369354248047,
    "loudness": 0.13425719738,
    "raspiness": 0.341780811548,
    "color": 164.542297363,
    "location": 4764.68994141,
    "stability": 0.475088506937,
    "tonality": 0.497932881117
}