{
    "name": "8dccb289",
    "x": 11.34315013885498,
    "y": 5.22961950302124,
    "loudness": 0.710255563259,
    "raspiness": 0.321734458208,
    "color": 834.818725586,
    "location": 3849.81494141,
    "stability": 0.331856220961,
    "tonality": 0.496856182814
}