{
    "name": "8dd47439",
    "x": 0.16024655103683472,
    "y": 11.465933799743652,
    "loudness": 0.792260825634,
    "raspiness": 0.0699633732438,
    "color": 26.0121746063,
    "location": 1679.03149414,
    "stability": 0.740968704224,
    "tonality": 0.438576877117
}