{
    "name": "8dd69b5e",
    "x": -39.80046844482422,
    "y": 20.854433059692383,
    "loudness": 0.99068403244,
    "raspiness": 0.0430980026722,
    "color": 10.2918567657,
    "location": 936.157958984,
    "stability": 0.547963857651,
    "tonality": 0.357884168625
}