{
    "name": "8dd69b5e",
    "x": -32.491249084472656,
    "y": 21.017559051513672,
    "loudness": 0.99068403244,
    "raspiness": 0.0430980026722,
    "color": 10.2918567657,
    "location": 30.59669849810597,
    "stability": 0.547963857651,
    "tonality": 0.357884168625
}