{
    "name": "8dd69b5e",
    "x": -2.8259341716766357,
    "y": 9.872519493103027,
    "loudness": 0.99068403244,
    "raspiness": 0.0430980026722,
    "color": 10.2918567657,
    "location": 936.157958984,
    "stability": 0.547963857651,
    "tonality": 0.357884168625
}