{
    "name": "8dde6929",
    "x": 37.61912536621094,
    "y": 32.69696044921875,
    "loudness": 0.840977787971,
    "raspiness": 0.118668466806,
    "color": 22.8056621552,
    "location": 2340.11376953,
    "stability": 0.791497051716,
    "tonality": 0.491479754448
}