{
    "name": "8dde6929",
    "x": 33.981178283691406,
    "y": 30.084035873413086,
    "loudness": 0.840977787971,
    "raspiness": 0.118668466806,
    "color": 22.8056621552,
    "location": 48.374722423286315,
    "stability": 0.791497051716,
    "tonality": 0.491479754448
}