{
    "name": "8de17a01",
    "x": 6.03370475769043,
    "y": 7.902310371398926,
    "loudness": 0.964476108551,
    "raspiness": 0.115785844624,
    "color": 15.9402332306,
    "location": 2843.66674805,
    "stability": 0.560780882835,
    "tonality": 0.488686323166
}