{
    "name": "8de17a01",
    "x": 22.41034698486328,
    "y": 12.320484161376953,
    "loudness": 0.964476108551,
    "raspiness": 0.115785844624,
    "color": 15.9402332306,
    "location": 53.32604193121781,
    "stability": 0.560780882835,
    "tonality": 0.488686323166
}