{
    "name": "8de2c5c4",
    "x": 9.83582592010498,
    "y": 7.6246418952941895,
    "loudness": 0.99068403244,
    "raspiness": 0.251302093267,
    "color": 135.348388672,
    "location": 3872.58862305,
    "stability": 0.682391285896,
    "tonality": 0.486979424953
}