{
    "name": "8de2c5c4",
    "x": 44.162445068359375,
    "y": -4.052823543548584,
    "loudness": 0.99068403244,
    "raspiness": 0.251302093267,
    "color": 135.348388672,
    "location": 3872.58862305,
    "stability": 0.682391285896,
    "tonality": 0.486979424953
}