{
    "name": "8de5e04d",
    "x": -4.509467601776123,
    "y": 25.130868911743164,
    "loudness": 0.898517847061,
    "raspiness": 0.0394929200411,
    "color": 8.23873901367,
    "location": 31.474399396700168,
    "stability": 0.551280081272,
    "tonality": 0.455081224442
}