{
    "name": "8df80bfa",
    "x": -13.42745590209961,
    "y": -3.993786096572876,
    "loudness": 0.99068403244,
    "raspiness": 0.0280010513961,
    "color": 13.2328510284,
    "location": 891.141906738,
    "stability": 0.243804931641,
    "tonality": 0.4639082551
}