{
    "name": "8dfd2855",
    "x": -0.00454371515661478,
    "y": 27.927330017089844,
    "loudness": 0.957355320454,
    "raspiness": 0.0697049722075,
    "color": 27.2565670013,
    "location": 35.8935873016337,
    "stability": 0.575455844402,
    "tonality": 0.450493574142
}