{
    "name": "8e02faf0",
    "x": 1.7918041944503784,
    "y": 7.873775482177734,
    "loudness": 0.99068403244,
    "raspiness": 0.0451575964689,
    "color": 5.66757488251,
    "location": 1362.49475098,
    "stability": 0.489883840084,
    "tonality": 0.476916253567
}