{
    "name": "8e02faf0",
    "x": -3.4156389236450195,
    "y": 23.890241622924805,
    "loudness": 0.99068403244,
    "raspiness": 0.0451575964689,
    "color": 5.66757488251,
    "location": 1362.49475098,
    "stability": 0.489883840084,
    "tonality": 0.476916253567
}