{
    "name": "8e02faf0",
    "x": -0.7842913269996643,
    "y": 16.89501953125,
    "loudness": 0.99068403244,
    "raspiness": 0.0451575964689,
    "color": 5.66757488251,
    "location": 36.91198654881636,
    "stability": 0.489883840084,
    "tonality": 0.476916253567
}