{
    "name": "8e07e2e1",
    "x": 2.995471477508545,
    "y": 11.873517036437988,
    "loudness": 0.99068403244,
    "raspiness": 0.046142578125,
    "color": 13.2964735031,
    "location": 1019.77886963,
    "stability": 0.731960892677,
    "tonality": 0.455757290125
}