{
    "name": "8e09320a",
    "x": 7.33065128326416,
    "y": 9.213993072509766,
    "loudness": 0.99068403244,
    "raspiness": 0.140107989311,
    "color": 25.4715766907,
    "location": 2669.00634766,
    "stability": 0.671042144299,
    "tonality": 0.477191179991
}