{
    "name": "8e0d525a",
    "x": -0.16073507070541382,
    "y": 8.947185516357422,
    "loudness": 0.628698468208,
    "raspiness": 0.0608655102551,
    "color": 21.0239601135,
    "location": 31.45939804869127,
    "stability": 0.568103730679,
    "tonality": 0.452122032642
}