{
    "name": "8e0d525a",
    "x": -3.7101011276245117,
    "y": 7.379550457000732,
    "loudness": 0.628698468208,
    "raspiness": 0.0608655102551,
    "color": 21.0239601135,
    "location": 989.693725586,
    "stability": 0.568103730679,
    "tonality": 0.452122032642
}