{
    "name": "8e112616",
    "x": 8.47764778137207,
    "y": 6.036784648895264,
    "loudness": 0.52021163702,
    "raspiness": 0.262144327164,
    "color": 127.296478271,
    "location": 3458.21289062,
    "stability": 0.688023626804,
    "tonality": 0.493919700384
}