{
    "name": "8e135724",
    "x": -34.481266021728516,
    "y": 15.000995635986328,
    "loudness": 0.892884790897,
    "raspiness": 0.0157827064395,
    "color": 13.5787630081,
    "location": 26.8218440066674,
    "stability": 0.521306455135,
    "tonality": 0.348491936922
}