{
    "name": "8e135724",
    "x": -40.47614288330078,
    "y": 10.50243091583252,
    "loudness": 0.892884790897,
    "raspiness": 0.0157827064395,
    "color": 13.5787630081,
    "location": 719.411315918,
    "stability": 0.521306455135,
    "tonality": 0.348491936922
}