{
    "name": "8e149650",
    "x": 8.695413589477539,
    "y": 8.922453880310059,
    "loudness": 0.99068403244,
    "raspiness": 0.181425780058,
    "color": 23.9810848236,
    "location": 3393.57104492,
    "stability": 0.709329664707,
    "tonality": 0.486110150814
}