{
    "name": "8e21023c",
    "x": -42.366756439208984,
    "y": 3.7259349822998047,
    "loudness": 0.971554517746,
    "raspiness": 0.034220866859,
    "color": 20.1275634766,
    "location": 997.248535156,
    "stability": 0.465207725763,
    "tonality": 0.325266480446
}