{
    "name": "8e21023c",
    "x": -37.69987487792969,
    "y": 8.315930366516113,
    "loudness": 0.971554517746,
    "raspiness": 0.034220866859,
    "color": 20.1275634766,
    "location": 31.579242156137948,
    "stability": 0.465207725763,
    "tonality": 0.325266480446
}