{
    "name": "8e21023c",
    "x": -3.650438070297241,
    "y": 8.826264381408691,
    "loudness": 0.971554517746,
    "raspiness": 0.034220866859,
    "color": 20.1275634766,
    "location": 997.248535156,
    "stability": 0.465207725763,
    "tonality": 0.325266480446
}