{
    "name": "8e26553c",
    "x": 21.530471801757812,
    "y": -22.547286987304688,
    "loudness": 0.0302418544888,
    "raspiness": 0.189995288849,
    "color": 23.9808616638,
    "location": 2775.44506836,
    "stability": 0.592368960381,
    "tonality": 0.489812463522
}