{
    "name": "8e26553c",
    "x": 22.157878875732422,
    "y": -18.067296981811523,
    "loudness": 0.0302418544888,
    "raspiness": 0.189995288849,
    "color": 23.9808616638,
    "location": 52.68249299682011,
    "stability": 0.592368960381,
    "tonality": 0.489812463522
}