{
    "name": "8e2d8cf6",
    "x": -16.202098846435547,
    "y": 41.32044982910156,
    "loudness": 0.90536236763,
    "raspiness": 0.0325872264802,
    "color": 10.2385854721,
    "location": 562.613891602,
    "stability": 0.656610906124,
    "tonality": 0.419814795256
}