{
    "name": "8e2d8cf6",
    "x": 1.1639524698257446,
    "y": 10.870434761047363,
    "loudness": 0.90536236763,
    "raspiness": 0.0325872264802,
    "color": 10.2385854721,
    "location": 562.613891602,
    "stability": 0.656610906124,
    "tonality": 0.419814795256
}