{
    "name": "8e2d8cf6",
    "x": -11.217459678649902,
    "y": 35.003204345703125,
    "loudness": 0.90536236763,
    "raspiness": 0.0325872264802,
    "color": 10.2385854721,
    "location": 23.71948337552907,
    "stability": 0.656610906124,
    "tonality": 0.419814795256
}