{
    "name": "8e2df31d",
    "x": -2.929306983947754,
    "y": 9.010265350341797,
    "loudness": 0.918061375618,
    "raspiness": 0.0177705865353,
    "color": 11.6269140244,
    "location": 509.001953125,
    "stability": 0.467787533998,
    "tonality": 0.358571469784
}