{
    "name": "8e2f7700",
    "x": 12.330939292907715,
    "y": 20.471830368041992,
    "loudness": 0.712470054626,
    "raspiness": 0.0751099288464,
    "color": 8.65958690643,
    "location": 1682.09338379,
    "stability": 0.604349792004,
    "tonality": 0.482557207346
}