{
    "name": "8e30295e",
    "x": 25.503406524658203,
    "y": 9.294254302978516,
    "loudness": 0.971854507923,
    "raspiness": 0.168304890394,
    "color": 35.5175247192,
    "location": 52.647880455057255,
    "stability": 0.54065567255,
    "tonality": 0.462558835745
}