{
    "name": "8e33db3e",
    "x": 10.160818099975586,
    "y": 6.2815728187561035,
    "loudness": 0.474446237087,
    "raspiness": 0.306007385254,
    "color": 107.796150208,
    "location": 4710.81542969,
    "stability": 0.428992301226,
    "tonality": 0.498582214117
}