{
    "name": "8e3eac13",
    "x": 4.66389799118042,
    "y": 1.9552288055419922,
    "loudness": 0.00296327029355,
    "raspiness": 0.102107807994,
    "color": 6.40989303589,
    "location": 1420.70654297,
    "stability": 0.518919944763,
    "tonality": 0.430715233088
}