{
    "name": "8e3eac13",
    "x": 5.850824356079102,
    "y": -25.64505958557129,
    "loudness": 0.00296327029355,
    "raspiness": 0.102107807994,
    "color": 6.40989303589,
    "location": 1420.70654297,
    "stability": 0.518919944763,
    "tonality": 0.430715233088
}