{
    "name": "8e4222a4",
    "x": -18.13233757019043,
    "y": 7.513190746307373,
    "loudness": 0.893863201141,
    "raspiness": 0.0138146579266,
    "color": 6.31064081192,
    "location": 408.261169434,
    "stability": 0.362292140722,
    "tonality": 0.444470584393
}