{
    "name": "8e4222a4",
    "x": -14.524977684020996,
    "y": 6.134971618652344,
    "loudness": 0.893863201141,
    "raspiness": 0.0138146579266,
    "color": 6.31064081192,
    "location": 20.205473749308627,
    "stability": 0.362292140722,
    "tonality": 0.444470584393
}