{
    "name": "8e48f5a7",
    "x": -3.270933151245117,
    "y": 8.283032417297363,
    "loudness": 0.688222587109,
    "raspiness": 0.027101540938,
    "color": 8.18088150024,
    "location": 556.509094238,
    "stability": 0.417784810066,
    "tonality": 0.337060600519
}