{
    "name": "8e54d47b",
    "x": -28.44533920288086,
    "y": 24.14108657836914,
    "loudness": 0.972377717495,
    "raspiness": 0.0586236901581,
    "color": 28.1656303406,
    "location": 35.517317725301275,
    "stability": 0.564280331135,
    "tonality": 0.361892074347
}