{
    "name": "8e58f5e5",
    "x": -2.4643642902374268,
    "y": 19.152767181396484,
    "loudness": 0.898611187935,
    "raspiness": 0.0461184307933,
    "color": 16.0415115356,
    "location": 33.9669387741963,
    "stability": 0.503605782986,
    "tonality": 0.464680880308
}