{
    "name": "8e61b0a5",
    "x": 2.6746015548706055,
    "y": 5.932601451873779,
    "loudness": 0.742066681385,
    "raspiness": 0.0559151135385,
    "color": 34.1894836426,
    "location": 1344.15332031,
    "stability": 0.485686451197,
    "tonality": 0.478921175003
}