{
    "name": "8e61b0a5",
    "x": 2.2812070846557617,
    "y": 9.545659065246582,
    "loudness": 0.742066681385,
    "raspiness": 0.0559151135385,
    "color": 34.1894836426,
    "location": 36.662696577175005,
    "stability": 0.485686451197,
    "tonality": 0.478921175003
}