{
    "name": "8e71e639",
    "x": 19.02825355529785,
    "y": -16.710596084594727,
    "loudness": 0.146066144109,
    "raspiness": 0.177700459957,
    "color": 16.0738964081,
    "location": 42.70396255583315,
    "stability": 0.705836713314,
    "tonality": 0.479923039675
}