{
    "name": "8e71e639",
    "x": 6.271876335144043,
    "y": 3.0397443771362305,
    "loudness": 0.146066144109,
    "raspiness": 0.177700459957,
    "color": 16.0738964081,
    "location": 1823.62841797,
    "stability": 0.705836713314,
    "tonality": 0.479923039675
}