{
    "name": "8e7512f7",
    "x": 9.679265022277832,
    "y": 7.627574920654297,
    "loudness": 0.99068403244,
    "raspiness": 0.251029342413,
    "color": 124.55809021,
    "location": 3739.02880859,
    "stability": 0.634545683861,
    "tonality": 0.49556222558
}