{
    "name": "8e8abdc1",
    "x": 17.826749801635742,
    "y": 34.05073928833008,
    "loudness": 0.99068403244,
    "raspiness": 0.0859566479921,
    "color": 64.1653137207,
    "location": 41.37417094613498,
    "stability": 0.671843886375,
    "tonality": 0.473021864891
}