{
    "name": "8e985727",
    "x": 0.7438247799873352,
    "y": 5.706198692321777,
    "loudness": 0.99068403244,
    "raspiness": 0.0432272516191,
    "color": 3.89366817474,
    "location": 1471.75878906,
    "stability": 0.278590589762,
    "tonality": 0.477260202169
}