{
    "name": "8e985727",
    "x": -6.175834655761719,
    "y": 0.03548099845647812,
    "loudness": 0.99068403244,
    "raspiness": 0.0432272516191,
    "color": 3.89366817474,
    "location": 38.36350856034938,
    "stability": 0.278590589762,
    "tonality": 0.477260202169
}