{
    "name": "8e985727",
    "x": -5.665836811065674,
    "y": 0.4777224659919739,
    "loudness": 0.99068403244,
    "raspiness": 0.0432272516191,
    "color": 3.89366817474,
    "location": 1471.75878906,
    "stability": 0.278590589762,
    "tonality": 0.477260202169
}