{
    "name": "8e9d1edf",
    "x": -2.085426092147827,
    "y": 42.681793212890625,
    "loudness": 0.982262790203,
    "raspiness": 0.0310705453157,
    "color": 8.18149852753,
    "location": 22.472968924354433,
    "stability": 0.727804839611,
    "tonality": 0.446910113096
}