{
    "name": "8ea4789f",
    "x": 29.64723014831543,
    "y": -1.3082109689712524,
    "loudness": 0.99068403244,
    "raspiness": 0.233041614294,
    "color": 15.4950695038,
    "location": 3548.33984375,
    "stability": 0.395140022039,
    "tonality": 0.474523872137
}