{
    "name": "8ea4789f",
    "x": 7.818556308746338,
    "y": 7.1988677978515625,
    "loudness": 0.99068403244,
    "raspiness": 0.233041614294,
    "color": 15.4950695038,
    "location": 3548.33984375,
    "stability": 0.395140022039,
    "tonality": 0.474523872137
}