{
    "name": "8eaa7d44",
    "x": 13.276174545288086,
    "y": -11.652830123901367,
    "loudness": 0.25680783391,
    "raspiness": 0.0978621989489,
    "color": 12.7722616196,
    "location": 2160.08935547,
    "stability": 0.632412135601,
    "tonality": 0.453384190798
}