{
    "name": "8eaa7d44",
    "x": 5.131034851074219,
    "y": 3.309372663497925,
    "loudness": 0.25680783391,
    "raspiness": 0.0978621989489,
    "color": 12.7722616196,
    "location": 2160.08935547,
    "stability": 0.632412135601,
    "tonality": 0.453384190798
}