{
    "name": "8eab7b01",
    "x": -5.8523945808410645,
    "y": 28.483186721801758,
    "loudness": 0.99068403244,
    "raspiness": 0.0844421386719,
    "color": 6.462433815,
    "location": 932.065673828,
    "stability": 0.50022238493,
    "tonality": 0.469119369984
}