{
    "name": "8eae7d07",
    "x": 2.061650037765503,
    "y": -2.1822168827056885,
    "loudness": 0.556638479233,
    "raspiness": 0.0500188060105,
    "color": 38.1292152405,
    "location": 38.20364423219335,
    "stability": 0.411292612553,
    "tonality": 0.469490766525
}