{
    "name": "8eae7d07",
    "x": 1.399838924407959,
    "y": -4.331991672515869,
    "loudness": 0.556638479233,
    "raspiness": 0.0500188060105,
    "color": 38.1292152405,
    "location": 1459.51843262,
    "stability": 0.411292612553,
    "tonality": 0.469490766525
}