{
    "name": "8eb59f72",
    "x": 1.713956594467163,
    "y": -19.02005958557129,
    "loudness": 0.163921073079,
    "raspiness": 0.0169136598706,
    "color": 4.28918790817,
    "location": 427.561584473,
    "stability": 0.622658908367,
    "tonality": 0.45838919282
}