{
    "name": "8ebeeb5b",
    "x": -1.3118078708648682,
    "y": 15.85409164428711,
    "loudness": 0.954361915588,
    "raspiness": 0.0697334557772,
    "color": 38.7727851868,
    "location": 1958.59924316,
    "stability": 0.442920982838,
    "tonality": 0.44716912508
}