{
    "name": "8ebeeb5b",
    "x": 1.5909677743911743,
    "y": 12.560098648071289,
    "loudness": 0.954361915588,
    "raspiness": 0.0697334557772,
    "color": 38.7727851868,
    "location": 44.25606447889374,
    "stability": 0.442920982838,
    "tonality": 0.44716912508
}