{
    "name": "8ebeeb5b",
    "x": 3.58597469329834,
    "y": 7.713699817657471,
    "loudness": 0.954361915588,
    "raspiness": 0.0697334557772,
    "color": 38.7727851868,
    "location": 1958.59924316,
    "stability": 0.442920982838,
    "tonality": 0.44716912508
}