{
    "name": "8ee44fb5",
    "x": -11.83416748046875,
    "y": 16.35087013244629,
    "loudness": 0.945699095726,
    "raspiness": 0.0767715200782,
    "color": 13.0394935608,
    "location": 41.35163851421126,
    "stability": 0.457443624735,
    "tonality": 0.41516149044
}