{
    "name": "8ee44fb5",
    "x": -0.6569650769233704,
    "y": 8.381756782531738,
    "loudness": 0.945699095726,
    "raspiness": 0.0767715200782,
    "color": 13.0394935608,
    "location": 1709.95800781,
    "stability": 0.457443624735,
    "tonality": 0.41516149044
}