{
    "name": "8eee05c1",
    "x": -7.97191047668457,
    "y": 30.615339279174805,
    "loudness": 0.99068403244,
    "raspiness": 0.0672142356634,
    "color": 23.3791236877,
    "location": 40.85506071871635,
    "stability": 0.599107086658,
    "tonality": 0.416873574257
}