{
    "name": "8eee05c1",
    "x": -10.647266387939453,
    "y": 34.863346099853516,
    "loudness": 0.99068403244,
    "raspiness": 0.0672142356634,
    "color": 23.3791236877,
    "location": 1669.13598633,
    "stability": 0.599107086658,
    "tonality": 0.416873574257
}