{
    "name": "8ef998b5",
    "x": 21.738895416259766,
    "y": 31.86750602722168,
    "loudness": 0.99068403244,
    "raspiness": 0.100434802473,
    "color": 44.8832359314,
    "location": 2222.67041016,
    "stability": 0.628199696541,
    "tonality": 0.464460432529
}