{
    "name": "8f02b1f2",
    "x": 44.66546630859375,
    "y": 12.624910354614258,
    "loudness": 0.952251255512,
    "raspiness": 0.226792886853,
    "color": 32.3153419495,
    "location": 52.41141615115928,
    "stability": 0.760017096996,
    "tonality": 0.489659637213
}