{
    "name": "8f02b1f2",
    "x": 46.81561279296875,
    "y": 12.867072105407715,
    "loudness": 0.952251255512,
    "raspiness": 0.226792886853,
    "color": 32.3153419495,
    "location": 2746.95654297,
    "stability": 0.760017096996,
    "tonality": 0.489659637213
}