{
    "name": "8f0513e9",
    "x": 33.557708740234375,
    "y": -19.225627899169922,
    "loudness": 0.199219748378,
    "raspiness": 0.443462729454,
    "color": 136.353286743,
    "location": 3918.82983398,
    "stability": 0.653645813465,
    "tonality": 0.495583415031
}