{
    "name": "8f0a4562",
    "x": 2.686051368713379,
    "y": 11.436744689941406,
    "loudness": 0.99068403244,
    "raspiness": 0.0508076436818,
    "color": 14.119893074,
    "location": 1095.17419434,
    "stability": 0.677538096905,
    "tonality": 0.457380086184
}