{
    "name": "8f0a4562",
    "x": 0.4829641878604889,
    "y": 52.143470764160156,
    "loudness": 0.99068403244,
    "raspiness": 0.0508076436818,
    "color": 14.119893074,
    "location": 1095.17419434,
    "stability": 0.677538096905,
    "tonality": 0.457380086184
}