{
    "name": "8f0a4562",
    "x": 3.0343074798583984,
    "y": 40.66258239746094,
    "loudness": 0.99068403244,
    "raspiness": 0.0508076436818,
    "color": 14.119893074,
    "location": 33.09341617814637,
    "stability": 0.677538096905,
    "tonality": 0.457380086184
}