{
    "name": "8f10f476",
    "x": 40.342918395996094,
    "y": -13.68941879272461,
    "loudness": 0.99068403244,
    "raspiness": 0.313403308392,
    "color": 365.139221191,
    "location": 66.03285093300153,
    "stability": 0.573992609978,
    "tonality": 0.46750703454
}