{
    "name": "8f15c883",
    "x": 16.8248233795166,
    "y": 21.948467254638672,
    "loudness": 0.99068403244,
    "raspiness": 0.118889085948,
    "color": 52.3783988953,
    "location": 43.76308537569078,
    "stability": 0.58075928688,
    "tonality": 0.475328713655
}