{
    "name": "8f15c883",
    "x": 5.581446170806885,
    "y": 9.433904647827148,
    "loudness": 0.99068403244,
    "raspiness": 0.118889085948,
    "color": 52.3783988953,
    "location": 1915.2076416,
    "stability": 0.58075928688,
    "tonality": 0.475328713655
}