{
    "name": "8f19c3a5",
    "x": -3.52392578125,
    "y": 26.043498992919922,
    "loudness": 0.99068403244,
    "raspiness": 0.0454741939902,
    "color": 5.85986471176,
    "location": 33.88163889335934,
    "stability": 0.54747492075,
    "tonality": 0.457057386637
}