{
    "name": "8f19c3a5",
    "x": -6.907021999359131,
    "y": 33.80574035644531,
    "loudness": 0.99068403244,
    "raspiness": 0.0454741939902,
    "color": 5.85986471176,
    "location": 1147.9654541,
    "stability": 0.54747492075,
    "tonality": 0.457057386637
}