{
    "name": "8f19ac6d",
    "x": 26.024808883666992,
    "y": 34.829742431640625,
    "loudness": 0.99068403244,
    "raspiness": 0.127797931433,
    "color": 13.2013940811,
    "location": 1853.0324707,
    "stability": 0.683128714561,
    "tonality": 0.483901619911
}