{
    "name": "8f19ac6d",
    "x": 24.8162841796875,
    "y": 28.442636489868164,
    "loudness": 0.99068403244,
    "raspiness": 0.127797931433,
    "color": 13.2013940811,
    "location": 43.046863656949505,
    "stability": 0.683128714561,
    "tonality": 0.483901619911
}