{
    "name": "8f223da9",
    "x": -34.52387619018555,
    "y": 6.397889614105225,
    "loudness": 0.805548489094,
    "raspiness": 0.0290278214961,
    "color": 18.3804340363,
    "location": 1025.6763916,
    "stability": 0.495840281248,
    "tonality": 0.356624484062
}