{
    "name": "8f2fd2f4",
    "x": -39.92328643798828,
    "y": -3.836097002029419,
    "loudness": 0.985664725304,
    "raspiness": 0.0073072980158,
    "color": 8.21558952332,
    "location": 13.58787813196012,
    "stability": 0.345038503408,
    "tonality": 0.280323922634
}