{
    "name": "8f2fd2f4",
    "x": -43.40902328491211,
    "y": -15.360978126525879,
    "loudness": 0.985664725304,
    "raspiness": 0.0073072980158,
    "color": 8.21558952332,
    "location": 184.630432129,
    "stability": 0.345038503408,
    "tonality": 0.280323922634
}