{
    "name": "8f339c50",
    "x": -14.482583999633789,
    "y": -21.101137161254883,
    "loudness": 0.000496992899571,
    "raspiness": 0.0256176963449,
    "color": 3.0425992012,
    "location": 17.014439453064565,
    "stability": 0.363027781248,
    "tonality": 0.367182642221
}