{
    "name": "8f339c50",
    "x": -12.315592765808105,
    "y": -30.65335464477539,
    "loudness": 0.000496992899571,
    "raspiness": 0.0256176963449,
    "color": 3.0425992012,
    "location": 289.491149902,
    "stability": 0.363027781248,
    "tonality": 0.367182642221
}