{
    "name": "8f399fa2",
    "x": 31.595197677612305,
    "y": 1.412221074104309,
    "loudness": 0.627654910088,
    "raspiness": 0.188265860081,
    "color": 28.294418335,
    "location": 58.01890939736803,
    "stability": 0.685264468193,
    "tonality": 0.495829284191
}