{
    "name": "8f41f868",
    "x": 8.163951873779297,
    "y": 6.312419891357422,
    "loudness": 0.658550083637,
    "raspiness": 0.231937065721,
    "color": 124.703414917,
    "location": 3448.98071289,
    "stability": 0.490137130022,
    "tonality": 0.467990756035
}