{
    "name": "8f41f868",
    "x": 29.845314025878906,
    "y": -4.0213494300842285,
    "loudness": 0.658550083637,
    "raspiness": 0.231937065721,
    "color": 124.703414917,
    "location": 58.72802323329128,
    "stability": 0.490137130022,
    "tonality": 0.467990756035
}