{
    "name": "8f4390df",
    "x": -13.480798721313477,
    "y": 19.35066032409668,
    "loudness": 0.975887060165,
    "raspiness": 0.0138549804688,
    "color": 8.7393693924,
    "location": 17.00453574314806,
    "stability": 0.489040702581,
    "tonality": 0.448398321867
}