{
    "name": "8f4390df",
    "x": -18.663789749145508,
    "y": 21.76359748840332,
    "loudness": 0.975887060165,
    "raspiness": 0.0138549804688,
    "color": 8.7393693924,
    "location": 289.15423584,
    "stability": 0.489040702581,
    "tonality": 0.448398321867
}