{
    "name": "8f5cdb59",
    "x": 0.45683059096336365,
    "y": 19.513586044311523,
    "loudness": 0.988187670708,
    "raspiness": 0.0799513980746,
    "color": 17.1529273987,
    "location": 43.55340314808936,
    "stability": 0.521925508976,
    "tonality": 0.433579355478
}