{
    "name": "8f5d2164",
    "x": 11.527469635009766,
    "y": 5.863253593444824,
    "loudness": 0.985925078392,
    "raspiness": 0.418679594994,
    "color": 451.369049072,
    "location": 6404.29003906,
    "stability": 0.738685131073,
    "tonality": 0.496988534927
}