{
    "name": "8f5d2164",
    "x": 43.198883056640625,
    "y": -31.400676727294922,
    "loudness": 0.985925078392,
    "raspiness": 0.418679594994,
    "color": 451.369049072,
    "location": 6404.29003906,
    "stability": 0.738685131073,
    "tonality": 0.496988534927
}