{
    "name": "8f5d2164",
    "x": 44.22697067260742,
    "y": -20.58016586303711,
    "loudness": 0.985925078392,
    "raspiness": 0.418679594994,
    "color": 451.369049072,
    "location": 80.02680825236003,
    "stability": 0.738685131073,
    "tonality": 0.496988534927
}