{
    "name": "8f5e0b34",
    "x": 20.407089233398438,
    "y": 12.951693534851074,
    "loudness": 0.601184487343,
    "raspiness": 0.078855253756,
    "color": 20.2295742035,
    "location": 42.761286087885615,
    "stability": 0.742825567722,
    "tonality": 0.482887297869
}