{
    "name": "8f5e0b34",
    "x": 6.115683555603027,
    "y": 11.332042694091797,
    "loudness": 0.601184487343,
    "raspiness": 0.078855253756,
    "color": 20.2295742035,
    "location": 1828.52758789,
    "stability": 0.742825567722,
    "tonality": 0.482887297869
}