{
    "name": "8f5e0b34",
    "x": 21.056623458862305,
    "y": 14.02026653289795,
    "loudness": 0.601184487343,
    "raspiness": 0.078855253756,
    "color": 20.2295742035,
    "location": 1828.52758789,
    "stability": 0.742825567722,
    "tonality": 0.482887297869
}