{
    "name": "8f6071d2",
    "x": 4.280069828033447,
    "y": 0.9167118668556213,
    "loudness": 0.0516442209482,
    "raspiness": 0.021557431668,
    "color": 25.0432796478,
    "location": 1262.66259766,
    "stability": 0.266095012426,
    "tonality": 0.479241907597
}