{
    "name": "8f6fc115",
    "x": -14.992730140686035,
    "y": -2.4132015705108643,
    "loudness": 0.960466623306,
    "raspiness": 0.054525423795,
    "color": 26.2238540649,
    "location": 41.19932374857626,
    "stability": 0.136585488915,
    "tonality": 0.400555878878
}