{
    "name": "8f6fc115",
    "x": -15.420258522033691,
    "y": -3.641923189163208,
    "loudness": 0.960466623306,
    "raspiness": 0.054525423795,
    "color": 26.2238540649,
    "location": 1697.38427734,
    "stability": 0.136585488915,
    "tonality": 0.400555878878
}