{
    "name": "8f7a89f4",
    "x": 6.3407769203186035,
    "y": 10.092911720275879,
    "loudness": 0.868584632874,
    "raspiness": 0.100003547966,
    "color": 41.983757019,
    "location": 2344.14013672,
    "stability": 0.615804433823,
    "tonality": 0.492471545935
}