{
    "name": "8f7a89f4",
    "x": 25.703163146972656,
    "y": 26.492597579956055,
    "loudness": 0.868584632874,
    "raspiness": 0.100003547966,
    "color": 41.983757019,
    "location": 2344.14013672,
    "stability": 0.615804433823,
    "tonality": 0.492471545935
}