{
    "name": "8f7a89f4",
    "x": 23.04583740234375,
    "y": 21.49181365966797,
    "loudness": 0.868584632874,
    "raspiness": 0.100003547966,
    "color": 41.983757019,
    "location": 48.41632097464656,
    "stability": 0.615804433823,
    "tonality": 0.492471545935
}