{
    "name": "8f85b428",
    "x": 36.984317779541016,
    "y": 32.291385650634766,
    "loudness": 0.989919602871,
    "raspiness": 0.140274107456,
    "color": 59.5454940796,
    "location": 2461.01269531,
    "stability": 0.742102265358,
    "tonality": 0.447920829058
}