{
    "name": "8f9ebf7b",
    "x": 4.499818325042725,
    "y": 1.8261831998825073,
    "loudness": 0.0243990458548,
    "raspiness": 0.0615471303463,
    "color": 13.8210439682,
    "location": 1166.82434082,
    "stability": 0.473473221064,
    "tonality": 0.476886659861
}