{
    "name": "8f9ebf7b",
    "x": 4.355072975158691,
    "y": -19.320545196533203,
    "loudness": 0.0243990458548,
    "raspiness": 0.0615471303463,
    "color": 13.8210439682,
    "location": 34.158810588485075,
    "stability": 0.473473221064,
    "tonality": 0.476886659861
}