{
    "name": "8fa096bf",
    "x": -44.6918830871582,
    "y": -11.995589256286621,
    "loudness": 0.905253052711,
    "raspiness": 0.0233313515782,
    "color": 15.1352205276,
    "location": 761.786315918,
    "stability": 0.388941466808,
    "tonality": 0.285498291254
}