{
    "name": "8fa8aab6",
    "x": 19.50080108642578,
    "y": 34.04452896118164,
    "loudness": 0.99068403244,
    "raspiness": 0.0835266113281,
    "color": 32.1478042603,
    "location": 2161.79760742,
    "stability": 0.641309380531,
    "tonality": 0.466256141663
}