{
    "name": "8fb0b956",
    "x": 34.39023208618164,
    "y": -13.53877067565918,
    "loudness": 0.0345085188746,
    "raspiness": 0.376825749874,
    "color": 322.363586426,
    "location": 76.37273996760887,
    "stability": 0.441496163607,
    "tonality": 0.49929702282
}