{
    "name": "8fb0b956",
    "x": 35.43457794189453,
    "y": -19.716819763183594,
    "loudness": 0.0345085188746,
    "raspiness": 0.376825749874,
    "color": 322.363586426,
    "location": 5832.79541016,
    "stability": 0.441496163607,
    "tonality": 0.49929702282
}