{
    "name": "8fb1b5af",
    "x": -24.634082794189453,
    "y": 14.153303146362305,
    "loudness": 0.921150684357,
    "raspiness": 0.064135119319,
    "color": 21.6140823364,
    "location": 1237.23059082,
    "stability": 0.419470459223,
    "tonality": 0.392017185688
}