{
    "name": "8fb1b5af",
    "x": -20.552154541015625,
    "y": 12.600829124450684,
    "loudness": 0.921150684357,
    "raspiness": 0.064135119319,
    "color": 21.6140823364,
    "location": 35.1742887748992,
    "stability": 0.419470459223,
    "tonality": 0.392017185688
}