{
    "name": "8fbdf4c2",
    "x": 7.756898880004883,
    "y": 8.640480041503906,
    "loudness": 0.976140618324,
    "raspiness": 0.174764826894,
    "color": 46.6571426392,
    "location": 2898.48925781,
    "stability": 0.612750291824,
    "tonality": 0.483961105347
}