{
    "name": "8fbdf4c2",
    "x": 35.66846466064453,
    "y": 14.701702117919922,
    "loudness": 0.976140618324,
    "raspiness": 0.174764826894,
    "color": 46.6571426392,
    "location": 2898.48925781,
    "stability": 0.612750291824,
    "tonality": 0.483961105347
}