{
    "name": "8fda0208",
    "x": 1.2733407020568848,
    "y": 36.985408782958984,
    "loudness": 0.99068403244,
    "raspiness": 0.0699129998684,
    "color": 23.5805358887,
    "location": 1475.34362793,
    "stability": 0.578078985214,
    "tonality": 0.453616648912
}