{
    "name": "8fda0208",
    "x": 2.441092014312744,
    "y": 9.785881042480469,
    "loudness": 0.99068403244,
    "raspiness": 0.0699129998684,
    "color": 23.5805358887,
    "location": 1475.34362793,
    "stability": 0.578078985214,
    "tonality": 0.453616648912
}