{
    "name": "8fde3ad1",
    "x": 41.7584342956543,
    "y": -11.587743759155273,
    "loudness": 0.99068403244,
    "raspiness": 0.342058062553,
    "color": 205.279342651,
    "location": 68.16380775382197,
    "stability": 0.537055015564,
    "tonality": 0.493675678968
}