{
    "name": "8fde3ad1",
    "x": 41.83914566040039,
    "y": -16.00412940979004,
    "loudness": 0.99068403244,
    "raspiness": 0.342058062553,
    "color": 205.279342651,
    "location": 4646.3046875,
    "stability": 0.537055015564,
    "tonality": 0.493675678968
}