{
    "name": "8fe0469c",
    "x": -32.54973220825195,
    "y": -3.2323098182678223,
    "loudness": 0.906426846981,
    "raspiness": 0.0171462781727,
    "color": 10.0471248627,
    "location": 20.66186336359816,
    "stability": 0.321709483862,
    "tonality": 0.333350330591
}