{
    "name": "8fe0469c",
    "x": -34.95740509033203,
    "y": -9.72063159942627,
    "loudness": 0.906426846981,
    "raspiness": 0.0171462781727,
    "color": 10.0471248627,
    "location": 426.912597656,
    "stability": 0.321709483862,
    "tonality": 0.333350330591
}