{
    "name": "8fe28f2e",
    "x": -4.087863445281982,
    "y": 7.861165523529053,
    "loudness": 0.99068403244,
    "raspiness": 0.0474992580712,
    "color": 9.29543876648,
    "location": 36.101164349366904,
    "stability": 0.384259134531,
    "tonality": 0.481532037258
}