{
    "name": "8fe6b850",
    "x": 13.933581352233887,
    "y": 38.36470031738281,
    "loudness": 0.924767136574,
    "raspiness": 0.0980186387897,
    "color": 13.841709137,
    "location": 35.62337064526601,
    "stability": 0.711501061916,
    "tonality": 0.472647488117
}