{
    "name": "8fe6b850",
    "x": 14.902618408203125,
    "y": 47.86289596557617,
    "loudness": 0.924767136574,
    "raspiness": 0.0980186387897,
    "color": 13.841709137,
    "location": 1269.02453613,
    "stability": 0.711501061916,
    "tonality": 0.472647488117
}