{
    "name": "8fefc225",
    "x": 1.1728904247283936,
    "y": 5.630253791809082,
    "loudness": 0.99068403244,
    "raspiness": 0.0220424104482,
    "color": 4.20175695419,
    "location": 1992.41943359,
    "stability": 0.315943092108,
    "tonality": 0.484159290791
}