{
    "name": "8ffbd5ae",
    "x": 25.97464942932129,
    "y": 24.09928321838379,
    "loudness": 0.963229119778,
    "raspiness": 0.153407424688,
    "color": 46.1500434875,
    "location": 43.035544674954444,
    "stability": 0.673658549786,
    "tonality": 0.460730224848
}