{
    "name": "8ffd4ff9",
    "x": 4.51596212387085,
    "y": 9.91815185546875,
    "loudness": 0.665347695351,
    "raspiness": 0.0987501516938,
    "color": 6.70730638504,
    "location": 1529.94946289,
    "stability": 0.616471469402,
    "tonality": 0.471834540367
}