{
    "name": "8ffd4ff9",
    "x": 11.11291217803955,
    "y": 14.07686710357666,
    "loudness": 0.665347695351,
    "raspiness": 0.0987501516938,
    "color": 6.70730638504,
    "location": 39.11456842264784,
    "stability": 0.616471469402,
    "tonality": 0.471834540367
}