{
    "name": "902e49cf",
    "x": 46.30744552612305,
    "y": 13.696477890014648,
    "loudness": 0.99068403244,
    "raspiness": 0.220575511456,
    "color": 10.4094896317,
    "location": 2738.16699219,
    "stability": 0.718519628048,
    "tonality": 0.48573628068
}