{
    "name": "902e49cf",
    "x": 42.37024688720703,
    "y": 11.98985481262207,
    "loudness": 0.99068403244,
    "raspiness": 0.220575511456,
    "color": 10.4094896317,
    "location": 52.32749747685246,
    "stability": 0.718519628048,
    "tonality": 0.48573628068
}