{
    "name": "903f5020",
    "x": -28.460617065429688,
    "y": -2.3733766078948975,
    "loudness": 0.932268321514,
    "raspiness": 0.0323569402099,
    "color": 21.0903968811,
    "location": 29.762302964219685,
    "stability": 0.308303564787,
    "tonality": 0.351905792952
}