{
    "name": "906bc87d",
    "x": -13.56810474395752,
    "y": 18.52743911743164,
    "loudness": 0.99068403244,
    "raspiness": 0.0669232532382,
    "color": 73.3285064697,
    "location": 1548.72229004,
    "stability": 0.444964140654,
    "tonality": 0.423376828432
}