{
    "name": "906bc87d",
    "x": -10.740602493286133,
    "y": 15.257302284240723,
    "loudness": 0.99068403244,
    "raspiness": 0.0669232532382,
    "color": 73.3285064697,
    "location": 39.35380909187826,
    "stability": 0.444964140654,
    "tonality": 0.423376828432
}