{
    "name": "909a890d",
    "x": 29.675533294677734,
    "y": -35.45055389404297,
    "loudness": 0.1038563326,
    "raspiness": 0.496192961931,
    "color": 1878.10620117,
    "location": 5611.02246094,
    "stability": 0.385112196207,
    "tonality": 0.497526228428
}