{
    "name": "90a30800",
    "x": 6.578329563140869,
    "y": -16.66905403137207,
    "loudness": 0.185872718692,
    "raspiness": 0.0571419633925,
    "color": 10.4405193329,
    "location": 37.03189609134267,
    "stability": 0.535412549973,
    "tonality": 0.480602294207
}