{
    "name": "90a30800",
    "x": 4.562595367431641,
    "y": 2.8054704666137695,
    "loudness": 0.185872718692,
    "raspiness": 0.0571419633925,
    "color": 10.4405193329,
    "location": 1371.36132812,
    "stability": 0.535412549973,
    "tonality": 0.480602294207
}