{
    "name": "90a3a39c",
    "x": -30.640777587890625,
    "y": -4.315814971923828,
    "loudness": 0.644012928009,
    "raspiness": 0.0261267181486,
    "color": 10.8929462433,
    "location": 27.173741579786174,
    "stability": 0.356150001287,
    "tonality": 0.313366830349
}