{
    "name": "90a3a39c",
    "x": -29.12074851989746,
    "y": -13.307757377624512,
    "loudness": 0.644012928009,
    "raspiness": 0.0261267181486,
    "color": 10.8929462433,
    "location": 738.412231445,
    "stability": 0.356150001287,
    "tonality": 0.313366830349
}