{
    "name": "90a3a39c",
    "x": -3.4265666007995605,
    "y": 7.801242351531982,
    "loudness": 0.644012928009,
    "raspiness": 0.0261267181486,
    "color": 10.8929462433,
    "location": 738.412231445,
    "stability": 0.356150001287,
    "tonality": 0.313366830349
}