{
    "name": "90b05b4d",
    "x": 14.440922737121582,
    "y": 23.16105842590332,
    "loudness": 0.98996168375,
    "raspiness": 0.0839773863554,
    "color": 60.2719650269,
    "location": 46.8865142108048,
    "stability": 0.580801904202,
    "tonality": 0.460150957108
}