{
    "name": "90b05b4d",
    "x": 4.345749855041504,
    "y": 9.483247756958008,
    "loudness": 0.98996168375,
    "raspiness": 0.0839773863554,
    "color": 60.2719650269,
    "location": 2198.34521484,
    "stability": 0.580801904202,
    "tonality": 0.460150957108
}