{
    "name": "90d2cad4",
    "x": 10.987345695495605,
    "y": 6.118712902069092,
    "loudness": 0.920308589935,
    "raspiness": 0.360732585192,
    "color": 426.581634521,
    "location": 4048.40161133,
    "stability": 0.685080945492,
    "tonality": 0.493408918381
}