{
    "name": "90e2a01d",
    "x": 5.646152019500732,
    "y": 21.230731964111328,
    "loudness": 0.677441716194,
    "raspiness": 0.0614267475903,
    "color": 6.14359331131,
    "location": 33.06019050595444,
    "stability": 0.665526866913,
    "tonality": 0.47286939621
}