{
    "name": "90e2a01d",
    "x": 3.1538994312286377,
    "y": 11.087072372436523,
    "loudness": 0.677441716194,
    "raspiness": 0.0614267475903,
    "color": 6.14359331131,
    "location": 1092.97619629,
    "stability": 0.665526866913,
    "tonality": 0.47286939621
}