{
    "name": "90e7eaec",
    "x": -3.8383285999298096,
    "y": 34.14255905151367,
    "loudness": 0.99068403244,
    "raspiness": 0.0303622167557,
    "color": 4.47681283951,
    "location": 28.361093482709727,
    "stability": 0.610338926315,
    "tonality": 0.46343126893
}