{
    "name": "90e7eaec",
    "x": 1.7935068607330322,
    "y": 10.070212364196777,
    "loudness": 0.99068403244,
    "raspiness": 0.0303622167557,
    "color": 4.47681283951,
    "location": 804.351623535,
    "stability": 0.610338926315,
    "tonality": 0.46343126893
}