{
    "name": "90ecea38",
    "x": 23.511215209960938,
    "y": 47.59455871582031,
    "loudness": 0.99068403244,
    "raspiness": 0.0743896514177,
    "color": 26.7036800385,
    "location": 1755.79174805,
    "stability": 0.715557217598,
    "tonality": 0.487752914429
}