{
    "name": "90ecea38",
    "x": 5.158700942993164,
    "y": 11.677721977233887,
    "loudness": 0.99068403244,
    "raspiness": 0.0743896514177,
    "color": 26.7036800385,
    "location": 1755.79174805,
    "stability": 0.715557217598,
    "tonality": 0.487752914429
}