{
    "name": "90f1b37c",
    "x": 47.280967712402344,
    "y": -13.987979888916016,
    "loudness": 0.99068403244,
    "raspiness": 0.328552246094,
    "color": 220.376083374,
    "location": 73.5888433873641,
    "stability": 0.673507750034,
    "tonality": 0.492863804102
}