{
    "name": "90f1c05d",
    "x": 0.0783286839723587,
    "y": 4.941154479980469,
    "loudness": 0.99068403244,
    "raspiness": 0.0380345396698,
    "color": 9.43143367767,
    "location": 653.300598145,
    "stability": 0.150509804487,
    "tonality": 0.478675127029
}