{
    "name": "90fbd4f8",
    "x": -15.316134452819824,
    "y": 28.17108917236328,
    "loudness": 0.954449892044,
    "raspiness": 0.0474959015846,
    "color": 13.174120903,
    "location": 964.302368164,
    "stability": 0.521349072456,
    "tonality": 0.437430202961
}