{
    "name": "90fbd4f8",
    "x": -10.17722225189209,
    "y": 23.267751693725586,
    "loudness": 0.954449892044,
    "raspiness": 0.0474959015846,
    "color": 13.174120903,
    "location": 31.05321832216429,
    "stability": 0.521349072456,
    "tonality": 0.437430202961
}