{
    "name": "910dc153",
    "x": -15.49768352508545,
    "y": -38.398433685302734,
    "loudness": 0.000132085799123,
    "raspiness": 0.0515871606767,
    "color": 1.63020730019,
    "location": 493.508575439,
    "stability": 0.23395653069,
    "tonality": 0.330776751041
}