{
    "name": "911a824f",
    "x": -10.059505462646484,
    "y": 43.150482177734375,
    "loudness": 0.99068403244,
    "raspiness": 0.0274547226727,
    "color": 3.50224399567,
    "location": 737.517822266,
    "stability": 0.607989132404,
    "tonality": 0.465952783823
}