{
    "name": "911a824f",
    "x": -5.31510066986084,
    "y": 33.44723892211914,
    "loudness": 0.99068403244,
    "raspiness": 0.0274547226727,
    "color": 3.50224399567,
    "location": 27.157279360532417,
    "stability": 0.607989132404,
    "tonality": 0.465952783823
}