{
    "name": "912c25f8",
    "x": 36.836517333984375,
    "y": -19.5143985748291,
    "loudness": 0.950817227364,
    "raspiness": 0.277902424335,
    "color": 884.723022461,
    "location": 71.56626627643782,
    "stability": 0.403253883123,
    "tonality": 0.49161824584
}