{
    "name": "912c25f8",
    "x": 11.37533950805664,
    "y": 5.195169925689697,
    "loudness": 0.950817227364,
    "raspiness": 0.277902424335,
    "color": 884.723022461,
    "location": 5121.73046875,
    "stability": 0.403253883123,
    "tonality": 0.49161824584
}