{
    "name": "914d75e2",
    "x": -16.467252731323242,
    "y": 9.53815746307373,
    "loudness": 0.986917257309,
    "raspiness": 0.00716847367585,
    "color": 9.40015506744,
    "location": 14.768745020075334,
    "stability": 0.392101585865,
    "tonality": 0.440342843533
}