{
    "name": "914d75e2",
    "x": -21.16758155822754,
    "y": 10.625127792358398,
    "loudness": 0.986917257309,
    "raspiness": 0.00716847367585,
    "color": 9.40015506744,
    "location": 218.115829468,
    "stability": 0.392101585865,
    "tonality": 0.440342843533
}