{
    "name": "915f042e",
    "x": 19.525697708129883,
    "y": -16.936134338378906,
    "loudness": 0.234798461199,
    "raspiness": 0.14228515327,
    "color": 19.3786830902,
    "location": 2789.56225586,
    "stability": 0.56135725975,
    "tonality": 0.486418992281
}