{
    "name": "915f042e",
    "x": 19.11056900024414,
    "y": -12.975194931030273,
    "loudness": 0.234798461199,
    "raspiness": 0.14228515327,
    "color": 19.3786830902,
    "location": 52.81630672301879,
    "stability": 0.56135725975,
    "tonality": 0.486418992281
}