{
    "name": "916a1e9e",
    "x": -0.7931069731712341,
    "y": 42.9517707824707,
    "loudness": 0.974114358425,
    "raspiness": 0.0390132255852,
    "color": 3.79368519783,
    "location": 26.345283726105514,
    "stability": 0.705118536949,
    "tonality": 0.456686377525
}