{
    "name": "916c8ad4",
    "x": 5.706018924713135,
    "y": -12.299395561218262,
    "loudness": 0.168592557311,
    "raspiness": 0.132148444653,
    "color": 8.46272373199,
    "location": 51.40801668699154,
    "stability": 0.191717401147,
    "tonality": 0.49417963624
}