{
    "name": "916c8ad4",
    "x": 4.990523338317871,
    "y": 0.9108678102493286,
    "loudness": 0.168592557311,
    "raspiness": 0.132148444653,
    "color": 8.46272373199,
    "location": 2642.78417969,
    "stability": 0.191717401147,
    "tonality": 0.49417963624
}