{
    "name": "916d0fc4",
    "x": -14.832816123962402,
    "y": 30.510517120361328,
    "loudness": 0.979765415192,
    "raspiness": 0.0549932457507,
    "color": 27.1621704102,
    "location": 37.01392988943487,
    "stability": 0.590414166451,
    "tonality": 0.410809099674
}