{
    "name": "916f2fba",
    "x": 3.8411734104156494,
    "y": 11.700556755065918,
    "loudness": 0.919388949871,
    "raspiness": 0.076907902956,
    "color": 11.071190834,
    "location": 1086.0201416,
    "stability": 0.723492860794,
    "tonality": 0.468170493841
}