{
    "name": "916f2fba",
    "x": 9.530058860778809,
    "y": 41.32358169555664,
    "loudness": 0.919388949871,
    "raspiness": 0.076907902956,
    "color": 11.071190834,
    "location": 32.95481970213158,
    "stability": 0.723492860794,
    "tonality": 0.468170493841
}