{
    "name": "916f2fba",
    "x": 10.140501976013184,
    "y": 51.31106948852539,
    "loudness": 0.919388949871,
    "raspiness": 0.076907902956,
    "color": 11.071190834,
    "location": 1086.0201416,
    "stability": 0.723492860794,
    "tonality": 0.468170493841
}