{
    "name": "918d0d06",
    "x": -40.24509048461914,
    "y": -7.3373517990112305,
    "loudness": 0.981048643589,
    "raspiness": 0.025243004784,
    "color": 18.7188186646,
    "location": 24.473118573549222,
    "stability": 0.290679335594,
    "tonality": 0.259833544493
}