{
    "name": "918d0d06",
    "x": -41.20405197143555,
    "y": -20.090999603271484,
    "loudness": 0.981048643589,
    "raspiness": 0.025243004784,
    "color": 18.7188186646,
    "location": 598.933532715,
    "stability": 0.290679335594,
    "tonality": 0.259833544493
}