{
    "name": "918e91ba",
    "x": -3.4651150703430176,
    "y": -6.487166404724121,
    "loudness": 0.803977608681,
    "raspiness": 0.0739940628409,
    "color": 28.0406017303,
    "location": 1789.42529297,
    "stability": 0.143904849887,
    "tonality": 0.457888960838
}