{
    "name": "91ad5777",
    "x": 9.72679328918457,
    "y": 34.90221405029297,
    "loudness": 0.988692224026,
    "raspiness": 0.0753789767623,
    "color": 34.6035766602,
    "location": 1978.81433105,
    "stability": 0.599048554897,
    "tonality": 0.451607406139
}