{
    "name": "91ad5777",
    "x": 10.547418594360352,
    "y": 26.220661163330078,
    "loudness": 0.988692224026,
    "raspiness": 0.0753789767623,
    "color": 34.6035766602,
    "location": 44.483865963402955,
    "stability": 0.599048554897,
    "tonality": 0.451607406139
}