{
    "name": "91c20b98",
    "x": 44.368125915527344,
    "y": -4.365522861480713,
    "loudness": 0.99068403244,
    "raspiness": 0.404701918364,
    "color": 4.63616752625,
    "location": 59.54159399965708,
    "stability": 0.583367407322,
    "tonality": 0.485795766115
}