{
    "name": "91c20b98",
    "x": 10.010859489440918,
    "y": 7.226600170135498,
    "loudness": 0.99068403244,
    "raspiness": 0.404701918364,
    "color": 4.63616752625,
    "location": 3545.20141602,
    "stability": 0.583367407322,
    "tonality": 0.485795766115
}