{
    "name": "91c86274",
    "x": 14.486595153808594,
    "y": 7.530853271484375,
    "loudness": 0.955950260162,
    "raspiness": 0.100932657719,
    "color": 16.6670207977,
    "location": 2744.71679688,
    "stability": 0.428835272789,
    "tonality": 0.477993458509
}