{
    "name": "91c86274",
    "x": 13.752876281738281,
    "y": 4.921228408813477,
    "loudness": 0.955950260162,
    "raspiness": 0.100932657719,
    "color": 16.6670207977,
    "location": 52.39004482609268,
    "stability": 0.428835272789,
    "tonality": 0.477993458509
}