{
    "name": "91d51cde",
    "x": -15.172155380249023,
    "y": 32.06197738647461,
    "loudness": 0.977733969688,
    "raspiness": 0.0588248446584,
    "color": 35.4676628113,
    "location": 1254.27416992,
    "stability": 0.555588662624,
    "tonality": 0.424150705338
}