{
    "name": "91dded5f",
    "x": 3.102165460586548,
    "y": 31.73834228515625,
    "loudness": 0.898080945015,
    "raspiness": 0.0544160827994,
    "color": 9.40763378143,
    "location": 34.524681219093104,
    "stability": 0.610992014408,
    "tonality": 0.475204855204
}