{
    "name": "91dded5f",
    "x": 2.7350411415100098,
    "y": 10.520763397216797,
    "loudness": 0.898080945015,
    "raspiness": 0.0544160827994,
    "color": 9.40763378143,
    "location": 1191.95361328,
    "stability": 0.610992014408,
    "tonality": 0.475204855204
}