{
    "name": "91dec7b9",
    "x": 5.463742256164551,
    "y": 11.911828994750977,
    "loudness": 0.99068403244,
    "raspiness": 0.106701359153,
    "color": 27.225528717,
    "location": 1707.33630371,
    "stability": 0.764706671238,
    "tonality": 0.468689233065
}