{
    "name": "91f1da02",
    "x": -3.797787666320801,
    "y": 3.9190731048583984,
    "loudness": 0.608265221119,
    "raspiness": 0.0226421020925,
    "color": 14.5190382004,
    "location": 26.20157479948486,
    "stability": 0.526666224003,
    "tonality": 0.463318347931
}