{
    "name": "91f1da02",
    "x": -5.6348066329956055,
    "y": 1.2013691663742065,
    "loudness": 0.608265221119,
    "raspiness": 0.0226421020925,
    "color": 14.5190382004,
    "location": 686.522521973,
    "stability": 0.526666224003,
    "tonality": 0.463318347931
}