{
    "name": "91f4fbbe",
    "x": -37.3931884765625,
    "y": -11.546077728271484,
    "loudness": 0.926453351974,
    "raspiness": 0.00881958007812,
    "color": 3.51100564003,
    "location": 13.620815929561635,
    "stability": 0.179249763489,
    "tonality": 0.254528194666
}