{
    "name": "922e13bc",
    "x": 35.942684173583984,
    "y": 6.5252203941345215,
    "loudness": 0.99068403244,
    "raspiness": 0.204474955797,
    "color": 35.6940956116,
    "location": 3157.25634766,
    "stability": 0.572373270988,
    "tonality": 0.487588882446
}