{
    "name": "924a5edc",
    "x": -20.50703239440918,
    "y": 17.806682586669922,
    "loudness": 0.99068403244,
    "raspiness": 0.0167100690305,
    "color": 4.1884393692,
    "location": 381.354614258,
    "stability": 0.454319506884,
    "tonality": 0.438972145319
}