{
    "name": "924a5edc",
    "x": -15.311591148376465,
    "y": 15.514925003051758,
    "loudness": 0.99068403244,
    "raspiness": 0.0167100690305,
    "color": 4.1884393692,
    "location": 19.528302902659004,
    "stability": 0.454319506884,
    "tonality": 0.438972145319
}