{
    "name": "924ce025",
    "x": 2.564791440963745,
    "y": 14.833821296691895,
    "loudness": 0.923459410667,
    "raspiness": 0.062245067209,
    "color": 16.7829303741,
    "location": 39.73794468829509,
    "stability": 0.478465765715,
    "tonality": 0.477654695511
}