{
    "name": "924f77c2",
    "x": -0.27240225672721863,
    "y": 7.113652229309082,
    "loudness": 0.99068403244,
    "raspiness": 0.0103095332161,
    "color": 10.6074333191,
    "location": 307.029296875,
    "stability": 0.401052027941,
    "tonality": 0.425471782684
}