{
    "name": "925de4db",
    "x": 21.955585479736328,
    "y": 19.00409507751465,
    "loudness": 0.98217600584,
    "raspiness": 0.181396484375,
    "color": 13.6926450729,
    "location": 37.896940517540465,
    "stability": 0.582785129547,
    "tonality": 0.477997273207
}