{
    "name": "925de4db",
    "x": 22.51894760131836,
    "y": 24.80927276611328,
    "loudness": 0.98217600584,
    "raspiness": 0.181396484375,
    "color": 13.6926450729,
    "location": 1436.17810059,
    "stability": 0.582785129547,
    "tonality": 0.477997273207
}