{
    "name": "928dd75c",
    "x": 7.276137351989746,
    "y": 10.91972541809082,
    "loudness": 0.926658272743,
    "raspiness": 0.135682865977,
    "color": 29.4779129028,
    "location": 2408.41772461,
    "stability": 0.747106611729,
    "tonality": 0.480718642473
}