{
    "name": "92aeecd5",
    "x": 6.668778896331787,
    "y": 28.4078369140625,
    "loudness": 0.929510474205,
    "raspiness": 0.0819208696485,
    "color": 9.4164648056,
    "location": 1639.30200195,
    "stability": 0.540582001209,
    "tonality": 0.467715620995
}