{
    "name": "92c1d241",
    "x": -8.399285316467285,
    "y": 27.0506534576416,
    "loudness": 0.99068403244,
    "raspiness": 0.0774439796805,
    "color": 17.6552371979,
    "location": 1292.8659668,
    "stability": 0.523283302784,
    "tonality": 0.438357710838
}