{
    "name": "92c1d241",
    "x": -5.52004337310791,
    "y": 22.416688919067383,
    "loudness": 0.99068403244,
    "raspiness": 0.0774439796805,
    "color": 17.6552371979,
    "location": 35.95644541386147,
    "stability": 0.523283302784,
    "tonality": 0.438357710838
}