{
    "name": "92d6bb08",
    "x": 10.948373794555664,
    "y": 5.913358211517334,
    "loudness": 0.99068403244,
    "raspiness": 0.27734375,
    "color": 532.653869629,
    "location": 5354.20751953,
    "stability": 0.402162820101,
    "tonality": 0.493914872408
}