{
    "name": "92dddeca",
    "x": 4.188348770141602,
    "y": 2.7034196853637695,
    "loudness": 0.214159578085,
    "raspiness": 0.0408405587077,
    "color": 85.5898895264,
    "location": 831.499938965,
    "stability": 0.621429979801,
    "tonality": 0.470982551575
}