{
    "name": "92dddeca",
    "x": 5.57211971282959,
    "y": -18.406877517700195,
    "loudness": 0.214159578085,
    "raspiness": 0.0408405587077,
    "color": 85.5898895264,
    "location": 28.835740652270403,
    "stability": 0.621429979801,
    "tonality": 0.470982551575
}