{
    "name": "92ed10c3",
    "x": 36.059814453125,
    "y": -13.888107299804688,
    "loudness": 0.828566431999,
    "raspiness": 0.167602539062,
    "color": 692.283325195,
    "location": 49.64343319090653,
    "stability": 0.530613839626,
    "tonality": 0.486889928579
}