{
    "name": "92ed10c3",
    "x": 11.029327392578125,
    "y": 5.423840045928955,
    "loudness": 0.828566431999,
    "raspiness": 0.167602539062,
    "color": 692.283325195,
    "location": 2464.47045898,
    "stability": 0.530613839626,
    "tonality": 0.486889928579
}