{
    "name": "92f15847",
    "x": 47.19659423828125,
    "y": -4.2276611328125,
    "loudness": 0.841273963451,
    "raspiness": 0.294407188892,
    "color": 41.4592170715,
    "location": 3746.46850586,
    "stability": 0.691023349762,
    "tonality": 0.49313518405
}