{
    "name": "92fd0236",
    "x": -35.36599349975586,
    "y": -5.389936447143555,
    "loudness": 0.897637307644,
    "raspiness": 0.0253320857882,
    "color": 7.59515094757,
    "location": 599.945251465,
    "stability": 0.358654469252,
    "tonality": 0.342122077942
}