{
    "name": "92fd0236",
    "x": -32.19423294067383,
    "y": -0.017825845628976822,
    "loudness": 0.897637307644,
    "raspiness": 0.0253320857882,
    "color": 7.59515094757,
    "location": 24.493779852546236,
    "stability": 0.358654469252,
    "tonality": 0.342122077942
}