{
    "name": "930d93e8",
    "x": -31.559947967529297,
    "y": 6.485945701599121,
    "loudness": 0.971731305122,
    "raspiness": 0.0417543053627,
    "color": 7.71263933182,
    "location": 31.35313741994571,
    "stability": 0.40857437253,
    "tonality": 0.348729550838
}