{
    "name": "931c08e4",
    "x": 1.5579413175582886,
    "y": 8.441505432128906,
    "loudness": 0.99068403244,
    "raspiness": 0.033203125,
    "color": 4.65638923645,
    "location": 1118.76318359,
    "stability": 0.504736959934,
    "tonality": 0.466822683811
}