{
    "name": "931c08e4",
    "x": -4.065639972686768,
    "y": 19.820615768432617,
    "loudness": 0.99068403244,
    "raspiness": 0.033203125,
    "color": 4.65638923645,
    "location": 33.44791747762482,
    "stability": 0.504736959934,
    "tonality": 0.466822683811
}