{
    "name": "931d0d71",
    "x": 1.212302327156067,
    "y": 8.386388778686523,
    "loudness": 0.708551943302,
    "raspiness": 0.0595737099648,
    "color": 186.175079346,
    "location": 1111.1282959,
    "stability": 0.472523659468,
    "tonality": 0.476393193007
}