{
    "name": "931d0d71",
    "x": 0.6447410583496094,
    "y": 10.420478820800781,
    "loudness": 0.708551943302,
    "raspiness": 0.0595737099648,
    "color": 186.175079346,
    "location": 33.33359110416998,
    "stability": 0.472523659468,
    "tonality": 0.476393193007
}