{
    "name": "932d89f6",
    "x": 32.455772399902344,
    "y": -4.013476371765137,
    "loudness": 0.663850307465,
    "raspiness": 0.240094259381,
    "color": 67.1202926636,
    "location": 59.55982540882738,
    "stability": 0.581109046936,
    "tonality": 0.489800632
}