{
    "name": "932d89f6",
    "x": 32.947235107421875,
    "y": -6.226496696472168,
    "loudness": 0.663850307465,
    "raspiness": 0.240094259381,
    "color": 67.1202926636,
    "location": 3547.37280273,
    "stability": 0.581109046936,
    "tonality": 0.489800632
}