{
    "name": "936bdcd7",
    "x": 7.3767313957214355,
    "y": -6.762260913848877,
    "loudness": 0.420591831207,
    "raspiness": 0.0887210518122,
    "color": 5.65566396713,
    "location": 34.189544114538876,
    "stability": 0.605003297329,
    "tonality": 0.461232662201
}