{
    "name": "936bdcd7",
    "x": 4.376672267913818,
    "y": 3.466150999069214,
    "loudness": 0.420591831207,
    "raspiness": 0.0887210518122,
    "color": 5.65566396713,
    "location": 1168.92492676,
    "stability": 0.605003297329,
    "tonality": 0.461232662201
}