{
    "name": "936c370c",
    "x": -6.118007183074951,
    "y": 11.708722114562988,
    "loudness": 0.90650755167,
    "raspiness": 0.0505836717784,
    "color": 58.5293922424,
    "location": 28.23408424553557,
    "stability": 0.425382316113,
    "tonality": 0.479909569025
}