{
    "name": "936c370c",
    "x": 1.3506205081939697,
    "y": 7.343245029449463,
    "loudness": 0.90650755167,
    "raspiness": 0.0505836717784,
    "color": 58.5293922424,
    "location": 797.163513184,
    "stability": 0.425382316113,
    "tonality": 0.479909569025
}