{
    "name": "938dc23d",
    "x": 11.175860404968262,
    "y": 30.018003463745117,
    "loudness": 0.949314415455,
    "raspiness": 0.114693664014,
    "color": 6.81093645096,
    "location": 34.63987087591407,
    "stability": 0.622035384178,
    "tonality": 0.452866524458
}