{
    "name": "938dc23d",
    "x": 11.825912475585938,
    "y": 38.71562576293945,
    "loudness": 0.949314415455,
    "raspiness": 0.114693664014,
    "color": 6.81093645096,
    "location": 1199.9206543,
    "stability": 0.622035384178,
    "tonality": 0.452866524458
}