{
    "name": "93a6ff48",
    "x": 4.709293365478516,
    "y": -8.403759002685547,
    "loudness": 0.356928825378,
    "raspiness": 0.0477190651,
    "color": 12.8004245758,
    "location": 1032.35522461,
    "stability": 0.623864889145,
    "tonality": 0.462642371655
}