{
    "name": "93a6dc48",
    "x": 6.397472381591797,
    "y": 25.72660255432129,
    "loudness": 0.976560592651,
    "raspiness": 0.0685697719455,
    "color": 38.9075775146,
    "location": 38.13733631102204,
    "stability": 0.565816879272,
    "tonality": 0.488037139177
}