{
    "name": "93a6dc48",
    "x": 4.425877571105957,
    "y": 34.51047897338867,
    "loudness": 0.976560592651,
    "raspiness": 0.0685697719455,
    "color": 38.9075775146,
    "location": 1454.4564209,
    "stability": 0.565816879272,
    "tonality": 0.488037139177
}