{
    "name": "93a6ff48",
    "x": 6.293885707855225,
    "y": -10.044821739196777,
    "loudness": 0.356928825378,
    "raspiness": 0.0477190651,
    "color": 12.8004245758,
    "location": 32.130285162288864,
    "stability": 0.623864889145,
    "tonality": 0.462642371655
}