{
    "name": "93a6dc48",
    "x": 2.998486042022705,
    "y": 9.622089385986328,
    "loudness": 0.976560592651,
    "raspiness": 0.0685697719455,
    "color": 38.9075775146,
    "location": 1454.4564209,
    "stability": 0.565816879272,
    "tonality": 0.488037139177
}