{
    "name": "93a7c4fe",
    "x": -3.465043544769287,
    "y": -7.983457565307617,
    "loudness": 0.528770327568,
    "raspiness": 0.0295305717736,
    "color": 13.401512146,
    "location": 33.734602969354775,
    "stability": 0.282376259565,
    "tonality": 0.48062312603
}