{
    "name": "93b3c709",
    "x": 7.821640491485596,
    "y": 9.040424346923828,
    "loudness": 0.942945539951,
    "raspiness": 0.146616861224,
    "color": 25.6741676331,
    "location": 3144.66650391,
    "stability": 0.670795738697,
    "tonality": 0.479489296675
}