{
    "name": "93b3c709",
    "x": 35.236900329589844,
    "y": 16.21116828918457,
    "loudness": 0.942945539951,
    "raspiness": 0.146616861224,
    "color": 25.6741676331,
    "location": 56.07732611234241,
    "stability": 0.670795738697,
    "tonality": 0.479489296675
}