{
    "name": "93b534a3",
    "x": 3.8768372535705566,
    "y": 26.16529083251953,
    "loudness": 0.927488744259,
    "raspiness": 0.0760023668408,
    "color": 16.384973526,
    "location": 1717.15270996,
    "stability": 0.534811317921,
    "tonality": 0.458257257938
}