{
    "name": "93b534a3",
    "x": 6.353599548339844,
    "y": 20.8188533782959,
    "loudness": 0.927488744259,
    "raspiness": 0.0760023668408,
    "color": 16.384973526,
    "location": 41.438541358981254,
    "stability": 0.534811317921,
    "tonality": 0.458257257938
}