{
    "name": "93f3706a",
    "x": 24.21952247619629,
    "y": 20.868906021118164,
    "loudness": 0.697075128555,
    "raspiness": 0.0933140814304,
    "color": 26.0947685242,
    "location": 45.52111996952623,
    "stability": 0.739214360714,
    "tonality": 0.484665125608
}