{
    "name": "93f8fb1a",
    "x": 46.85908889770508,
    "y": 16.26617431640625,
    "loudness": 0.919386982918,
    "raspiness": 0.171942740679,
    "color": 24.8611946106,
    "location": 59.22817990551457,
    "stability": 0.776137173176,
    "tonality": 0.478417754173
}