{
    "name": "93f8fb1a",
    "x": 9.027902603149414,
    "y": 9.600707054138184,
    "loudness": 0.919386982918,
    "raspiness": 0.171942740679,
    "color": 24.8611946106,
    "location": 3507.97729492,
    "stability": 0.776137173176,
    "tonality": 0.478417754173
}