{
    "name": "93f8fb1a",
    "x": 51.67618942260742,
    "y": 16.156858444213867,
    "loudness": 0.919386982918,
    "raspiness": 0.171942740679,
    "color": 24.8611946106,
    "location": 3507.97729492,
    "stability": 0.776137173176,
    "tonality": 0.478417754173
}