{
    "name": "940ccc5e",
    "x": 21.088335037231445,
    "y": 39.39053726196289,
    "loudness": 0.950569093227,
    "raspiness": 0.10436617583,
    "color": 31.0940570831,
    "location": 2220.34228516,
    "stability": 0.707810342312,
    "tonality": 0.435492485762
}