{
    "name": "944a111e",
    "x": 4.913336753845215,
    "y": 11.282023429870605,
    "loudness": 0.99068403244,
    "raspiness": 0.072265625,
    "color": 5.30007171631,
    "location": 1746.23583984,
    "stability": 0.673723995686,
    "tonality": 0.480350911617
}