{
    "name": "944a111e",
    "x": 20.090652465820312,
    "y": 43.7784309387207,
    "loudness": 0.99068403244,
    "raspiness": 0.072265625,
    "color": 5.30007171631,
    "location": 1746.23583984,
    "stability": 0.673723995686,
    "tonality": 0.480350911617
}