{
    "name": "945aa934",
    "x": 47.13516616821289,
    "y": 14.61380386352539,
    "loudness": 0.916459560394,
    "raspiness": 0.179071336985,
    "color": 56.3441505432,
    "location": 59.431252136144664,
    "stability": 0.82588249445,
    "tonality": 0.484697699547
}