{
    "name": "945aa934",
    "x": 9.111032485961914,
    "y": 9.616670608520508,
    "loudness": 0.916459560394,
    "raspiness": 0.179071336985,
    "color": 56.3441505432,
    "location": 3532.07373047,
    "stability": 0.82588249445,
    "tonality": 0.484697699547
}