{
    "name": "945ccbcd",
    "x": 2.2434113025665283,
    "y": 1.1645430326461792,
    "loudness": 0.00336137902923,
    "raspiness": 0.0257645621896,
    "color": 5.26570558548,
    "location": 548.133666992,
    "stability": 0.594147741795,
    "tonality": 0.3131698668
}