{
    "name": "945ccbcd",
    "x": -16.286376953125,
    "y": -17.26889991760254,
    "loudness": 0.00336137902923,
    "raspiness": 0.0257645621896,
    "color": 5.26570558548,
    "location": 23.412254632819966,
    "stability": 0.594147741795,
    "tonality": 0.3131698668
}