{
    "name": "947e032f",
    "x": 3.1471056938171387,
    "y": 0.1584234982728958,
    "loudness": 1.87066889339e-05,
    "raspiness": 0.0404456928372,
    "color": 4.88872432709,
    "location": 512.102722168,
    "stability": 0.186431974173,
    "tonality": 0.395534515381
}