{
    "name": "947e032f",
    "x": -7.466160297393799,
    "y": -40.35213088989258,
    "loudness": 1.87066889339e-05,
    "raspiness": 0.0404456928372,
    "color": 4.88872432709,
    "location": 512.102722168,
    "stability": 0.186431974173,
    "tonality": 0.395534515381
}