{
    "name": "949e481b",
    "x": -24.420791625976562,
    "y": -14.86292839050293,
    "loudness": 0.347281247377,
    "raspiness": 0.028965337202,
    "color": 11.5880880356,
    "location": 24.800560680335433,
    "stability": 0.476540356874,
    "tonality": 0.270108044147
}