{
    "name": "94ac7699",
    "x": 25.043617248535156,
    "y": 14.39732837677002,
    "loudness": 0.732153296471,
    "raspiness": 0.127282038331,
    "color": 20.7911643982,
    "location": 51.88051081417761,
    "stability": 0.635466694832,
    "tonality": 0.458172470331
}