{
    "name": "94ac7699",
    "x": 26.257396697998047,
    "y": 17.062057495117188,
    "loudness": 0.732153296471,
    "raspiness": 0.127282038331,
    "color": 20.7911643982,
    "location": 2691.58740234,
    "stability": 0.635466694832,
    "tonality": 0.458172470331
}