{
    "name": "94b0a4c9",
    "x": 1.125986933708191,
    "y": 12.384601593017578,
    "loudness": 0.99068403244,
    "raspiness": 0.0789536014199,
    "color": 11.7272033691,
    "location": 45.7261213512583,
    "stability": 0.433343857527,
    "tonality": 0.437889069319
}