{
    "name": "94b0a4c9",
    "x": 3.5844719409942627,
    "y": 7.616621971130371,
    "loudness": 0.99068403244,
    "raspiness": 0.0789536014199,
    "color": 11.7272033691,
    "location": 2090.87817383,
    "stability": 0.433343857527,
    "tonality": 0.437889069319
}