{
    "name": "94c0bc66",
    "x": 11.754971504211426,
    "y": 43.74525833129883,
    "loudness": 0.975937187672,
    "raspiness": 0.0617090649903,
    "color": 26.8585739136,
    "location": 34.587718958179366,
    "stability": 0.812450706959,
    "tonality": 0.45771664381
}