{
    "name": "94c271cf",
    "x": 19.746355056762695,
    "y": 26.0998592376709,
    "loudness": 0.967704296112,
    "raspiness": 0.126563638449,
    "color": 18.421749115,
    "location": 1916.7635498,
    "stability": 0.580423653126,
    "tonality": 0.487087219954
}