{
    "name": "94c271cf",
    "x": 5.743522644042969,
    "y": 9.271021842956543,
    "loudness": 0.967704296112,
    "raspiness": 0.126563638449,
    "color": 18.421749115,
    "location": 1916.7635498,
    "stability": 0.580423653126,
    "tonality": 0.487087219954
}