{
    "name": "94c271cf",
    "x": 19.557727813720703,
    "y": 20.85739517211914,
    "loudness": 0.967704296112,
    "raspiness": 0.126563638449,
    "color": 18.421749115,
    "location": 43.780858257919064,
    "stability": 0.580423653126,
    "tonality": 0.487087219954
}