{
    "name": "94c40c36",
    "x": 7.9995856285095215,
    "y": 6.808948040008545,
    "loudness": 0.810355067253,
    "raspiness": 0.0758932828903,
    "color": 8.92448329926,
    "location": 45.685576224887434,
    "stability": 0.44342854619,
    "tonality": 0.481939435005
}