{
    "name": "94c40c36",
    "x": 8.171589851379395,
    "y": 8.741596221923828,
    "loudness": 0.810355067253,
    "raspiness": 0.0758932828903,
    "color": 8.92448329926,
    "location": 2087.171875,
    "stability": 0.44342854619,
    "tonality": 0.481939435005
}