{
    "name": "94c63e80",
    "x": 0.43024417757987976,
    "y": 35.62054443359375,
    "loudness": 0.99068403244,
    "raspiness": 0.0585588738322,
    "color": 6.84453392029,
    "location": 34.928143662811515,
    "stability": 0.631497621536,
    "tonality": 0.448802143335
}