{
    "name": "94c63e80",
    "x": 2.045650005340576,
    "y": 10.625100135803223,
    "loudness": 0.99068403244,
    "raspiness": 0.0585588738322,
    "color": 6.84453392029,
    "location": 1219.97521973,
    "stability": 0.631497621536,
    "tonality": 0.448802143335
}