{
    "name": "94d302ef",
    "x": -8.588468551635742,
    "y": 3.9694604873657227,
    "loudness": 0.863360106945,
    "raspiness": 0.0277184769511,
    "color": 7.8120765686,
    "location": 30.97372110234739,
    "stability": 0.343807697296,
    "tonality": 0.472712755203
}