{
    "name": "94d302ef",
    "x": -9.268692970275879,
    "y": 5.054118633270264,
    "loudness": 0.863360106945,
    "raspiness": 0.0277184769511,
    "color": 7.8120765686,
    "location": 959.371398926,
    "stability": 0.343807697296,
    "tonality": 0.472712755203
}