{
    "name": "94e7df4f",
    "x": 5.569591999053955,
    "y": -13.559992790222168,
    "loudness": 0.282829344273,
    "raspiness": 0.0488886684179,
    "color": 9.03482532501,
    "location": 36.83030262446943,
    "stability": 0.629036843777,
    "tonality": 0.431547135115
}