{
    "name": "952a9bad",
    "x": 19.56345558166504,
    "y": -25.05938720703125,
    "loudness": 0.0615111514926,
    "raspiness": 0.156933739781,
    "color": 37.9213104248,
    "location": 2494.48291016,
    "stability": 0.51178842783,
    "tonality": 0.488407731056
}