{
    "name": "952b79a6",
    "x": -17.948007583618164,
    "y": 34.681766510009766,
    "loudness": 0.99068403244,
    "raspiness": 0.0284517724067,
    "color": 6.05058765411,
    "location": 451.981140137,
    "stability": 0.560497760773,
    "tonality": 0.455170601606
}