{
    "name": "952b79a6",
    "x": -10.435147285461426,
    "y": 27.68543243408203,
    "loudness": 0.99068403244,
    "raspiness": 0.0284517724067,
    "color": 6.05058765411,
    "location": 21.259848074174943,
    "stability": 0.560497760773,
    "tonality": 0.455170601606
}