{
    "name": "954fb510",
    "x": -26.739301681518555,
    "y": 14.692056655883789,
    "loudness": 0.964539110661,
    "raspiness": 0.0360276438296,
    "color": 16.6043357849,
    "location": 27.896644570987387,
    "stability": 0.458932727575,
    "tonality": 0.380882203579
}