{
    "name": "956a932e",
    "x": -3.3602051734924316,
    "y": 7.7154083251953125,
    "loudness": 0.67768740654,
    "raspiness": 0.0262485072017,
    "color": 10.8008527756,
    "location": 1015.69464111,
    "stability": 0.31348335743,
    "tonality": 0.32343479991
}