{
    "name": "956d90d2",
    "x": -38.4175910949707,
    "y": -3.95516037940979,
    "loudness": 0.99068403244,
    "raspiness": 0.0204114411026,
    "color": 8.81083488464,
    "location": 18.450462207326947,
    "stability": 0.338098436594,
    "tonality": 0.301071971655
}