{
    "name": "956d90d2",
    "x": -4.169853687286377,
    "y": 7.542611598968506,
    "loudness": 0.99068403244,
    "raspiness": 0.0204114411026,
    "color": 8.81083488464,
    "location": 340.419555664,
    "stability": 0.338098436594,
    "tonality": 0.301071971655
}