{
    "name": "956e0d7b",
    "x": 6.153678894042969,
    "y": 11.388875007629395,
    "loudness": 0.640904545784,
    "raspiness": 0.0901253968477,
    "color": 22.0115756989,
    "location": 1872.66772461,
    "stability": 0.777905583382,
    "tonality": 0.489467144012
}