{
    "name": "958d7d6a",
    "x": 40.956886291503906,
    "y": 5.292267322540283,
    "loudness": 0.990160405636,
    "raspiness": 0.225773736835,
    "color": 3.09887528419,
    "location": 58.38524777886962,
    "stability": 0.644819378853,
    "tonality": 0.48869279027
}