{
    "name": "958d7d6a",
    "x": 8.95435905456543,
    "y": 8.13712215423584,
    "loudness": 0.990160405636,
    "raspiness": 0.225773736835,
    "color": 3.09887528419,
    "location": 3408.8371582,
    "stability": 0.644819378853,
    "tonality": 0.48869279027
}