{
    "name": "959b54ba",
    "x": -18.433988571166992,
    "y": 23.602998733520508,
    "loudness": 0.964218974113,
    "raspiness": 0.0636855438352,
    "color": 26.5674724579,
    "location": 1715.46105957,
    "stability": 0.484933763742,
    "tonality": 0.407902210951
}