{
    "name": "959b54ba",
    "x": -14.969746589660645,
    "y": 18.792057037353516,
    "loudness": 0.964218974113,
    "raspiness": 0.0636855438352,
    "color": 26.5674724579,
    "location": 41.418124771288234,
    "stability": 0.484933763742,
    "tonality": 0.407902210951
}