{
    "name": "95a54c9a",
    "x": -45.50841522216797,
    "y": 5.7912445068359375,
    "loudness": 0.971543908119,
    "raspiness": 0.0207386855036,
    "color": 11.312587738,
    "location": 24.325876983492293,
    "stability": 0.513242304325,
    "tonality": 0.269631624222
}