{
    "name": "95a6c975",
    "x": 2.04457950592041,
    "y": 6.430639266967773,
    "loudness": 0.834109008312,
    "raspiness": 0.0344654582441,
    "color": 10.6492538452,
    "location": 549.999511719,
    "stability": 0.513109922409,
    "tonality": 0.466841459274
}