{
    "name": "95b961c8",
    "x": -1.0358730554580688,
    "y": -2.5631024837493896,
    "loudness": 0.881973743439,
    "raspiness": 0.0720206797123,
    "color": 13.5032320023,
    "location": 45.539611341885646,
    "stability": 0.221791580319,
    "tonality": 0.47900980711
}