{
    "name": "95b961c8",
    "x": 1.212142825126648,
    "y": 5.2099785804748535,
    "loudness": 0.881973743439,
    "raspiness": 0.0720206797123,
    "color": 13.5032320023,
    "location": 2073.85620117,
    "stability": 0.221791580319,
    "tonality": 0.47900980711
}