{
    "name": "95b961c8",
    "x": -0.15763595700263977,
    "y": -3.1128036975860596,
    "loudness": 0.881973743439,
    "raspiness": 0.0720206797123,
    "color": 13.5032320023,
    "location": 2073.85620117,
    "stability": 0.221791580319,
    "tonality": 0.47900980711
}