{
    "name": "95bdca45",
    "x": 7.107533931732178,
    "y": 7.446847438812256,
    "loudness": 0.555793762207,
    "raspiness": 0.0597096569836,
    "color": 10.9663143158,
    "location": 32.72690286140746,
    "stability": 0.659259021282,
    "tonality": 0.463266670704
}