{
    "name": "95bd02b1",
    "x": 4.764078140258789,
    "y": 10.321767807006836,
    "loudness": 0.924817204475,
    "raspiness": 0.11880030483,
    "color": 15.4272756577,
    "location": 1583.81860352,
    "stability": 0.613654494286,
    "tonality": 0.464209586382
}