{
    "name": "95bdca45",
    "x": 6.014420509338379,
    "y": 11.126077651977539,
    "loudness": 0.555793762207,
    "raspiness": 0.0597096569836,
    "color": 10.9663143158,
    "location": 1071.0501709,
    "stability": 0.659259021282,
    "tonality": 0.463266670704
}