{
    "name": "95bd02b1",
    "x": 16.655906677246094,
    "y": 34.43696975708008,
    "loudness": 0.924817204475,
    "raspiness": 0.11880030483,
    "color": 15.4272756577,
    "location": 1583.81860352,
    "stability": 0.613654494286,
    "tonality": 0.464209586382
}