{
    "name": "95d26d9c",
    "x": 4.677624702453613,
    "y": 10.691638946533203,
    "loudness": 0.979961633682,
    "raspiness": 0.10644248873,
    "color": 9.82653903961,
    "location": 1543.07141113,
    "stability": 0.658339381218,
    "tonality": 0.461390852928
}