{
    "name": "95d26d9c",
    "x": 14.883587837219238,
    "y": 31.937273025512695,
    "loudness": 0.979961633682,
    "raspiness": 0.10644248873,
    "color": 9.82653903961,
    "location": 39.281947649397424,
    "stability": 0.658339381218,
    "tonality": 0.461390852928
}