{
    "name": "95d26d9c",
    "x": 14.900238037109375,
    "y": 39.6363525390625,
    "loudness": 0.979961633682,
    "raspiness": 0.10644248873,
    "color": 9.82653903961,
    "location": 1543.07141113,
    "stability": 0.658339381218,
    "tonality": 0.461390852928
}