{
    "name": "95d6a11d",
    "x": 6.250199794769287,
    "y": 8.3428316116333,
    "loudness": 0.99068403244,
    "raspiness": 0.148090973496,
    "color": 13.8523178101,
    "location": 2465.6003418,
    "stability": 0.552794039249,
    "tonality": 0.480931282043
}