{
    "name": "95d6a11d",
    "x": 23.83558464050293,
    "y": 17.180683135986328,
    "loudness": 0.99068403244,
    "raspiness": 0.148090973496,
    "color": 13.8523178101,
    "location": 2465.6003418,
    "stability": 0.552794039249,
    "tonality": 0.480931282043
}