{
    "name": "95d825fc",
    "x": 22.40559196472168,
    "y": 2.157395601272583,
    "loudness": 0.554712414742,
    "raspiness": 0.165955349803,
    "color": 23.6074981689,
    "location": 45.93097051805024,
    "stability": 0.700237393379,
    "tonality": 0.485399842262
}