{
    "name": "95d825fc",
    "x": 5.867553234100342,
    "y": 3.835237503051758,
    "loudness": 0.554712414742,
    "raspiness": 0.165955349803,
    "color": 23.6074981689,
    "location": 2109.65405273,
    "stability": 0.700237393379,
    "tonality": 0.485399842262
}