{
    "name": "95e1d0ae",
    "x": -17.49264907836914,
    "y": -41.55876541137695,
    "loudness": 0.0217098146677,
    "raspiness": 0.0213038343936,
    "color": 15.4078760147,
    "location": 303.85244751,
    "stability": 0.176833897829,
    "tonality": 0.326505869627
}