{
    "name": "95e1d0ae",
    "x": -20.072416305541992,
    "y": -27.856496810913086,
    "loudness": 0.0217098146677,
    "raspiness": 0.0213038343936,
    "color": 15.4078760147,
    "location": 17.431363902747254,
    "stability": 0.176833897829,
    "tonality": 0.326505869627
}