{
    "name": "95eb2e1a",
    "x": 1.7845479249954224,
    "y": 10.022126197814941,
    "loudness": 0.989982903004,
    "raspiness": 0.0298657901585,
    "color": 21.1882915497,
    "location": 797.566650391,
    "stability": 0.590854883194,
    "tonality": 0.461880475283
}