{
    "name": "95f1322c",
    "x": 4.785336494445801,
    "y": 29.33880043029785,
    "loudness": 0.979771435261,
    "raspiness": 0.0572242923081,
    "color": 21.6078968048,
    "location": 37.048257236474704,
    "stability": 0.587433516979,
    "tonality": 0.468777567148
}