{
    "name": "95f17364",
    "x": 44.80989456176758,
    "y": -8.954971313476562,
    "loudness": 0.812547504902,
    "raspiness": 0.336576014757,
    "color": 95.6993026733,
    "location": 4035.45532227,
    "stability": 0.630796313286,
    "tonality": 0.491930216551
}