{
    "name": "95f17364",
    "x": 42.91059875488281,
    "y": -7.012577056884766,
    "loudness": 0.812547504902,
    "raspiness": 0.336576014757,
    "color": 95.6993026733,
    "location": 63.525233744316125,
    "stability": 0.630796313286,
    "tonality": 0.491930216551
}