{
    "name": "95f5d2da",
    "x": -5.805305480957031,
    "y": 8.51873779296875,
    "loudness": 0.816484153271,
    "raspiness": 0.0611119195819,
    "color": 20.9742641449,
    "location": 35.27867572542938,
    "stability": 0.411102354527,
    "tonality": 0.444568216801
}