{
    "name": "95fbe325",
    "x": 16.170019149780273,
    "y": -9.01502513885498,
    "loudness": 0.383503377438,
    "raspiness": 0.142523497343,
    "color": 51.7463798523,
    "location": 43.88580206684162,
    "stability": 0.572340607643,
    "tonality": 0.486431568861
}