{
    "name": "95fbe325",
    "x": 5.331131458282471,
    "y": 3.3232765197753906,
    "loudness": 0.383503377438,
    "raspiness": 0.142523497343,
    "color": 51.7463798523,
    "location": 1925.96362305,
    "stability": 0.572340607643,
    "tonality": 0.486431568861
}