{
    "name": "95fbe325",
    "x": 16.230609893798828,
    "y": -10.17098331451416,
    "loudness": 0.383503377438,
    "raspiness": 0.142523497343,
    "color": 51.7463798523,
    "location": 1925.96362305,
    "stability": 0.572340607643,
    "tonality": 0.486431568861
}