{
    "name": "962b14bb",
    "x": -23.158952713012695,
    "y": -24.307809829711914,
    "loudness": 0.101822547615,
    "raspiness": 0.0192041024566,
    "color": 5.69143295288,
    "location": 17.008246721605374,
    "stability": 0.159745365381,
    "tonality": 0.275993317366
}