{
    "name": "964c6382",
    "x": 4.657903671264648,
    "y": 19.244083404541016,
    "loudness": 0.989381074905,
    "raspiness": 0.0534741058946,
    "color": 49.1272697449,
    "location": 41.051511086682304,
    "stability": 0.513353705406,
    "tonality": 0.486844778061
}