{
    "name": "964c6382",
    "x": 3.1175615787506104,
    "y": 8.85128116607666,
    "loudness": 0.989381074905,
    "raspiness": 0.0534741058946,
    "color": 49.1272697449,
    "location": 1685.2265625,
    "stability": 0.513353705406,
    "tonality": 0.486844778061
}