{
    "name": "965e56e4",
    "x": 2.2981953620910645,
    "y": 5.366784572601318,
    "loudness": 0.748899698257,
    "raspiness": 0.0160917975008,
    "color": 5.24865341187,
    "location": 370.911834717,
    "stability": 0.552568852901,
    "tonality": 0.421331107616
}