{
    "name": "965e56e4",
    "x": -14.296637535095215,
    "y": 7.77706241607666,
    "loudness": 0.748899698257,
    "raspiness": 0.0160917975008,
    "color": 5.24865341187,
    "location": 370.911834717,
    "stability": 0.552568852901,
    "tonality": 0.421331107616
}