{
    "name": "965e56e4",
    "x": -11.242572784423828,
    "y": 13.451787948608398,
    "loudness": 0.748899698257,
    "raspiness": 0.0160917975008,
    "color": 5.24865341187,
    "location": 19.259071491559503,
    "stability": 0.552568852901,
    "tonality": 0.421331107616
}