{
    "name": "966cb1c0",
    "x": 2.547288656234741,
    "y": 0.12324395775794983,
    "loudness": 0.178686454892,
    "raspiness": 0.0804207772017,
    "color": 23.8235225677,
    "location": 1437.1776123,
    "stability": 0.179290652275,
    "tonality": 0.3453322649
}