{
    "name": "966cb1c0",
    "x": -17.862621307373047,
    "y": -23.911806106567383,
    "loudness": 0.178686454892,
    "raspiness": 0.0804207772017,
    "color": 23.8235225677,
    "location": 37.9101254587742,
    "stability": 0.179290652275,
    "tonality": 0.3453322649
}