{
    "name": "968ee090",
    "x": -41.735782623291016,
    "y": 13.596578598022461,
    "loudness": 0.99068403244,
    "raspiness": 0.0326497405767,
    "color": 28.6772155762,
    "location": 27.253049347366616,
    "stability": 0.542433321476,
    "tonality": 0.317994326353
}