{
    "name": "968ee090",
    "x": -3.9465131759643555,
    "y": 9.551712036132812,
    "loudness": 0.99068403244,
    "raspiness": 0.0326497405767,
    "color": 28.6772155762,
    "location": 742.72869873,
    "stability": 0.542433321476,
    "tonality": 0.317994326353
}