{
    "name": "969d8270",
    "x": 16.336835861206055,
    "y": -22.07550621032715,
    "loudness": 0.00112604675815,
    "raspiness": 0.154842123389,
    "color": 47.8616485596,
    "location": 1982.75561523,
    "stability": 0.581090092659,
    "tonality": 0.45075917244
}