{
    "name": "969d8270",
    "x": 5.879650592803955,
    "y": 2.6207385063171387,
    "loudness": 0.00112604675815,
    "raspiness": 0.154842123389,
    "color": 47.8616485596,
    "location": 1982.75561523,
    "stability": 0.581090092659,
    "tonality": 0.45075917244
}