{
    "name": "96a05522",
    "x": 36.23936462402344,
    "y": -23.722408294677734,
    "loudness": 0.99068403244,
    "raspiness": 0.525248885155,
    "color": 1403.1270752,
    "location": 74.68614996162273,
    "stability": 0.562831163406,
    "tonality": 0.487285852432
}