{
    "name": "96a05522",
    "x": 30.721738815307617,
    "y": -33.614501953125,
    "loudness": 0.99068403244,
    "raspiness": 0.525248885155,
    "color": 1403.1270752,
    "location": 5578.02099609,
    "stability": 0.562831163406,
    "tonality": 0.487285852432
}