{
    "name": "96aae858",
    "x": -42.12831115722656,
    "y": 9.859878540039062,
    "loudness": 0.943551063538,
    "raspiness": 0.00961657054722,
    "color": 12.4272565842,
    "location": 19.874137043957404,
    "stability": 0.691421866417,
    "tonality": 0.234029084444
}