{
    "name": "96adbece",
    "x": 5.303485870361328,
    "y": 8.613051414489746,
    "loudness": 0.99068403244,
    "raspiness": 0.15117187798,
    "color": 232.552581787,
    "location": 1759.20068359,
    "stability": 0.509265780449,
    "tonality": 0.461610555649
}