{
    "name": "96adbece",
    "x": 17.096370697021484,
    "y": 14.688654899597168,
    "loudness": 0.99068403244,
    "raspiness": 0.15117187798,
    "color": 232.552581787,
    "location": 41.9428263662572,
    "stability": 0.509265780449,
    "tonality": 0.461610555649
}