{
    "name": "96b36461",
    "x": 7.2987751960754395,
    "y": 47.79774475097656,
    "loudness": 0.99068403244,
    "raspiness": 0.0793974921107,
    "color": 14.9866838455,
    "location": 1180.9395752,
    "stability": 0.653174459934,
    "tonality": 0.472052544355
}