{
    "name": "96b50a2f",
    "x": -0.5011401176452637,
    "y": 8.751367568969727,
    "loudness": 0.978403329849,
    "raspiness": 0.0775965452194,
    "color": 28.530424118,
    "location": 1449.7109375,
    "stability": 0.48505243659,
    "tonality": 0.415531724691
}