{
    "name": "96b50a2f",
    "x": -13.256549835205078,
    "y": 19.540258407592773,
    "loudness": 0.978403329849,
    "raspiness": 0.0775965452194,
    "color": 28.530424118,
    "location": 38.07506976356051,
    "stability": 0.48505243659,
    "tonality": 0.415531724691
}