{
    "name": "96bcfc71",
    "x": 9.717490196228027,
    "y": -3.3376102447509766,
    "loudness": 0.658562362194,
    "raspiness": 0.132914021611,
    "color": 5.71299314499,
    "location": 2207.53271484,
    "stability": 0.343671858311,
    "tonality": 0.471268355846
}