{
    "name": "96caac87",
    "x": 2.4447267055511475,
    "y": 0.6432766914367676,
    "loudness": 0.0025288714096,
    "raspiness": 0.0653057768941,
    "color": 45.1856689453,
    "location": 1281.41503906,
    "stability": 0.390171289444,
    "tonality": 0.323353111744
}