{
    "name": "96caac87",
    "x": -14.72477912902832,
    "y": -29.422082901000977,
    "loudness": 0.0025288714096,
    "raspiness": 0.0653057768941,
    "color": 45.1856689453,
    "location": 1281.41503906,
    "stability": 0.390171289444,
    "tonality": 0.323353111744
}