{
    "name": "96caac87",
    "x": -17.730165481567383,
    "y": -20.845678329467773,
    "loudness": 0.0025288714096,
    "raspiness": 0.0653057768941,
    "color": 45.1856689453,
    "location": 35.79685794954636,
    "stability": 0.390171289444,
    "tonality": 0.323353111744
}