{
    "name": "96d2f638",
    "x": 29.032114028930664,
    "y": 24.2324161529541,
    "loudness": 0.99068403244,
    "raspiness": 0.166567593813,
    "color": 26.9484119415,
    "location": 2027.76916504,
    "stability": 0.626968562603,
    "tonality": 0.482616871595
}