{
    "name": "96d2ea0b",
    "x": 37.61030578613281,
    "y": -7.221573829650879,
    "loudness": 0.64940404892,
    "raspiness": 0.285158336163,
    "color": 135.999816895,
    "location": 3403.36010742,
    "stability": 0.67205196619,
    "tonality": 0.492989212275
}