{
    "name": "96d2f638",
    "x": 26.949237823486328,
    "y": 19.501863479614258,
    "loudness": 0.99068403244,
    "raspiness": 0.166567593813,
    "color": 26.9484119415,
    "location": 45.03075798873476,
    "stability": 0.626968562603,
    "tonality": 0.482616871595
}