{
    "name": "96dad435",
    "x": -3.6885416507720947,
    "y": 8.568175315856934,
    "loudness": 0.977817833424,
    "raspiness": 0.0435021370649,
    "color": 48.2425537109,
    "location": 1077.97949219,
    "stability": 0.442465126514,
    "tonality": 0.327629059553
}