{
    "name": "96dad435",
    "x": -36.03934097290039,
    "y": 7.438132286071777,
    "loudness": 0.977817833424,
    "raspiness": 0.0435021370649,
    "color": 48.2425537109,
    "location": 32.8325980115799,
    "stability": 0.442465126514,
    "tonality": 0.327629059553
}