{
    "name": "96dc5309",
    "x": 8.967022895812988,
    "y": 2.2969322204589844,
    "loudness": 0.581340789795,
    "raspiness": 0.0714066252112,
    "color": 26.1698608398,
    "location": 1851.75842285,
    "stability": 0.546089887619,
    "tonality": 0.48416480422
}