{
    "name": "96df59a4",
    "x": 1.1462262868881226,
    "y": -28.387439727783203,
    "loudness": 0.257353067398,
    "raspiness": 0.0265457686037,
    "color": 16.6655845642,
    "location": 1333.42651367,
    "stability": 0.150142669678,
    "tonality": 0.477105498314
}