{
    "name": "96df59a4",
    "x": -3.4739551544189453,
    "y": -14.564200401306152,
    "loudness": 0.257353067398,
    "raspiness": 0.0265457686037,
    "color": 16.6655845642,
    "location": 36.51611306902749,
    "stability": 0.150142669678,
    "tonality": 0.477105498314
}