{
    "name": "96e3d136",
    "x": 0.5101569890975952,
    "y": 9.299975395202637,
    "loudness": 0.99068403244,
    "raspiness": 0.111328125,
    "color": 27.7583198547,
    "location": 1211.32006836,
    "stability": 0.546956479549,
    "tonality": 0.429028838873
}