{
    "name": "96e3d136",
    "x": -2.07395339012146,
    "y": 23.650041580200195,
    "loudness": 0.99068403244,
    "raspiness": 0.111328125,
    "color": 27.7583198547,
    "location": 34.80402373806799,
    "stability": 0.546956479549,
    "tonality": 0.429028838873
}