{
    "name": "96e5f7c8",
    "x": -3.339022397994995,
    "y": 7.722860813140869,
    "loudness": 0.665269672871,
    "raspiness": 0.0876038596034,
    "color": 1.81195604801,
    "location": 1071.765625,
    "stability": 0.304849207401,
    "tonality": 0.323234051466
}