{
    "name": "96e9e3e9",
    "x": -9.984621047973633,
    "y": -3.8318047523498535,
    "loudness": 0.956016361713,
    "raspiness": 0.0746269002557,
    "color": 43.1989822388,
    "location": 1726.94873047,
    "stability": 0.12863342464,
    "tonality": 0.432175010443
}