{
    "name": "96eccbcd",
    "x": 13.343775749206543,
    "y": -10.123245239257812,
    "loudness": 0.289638340473,
    "raspiness": 0.18439027667,
    "color": 72.6528396606,
    "location": 46.45570018932015,
    "stability": 0.468738108873,
    "tonality": 0.402743577957
}