{
    "name": "96f5ac69",
    "x": 7.665891647338867,
    "y": 29.685081481933594,
    "loudness": 0.99068403244,
    "raspiness": 0.0878386795521,
    "color": 20.9114437103,
    "location": 1609.7590332,
    "stability": 0.537773311138,
    "tonality": 0.468635648489
}