{
    "name": "96f5ac69",
    "x": 3.2102160453796387,
    "y": 9.083086013793945,
    "loudness": 0.99068403244,
    "raspiness": 0.0878386795521,
    "color": 20.9114437103,
    "location": 1609.7590332,
    "stability": 0.537773311138,
    "tonality": 0.468635648489
}