{
    "name": "96f9fc95",
    "x": 7.907808780670166,
    "y": -22.10077476501465,
    "loudness": 0.0587131716311,
    "raspiness": 0.0570018477738,
    "color": 18.241109848,
    "location": 1223.47351074,
    "stability": 0.608680307865,
    "tonality": 0.477203041315
}