{
    "name": "972a4b10",
    "x": 34.6551628112793,
    "y": 37.27908706665039,
    "loudness": 0.840602219105,
    "raspiness": 0.0914162024856,
    "color": 27.6667251587,
    "location": 2132.09082031,
    "stability": 0.79705876112,
    "tonality": 0.493808358908
}