{
    "name": "972a4b10",
    "x": 31.978288650512695,
    "y": 33.01103591918945,
    "loudness": 0.840602219105,
    "raspiness": 0.0914162024856,
    "color": 27.6667251587,
    "location": 46.1745689780641,
    "stability": 0.79705876112,
    "tonality": 0.493808358908
}