{
    "name": "972b92c7",
    "x": -18.77474021911621,
    "y": 22.995756149291992,
    "loudness": 0.99068403244,
    "raspiness": 0.0712021067739,
    "color": 24.8824138641,
    "location": 39.34060687902514,
    "stability": 0.528050124645,
    "tonality": 0.393154472113
}