{
    "name": "973bef4c",
    "x": 38.02549362182617,
    "y": -3.6555371284484863,
    "loudness": 0.951563537121,
    "raspiness": 0.27227845788,
    "color": 81.3403701782,
    "location": 3777.40454102,
    "stability": 0.513531327248,
    "tonality": 0.489420324564
}