{
    "name": "973bef4c",
    "x": 9.347315788269043,
    "y": 7.325684547424316,
    "loudness": 0.951563537121,
    "raspiness": 0.27227845788,
    "color": 81.3403701782,
    "location": 3777.40454102,
    "stability": 0.513531327248,
    "tonality": 0.489420324564
}