{
    "name": "974e742a",
    "x": 5.752400875091553,
    "y": 1.9225460290908813,
    "loudness": 0.181654453278,
    "raspiness": 0.139972805977,
    "color": 9.3719997406,
    "location": 3090.76538086,
    "stability": 0.320708930492,
    "tonality": 0.497371077538
}