{
    "name": "975fe58b",
    "x": -3.511363983154297,
    "y": 13.042144775390625,
    "loudness": 0.955388784409,
    "raspiness": 0.0537403523922,
    "color": 8.3891954422,
    "location": 33.864719308891374,
    "stability": 0.438942015171,
    "tonality": 0.479421049356
}