{
    "name": "975fe58b",
    "x": -5.884100437164307,
    "y": 17.634199142456055,
    "loudness": 0.955388784409,
    "raspiness": 0.0537403523922,
    "color": 8.3891954422,
    "location": 1146.81921387,
    "stability": 0.438942015171,
    "tonality": 0.479421049356
}