{
    "name": "976ebccb",
    "x": 46.80150604248047,
    "y": -7.491885662078857,
    "loudness": 0.975326895714,
    "raspiness": 0.32587069273,
    "color": 88.8923339844,
    "location": 3569.66552734,
    "stability": 0.67417049408,
    "tonality": 0.493573844433
}