{
    "name": "977b44f9",
    "x": -2.6543686389923096,
    "y": 38.90829086303711,
    "loudness": 0.99068403244,
    "raspiness": 0.0488469041884,
    "color": 7.08546495438,
    "location": 1223.09680176,
    "stability": 0.573431789875,
    "tonality": 0.477106779814
}