{
    "name": "977b44f9",
    "x": 2.2870962619781494,
    "y": 9.890776634216309,
    "loudness": 0.99068403244,
    "raspiness": 0.0488469041884,
    "color": 7.08546495438,
    "location": 1223.09680176,
    "stability": 0.573431789875,
    "tonality": 0.477106779814
}