{
    "name": "977cf8c5",
    "x": -12.491500854492188,
    "y": -28.083736419677734,
    "loudness": 0.000482024799567,
    "raspiness": 0.0159551613033,
    "color": 4.28689479828,
    "location": 14.026766666092367,
    "stability": 0.103960461915,
    "tonality": 0.38627359271
}