{
    "name": "977cf8c5",
    "x": -7.751425266265869,
    "y": -43.07638931274414,
    "loudness": 0.000482024799567,
    "raspiness": 0.0159551613033,
    "color": 4.28689479828,
    "location": 196.750183105,
    "stability": 0.103960461915,
    "tonality": 0.38627359271
}