{
    "name": "977cf8c5",
    "x": 3.1706666946411133,
    "y": 0.05395190417766571,
    "loudness": 0.000482024799567,
    "raspiness": 0.0159551613033,
    "color": 4.28689479828,
    "location": 196.750183105,
    "stability": 0.103960461915,
    "tonality": 0.38627359271
}