{
    "name": "978e0a19",
    "x": 30.791194915771484,
    "y": 26.809146881103516,
    "loudness": 0.876002907753,
    "raspiness": 0.147131964564,
    "color": 41.1373252869,
    "location": 43.567669729972934,
    "stability": 0.734953999519,
    "tonality": 0.482954323292
}