{
    "name": "979b3c65",
    "x": 24.106531143188477,
    "y": 23.216224670410156,
    "loudness": 0.919235527515,
    "raspiness": 0.150208413601,
    "color": 34.9689903259,
    "location": 42.196995459155616,
    "stability": 0.638891458511,
    "tonality": 0.482836186886
}