{
    "name": "979b3c65",
    "x": 5.974431991577148,
    "y": 9.889723777770996,
    "loudness": 0.919235527515,
    "raspiness": 0.150208413601,
    "color": 34.9689903259,
    "location": 1780.58642578,
    "stability": 0.638891458511,
    "tonality": 0.482836186886
}