{
    "name": "97a079d5",
    "x": -0.2698606252670288,
    "y": 8.301551818847656,
    "loudness": 0.99068403244,
    "raspiness": 0.0865910425782,
    "color": 3.06005644798,
    "location": 1105.91308594,
    "stability": 0.420271664858,
    "tonality": 0.424044847488
}