{
    "name": "97a079d5",
    "x": -16.952072143554688,
    "y": 17.798315048217773,
    "loudness": 0.99068403244,
    "raspiness": 0.0865910425782,
    "color": 3.06005644798,
    "location": 1105.91308594,
    "stability": 0.420271664858,
    "tonality": 0.424044847488
}