{
    "name": "97a1d2cb",
    "x": -37.074195861816406,
    "y": 0.7208181023597717,
    "loudness": 0.964619874954,
    "raspiness": 0.0296245552599,
    "color": 10.5453224182,
    "location": 670.265441895,
    "stability": 0.399821162224,
    "tonality": 0.353378415108
}