{
    "name": "97abaf0c",
    "x": 1.634730577468872,
    "y": 4.1928839683532715,
    "loudness": 0.671493291855,
    "raspiness": 0.0223635975271,
    "color": 11.4960031509,
    "location": 769.23248291,
    "stability": 0.309355378151,
    "tonality": 0.462861001492
}