{
    "name": "97abaf0c",
    "x": -8.304068565368652,
    "y": -8.805459976196289,
    "loudness": 0.671493291855,
    "raspiness": 0.0223635975271,
    "color": 11.4960031509,
    "location": 769.23248291,
    "stability": 0.309355378151,
    "tonality": 0.462861001492
}