{
    "name": "97b26273",
    "x": -5.692248821258545,
    "y": -24.556272506713867,
    "loudness": 0.276501238346,
    "raspiness": 0.00939148757607,
    "color": 12.4197206497,
    "location": 501.743804932,
    "stability": 0.338470339775,
    "tonality": 0.439442336559
}