{
    "name": "97bbab94",
    "x": 12.302654266357422,
    "y": 4.181055068969727,
    "loudness": 0.87246710062,
    "raspiness": 0.0803857892752,
    "color": 42.975566864,
    "location": 51.747782636650236,
    "stability": 0.423656195402,
    "tonality": 0.494517415762
}