{
    "name": "97bbab94",
    "x": 13.29948616027832,
    "y": 6.942723751068115,
    "loudness": 0.87246710062,
    "raspiness": 0.0803857892752,
    "color": 42.975566864,
    "location": 2677.83300781,
    "stability": 0.423656195402,
    "tonality": 0.494517415762
}