{
    "name": "97c2fed9",
    "x": 4.184186935424805,
    "y": 0.9326720833778381,
    "loudness": 0.000990908127278,
    "raspiness": 0.0466209836304,
    "color": 13.0404825211,
    "location": 945.903747559,
    "stability": 0.273526877165,
    "tonality": 0.476996153593
}