{
    "name": "97c2fed9",
    "x": 0.843676745891571,
    "y": -33.95830535888672,
    "loudness": 0.000990908127278,
    "raspiness": 0.0466209836304,
    "color": 13.0404825211,
    "location": 945.903747559,
    "stability": 0.273526877165,
    "tonality": 0.476996153593
}