{
    "name": "97d60ed0",
    "x": 6.218717575073242,
    "y": 2.688450336456299,
    "loudness": 0.144932389259,
    "raspiness": 0.159631580114,
    "color": 12.5699520111,
    "location": 2883.88720703,
    "stability": 0.553044736385,
    "tonality": 0.475889265537
}