{
    "name": "97db1f95",
    "x": 4.004024505615234,
    "y": 10.074787139892578,
    "loudness": 0.974526703358,
    "raspiness": 0.078263245523,
    "color": 31.8845806122,
    "location": 1849.80419922,
    "stability": 0.631410300732,
    "tonality": 0.440337210894
}