{
    "name": "97db1f95",
    "x": 5.073190212249756,
    "y": 30.800987243652344,
    "loudness": 0.974526703358,
    "raspiness": 0.078263245523,
    "color": 31.8845806122,
    "location": 43.00935013715041,
    "stability": 0.631410300732,
    "tonality": 0.440337210894
}