{
    "name": "97fa44da",
    "x": 6.988160133361816,
    "y": 8.810033798217773,
    "loudness": 0.99068403244,
    "raspiness": 0.180483609438,
    "color": 15.6152687073,
    "location": 2445.61010742,
    "stability": 0.603994071484,
    "tonality": 0.488653570414
}