{
    "name": "97fa44da",
    "x": 30.26510238647461,
    "y": 13.635494232177734,
    "loudness": 0.99068403244,
    "raspiness": 0.180483609438,
    "color": 15.6152687073,
    "location": 49.453110189552284,
    "stability": 0.603994071484,
    "tonality": 0.488653570414
}