{
    "name": "982ef140",
    "x": 9.098526000976562,
    "y": 8.129302978515625,
    "loudness": 0.99068403244,
    "raspiness": 0.250271260738,
    "color": 10.5668897629,
    "location": 3210.68310547,
    "stability": 0.651710748672,
    "tonality": 0.486966669559
}