{
    "name": "982e16a5",
    "x": 3.085023880004883,
    "y": 9.03343391418457,
    "loudness": 0.982641637325,
    "raspiness": 0.0690249279141,
    "color": 19.9732952118,
    "location": 1644.80847168,
    "stability": 0.539559781551,
    "tonality": 0.475394517183
}