{
    "name": "982ef140",
    "x": 41.86212921142578,
    "y": 4.047157287597656,
    "loudness": 0.99068403244,
    "raspiness": 0.250271260738,
    "color": 10.5668897629,
    "location": 56.662890020453425,
    "stability": 0.651710748672,
    "tonality": 0.486966669559
}