{
    "name": "98a1a3cb",
    "x": -5.024348258972168,
    "y": 7.107117176055908,
    "loudness": 0.99068403244,
    "raspiness": 0.0572374127805,
    "color": 90.6243972778,
    "location": 40.158750226196034,
    "stability": 0.355936855078,
    "tonality": 0.449289828539
}