{
    "name": "98a1a3cb",
    "x": -0.6157644987106323,
    "y": 7.602175235748291,
    "loudness": 0.99068403244,
    "raspiness": 0.0572374127805,
    "color": 90.6243972778,
    "location": 1612.72521973,
    "stability": 0.355936855078,
    "tonality": 0.449289828539
}