{
    "name": "98a3319e",
    "x": -26.92884635925293,
    "y": 19.838367462158203,
    "loudness": 0.971695065498,
    "raspiness": 0.0455139540136,
    "color": 19.5904140472,
    "location": 31.69572555645319,
    "stability": 0.508758068085,
    "tonality": 0.377471238375
}