{
    "name": "98ad6653",
    "x": -25.092653274536133,
    "y": 10.389065742492676,
    "loudness": 0.975648462772,
    "raspiness": 0.111088559031,
    "color": 16.6576042175,
    "location": 2226.37353516,
    "stability": 0.421358883381,
    "tonality": 0.348947703838
}