{
    "name": "98aeddbf",
    "x": -4.479959011077881,
    "y": 7.420917510986328,
    "loudness": 0.975655794144,
    "raspiness": 0.0373616553843,
    "color": 27.0614566803,
    "location": 993.410705566,
    "stability": 0.3152166605,
    "tonality": 0.264543503523
}