{
    "name": "98ba4032",
    "x": 4.769765853881836,
    "y": 0.8600509166717529,
    "loudness": 0.00241371896118,
    "raspiness": 0.102741666138,
    "color": 11.8728055954,
    "location": 2225.77441406,
    "stability": 0.212877467275,
    "tonality": 0.416505366564
}