{
    "name": "98ba4032",
    "x": -3.2864925861358643,
    "y": -18.264034271240234,
    "loudness": 0.00241371896118,
    "raspiness": 0.102741666138,
    "color": 11.8728055954,
    "location": 47.178113718757345,
    "stability": 0.212877467275,
    "tonality": 0.416505366564
}