{
    "name": "98ba4032",
    "x": 1.8801212310791016,
    "y": -35.32024002075195,
    "loudness": 0.00241371896118,
    "raspiness": 0.102741666138,
    "color": 11.8728055954,
    "location": 2225.77441406,
    "stability": 0.212877467275,
    "tonality": 0.416505366564
}