{
    "name": "98c03092",
    "x": 29.81423568725586,
    "y": -13.523508071899414,
    "loudness": 0.0811301097274,
    "raspiness": 0.275357931852,
    "color": 260.032104492,
    "location": 66.51497349634893,
    "stability": 0.491654038429,
    "tonality": 0.496478706598
}