{
    "name": "98c03092",
    "x": 7.362527847290039,
    "y": 2.9043447971343994,
    "loudness": 0.0811301097274,
    "raspiness": 0.275357931852,
    "color": 260.032104492,
    "location": 4424.24169922,
    "stability": 0.491654038429,
    "tonality": 0.496478706598
}