{
    "name": "98c03092",
    "x": 31.020601272583008,
    "y": -19.895639419555664,
    "loudness": 0.0811301097274,
    "raspiness": 0.275357931852,
    "color": 260.032104492,
    "location": 4424.24169922,
    "stability": 0.491654038429,
    "tonality": 0.496478706598
}