{
    "name": "98c33093",
    "x": -10.115030288696289,
    "y": 12.316158294677734,
    "loudness": 0.986506104469,
    "raspiness": 0.0428533144295,
    "color": 22.6497917175,
    "location": 28.27887701543327,
    "stability": 0.421081423759,
    "tonality": 0.457157760859
}