{
    "name": "98c69af9",
    "x": -22.284040451049805,
    "y": 24.1137638092041,
    "loudness": 0.99068403244,
    "raspiness": 0.060018569231,
    "color": 16.672586441,
    "location": 1665.06970215,
    "stability": 0.49768692255,
    "tonality": 0.397204041481
}