{
    "name": "98c9a93d",
    "x": 3.362981081008911,
    "y": 10.252361297607422,
    "loudness": 0.990611732006,
    "raspiness": 0.107536315918,
    "color": 18.3282051086,
    "location": 47.1607436560324,
    "stability": 0.399317800999,
    "tonality": 0.431252300739
}