{
    "name": "98c9a93d",
    "x": 3.6736092567443848,
    "y": 7.40212345123291,
    "loudness": 0.990611732006,
    "raspiness": 0.107536315918,
    "color": 18.3282051086,
    "location": 2224.13574219,
    "stability": 0.399317800999,
    "tonality": 0.431252300739
}