{
    "name": "98cf9714",
    "x": -4.746020317077637,
    "y": 34.73756408691406,
    "loudness": 0.8250477314,
    "raspiness": 0.0627390518785,
    "color": 5.57678747177,
    "location": 27.24527804558067,
    "stability": 0.668690741062,
    "tonality": 0.434018284082
}