{
    "name": "98cf9714",
    "x": -8.434922218322754,
    "y": 39.13694381713867,
    "loudness": 0.8250477314,
    "raspiness": 0.0627390518785,
    "color": 5.57678747177,
    "location": 742.305175781,
    "stability": 0.668690741062,
    "tonality": 0.434018284082
}