{
    "name": "98d6a254",
    "x": -7.993309020996094,
    "y": 3.4601500034332275,
    "loudness": 0.613595962524,
    "raspiness": 0.0131321959198,
    "color": 6.76226615906,
    "location": 18.363304100841983,
    "stability": 0.476929247379,
    "tonality": 0.441508382559
}