{
    "name": "98d6a254",
    "x": -10.345359802246094,
    "y": 1.3192439079284668,
    "loudness": 0.613595962524,
    "raspiness": 0.0131321959198,
    "color": 6.76226615906,
    "location": 337.2109375,
    "stability": 0.476929247379,
    "tonality": 0.441508382559
}