{
    "name": "98da8281",
    "x": 5.198264122009277,
    "y": -0.39699867367744446,
    "loudness": 0.550689041615,
    "raspiness": 0.154395103455,
    "color": 12.8026361465,
    "location": 1608.72790527,
    "stability": 0.398449778557,
    "tonality": 0.434256851673
}