{
    "name": "98dadc30",
    "x": 2.4331796169281006,
    "y": 10.839752197265625,
    "loudness": 0.781431853771,
    "raspiness": 0.0199122577906,
    "color": 8.488904953,
    "location": 446.145141602,
    "stability": 0.604974627495,
    "tonality": 0.468240737915
}