{
    "name": "98e3623d",
    "x": 7.781074523925781,
    "y": 8.685324668884277,
    "loudness": 0.871817827225,
    "raspiness": 0.187659665942,
    "color": 28.8190631866,
    "location": 3014.56420898,
    "stability": 0.610006570816,
    "tonality": 0.492266982794
}