{
    "name": "98fb288b",
    "x": -38.53071594238281,
    "y": 14.721449851989746,
    "loudness": 0.980601072311,
    "raspiness": 0.0248951986432,
    "color": 20.7395248413,
    "location": 24.638316315426263,
    "stability": 0.540009558201,
    "tonality": 0.327277094126
}