{
    "name": "98fb288b",
    "x": -3.871039390563965,
    "y": 9.438105583190918,
    "loudness": 0.980601072311,
    "raspiness": 0.0248951986432,
    "color": 20.7395248413,
    "location": 607.046630859,
    "stability": 0.540009558201,
    "tonality": 0.327277094126
}