{
    "name": "990e6fc3",
    "x": -11.59954833984375,
    "y": 5.004720211029053,
    "loudness": 0.99068403244,
    "raspiness": 0.0481622852385,
    "color": 13.678155899,
    "location": 39.18735670825477,
    "stability": 0.325367242098,
    "tonality": 0.430714815855
}