{
    "name": "990e6fc3",
    "x": -0.8845908045768738,
    "y": 7.559112548828125,
    "loudness": 0.99068403244,
    "raspiness": 0.0481622852385,
    "color": 13.678155899,
    "location": 1535.64892578,
    "stability": 0.325367242098,
    "tonality": 0.430714815855
}