{
    "name": "990f8e83",
    "x": 2.653015375137329,
    "y": -2.256528615951538,
    "loudness": 0.86281222105,
    "raspiness": 0.0575427561998,
    "color": 10.9360198975,
    "location": 2547.80395508,
    "stability": 0.227879777551,
    "tonality": 0.49269965291
}