{
    "name": "991fa1d7",
    "x": 0.5220428109169006,
    "y": 4.7556328773498535,
    "loudness": 0.94378888607,
    "raspiness": 0.0111325643957,
    "color": 28.2686920166,
    "location": 1526.6953125,
    "stability": 0.080839112401,
    "tonality": 0.477403610945
}