{
    "name": "991fa1d7",
    "x": -9.122940063476562,
    "y": -6.643630504608154,
    "loudness": 0.94378888607,
    "raspiness": 0.0111325643957,
    "color": 28.2686920166,
    "location": 39.07294860258181,
    "stability": 0.080839112401,
    "tonality": 0.477403610945
}