{
    "name": "992c8909",
    "x": -3.3891923427581787,
    "y": 3.0640416145324707,
    "loudness": 0.953642606735,
    "raspiness": 0.100980594754,
    "color": 15.7912187576,
    "location": 2220.5300293,
    "stability": 0.244834646583,
    "tonality": 0.438872933388
}