{
    "name": "992c8909",
    "x": -3.2228145599365234,
    "y": 1.9300090074539185,
    "loudness": 0.953642606735,
    "raspiness": 0.100980594754,
    "color": 15.7912187576,
    "location": 47.122500244575306,
    "stability": 0.244834646583,
    "tonality": 0.438872933388
}