{
    "name": "993f7c05",
    "x": -32.06226348876953,
    "y": -1.832231879234314,
    "loudness": 0.901580512524,
    "raspiness": 0.0605122894049,
    "color": 21.2776851654,
    "location": 31.73024249150958,
    "stability": 0.317794471979,
    "tonality": 0.327697366476
}