{
    "name": "99a5838c",
    "x": -3.9974241256713867,
    "y": 9.161142349243164,
    "loudness": 0.99068403244,
    "raspiness": 0.0677441433072,
    "color": 3.1774661541,
    "location": 837.827758789,
    "stability": 0.483767658472,
    "tonality": 0.307483702898
}