{
    "name": "99a5838c",
    "x": -39.74135208129883,
    "y": 8.284492492675781,
    "loudness": 0.99068403244,
    "raspiness": 0.0677441433072,
    "color": 3.1774661541,
    "location": 28.945254512423965,
    "stability": 0.483767658472,
    "tonality": 0.307483702898
}