{
    "name": "99ac6bcd",
    "x": -14.863746643066406,
    "y": 29.96314811706543,
    "loudness": 0.904274404049,
    "raspiness": 0.0706263929605,
    "color": 14.1414299011,
    "location": 1277.16577148,
    "stability": 0.549847364426,
    "tonality": 0.425567418337
}