{
    "name": "99ac6bcd",
    "x": -0.08680757135152817,
    "y": 9.495854377746582,
    "loudness": 0.904274404049,
    "raspiness": 0.0706263929605,
    "color": 14.1414299011,
    "location": 1277.16577148,
    "stability": 0.549847364426,
    "tonality": 0.425567418337
}