{
    "name": "99b03726",
    "x": -6.695302963256836,
    "y": 34.31682586669922,
    "loudness": 0.99068403244,
    "raspiness": 0.0970803275704,
    "color": 32.2959594727,
    "location": 41.90796568541594,
    "stability": 0.646812736988,
    "tonality": 0.406798988581
}