{
    "name": "99b03726",
    "x": 0.039203595370054245,
    "y": 10.68684196472168,
    "loudness": 0.99068403244,
    "raspiness": 0.0970803275704,
    "color": 32.2959594727,
    "location": 1756.27758789,
    "stability": 0.646812736988,
    "tonality": 0.406798988581
}