{
    "name": "99b5619a",
    "x": -10.462692260742188,
    "y": 37.637916564941406,
    "loudness": 0.931626081467,
    "raspiness": 0.0294596347958,
    "color": 13.0304918289,
    "location": 681.487060547,
    "stability": 0.580114364624,
    "tonality": 0.469647318125
}