{
    "name": "99b5619a",
    "x": -5.806032657623291,
    "y": 29.764467239379883,
    "loudness": 0.931626081467,
    "raspiness": 0.0294596347958,
    "color": 13.0304918289,
    "location": 26.105307133741984,
    "stability": 0.580114364624,
    "tonality": 0.469647318125
}