{
    "name": "99bbe4d1",
    "x": -21.246685028076172,
    "y": 5.4965643882751465,
    "loudness": 0.99068403244,
    "raspiness": 0.036731351167,
    "color": 15.8429784775,
    "location": 1341.76196289,
    "stability": 0.345613509417,
    "tonality": 0.398549765348
}