{
    "name": "99bbe4d1",
    "x": -19.480365753173828,
    "y": 5.798857688903809,
    "loudness": 0.99068403244,
    "raspiness": 0.036731351167,
    "color": 15.8429784775,
    "location": 36.63006910845242,
    "stability": 0.345613509417,
    "tonality": 0.398549765348
}