{
    "name": "99cffa38",
    "x": 37.80153274536133,
    "y": -20.650285720825195,
    "loudness": 0.959992110729,
    "raspiness": 0.520026922226,
    "color": 2189.75292969,
    "location": 81.15625601652654,
    "stability": 0.638080239296,
    "tonality": 0.492209047079
}