{
    "name": "99db2c7e",
    "x": 32.34281539916992,
    "y": 7.352898597717285,
    "loudness": 0.8555341959,
    "raspiness": 0.18310546875,
    "color": 47.7560386658,
    "location": 54.97047547393055,
    "stability": 0.593941688538,
    "tonality": 0.48655924201
}