{
    "name": "99db2c7e",
    "x": 7.72933292388916,
    "y": 8.620506286621094,
    "loudness": 0.8555341959,
    "raspiness": 0.18310546875,
    "color": 47.7560386658,
    "location": 3021.75317383,
    "stability": 0.593941688538,
    "tonality": 0.48655924201
}