{
    "name": "99e1fe85",
    "x": 6.856602191925049,
    "y": 7.8386712074279785,
    "loudness": 0.99068403244,
    "raspiness": 0.182443395257,
    "color": 11.1565895081,
    "location": 2489.00732422,
    "stability": 0.455239593983,
    "tonality": 0.461215496063
}