{
    "name": "99e81de6",
    "x": 1.8055198192596436,
    "y": 10.974185943603516,
    "loudness": 0.928906023502,
    "raspiness": 0.0158140789717,
    "color": 7.77764749527,
    "location": 309.59173584,
    "stability": 0.666081130505,
    "tonality": 0.451382517815
}