{
    "name": "99e97f38",
    "x": -4.341876029968262,
    "y": 9.341713905334473,
    "loudness": 0.972220242023,
    "raspiness": 0.0132794249803,
    "color": 12.520822525,
    "location": 391.444946289,
    "stability": 0.581563591957,
    "tonality": 0.288144409657
}