{
    "name": "99e97f38",
    "x": -49.481056213378906,
    "y": 2.697469711303711,
    "loudness": 0.972220242023,
    "raspiness": 0.0132794249803,
    "color": 12.520822525,
    "location": 391.444946289,
    "stability": 0.581563591957,
    "tonality": 0.288144409657
}