{
    "name": "99fa57ed",
    "x": 2.5635132789611816,
    "y": -0.16752265393733978,
    "loudness": 0.000294676981866,
    "raspiness": 0.033045258373,
    "color": 1.87031579018,
    "location": 322.244232178,
    "stability": 0.207874238491,
    "tonality": 0.334130197763
}