{
    "name": "99fa57ed",
    "x": -18.42457389831543,
    "y": -26.862119674682617,
    "loudness": 0.000294676981866,
    "raspiness": 0.033045258373,
    "color": 1.87031579018,
    "location": 17.951162418573343,
    "stability": 0.207874238491,
    "tonality": 0.334130197763
}