{
    "name": "99fa57ed",
    "x": -15.547207832336426,
    "y": -39.78273010253906,
    "loudness": 0.000294676981866,
    "raspiness": 0.033045258373,
    "color": 1.87031579018,
    "location": 322.244232178,
    "stability": 0.207874238491,
    "tonality": 0.334130197763
}