{
    "name": "9a01151b",
    "x": -28.108516693115234,
    "y": -1.1006569862365723,
    "loudness": 0.79921400547,
    "raspiness": 0.033447265625,
    "color": 11.2886505127,
    "location": 29.02557087548839,
    "stability": 0.320849359035,
    "tonality": 0.352821558714
}