{
    "name": "9a01151b",
    "x": -3.199343204498291,
    "y": 7.676468849182129,
    "loudness": 0.79921400547,
    "raspiness": 0.033447265625,
    "color": 11.2886505127,
    "location": 842.483764648,
    "stability": 0.320849359035,
    "tonality": 0.352821558714
}