{
    "name": "9a0a3097",
    "x": 40.811702728271484,
    "y": 22.01573944091797,
    "loudness": 0.99068403244,
    "raspiness": 0.167956233025,
    "color": 27.970123291,
    "location": 51.50439434378391,
    "stability": 0.792593479156,
    "tonality": 0.476897567511
}