{
    "name": "9a0ad181",
    "x": -4.207352161407471,
    "y": 8.884578704833984,
    "loudness": 0.944942176342,
    "raspiness": 0.023797897622,
    "color": 10.8204698563,
    "location": 486.35345459,
    "stability": 0.481803297997,
    "tonality": 0.30699801445
}