{
    "name": "9a0ad181",
    "x": -48.839107513427734,
    "y": 0.048023805022239685,
    "loudness": 0.944942176342,
    "raspiness": 0.023797897622,
    "color": 10.8204698563,
    "location": 486.35345459,
    "stability": 0.481803297997,
    "tonality": 0.30699801445
}