{
    "name": "9a0ad181",
    "x": -41.62446594238281,
    "y": 7.52866268157959,
    "loudness": 0.944942176342,
    "raspiness": 0.023797897622,
    "color": 10.8204698563,
    "location": 22.05342274092618,
    "stability": 0.481803297997,
    "tonality": 0.30699801445
}