{
    "name": "9a0cf427",
    "x": 35.65279006958008,
    "y": 23.82322883605957,
    "loudness": 0.99068403244,
    "raspiness": 0.157958984375,
    "color": 19.8567657471,
    "location": 46.76913305418436,
    "stability": 0.756076872349,
    "tonality": 0.470194935799
}