{
    "name": "9a0cf427",
    "x": 7.437358379364014,
    "y": 10.449790000915527,
    "loudness": 0.99068403244,
    "raspiness": 0.157958984375,
    "color": 19.8567657471,
    "location": 2187.35180664,
    "stability": 0.756076872349,
    "tonality": 0.470194935799
}