{
    "name": "9a1c79fe",
    "x": -3.651360034942627,
    "y": 9.308538436889648,
    "loudness": 0.99068403244,
    "raspiness": 0.201974824071,
    "color": 14.3268470764,
    "location": 2181.10644531,
    "stability": 0.57514923811,
    "tonality": 0.246621131897
}