{
    "name": "9a1c79fe",
    "x": -37.731239318847656,
    "y": 8.932031631469727,
    "loudness": 0.99068403244,
    "raspiness": 0.201974824071,
    "color": 14.3268470764,
    "location": 46.70231734411045,
    "stability": 0.57514923811,
    "tonality": 0.246621131897
}