{
    "name": "9a215d6a",
    "x": -17.867088317871094,
    "y": 17.16330337524414,
    "loudness": 0.797441661358,
    "raspiness": 0.04728750512,
    "color": 13.9384965897,
    "location": 31.947101739750977,
    "stability": 0.498743981123,
    "tonality": 0.407727777958
}