{
    "name": "9a32a055",
    "x": 8.618033409118652,
    "y": 7.610539436340332,
    "loudness": 0.99068403244,
    "raspiness": 0.229076042771,
    "color": 27.288816452,
    "location": 3629.03027344,
    "stability": 0.555674374104,
    "tonality": 0.485440760851
}