{
    "name": "9a32a055",
    "x": 35.072914123535156,
    "y": 1.041017770767212,
    "loudness": 0.99068403244,
    "raspiness": 0.229076042771,
    "color": 27.288816452,
    "location": 60.24143319543452,
    "stability": 0.555674374104,
    "tonality": 0.485440760851
}