{
    "name": "9a332642",
    "x": -14.630407333374023,
    "y": 22.653390884399414,
    "loudness": 0.99068403244,
    "raspiness": 0.0407351218164,
    "color": 12.6757383347,
    "location": 33.14608151395878,
    "stability": 0.511965870857,
    "tonality": 0.420688778162
}