{
    "name": "9a3f54d2",
    "x": 14.455357551574707,
    "y": -0.6564276218414307,
    "loudness": 0.658755302429,
    "raspiness": 0.163418665528,
    "color": 14.9226875305,
    "location": 47.426075802452814,
    "stability": 0.402198284864,
    "tonality": 0.479684382677
}