{
    "name": "9a4bfb69",
    "x": -2.836827039718628,
    "y": 1.132428765296936,
    "loudness": 0.99068403244,
    "raspiness": 0.110095515847,
    "color": 3.66815662384,
    "location": 39.41178527242835,
    "stability": 0.25710439682,
    "tonality": 0.473517388105
}