{
    "name": "9a4bfb69",
    "x": -2.2897510528564453,
    "y": 2.058530569076538,
    "loudness": 0.99068403244,
    "raspiness": 0.110095515847,
    "color": 3.66815662384,
    "location": 1553.28881836,
    "stability": 0.25710439682,
    "tonality": 0.473517388105
}