{
    "name": "9a4bfb69",
    "x": 1.0482345819473267,
    "y": 5.345308303833008,
    "loudness": 0.99068403244,
    "raspiness": 0.110095515847,
    "color": 3.66815662384,
    "location": 1553.28881836,
    "stability": 0.25710439682,
    "tonality": 0.473517388105
}