{
    "name": "9a513935",
    "x": 7.388182163238525,
    "y": 7.73446798324585,
    "loudness": 0.99068403244,
    "raspiness": 0.204654946923,
    "color": 11.1482906342,
    "location": 2837.8059082,
    "stability": 0.507730603218,
    "tonality": 0.468273162842
}