{
    "name": "9a61e15d",
    "x": -37.50484085083008,
    "y": -0.7542053461074829,
    "loudness": 0.853398025036,
    "raspiness": 0.0416066013277,
    "color": 8.12617111206,
    "location": 28.705643644604105,
    "stability": 0.385402828455,
    "tonality": 0.306360423565
}