{
    "name": "9a61e15d",
    "x": -3.952180862426758,
    "y": 7.850189208984375,
    "loudness": 0.853398025036,
    "raspiness": 0.0416066013277,
    "color": 8.12617111206,
    "location": 824.013977051,
    "stability": 0.385402828455,
    "tonality": 0.306360423565
}