{
    "name": "9a679751",
    "x": -8.85723876953125,
    "y": -9.971677780151367,
    "loudness": 0.42172563076,
    "raspiness": 0.03652927652,
    "color": 10.0280733109,
    "location": 31.128356997679784,
    "stability": 0.563830971718,
    "tonality": 0.375459462404
}