{
    "name": "9a670ef2",
    "x": 4.1988348960876465,
    "y": 10.229093551635742,
    "loudness": 0.988268077374,
    "raspiness": 0.0894812867045,
    "color": 9.02993297577,
    "location": 2579.98803711,
    "stability": 0.370428949594,
    "tonality": 0.448899149895
}