{
    "name": "9a679751",
    "x": 2.669454336166382,
    "y": 1.896390676498413,
    "loudness": 0.42172563076,
    "raspiness": 0.03652927652,
    "color": 10.0280733109,
    "location": 968.974609375,
    "stability": 0.563830971718,
    "tonality": 0.375459462404
}