{
    "name": "9a670ef2",
    "x": 6.164951801300049,
    "y": 6.0219950675964355,
    "loudness": 0.988268077374,
    "raspiness": 0.0894812867045,
    "color": 9.02993297577,
    "location": 50.79358263708123,
    "stability": 0.370428949594,
    "tonality": 0.448899149895
}