{
    "name": "9a6a9cff",
    "x": 6.180682182312012,
    "y": 12.155709266662598,
    "loudness": 0.922030031681,
    "raspiness": 0.089466445148,
    "color": 13.9226312637,
    "location": 1890.90930176,
    "stability": 0.792645394802,
    "tonality": 0.489772349596
}