{
    "name": "9a6a9cff",
    "x": 29.562519073486328,
    "y": 38.569515228271484,
    "loudness": 0.922030031681,
    "raspiness": 0.089466445148,
    "color": 13.9226312637,
    "location": 43.484586944801485,
    "stability": 0.792645394802,
    "tonality": 0.489772349596
}