{
    "name": "9a72bb2e",
    "x": -8.922396659851074,
    "y": -22.408971786499023,
    "loudness": 0.0123224435374,
    "raspiness": 0.0335884317756,
    "color": 13.1293535233,
    "location": 32.684263926238266,
    "stability": 0.307994604111,
    "tonality": 0.405193626881
}