{
    "name": "9a722e53",
    "x": -36.53414535522461,
    "y": 5.2730584144592285,
    "loudness": 0.950947761536,
    "raspiness": 0.0372040197253,
    "color": 22.244146347,
    "location": 30.493263376162282,
    "stability": 0.429656744003,
    "tonality": 0.327327221632
}