{
    "name": "9a72318a",
    "x": 6.033023357391357,
    "y": 10.856451034545898,
    "loudness": 0.869129836559,
    "raspiness": 0.0906517878175,
    "color": 18.1735038757,
    "location": 2161.57324219,
    "stability": 0.683751225471,
    "tonality": 0.490143567324
}