{
    "name": "9a722e53",
    "x": -3.6727681159973145,
    "y": 8.395031929016113,
    "loudness": 0.950947761536,
    "raspiness": 0.0372040197253,
    "color": 22.244146347,
    "location": 929.839111328,
    "stability": 0.429656744003,
    "tonality": 0.327327221632
}