{
    "name": "9a76ee63",
    "x": 6.864926815032959,
    "y": 8.873513221740723,
    "loudness": 0.950776278973,
    "raspiness": 0.168780893087,
    "color": 13.0589866638,
    "location": 2320.65380859,
    "stability": 0.587874472141,
    "tonality": 0.486139088869
}