{
    "name": "9a76ee63",
    "x": 27.104232788085938,
    "y": 14.839917182922363,
    "loudness": 0.950776278973,
    "raspiness": 0.168780893087,
    "color": 13.0589866638,
    "location": 48.173164818081034,
    "stability": 0.587874472141,
    "tonality": 0.486139088869
}