{
    "name": "9a7dd5c0",
    "x": 2.63527512550354,
    "y": 6.7908124923706055,
    "loudness": 0.99068403244,
    "raspiness": 0.065502025187,
    "color": 14.6861581802,
    "location": 43.17662501018346,
    "stability": 0.390625536442,
    "tonality": 0.478290349245
}