{
    "name": "9a84e7d5",
    "x": 1.232159972190857,
    "y": -1.5352002382278442,
    "loudness": 0.519085884094,
    "raspiness": 0.0564151704311,
    "color": 29.83543396,
    "location": 1141.8873291,
    "stability": 0.481667548418,
    "tonality": 0.470473319292
}