{
    "name": "9a84e7d5",
    "x": 2.7315495014190674,
    "y": -0.7513476610183716,
    "loudness": 0.519085884094,
    "raspiness": 0.0564151704311,
    "color": 29.83543396,
    "location": 33.79182340596613,
    "stability": 0.481667548418,
    "tonality": 0.470473319292
}