{
    "name": "9a84e7d5",
    "x": 2.857800006866455,
    "y": 5.212806701660156,
    "loudness": 0.519085884094,
    "raspiness": 0.0564151704311,
    "color": 29.83543396,
    "location": 1141.8873291,
    "stability": 0.481667548418,
    "tonality": 0.470473319292
}