{
    "name": "9a87841a",
    "x": -0.04206252098083496,
    "y": 5.160991668701172,
    "loudness": 0.99068403244,
    "raspiness": 0.0230768378824,
    "color": 5.13229894638,
    "location": 312.797088623,
    "stability": 0.209659382701,
    "tonality": 0.469552636147
}