{
    "name": "9a8d697e",
    "x": 7.668833255767822,
    "y": 8.074835777282715,
    "loudness": 0.873190581799,
    "raspiness": 0.184439718723,
    "color": 84.5835342407,
    "location": 3177.72387695,
    "stability": 0.548226475716,
    "tonality": 0.490985959768
}