{
    "name": "9aa2b1e0",
    "x": 10.773175239562988,
    "y": 6.9560441970825195,
    "loudness": 0.952095210552,
    "raspiness": 0.617403209209,
    "color": 65.3642578125,
    "location": 4765.49560547,
    "stability": 0.750493168831,
    "tonality": 0.490421980619
}