{
    "name": "9aa2b1e0",
    "x": 48.13290786743164,
    "y": -10.252664566040039,
    "loudness": 0.952095210552,
    "raspiness": 0.617403209209,
    "color": 65.3642578125,
    "location": 69.03256916463417,
    "stability": 0.750493168831,
    "tonality": 0.490421980619
}