{
    "name": "9ab4b484",
    "x": -18.759119033813477,
    "y": -35.94841384887695,
    "loudness": 0.00506961066276,
    "raspiness": 0.0635036602616,
    "color": 5.77549171448,
    "location": 1214.86694336,
    "stability": 0.21036618948,
    "tonality": 0.279788613319
}