{
    "name": "9ab4b484",
    "x": -21.940603256225586,
    "y": -24.578033447265625,
    "loudness": 0.00506961066276,
    "raspiness": 0.0635036602616,
    "color": 5.77549171448,
    "location": 34.85494144823657,
    "stability": 0.21036618948,
    "tonality": 0.279788613319
}