{
    "name": "9ad0b702",
    "x": -0.9812192916870117,
    "y": -5.532790184020996,
    "loudness": 0.667628228664,
    "raspiness": 0.0917060300708,
    "color": 12.076587677,
    "location": 42.19391444296203,
    "stability": 0.175042524934,
    "tonality": 0.452731579542
}