{
    "name": "9ad0b702",
    "x": -1.7636218070983887,
    "y": -8.661421775817871,
    "loudness": 0.667628228664,
    "raspiness": 0.0917060300708,
    "color": 12.076587677,
    "location": 1780.32641602,
    "stability": 0.175042524934,
    "tonality": 0.452731579542
}