{
    "name": "9ad76285",
    "x": 30.759166717529297,
    "y": 37.074466705322266,
    "loudness": 0.905632138252,
    "raspiness": 0.0861239805818,
    "color": 31.2954120636,
    "location": 44.525927587642684,
    "stability": 0.802528560162,
    "tonality": 0.492423474789
}