{
    "name": "9ad76285",
    "x": 6.27928352355957,
    "y": 12.141674041748047,
    "loudness": 0.905632138252,
    "raspiness": 0.0861239805818,
    "color": 31.2954120636,
    "location": 1982.55822754,
    "stability": 0.802528560162,
    "tonality": 0.492423474789
}