{
    "name": "9adeec85",
    "x": -26.074310302734375,
    "y": -2.0985352993011475,
    "loudness": 0.99068403244,
    "raspiness": 0.0232456754893,
    "color": 6.96881008148,
    "location": 903.343261719,
    "stability": 0.309711009264,
    "tonality": 0.378867179155
}