{
    "name": "9adeec85",
    "x": -23.188457489013672,
    "y": -0.13408231735229492,
    "loudness": 0.99068403244,
    "raspiness": 0.0232456754893,
    "color": 6.96881008148,
    "location": 30.055669377323806,
    "stability": 0.309711009264,
    "tonality": 0.378867179155
}