{
    "name": "9adffd44",
    "x": -14.148030281066895,
    "y": -15.954381942749023,
    "loudness": 0.972133338451,
    "raspiness": 0.00045677923481,
    "color": 38.6079292297,
    "location": 964.740234375,
    "stability": 0.0572045817971,
    "tonality": 0.438587218523
}