{
    "name": "9ae5bbd7",
    "x": 2.564112424850464,
    "y": 5.619632720947266,
    "loudness": 0.676306247711,
    "raspiness": 0.0617715120316,
    "color": 13.8659572601,
    "location": 927.16784668,
    "stability": 0.502978444099,
    "tonality": 0.432341456413
}