{
    "name": "9aeb5b7c",
    "x": -46.851768493652344,
    "y": 8.897047996520996,
    "loudness": 0.945797026157,
    "raspiness": 0.0366024337709,
    "color": 17.1540546417,
    "location": 590.757080078,
    "stability": 0.817945122719,
    "tonality": 0.257042527199
}