{
    "name": "9b1c956a",
    "x": 6.279045104980469,
    "y": -5.9452433586120605,
    "loudness": 0.464668512344,
    "raspiness": 0.0826760306954,
    "color": 20.3555736542,
    "location": 1335.43823242,
    "stability": 0.521428465843,
    "tonality": 0.479557573795
}