{
    "name": "9b1ede13",
    "x": 32.317752838134766,
    "y": 8.212428092956543,
    "loudness": 0.674933254719,
    "raspiness": 0.212758287787,
    "color": 4.51230382919,
    "location": 2353.01367188,
    "stability": 0.700838387012,
    "tonality": 0.481390476227
}