{
    "name": "9b1ede13",
    "x": 30.5472469329834,
    "y": 8.39777946472168,
    "loudness": 0.674933254719,
    "raspiness": 0.212758287787,
    "color": 4.51230382919,
    "location": 48.50787226708671,
    "stability": 0.700838387012,
    "tonality": 0.481390476227
}