{
    "name": "9b2be3af",
    "x": -6.137120246887207,
    "y": -21.70909881591797,
    "loudness": 0.0560491606593,
    "raspiness": 0.0375399291515,
    "color": 8.34407901764,
    "location": 19.442953540627514,
    "stability": 0.419030725956,
    "tonality": 0.426939457655
}