{
    "name": "9b2c9768",
    "x": -43.59074020385742,
    "y": 22.193069458007812,
    "loudness": 0.957848250866,
    "raspiness": 0.0272560399026,
    "color": 11.8228578568,
    "location": 435.361846924,
    "stability": 0.650706112385,
    "tonality": 0.355554789305
}