{
    "name": "9b3cfa23",
    "x": 8.298687934875488,
    "y": 26.162925720214844,
    "loudness": 0.930909216404,
    "raspiness": 0.0791652500629,
    "color": 16.8725605011,
    "location": 37.91830174757303,
    "stability": 0.584901809692,
    "tonality": 0.478794008493
}