{
    "name": "9b3cfa23",
    "x": 3.266395092010498,
    "y": 9.866412162780762,
    "loudness": 0.930909216404,
    "raspiness": 0.0791652500629,
    "color": 16.8725605011,
    "location": 1437.79760742,
    "stability": 0.584901809692,
    "tonality": 0.478794008493
}