{
    "name": "9b3d83ed",
    "x": 10.085212707519531,
    "y": 1.078418254852295,
    "loudness": 0.511677980423,
    "raspiness": 0.0530852340162,
    "color": 11.2756443024,
    "location": 35.616729097433975,
    "stability": 0.686496853828,
    "tonality": 0.474028408527
}