{
    "name": "9b3d6d2f",
    "x": -1.4508497714996338,
    "y": -2.3519792556762695,
    "loudness": 0.973220705986,
    "raspiness": 0.037075266242,
    "color": 17.8095855713,
    "location": 1912.43554688,
    "stability": 0.241334885359,
    "tonality": 0.479418575764
}