{
    "name": "9b3dfe43",
    "x": 8.322629928588867,
    "y": 8.523221969604492,
    "loudness": 0.980748772621,
    "raspiness": 0.214573502541,
    "color": 19.5619773865,
    "location": 2908.92480469,
    "stability": 0.660444140434,
    "tonality": 0.473194539547
}