{
    "name": "9b3d83ed",
    "x": 4.551899433135986,
    "y": 3.589613437652588,
    "loudness": 0.511677980423,
    "raspiness": 0.0530852340162,
    "color": 11.2756443024,
    "location": 1268.5513916,
    "stability": 0.686496853828,
    "tonality": 0.474028408527
}