{
    "name": "9b3dfe43",
    "x": 38.94216537475586,
    "y": 9.74882698059082,
    "loudness": 0.980748772621,
    "raspiness": 0.214573502541,
    "color": 19.5619773865,
    "location": 53.9344491460699,
    "stability": 0.660444140434,
    "tonality": 0.473194539547
}