{
    "name": "9b3ec9e8",
    "x": 13.396636962890625,
    "y": -6.584712982177734,
    "loudness": 0.430483371019,
    "raspiness": 0.0879864767194,
    "color": 22.2763957977,
    "location": 43.39989379307281,
    "stability": 0.610455036163,
    "tonality": 0.483203619719
}