{
    "name": "9b3f965b",
    "x": 20.51601219177246,
    "y": -10.773292541503906,
    "loudness": 0.293357163668,
    "raspiness": 0.174425959587,
    "color": 45.067653656,
    "location": 51.76342009720764,
    "stability": 0.560091078281,
    "tonality": 0.483870625496
}