{
    "name": "9b3f965b",
    "x": 20.68952751159668,
    "y": -13.955714225769043,
    "loudness": 0.293357163668,
    "raspiness": 0.174425959587,
    "color": 45.067653656,
    "location": 2679.45166016,
    "stability": 0.560091078281,
    "tonality": 0.483870625496
}