{
    "name": "9b3f965b",
    "x": 6.112785816192627,
    "y": 3.191326856613159,
    "loudness": 0.293357163668,
    "raspiness": 0.174425959587,
    "color": 45.067653656,
    "location": 2679.45166016,
    "stability": 0.560091078281,
    "tonality": 0.483870625496
}