{
    "name": "9b51a5b5",
    "x": 28.430070877075195,
    "y": -9.819377899169922,
    "loudness": 0.373945713043,
    "raspiness": 0.240037754178,
    "color": 95.4803085327,
    "location": 57.566751760022036,
    "stability": 0.792339682579,
    "tonality": 0.492956131697
}