{
    "name": "9b51a5b5",
    "x": 28.989992141723633,
    "y": -12.290745735168457,
    "loudness": 0.373945713043,
    "raspiness": 0.240037754178,
    "color": 95.4803085327,
    "location": 3313.9309082,
    "stability": 0.792339682579,
    "tonality": 0.492956131697
}