{
    "name": "9b529b99",
    "x": 5.010972499847412,
    "y": 10.803945541381836,
    "loudness": 0.917124927044,
    "raspiness": 0.076687283814,
    "color": 30.5572853088,
    "location": 1860.95959473,
    "stability": 0.632562041283,
    "tonality": 0.488926768303
}