{
    "name": "9b529b99",
    "x": 16.250951766967773,
    "y": 29.56160545349121,
    "loudness": 0.917124927044,
    "raspiness": 0.076687283814,
    "color": 30.5572853088,
    "location": 43.138840906194964,
    "stability": 0.632562041283,
    "tonality": 0.488926768303
}