{
    "name": "9b5e1c20",
    "x": 12.581965446472168,
    "y": -29.40981674194336,
    "loudness": 0.142772689462,
    "raspiness": 0.0961513370275,
    "color": 9.22231960297,
    "location": 2106.53295898,
    "stability": 0.411829441786,
    "tonality": 0.486259281635
}