{
    "name": "9b5e1c20",
    "x": 5.429779052734375,
    "y": 1.8888174295425415,
    "loudness": 0.142772689462,
    "raspiness": 0.0961513370275,
    "color": 9.22231960297,
    "location": 2106.53295898,
    "stability": 0.411829441786,
    "tonality": 0.486259281635
}