{
    "name": "9b5e1c20",
    "x": 8.262730598449707,
    "y": -15.147582054138184,
    "loudness": 0.142772689462,
    "raspiness": 0.0961513370275,
    "color": 9.22231960297,
    "location": 45.89698202474755,
    "stability": 0.411829441786,
    "tonality": 0.486259281635
}