{
    "name": "9b651a88",
    "x": 12.594510078430176,
    "y": -0.4034861922264099,
    "loudness": 0.658247232437,
    "raspiness": 0.150301426649,
    "color": 15.9725961685,
    "location": 45.47417010215799,
    "stability": 0.410961478949,
    "tonality": 0.480564057827
}