{
    "name": "9b68cb7e",
    "x": 15.167929649353027,
    "y": -5.004189491271973,
    "loudness": 0.419324845076,
    "raspiness": 0.0902022346854,
    "color": 21.4318828583,
    "location": 42.98325891414005,
    "stability": 0.701400101185,
    "tonality": 0.482038736343
}