{
    "name": "9b68cb7e",
    "x": 16.32982063293457,
    "y": -3.4142751693725586,
    "loudness": 0.419324845076,
    "raspiness": 0.0902022346854,
    "color": 21.4318828583,
    "location": 1847.56054688,
    "stability": 0.701400101185,
    "tonality": 0.482038736343
}