{
    "name": "9b7ef58b",
    "x": 7.454412460327148,
    "y": 11.18574333190918,
    "loudness": 0.957577347755,
    "raspiness": 0.138978883624,
    "color": 30.5049209595,
    "location": 2511.15283203,
    "stability": 0.810195207596,
    "tonality": 0.49213513732
}