{
    "name": "9b9365b9",
    "x": 34.74080276489258,
    "y": -2.2436256408691406,
    "loudness": 0.99068403244,
    "raspiness": 0.21848282218,
    "color": 99.6746292114,
    "location": 3799.31958008,
    "stability": 0.502603411674,
    "tonality": 0.492303729057
}