{
    "name": "9bc87f37",
    "x": 4.974943161010742,
    "y": 8.194211959838867,
    "loudness": 0.99068403244,
    "raspiness": 0.124858058989,
    "color": 4.11780261993,
    "location": 2168.25024414,
    "stability": 0.478657245636,
    "tonality": 0.382283985615
}