{
    "name": "9bc87f37",
    "x": -14.876288414001465,
    "y": 16.39397621154785,
    "loudness": 0.99068403244,
    "raspiness": 0.124858058989,
    "color": 4.11780261993,
    "location": 46.56447405630176,
    "stability": 0.478657245636,
    "tonality": 0.382283985615
}