{
    "name": "9bccae2b",
    "x": 7.35555362701416,
    "y": 10.687792778015137,
    "loudness": 0.956136524677,
    "raspiness": 0.152608633041,
    "color": 53.7465705872,
    "location": 2035.40917969,
    "stability": 0.765388250351,
    "tonality": 0.486995697021
}