{
    "name": "9bcdba3b",
    "x": 9.092175483703613,
    "y": -17.90822982788086,
    "loudness": 0.191831633449,
    "raspiness": 0.0710240975022,
    "color": 3.71314954758,
    "location": 35.39294970287162,
    "stability": 0.606689155102,
    "tonality": 0.475628376007
}