{
    "name": "9bceebbb",
    "x": -3.771421194076538,
    "y": 7.358806133270264,
    "loudness": 0.970448672771,
    "raspiness": 0.0300159193575,
    "color": 24.838602066,
    "location": 921.843505859,
    "stability": 0.316668957472,
    "tonality": 0.322178393602
}