{
    "name": "9bceebbb",
    "x": -35.7431526184082,
    "y": -11.526555061340332,
    "loudness": 0.970448672771,
    "raspiness": 0.0300159193575,
    "color": 24.838602066,
    "location": 921.843505859,
    "stability": 0.316668957472,
    "tonality": 0.322178393602
}