{
    "name": "9bd2ef2e",
    "x": 44.97942352294922,
    "y": -12.141155242919922,
    "loudness": 0.699283659458,
    "raspiness": 0.391414105892,
    "color": 261.038330078,
    "location": 64.7480883224362,
    "stability": 0.755634725094,
    "tonality": 0.488054215908
}