{
    "name": "9bd4a0f0",
    "x": 21.445199966430664,
    "y": 30.267269134521484,
    "loudness": 0.981161236763,
    "raspiness": 0.0941099077463,
    "color": 11.9541006088,
    "location": 44.96672760831057,
    "stability": 0.659932553768,
    "tonality": 0.479059845209
}