{
    "name": "9bd4a0f0",
    "x": 5.368371486663818,
    "y": 10.746696472167969,
    "loudness": 0.981161236763,
    "raspiness": 0.0941099077463,
    "color": 11.9541006088,
    "location": 2022.0065918,
    "stability": 0.659932553768,
    "tonality": 0.479059845209
}