{
    "name": "9bedf2cf",
    "x": -21.77240562438965,
    "y": -1.131294846534729,
    "loudness": 0.634013831615,
    "raspiness": 0.0311201680452,
    "color": 2.98759555817,
    "location": 20.21306264797594,
    "stability": 0.341080665588,
    "tonality": 0.383734464645
}