{
    "name": "9bede6c7",
    "x": -1.588175654411316,
    "y": 10.246807098388672,
    "loudness": 0.97964733839,
    "raspiness": 0.0504476204515,
    "color": 41.4370117188,
    "location": 1153.65905762,
    "stability": 0.606068372726,
    "tonality": 0.367990523577
}