{
    "name": "9bede6c7",
    "x": -27.40999984741211,
    "y": 28.30577850341797,
    "loudness": 0.97964733839,
    "raspiness": 0.0504476204515,
    "color": 41.4370117188,
    "location": 33.9655569308086,
    "stability": 0.606068372726,
    "tonality": 0.367990523577
}