{
    "name": "9beefea5",
    "x": 11.669148445129395,
    "y": 4.847878932952881,
    "loudness": 0.9903023839,
    "raspiness": 0.475121349096,
    "color": 2430.13769531,
    "location": 3720.54833984,
    "stability": 0.712866425514,
    "tonality": 0.484531730413
}