{
    "name": "9bf2f8d2",
    "x": -2.881047010421753,
    "y": 27.537670135498047,
    "loudness": 0.99068403244,
    "raspiness": 0.0900358632207,
    "color": 5.05188274384,
    "location": 1406.16125488,
    "stability": 0.538356304169,
    "tonality": 0.444328337908
}