{
    "name": "9bf2f8d2",
    "x": -0.07789628207683563,
    "y": 21.87493133544922,
    "loudness": 0.99068403244,
    "raspiness": 0.0900358632207,
    "color": 5.05188274384,
    "location": 37.49881671306443,
    "stability": 0.538356304169,
    "tonality": 0.444328337908
}