{
    "name": "9bf40e11",
    "x": 3.078047275543213,
    "y": 26.053081512451172,
    "loudness": 0.99068403244,
    "raspiness": 0.0709960907698,
    "color": 14.3859195709,
    "location": 36.96012090226438,
    "stability": 0.563631653786,
    "tonality": 0.464573681355
}