{
    "name": "9bf40e11",
    "x": 2.5023691654205322,
    "y": 9.631444931030273,
    "loudness": 0.99068403244,
    "raspiness": 0.0709960907698,
    "color": 14.3859195709,
    "location": 1366.05053711,
    "stability": 0.563631653786,
    "tonality": 0.464573681355
}