{
    "name": "9bf40e11",
    "x": 0.8735676407814026,
    "y": 35.228694915771484,
    "loudness": 0.99068403244,
    "raspiness": 0.0709960907698,
    "color": 14.3859195709,
    "location": 1366.05053711,
    "stability": 0.563631653786,
    "tonality": 0.464573681355
}