{
    "name": "9c0a8ebb",
    "x": 3.120276689529419,
    "y": 9.108957290649414,
    "loudness": 0.99068403244,
    "raspiness": 0.0786295607686,
    "color": 10.3763666153,
    "location": 1440.29919434,
    "stability": 0.538119018078,
    "tonality": 0.481849879026
}