{
    "name": "9c0b64c2",
    "x": -17.558021545410156,
    "y": -13.401433944702148,
    "loudness": 0.99068403244,
    "raspiness": 0.0105168269947,
    "color": 8.27299690247,
    "location": 208.189117432,
    "stability": 0.135502442718,
    "tonality": 0.465100497007
}