{
    "name": "9c0b64c2",
    "x": -0.36908671259880066,
    "y": 4.978400230407715,
    "loudness": 0.99068403244,
    "raspiness": 0.0105168269947,
    "color": 8.27299690247,
    "location": 208.189117432,
    "stability": 0.135502442718,
    "tonality": 0.465100497007
}