{
    "name": "9c0cf859",
    "x": 3.5881481170654297,
    "y": 10.661993026733398,
    "loudness": 0.916322529316,
    "raspiness": 0.0808013007045,
    "color": 17.0424289703,
    "location": 1331.00305176,
    "stability": 0.650421261787,
    "tonality": 0.46513491869
}