{
    "name": "9c13c0f4",
    "x": -23.420007705688477,
    "y": 17.9748592376709,
    "loudness": 0.968577563763,
    "raspiness": 0.0618806742132,
    "color": 30.7447395325,
    "location": 1495.78723145,
    "stability": 0.449220955372,
    "tonality": 0.392529249191
}