{
    "name": "9c25e6c0",
    "x": 5.621484279632568,
    "y": 6.298827648162842,
    "loudness": 0.751437067986,
    "raspiness": 0.112130224705,
    "color": 11.9785327911,
    "location": 2477.34472656,
    "stability": 0.532074213028,
    "tonality": 0.487208217382
}