{
    "name": "9c25e6c0",
    "x": 17.518404006958008,
    "y": 7.744582176208496,
    "loudness": 0.751437067986,
    "raspiness": 0.112130224705,
    "color": 11.9785327911,
    "location": 49.77293166531383,
    "stability": 0.532074213028,
    "tonality": 0.487208217382
}