{
    "name": "9c27892f",
    "x": -3.521306037902832,
    "y": 10.073967933654785,
    "loudness": 0.898978590965,
    "raspiness": 0.0394624732435,
    "color": 16.7335186005,
    "location": 874.060668945,
    "stability": 0.649989485741,
    "tonality": 0.335803836584
}