{
    "name": "9c27892f",
    "x": -44.78034591674805,
    "y": 20.44141387939453,
    "loudness": 0.898978590965,
    "raspiness": 0.0394624732435,
    "color": 16.7335186005,
    "location": 874.060668945,
    "stability": 0.649989485741,
    "tonality": 0.335803836584
}