{
    "name": "9c27892f",
    "x": -36.51413345336914,
    "y": 22.47388458251953,
    "loudness": 0.898978590965,
    "raspiness": 0.0394624732435,
    "color": 16.7335186005,
    "location": 29.564517059221515,
    "stability": 0.649989485741,
    "tonality": 0.335803836584
}