{
    "name": "9c2ba819",
    "x": -39.650760650634766,
    "y": -16.342052459716797,
    "loudness": 0.99068403244,
    "raspiness": 0.0424038767815,
    "color": 3.48145508766,
    "location": 587.939208984,
    "stability": 0.303898662329,
    "tonality": 0.297687977552
}