{
    "name": "9c2ba819",
    "x": -37.2618408203125,
    "y": -4.7039995193481445,
    "loudness": 0.99068403244,
    "raspiness": 0.0424038767815,
    "color": 3.48145508766,
    "location": 24.247457783940977,
    "stability": 0.303898662329,
    "tonality": 0.297687977552
}