{
    "name": "9c33b001",
    "x": 6.127444744110107,
    "y": 8.004312515258789,
    "loudness": 0.944903433323,
    "raspiness": 0.135337710381,
    "color": 29.311340332,
    "location": 2551.68530273,
    "stability": 0.540552556515,
    "tonality": 0.483925938606
}