{
    "name": "9c3579f4",
    "x": -44.3521728515625,
    "y": 2.346714496612549,
    "loudness": 0.96651828289,
    "raspiness": 0.0170974563807,
    "color": 8.0574798584,
    "location": 18.740191119196197,
    "stability": 0.486799538136,
    "tonality": 0.246191367507
}