{
    "name": "9c3579f4",
    "x": -4.834188461303711,
    "y": 8.802569389343262,
    "loudness": 0.96651828289,
    "raspiness": 0.0170974563807,
    "color": 8.0574798584,
    "location": 351.194763184,
    "stability": 0.486799538136,
    "tonality": 0.246191367507
}