{
    "name": "9c452692",
    "x": 6.1045942306518555,
    "y": 13.706082344055176,
    "loudness": 0.795939564705,
    "raspiness": 0.0761832594872,
    "color": 12.9236192703,
    "location": 41.769853999266026,
    "stability": 0.505188941956,
    "tonality": 0.462988168001
}