{
    "name": "9c452692",
    "x": 6.988657474517822,
    "y": 19.767032623291016,
    "loudness": 0.795939564705,
    "raspiness": 0.0761832594872,
    "color": 12.9236192703,
    "location": 1744.72070312,
    "stability": 0.505188941956,
    "tonality": 0.462988168001
}