{
    "name": "9c4a2e2c",
    "x": 34.65195083618164,
    "y": 26.922847747802734,
    "loudness": 0.977138698101,
    "raspiness": 0.110576823354,
    "color": 37.5970039368,
    "location": 52.17655901408218,
    "stability": 0.735393404961,
    "tonality": 0.498245000839
}