{
    "name": "9c4a2e2c",
    "x": 7.118765830993652,
    "y": 10.898578643798828,
    "loudness": 0.977138698101,
    "raspiness": 0.110576823354,
    "color": 37.5970039368,
    "location": 2722.39331055,
    "stability": 0.735393404961,
    "tonality": 0.498245000839
}