{
    "name": "9c53c34c",
    "x": -2.4616076946258545,
    "y": 7.81013822555542,
    "loudness": 0.614741563797,
    "raspiness": 0.0309471096843,
    "color": 8.7926158905,
    "location": 462.433044434,
    "stability": 0.384260445833,
    "tonality": 0.387773692608
}