{
    "name": "9c5309e1",
    "x": -17.494522094726562,
    "y": -5.1837286949157715,
    "loudness": 0.963204264641,
    "raspiness": 0.0129912402481,
    "color": 13.6535329819,
    "location": 699.815856934,
    "stability": 0.236330389977,
    "tonality": 0.437121301889
}