{
    "name": "9c53c34c",
    "x": -21.460702896118164,
    "y": -3.8582775592803955,
    "loudness": 0.614741563797,
    "raspiness": 0.0309471096843,
    "color": 8.7926158905,
    "location": 462.433044434,
    "stability": 0.384260445833,
    "tonality": 0.387773692608
}