{
    "name": "9c5309e1",
    "x": -0.7946550250053406,
    "y": 5.943692684173584,
    "loudness": 0.963204264641,
    "raspiness": 0.0129912402481,
    "color": 13.6535329819,
    "location": 699.815856934,
    "stability": 0.236330389977,
    "tonality": 0.437121301889
}