{
    "name": "9c5309e1",
    "x": -15.819547653198242,
    "y": -3.36185622215271,
    "loudness": 0.963204264641,
    "raspiness": 0.0129912402481,
    "color": 13.6535329819,
    "location": 26.454032904908846,
    "stability": 0.236330389977,
    "tonality": 0.437121301889
}