{
    "name": "9c54eea1",
    "x": 18.691184997558594,
    "y": -16.86609649658203,
    "loudness": 0.0643900856376,
    "raspiness": 0.153496518731,
    "color": 16.7208690643,
    "location": 51.374638836881374,
    "stability": 0.539224386215,
    "tonality": 0.485444992781
}