{
    "name": "9c54eea1",
    "x": 20.066184997558594,
    "y": -23.194568634033203,
    "loudness": 0.0643900856376,
    "raspiness": 0.153496518731,
    "color": 16.7208690643,
    "location": 2639.35351562,
    "stability": 0.539224386215,
    "tonality": 0.485444992781
}