{
    "name": "9c56788f",
    "x": 41.140586853027344,
    "y": -7.667948246002197,
    "loudness": 0.743046164513,
    "raspiness": 0.338679373264,
    "color": 128.752532959,
    "location": 64.33756496495651,
    "stability": 0.625370264053,
    "tonality": 0.492155760527
}