{
    "name": "9c56788f",
    "x": 42.258338928222656,
    "y": -10.12940502166748,
    "loudness": 0.743046164513,
    "raspiness": 0.338679373264,
    "color": 128.752532959,
    "location": 4139.32226562,
    "stability": 0.625370264053,
    "tonality": 0.492155760527
}