{
    "name": "9c673f64",
    "x": 24.34551429748535,
    "y": -1.2527122497558594,
    "loudness": 0.763159811497,
    "raspiness": 0.171454668045,
    "color": 249.898300171,
    "location": 55.13670422087269,
    "stability": 0.374280869961,
    "tonality": 0.482865214348
}