{
    "name": "9c673f64",
    "x": 24.59131622314453,
    "y": -2.2241718769073486,
    "loudness": 0.763159811497,
    "raspiness": 0.171454668045,
    "color": 249.898300171,
    "location": 3040.05615234,
    "stability": 0.374280869961,
    "tonality": 0.482865214348
}