{
    "name": "9c87b2a0",
    "x": 5.074398994445801,
    "y": 8.22491455078125,
    "loudness": 0.99068403244,
    "raspiness": 0.163220852613,
    "color": 2.42452716827,
    "location": 2026.33105469,
    "stability": 0.534801959991,
    "tonality": 0.416671365499
}