{
    "name": "9c87b2a0",
    "x": 15.411815643310547,
    "y": 15.830100059509277,
    "loudness": 0.99068403244,
    "raspiness": 0.163220852613,
    "color": 2.42452716827,
    "location": 45.01478706702943,
    "stability": 0.534801959991,
    "tonality": 0.416671365499
}