{
    "name": "9c91c331",
    "x": 21.018842697143555,
    "y": -20.06845474243164,
    "loudness": 0.0355095416307,
    "raspiness": 0.209086686373,
    "color": 24.1165657043,
    "location": 2334.24584961,
    "stability": 0.638588368893,
    "tonality": 0.487344741821
}