{
    "name": "9c91c331",
    "x": 22.69991683959961,
    "y": -19.42673683166504,
    "loudness": 0.0355095416307,
    "raspiness": 0.209086686373,
    "color": 24.1165657043,
    "location": 48.31403367149135,
    "stability": 0.638588368893,
    "tonality": 0.487344741821
}