{
    "name": "9c91c331",
    "x": 6.530786514282227,
    "y": 2.921224594116211,
    "loudness": 0.0355095416307,
    "raspiness": 0.209086686373,
    "color": 24.1165657043,
    "location": 2334.24584961,
    "stability": 0.638588368893,
    "tonality": 0.487344741821
}