{
    "name": "9c93f3f0",
    "x": 42.02693176269531,
    "y": -12.453790664672852,
    "loudness": 0.99068403244,
    "raspiness": 0.333174556494,
    "color": 272.00692749,
    "location": 67.57494031510498,
    "stability": 0.540192425251,
    "tonality": 0.496903717518
}