{
    "name": "9c93f3f0",
    "x": 10.619129180908203,
    "y": 6.3858184814453125,
    "loudness": 0.99068403244,
    "raspiness": 0.333174556494,
    "color": 272.00692749,
    "location": 4566.37255859,
    "stability": 0.540192425251,
    "tonality": 0.496903717518
}