{
    "name": "9c93f3f0",
    "x": 40.28491973876953,
    "y": -17.75596046447754,
    "loudness": 0.99068403244,
    "raspiness": 0.333174556494,
    "color": 272.00692749,
    "location": 4566.37255859,
    "stability": 0.540192425251,
    "tonality": 0.496903717518
}