{
    "name": "9ca0bd7a",
    "x": -15.554816246032715,
    "y": 5.12688684463501,
    "loudness": 0.665932118893,
    "raspiness": 0.0386612378061,
    "color": 8.75533771515,
    "location": 34.32217354247834,
    "stability": 0.389293760061,
    "tonality": 0.411311715841
}