{
    "name": "9ca0bd7a",
    "x": -1.9511754512786865,
    "y": 7.804406642913818,
    "loudness": 0.665932118893,
    "raspiness": 0.0386612378061,
    "color": 8.75533771515,
    "location": 1178.01159668,
    "stability": 0.389293760061,
    "tonality": 0.411311715841
}