{
    "name": "9ca2691f",
    "x": -42.23849868774414,
    "y": -5.217859268188477,
    "loudness": 0.99068403244,
    "raspiness": 0.0547902956605,
    "color": 13.5978326797,
    "location": 28.655739882665742,
    "stability": 0.351203322411,
    "tonality": 0.222802892327
}