{
    "name": "9ca2691f",
    "x": -42.12125778198242,
    "y": -19.22698211669922,
    "loudness": 0.99068403244,
    "raspiness": 0.0547902956605,
    "color": 13.5978326797,
    "location": 821.151428223,
    "stability": 0.351203322411,
    "tonality": 0.222802892327
}