{
    "name": "9ca86e5e",
    "x": 30.828670501708984,
    "y": 39.37600326538086,
    "loudness": 0.947960317135,
    "raspiness": 0.0917893350124,
    "color": 32.7171173096,
    "location": 44.01818333223215,
    "stability": 0.808992087841,
    "tonality": 0.490722924471
}