{
    "name": "9cb64934",
    "x": 29.95079803466797,
    "y": -19.340227127075195,
    "loudness": 0.00946525111794,
    "raspiness": 0.282823771238,
    "color": 315.761199951,
    "location": 3861.11450195,
    "stability": 0.601381123066,
    "tonality": 0.494810432196
}