{
    "name": "9cb7a081",
    "x": 35.7234001159668,
    "y": 13.450273513793945,
    "loudness": 0.964632630348,
    "raspiness": 0.170659378171,
    "color": 31.4026851654,
    "location": 3051.890625,
    "stability": 0.608558595181,
    "tonality": 0.490095019341
}