{
    "name": "9cb7a081",
    "x": 32.950862884521484,
    "y": 10.228238105773926,
    "loudness": 0.964632630348,
    "raspiness": 0.170659378171,
    "color": 31.4026851654,
    "location": 55.24391934864868,
    "stability": 0.608558595181,
    "tonality": 0.490095019341
}