{
    "name": "9cc14c5f",
    "x": 21.353246688842773,
    "y": 33.78080749511719,
    "loudness": 0.99068403244,
    "raspiness": 0.112912327051,
    "color": 12.1857948303,
    "location": 1850.6048584,
    "stability": 0.632860124111,
    "tonality": 0.480647653341
}