{
    "name": "9cc1cf39",
    "x": 4.6139326095581055,
    "y": 7.551685810089111,
    "loudness": 0.99068403244,
    "raspiness": 0.1484375,
    "color": 8.77288913727,
    "location": 2253.88110352,
    "stability": 0.398087263107,
    "tonality": 0.480264484882
}