{
    "name": "9cc14c5f",
    "x": 19.76555061340332,
    "y": 26.76590919494629,
    "loudness": 0.99068403244,
    "raspiness": 0.112912327051,
    "color": 12.1857948303,
    "location": 43.018657096659815,
    "stability": 0.632860124111,
    "tonality": 0.480647653341
}