{
    "name": "9cc4b0d0",
    "x": 50.787925720214844,
    "y": 8.179749488830566,
    "loudness": 0.965065121651,
    "raspiness": 0.235101789236,
    "color": 34.9395484924,
    "location": 3139.95849609,
    "stability": 0.764615535736,
    "tonality": 0.491605490446
}