{
    "name": "9cc4b0d0",
    "x": 47.94850158691406,
    "y": 8.418208122253418,
    "loudness": 0.965065121651,
    "raspiness": 0.235101789236,
    "color": 34.9395484924,
    "location": 56.035332568746306,
    "stability": 0.764615535736,
    "tonality": 0.491605490446
}