{
    "name": "9cd05a2b",
    "x": -3.7743282318115234,
    "y": 9.950851440429688,
    "loudness": 0.987064659595,
    "raspiness": 0.0587654300034,
    "color": 58.3887176514,
    "location": 1191.92553711,
    "stability": 0.673864006996,
    "tonality": 0.315996408463
}