{
    "name": "9cd05a2b",
    "x": -45.08271026611328,
    "y": 15.42767333984375,
    "loudness": 0.987064659595,
    "raspiness": 0.0587654300034,
    "color": 58.3887176514,
    "location": 1191.92553711,
    "stability": 0.673864006996,
    "tonality": 0.315996408463
}