{
    "name": "9cdbf719",
    "x": -7.5361104011535645,
    "y": 45.97367477416992,
    "loudness": 0.890511095524,
    "raspiness": 0.0557607971132,
    "color": 22.4780006409,
    "location": 1347.39343262,
    "stability": 0.696448802948,
    "tonality": 0.436733454466
}