{
    "name": "9cdfc973",
    "x": 2.599353313446045,
    "y": 4.462162494659424,
    "loudness": 0.703254461288,
    "raspiness": 0.0722477063537,
    "color": 23.2291965485,
    "location": 2576.30029297,
    "stability": 0.294006943703,
    "tonality": 0.488207787275
}