{
    "name": "9ce1bcab",
    "x": 22.55738639831543,
    "y": 11.70677661895752,
    "loudness": 0.99068403244,
    "raspiness": 0.154868274927,
    "color": 38.0700187683,
    "location": 50.156646707889074,
    "stability": 0.515737891197,
    "tonality": 0.457556933165
}