{
    "name": "9ce1bcab",
    "x": 6.1470441818237305,
    "y": 8.319609642028809,
    "loudness": 0.99068403244,
    "raspiness": 0.154868274927,
    "color": 38.0700187683,
    "location": 2515.68920898,
    "stability": 0.515737891197,
    "tonality": 0.457556933165
}