{
    "name": "9ced37af",
    "x": -3.2076423168182373,
    "y": 7.657373428344727,
    "loudness": 0.739366471767,
    "raspiness": 0.0110656348988,
    "color": 6.3065237999,
    "location": 513.366760254,
    "stability": 0.267663449049,
    "tonality": 0.329047054052
}