{
    "name": "9ced37af",
    "x": -29.3721923828125,
    "y": -6.929481029510498,
    "loudness": 0.739366471767,
    "raspiness": 0.0110656348988,
    "color": 6.3065237999,
    "location": 22.65759828962461,
    "stability": 0.267663449049,
    "tonality": 0.329047054052
}