{
    "name": "9cee0b0f",
    "x": -28.781417846679688,
    "y": 7.181672096252441,
    "loudness": 0.856323838234,
    "raspiness": 0.106951281428,
    "color": 21.4361133575,
    "location": 1724.80395508,
    "stability": 0.411088436842,
    "tonality": 0.336162030697
}