{
    "name": "9cf0cf51",
    "x": -11.845993995666504,
    "y": 12.237513542175293,
    "loudness": 0.930303156376,
    "raspiness": 0.0265576913953,
    "color": 7.46299123764,
    "location": 30.09787196751624,
    "stability": 0.430565208197,
    "tonality": 0.441066086292
}