{
    "name": "9cf0cf51",
    "x": 0.8275273442268372,
    "y": 7.228508472442627,
    "loudness": 0.930303156376,
    "raspiness": 0.0265576913953,
    "color": 7.46299123764,
    "location": 905.881896973,
    "stability": 0.430565208197,
    "tonality": 0.441066086292
}