{
    "name": "9cf0cf51",
    "x": -14.001067161560059,
    "y": 14.641762733459473,
    "loudness": 0.930303156376,
    "raspiness": 0.0265576913953,
    "color": 7.46299123764,
    "location": 905.881896973,
    "stability": 0.430565208197,
    "tonality": 0.441066086292
}