{
    "name": "9cf3b168",
    "x": 3.7124242782592773,
    "y": 11.485658645629883,
    "loudness": 0.894258618355,
    "raspiness": 0.0613441243768,
    "color": 20.0238170624,
    "location": 1372.5123291,
    "stability": 0.679507851601,
    "tonality": 0.474789381027
}