{
    "name": "9cf3b168",
    "x": 10.343376159667969,
    "y": 36.60133743286133,
    "loudness": 0.894258618355,
    "raspiness": 0.0613441243768,
    "color": 20.0238170624,
    "location": 37.04743350220093,
    "stability": 0.679507851601,
    "tonality": 0.474789381027
}