{
    "name": "9cf3b168",
    "x": 9.596535682678223,
    "y": 45.79561233520508,
    "loudness": 0.894258618355,
    "raspiness": 0.0613441243768,
    "color": 20.0238170624,
    "location": 1372.5123291,
    "stability": 0.679507851601,
    "tonality": 0.474789381027
}