{
    "name": "9cf87d5e",
    "x": -22.43334197998047,
    "y": 7.62925386428833,
    "loudness": 0.867627739906,
    "raspiness": 0.0356515310705,
    "color": 12.3472423553,
    "location": 37.27259336053771,
    "stability": 0.376206457615,
    "tonality": 0.38800033927
}