{
    "name": "9cf87d5e",
    "x": -2.013550043106079,
    "y": 7.491097450256348,
    "loudness": 0.867627739906,
    "raspiness": 0.0356515310705,
    "color": 12.3472423553,
    "location": 1389.24621582,
    "stability": 0.376206457615,
    "tonality": 0.38800033927
}