{
    "name": "9d0087cd",
    "x": -4.801327705383301,
    "y": 8.655441284179688,
    "loudness": 0.99068403244,
    "raspiness": 0.0154418945312,
    "color": 3.12083411217,
    "location": 381.729980469,
    "stability": 0.409070044756,
    "tonality": 0.254591137171
}