{
    "name": "9d04b931",
    "x": 4.777423858642578,
    "y": 7.583843231201172,
    "loudness": 0.968638122082,
    "raspiness": 0.0859462469816,
    "color": 35.0809631348,
    "location": 43.13258821378564,
    "stability": 0.400674432516,
    "tonality": 0.48019066453
}