{
    "name": "9d04b931",
    "x": 3.4019534587860107,
    "y": 7.0588812828063965,
    "loudness": 0.968638122082,
    "raspiness": 0.0859462469816,
    "color": 35.0809631348,
    "location": 1860.42016602,
    "stability": 0.400674432516,
    "tonality": 0.48019066453
}