{
    "name": "9d072bbc",
    "x": -14.790057182312012,
    "y": -42.49766159057617,
    "loudness": 0.000242728667217,
    "raspiness": 0.0229750256985,
    "color": 2.69143509865,
    "location": 221.879470825,
    "stability": 0.156266197562,
    "tonality": 0.339390575886
}