{
    "name": "9d072bbc",
    "x": -17.726160049438477,
    "y": -29.17078971862793,
    "loudness": 0.000242728667217,
    "raspiness": 0.0229750256985,
    "color": 2.69143509865,
    "location": 14.895619182330085,
    "stability": 0.156266197562,
    "tonality": 0.339390575886
}