{
    "name": "9d0ff24c",
    "x": -9.652060508728027,
    "y": -16.52716064453125,
    "loudness": 0.312356770039,
    "raspiness": 0.015937179327,
    "color": 3.79570221901,
    "location": 459.007781982,
    "stability": 0.486206710339,
    "tonality": 0.414897739887
}