{
    "name": "9d265924",
    "x": -10.399410247802734,
    "y": 9.770882606506348,
    "loudness": 0.970017373562,
    "raspiness": 0.030036078766,
    "color": 10.5515737534,
    "location": 1055.09362793,
    "stability": 0.378206312656,
    "tonality": 0.461927890778
}