{
    "name": "9d26beb5",
    "x": 5.480522155761719,
    "y": 3.8272082805633545,
    "loudness": 0.493034958839,
    "raspiness": 0.0976523980498,
    "color": 11.0126581192,
    "location": 2230.7824707,
    "stability": 0.706246435642,
    "tonality": 0.493308603764
}