{
    "name": "9d308738",
    "x": 20.15810203552246,
    "y": -3.6176860332489014,
    "loudness": 0.400737822056,
    "raspiness": 0.128153815866,
    "color": 14.3208618164,
    "location": 2271.43432617,
    "stability": 0.705098748207,
    "tonality": 0.482867956161
}