{
    "name": "9d357630",
    "x": 8.498772621154785,
    "y": 31.842182159423828,
    "loudness": 0.99068403244,
    "raspiness": 0.0656695440412,
    "color": 27.1948738098,
    "location": 2010.61010742,
    "stability": 0.572433292866,
    "tonality": 0.453055858612
}