{
    "name": "9d357630",
    "x": 9.32355785369873,
    "y": 24.707317352294922,
    "loudness": 0.99068403244,
    "raspiness": 0.0656695440412,
    "color": 27.1948738098,
    "location": 44.83982724565294,
    "stability": 0.572433292866,
    "tonality": 0.453055858612
}