{
    "name": "9d365a21",
    "x": 3.227238178253174,
    "y": 10.148094177246094,
    "loudness": 0.968919694424,
    "raspiness": 0.0662284195423,
    "color": 30.3036499023,
    "location": 1540.0579834,
    "stability": 0.603370785713,
    "tonality": 0.471246182919
}