{
    "name": "9d362e9a",
    "x": 26.316974639892578,
    "y": 32.543025970458984,
    "loudness": 0.821963965893,
    "raspiness": 0.0863661915064,
    "color": 24.0477466583,
    "location": 43.63403156871939,
    "stability": 0.75969517231,
    "tonality": 0.48515728116
}