{
    "name": "9d362e9a",
    "x": 27.858572006225586,
    "y": 35.41300582885742,
    "loudness": 0.821963965893,
    "raspiness": 0.0863661915064,
    "color": 24.0477466583,
    "location": 1903.92871094,
    "stability": 0.75969517231,
    "tonality": 0.48515728116
}