{
    "name": "9d365a21",
    "x": 7.912450790405273,
    "y": 29.925655364990234,
    "loudness": 0.968919694424,
    "raspiness": 0.0662284195423,
    "color": 30.3036499023,
    "location": 39.24357251066727,
    "stability": 0.603370785713,
    "tonality": 0.471246182919
}