{
    "name": "9d365a21",
    "x": 5.794382095336914,
    "y": 39.559547424316406,
    "loudness": 0.968919694424,
    "raspiness": 0.0662284195423,
    "color": 30.3036499023,
    "location": 1540.0579834,
    "stability": 0.603370785713,
    "tonality": 0.471246182919
}