{
    "name": "9d3927d8",
    "x": -14.788653373718262,
    "y": 44.998924255371094,
    "loudness": 0.932448267937,
    "raspiness": 0.0713743194938,
    "color": 27.480430603,
    "location": 1526.46765137,
    "stability": 0.707767963409,
    "tonality": 0.415573805571
}