{
    "name": "9d3927d8",
    "x": -7.214690685272217,
    "y": 40.27988815307617,
    "loudness": 0.932448267937,
    "raspiness": 0.0713743194938,
    "color": 27.480430603,
    "location": 39.07003521075966,
    "stability": 0.707767963409,
    "tonality": 0.415573805571
}