{
    "name": "9d3bb566",
    "x": 43.62698745727539,
    "y": -4.899986743927002,
    "loudness": 0.99068403244,
    "raspiness": 0.277800023556,
    "color": 75.1910324097,
    "location": 64.21933926131598,
    "stability": 0.630366683006,
    "tonality": 0.493924796581
}