{
    "name": "9d4e4025",
    "x": 2.421234607696533,
    "y": 9.582419395446777,
    "loudness": 0.99068403244,
    "raspiness": 0.0856166258454,
    "color": 14.4295358658,
    "location": 1289.37011719,
    "stability": 0.564208209515,
    "tonality": 0.460327357054
}