{
    "name": "9d4e4025",
    "x": 3.340491533279419,
    "y": 25.51991081237793,
    "loudness": 0.99068403244,
    "raspiness": 0.0856166258454,
    "color": 14.4295358658,
    "location": 35.907800227666414,
    "stability": 0.564208209515,
    "tonality": 0.460327357054
}