{
    "name": "9d5784e8",
    "x": 3.470437526702881,
    "y": 6.956188678741455,
    "loudness": 0.877323210239,
    "raspiness": 0.0608705915511,
    "color": 29.8238258362,
    "location": 2016.93103027,
    "stability": 0.408453226089,
    "tonality": 0.490471184254
}