{
    "name": "9d59a719",
    "x": 29.332670211791992,
    "y": 38.97985076904297,
    "loudness": 0.945436477661,
    "raspiness": 0.110184155405,
    "color": 23.0277690887,
    "location": 1918.55993652,
    "stability": 0.720832645893,
    "tonality": 0.487517774105
}