{
    "name": "9d59a719",
    "x": 27.28559112548828,
    "y": 32.460365295410156,
    "loudness": 0.945436477661,
    "raspiness": 0.110184155405,
    "color": 23.0277690887,
    "location": 43.80136911695798,
    "stability": 0.720832645893,
    "tonality": 0.487517774105
}