{
    "name": "9d5cbd33",
    "x": 7.6358842849731445,
    "y": 6.879717826843262,
    "loudness": 0.99068403244,
    "raspiness": 0.207682296634,
    "color": 162.71975708,
    "location": 5092.06982422,
    "stability": 0.365398019552,
    "tonality": 0.494663774967
}