{
    "name": "9d674091",
    "x": 3.441577911376953,
    "y": 7.15487813949585,
    "loudness": 0.99068403244,
    "raspiness": 0.0724369511008,
    "color": 25.3343887329,
    "location": 2138.8293457,
    "stability": 0.404024422169,
    "tonality": 0.461877435446
}