{
    "name": "9d674091",
    "x": 3.7071685791015625,
    "y": 7.343500137329102,
    "loudness": 0.99068403244,
    "raspiness": 0.0724369511008,
    "color": 25.3343887329,
    "location": 46.247479344284265,
    "stability": 0.404024422169,
    "tonality": 0.461877435446
}