{
    "name": "9d85dc18",
    "x": 7.494684219360352,
    "y": 2.0364770889282227,
    "loudness": 0.866528868675,
    "raspiness": 0.102357380092,
    "color": 5.40576028824,
    "location": 2336.26025391,
    "stability": 0.322679966688,
    "tonality": 0.475131899118
}