{
    "name": "9d868658",
    "x": -9.17120361328125,
    "y": -7.7362799644470215,
    "loudness": 0.93163985014,
    "raspiness": 0.0160879623145,
    "color": 21.6664829254,
    "location": 1353.7779541,
    "stability": 0.166723877192,
    "tonality": 0.475091099739
}