{
    "name": "9d89caeb",
    "x": 30.167490005493164,
    "y": 7.717338562011719,
    "loudness": 0.973440110683,
    "raspiness": 0.169272750616,
    "color": 39.7387084961,
    "location": 55.43216222898039,
    "stability": 0.557355105877,
    "tonality": 0.497296333313
}