{
    "name": "9d89caeb",
    "x": 7.599361896514893,
    "y": 8.185393333435059,
    "loudness": 0.973440110683,
    "raspiness": 0.169272750616,
    "color": 39.7387084961,
    "location": 3072.72460938,
    "stability": 0.557355105877,
    "tonality": 0.497296333313
}