{
    "name": "9d89caeb",
    "x": 31.870941162109375,
    "y": 10.349263191223145,
    "loudness": 0.973440110683,
    "raspiness": 0.169272750616,
    "color": 39.7387084961,
    "location": 3072.72460938,
    "stability": 0.557355105877,
    "tonality": 0.497296333313
}