{
    "name": "9d9102a9",
    "x": 7.4561662673950195,
    "y": 9.425450325012207,
    "loudness": 0.800725460052,
    "raspiness": 0.162432089448,
    "color": 9.49199199677,
    "location": 2691.51953125,
    "stability": 0.624501824379,
    "tonality": 0.485017746687
}