{
    "name": "9d9735fd",
    "x": 31.6167049407959,
    "y": 21.010597229003906,
    "loudness": 0.786063671112,
    "raspiness": 0.14794921875,
    "color": 55.8276672363,
    "location": 47.79596068100316,
    "stability": 0.730140566826,
    "tonality": 0.476034343243
}