{
    "name": "9da365ac",
    "x": 4.856438636779785,
    "y": 11.580524444580078,
    "loudness": 0.988080978394,
    "raspiness": 0.0772980004549,
    "color": 19.083234787,
    "location": 1916.55078125,
    "stability": 0.734237194061,
    "tonality": 0.458657234907
}