{
    "name": "9da5d791",
    "x": -11.413843154907227,
    "y": -0.6928398609161377,
    "loudness": 0.99068403244,
    "raspiness": 0.0237513948232,
    "color": 5.21773815155,
    "location": 1221.11157227,
    "stability": 0.270652532578,
    "tonality": 0.456187874079
}