{
    "name": "9dac2618",
    "x": -4.499501705169678,
    "y": 6.993566513061523,
    "loudness": 0.99068403244,
    "raspiness": 0.015592447482,
    "color": 35.3749656677,
    "location": 386.019989014,
    "stability": 0.0893317312002,
    "tonality": 0.295623332262
}