{
    "name": "9dac2618",
    "x": -33.53126525878906,
    "y": -10.817636489868164,
    "loudness": 0.99068403244,
    "raspiness": 0.015592447482,
    "color": 35.3749656677,
    "location": 19.647391404815043,
    "stability": 0.0893317312002,
    "tonality": 0.295623332262
}