{
    "name": "9dac2618",
    "x": -32.455711364746094,
    "y": -21.18337059020996,
    "loudness": 0.99068403244,
    "raspiness": 0.015592447482,
    "color": 35.3749656677,
    "location": 386.019989014,
    "stability": 0.0893317312002,
    "tonality": 0.295623332262
}