{
    "name": "9dae7848",
    "x": 35.161964416503906,
    "y": 5.644906044006348,
    "loudness": 0.99068403244,
    "raspiness": 0.207610368729,
    "color": 5.55509138107,
    "location": 56.285307929067955,
    "stability": 0.591010987759,
    "tonality": 0.480693995953
}