{
    "name": "9dae7848",
    "x": 7.927985668182373,
    "y": 8.216652870178223,
    "loudness": 0.99068403244,
    "raspiness": 0.207610368729,
    "color": 5.55509138107,
    "location": 3168.03588867,
    "stability": 0.591010987759,
    "tonality": 0.480693995953
}