{
    "name": "9dae96ae",
    "x": 5.023728847503662,
    "y": 0.9332095384597778,
    "loudness": 0.162947326899,
    "raspiness": 0.139544039965,
    "color": 11.3183012009,
    "location": 2653.56933594,
    "stability": 0.213668763638,
    "tonality": 0.496819913387
}