{
    "name": "9dae96ae",
    "x": 5.6793742179870605,
    "y": -11.910079002380371,
    "loudness": 0.162947326899,
    "raspiness": 0.139544039965,
    "color": 11.3183012009,
    "location": 51.51280749425331,
    "stability": 0.213668763638,
    "tonality": 0.496819913387
}