{
    "name": "9db39571",
    "x": 0.34799724817276,
    "y": 6.756201267242432,
    "loudness": 0.99068403244,
    "raspiness": 0.0328041650355,
    "color": 17.8907699585,
    "location": 664.887390137,
    "stability": 0.38213172555,
    "tonality": 0.456704080105
}