{
    "name": "9db39571",
    "x": -11.953012466430664,
    "y": 8.304509162902832,
    "loudness": 0.99068403244,
    "raspiness": 0.0328041650355,
    "color": 17.8907699585,
    "location": 25.785410412421207,
    "stability": 0.38213172555,
    "tonality": 0.456704080105
}