{
    "name": "9dba4c86",
    "x": -0.6892106533050537,
    "y": 6.9334821701049805,
    "loudness": 0.970845222473,
    "raspiness": 0.0174066666514,
    "color": 5.17107820511,
    "location": 474.847503662,
    "stability": 0.364861994982,
    "tonality": 0.411154568195
}