{
    "name": "9dd0141c",
    "x": -49.118934631347656,
    "y": -0.9913982152938843,
    "loudness": 0.98436409235,
    "raspiness": 0.0290089137852,
    "color": 13.3516769409,
    "location": 486.116027832,
    "stability": 0.549685657024,
    "tonality": 0.275661408901
}