{
    "name": "9deab5af",
    "x": 30.113664627075195,
    "y": 32.092350006103516,
    "loudness": 0.961354911327,
    "raspiness": 0.105617359281,
    "color": 15.9085264206,
    "location": 2475.11230469,
    "stability": 0.673202335835,
    "tonality": 0.481618970633
}