{
    "name": "9dec6e79",
    "x": 5.5434346199035645,
    "y": -25.551767349243164,
    "loudness": 0.0119072776288,
    "raspiness": 0.067005366087,
    "color": 10.6684703827,
    "location": 1456.39355469,
    "stability": 0.506388545036,
    "tonality": 0.443831503391
}