{
    "name": "9df39dac",
    "x": 7.627018451690674,
    "y": 7.31667423248291,
    "loudness": 0.99068403244,
    "raspiness": 0.168027341366,
    "color": 27.4526996613,
    "location": 3390.53100586,
    "stability": 0.491005510092,
    "tonality": 0.474004328251
}