{
    "name": "9df39dac",
    "x": 27.390716552734375,
    "y": 3.2204854488372803,
    "loudness": 0.99068403244,
    "raspiness": 0.168027341366,
    "color": 27.4526996613,
    "location": 58.228266382058806,
    "stability": 0.491005510092,
    "tonality": 0.474004328251
}