{
    "name": "9df39dac",
    "x": 28.982664108276367,
    "y": 3.045673370361328,
    "loudness": 0.99068403244,
    "raspiness": 0.168027341366,
    "color": 27.4526996613,
    "location": 3390.53100586,
    "stability": 0.491005510092,
    "tonality": 0.474004328251
}