{
    "name": "9df547a5",
    "x": -0.11802969127893448,
    "y": 32.12699508666992,
    "loudness": 0.99068403244,
    "raspiness": 0.066189236939,
    "color": 15.4144487381,
    "location": 31.68901873977798,
    "stability": 0.595694303513,
    "tonality": 0.465562731028
}