{
    "name": "9df53186",
    "x": 3.9531986713409424,
    "y": 10.049881935119629,
    "loudness": 0.99068403244,
    "raspiness": 0.0754468515515,
    "color": 19.7773647308,
    "location": 1751.94726562,
    "stability": 0.610567033291,
    "tonality": 0.463799774647
}