{
    "name": "9df547a5",
    "x": 2.214076519012451,
    "y": 10.173338890075684,
    "loudness": 0.99068403244,
    "raspiness": 0.066189236939,
    "color": 15.4144487381,
    "location": 1004.19390869,
    "stability": 0.595694303513,
    "tonality": 0.465562731028
}