{
    "name": "9df53186",
    "x": 11.057019233703613,
    "y": 28.388916015625,
    "loudness": 0.99068403244,
    "raspiness": 0.0754468515515,
    "color": 19.7773647308,
    "location": 41.85626913163666,
    "stability": 0.610567033291,
    "tonality": 0.463799774647
}