{
    "name": "9df6bdd3",
    "x": 6.642641544342041,
    "y": -12.135443687438965,
    "loudness": 0.165093168616,
    "raspiness": 0.133360162377,
    "color": 7.26668834686,
    "location": 52.99799155986951,
    "stability": 0.196073651314,
    "tonality": 0.496753275394
}