{
    "name": "9df97a89",
    "x": -30.09861183166504,
    "y": -19.74921989440918,
    "loudness": 0.245656207204,
    "raspiness": 0.0367614030838,
    "color": 1.96933054924,
    "location": 15.201614414627151,
    "stability": 0.303036153316,
    "tonality": 0.183116599917
}