{
    "name": "9e02f6d9",
    "x": 38.47673797607422,
    "y": -10.322894096374512,
    "loudness": 0.620540559292,
    "raspiness": 0.452444702387,
    "color": 116.719116211,
    "location": 66.89270355621755,
    "stability": 0.384913533926,
    "tonality": 0.493638068438
}