{
    "name": "9e02f6d9",
    "x": 10.384137153625488,
    "y": 6.382694244384766,
    "loudness": 0.620540559292,
    "raspiness": 0.452444702387,
    "color": 116.719116211,
    "location": 4474.63378906,
    "stability": 0.384913533926,
    "tonality": 0.493638068438
}