{
    "name": "9e0acbfd",
    "x": 18.79736328125,
    "y": 41.594383239746094,
    "loudness": 0.99068403244,
    "raspiness": 0.0945418104529,
    "color": 25.6758556366,
    "location": 1792.73791504,
    "stability": 0.680085599422,
    "tonality": 0.46587857604
}