{
    "name": "9e1de788",
    "x": 27.581607818603516,
    "y": 0.9566882252693176,
    "loudness": 0.99068403244,
    "raspiness": 0.210356205702,
    "color": 27.9389057159,
    "location": 56.52990903256435,
    "stability": 0.444781929255,
    "tonality": 0.486533343792
}