{
    "name": "9e1de788",
    "x": 7.700683116912842,
    "y": 7.294860363006592,
    "loudness": 0.99068403244,
    "raspiness": 0.210356205702,
    "color": 27.9389057159,
    "location": 3195.63061523,
    "stability": 0.444781929255,
    "tonality": 0.486533343792
}