{
    "name": "9e1ed2eb",
    "x": 2.8122406005859375,
    "y": 5.21945858001709,
    "loudness": 0.526141941547,
    "raspiness": 0.0607963465154,
    "color": 4.28548049927,
    "location": 904.301208496,
    "stability": 0.536065459251,
    "tonality": 0.44817173481
}