{
    "name": "9e2a67a4",
    "x": -39.87660598754883,
    "y": -2.640362024307251,
    "loudness": 0.972392082214,
    "raspiness": 0.0431009046733,
    "color": 30.9742393494,
    "location": 29.622935549114644,
    "stability": 0.362999409437,
    "tonality": 0.275189965963
}