{
    "name": "9e2a67a4",
    "x": -44.02165603637695,
    "y": -13.869952201843262,
    "loudness": 0.972392082214,
    "raspiness": 0.0431009046733,
    "color": 30.9742393494,
    "location": 877.518310547,
    "stability": 0.362999409437,
    "tonality": 0.275189965963
}