{
    "name": "9e34f36f",
    "x": 3.6855649948120117,
    "y": 2.9079270362854004,
    "loudness": 0.358726650476,
    "raspiness": 0.0243982393295,
    "color": 52.6957855225,
    "location": 872.065307617,
    "stability": 0.410879135132,
    "tonality": 0.46890771389
}