{
    "name": "9e34f36f",
    "x": -1.159810185432434,
    "y": -11.093208312988281,
    "loudness": 0.358726650476,
    "raspiness": 0.0243982393295,
    "color": 52.6957855225,
    "location": 29.53075189725111,
    "stability": 0.410879135132,
    "tonality": 0.46890771389
}