{
    "name": "9e3bc1b6",
    "x": -32.54607009887695,
    "y": -8.17562484741211,
    "loudness": 0.935785353184,
    "raspiness": 0.0249739587307,
    "color": 9.90250587463,
    "location": 512.979248047,
    "stability": 0.313028126955,
    "tonality": 0.347546726465
}