{
    "name": "9e3bc1b6",
    "x": -30.575952529907227,
    "y": -3.3723626136779785,
    "loudness": 0.935785353184,
    "raspiness": 0.0249739587307,
    "color": 9.90250587463,
    "location": 22.64904519062559,
    "stability": 0.313028126955,
    "tonality": 0.347546726465
}