{
    "name": "9e3bc1b6",
    "x": -3.308054208755493,
    "y": 7.235426902770996,
    "loudness": 0.935785353184,
    "raspiness": 0.0249739587307,
    "color": 9.90250587463,
    "location": 512.979248047,
    "stability": 0.313028126955,
    "tonality": 0.347546726465
}