{
    "name": "9e4a55f7",
    "x": 7.477038383483887,
    "y": 3.2860307693481445,
    "loudness": 0.0858916044235,
    "raspiness": 0.36775636673,
    "color": 12.6520166397,
    "location": 3552.05883789,
    "stability": 0.600670278072,
    "tonality": 0.49025118351
}