{
    "name": "9e582774",
    "x": 31.09955406188965,
    "y": 10.296186447143555,
    "loudness": 0.786486387253,
    "raspiness": 0.19299839437,
    "color": 32.6650085449,
    "location": 49.70468207241648,
    "stability": 0.63977253437,
    "tonality": 0.487934321165
}