{
    "name": "9e582774",
    "x": 31.79261016845703,
    "y": 11.558904647827148,
    "loudness": 0.786486387253,
    "raspiness": 0.19299839437,
    "color": 32.6650085449,
    "location": 2470.55541992,
    "stability": 0.63977253437,
    "tonality": 0.487934321165
}