{
    "name": "9e613573",
    "x": -28.052574157714844,
    "y": 8.674446105957031,
    "loudness": 0.960751771927,
    "raspiness": 0.0275688935071,
    "color": 5.29796123505,
    "location": 23.267335397161403,
    "stability": 0.412376731634,
    "tonality": 0.371805071831
}