{
    "name": "9e6e46bd",
    "x": 50.807159423828125,
    "y": -23.359180450439453,
    "loudness": 0.99068403244,
    "raspiness": 0.383440285921,
    "color": 128.36920166,
    "location": 6475.29248047,
    "stability": 0.790933430195,
    "tonality": 0.49760812521
}