{
    "name": "9e80181e",
    "x": -6.096945762634277,
    "y": -35.825016021728516,
    "loudness": 0.220071911812,
    "raspiness": 0.00351013871841,
    "color": 5.45972251892,
    "location": 98.2283782959,
    "stability": 0.175522238016,
    "tonality": 0.407735735178
}