{
    "name": "9e896050",
    "x": 1.3221489191055298,
    "y": 9.688068389892578,
    "loudness": 0.947918891907,
    "raspiness": 0.0183755513281,
    "color": 37.7092666626,
    "location": 451.273773193,
    "stability": 0.561399996281,
    "tonality": 0.456893384457
}