{
    "name": "9e969e02",
    "x": -3.5722293853759766,
    "y": 7.750433444976807,
    "loudness": 0.614931702614,
    "raspiness": 0.0295243933797,
    "color": 10.3362360001,
    "location": 669.631530762,
    "stability": 0.298227876425,
    "tonality": 0.292081981897
}