{
    "name": "9e969e02",
    "x": -29.374813079833984,
    "y": -16.27550506591797,
    "loudness": 0.614931702614,
    "raspiness": 0.0295243933797,
    "color": 10.3362360001,
    "location": 669.631530762,
    "stability": 0.298227876425,
    "tonality": 0.292081981897
}