{
    "name": "9e969e02",
    "x": -30.705528259277344,
    "y": -7.682683944702148,
    "loudness": 0.614931702614,
    "raspiness": 0.0295243933797,
    "color": 10.3362360001,
    "location": 25.877239627943318,
    "stability": 0.298227876425,
    "tonality": 0.292081981897
}