{
    "name": "9e9c303e",
    "x": 9.885045051574707,
    "y": -36.48069381713867,
    "loudness": 0.00340784736909,
    "raspiness": 0.095835968852,
    "color": 19.5881118774,
    "location": 2916.53686523,
    "stability": 0.139030575752,
    "tonality": 0.476052552462
}