{
    "name": "9e9c303e",
    "x": 2.858691930770874,
    "y": -14.62360668182373,
    "loudness": 0.00340784736909,
    "raspiness": 0.095835968852,
    "color": 19.5881118774,
    "location": 54.004970745571185,
    "stability": 0.139030575752,
    "tonality": 0.476052552462
}