{
    "name": "9ea6f26b",
    "x": 6.731999397277832,
    "y": 2.669893980026245,
    "loudness": 0.00140610628296,
    "raspiness": 0.233116194606,
    "color": 35.2346305847,
    "location": 3526.94116211,
    "stability": 0.492222696543,
    "tonality": 0.496559768915
}