{
    "name": "9eaf6998",
    "x": 14.13649845123291,
    "y": -13.298327445983887,
    "loudness": 0.211039721966,
    "raspiness": 0.123153202236,
    "color": 254.681671143,
    "location": 47.474116611581096,
    "stability": 0.43882098794,
    "tonality": 0.482084721327
}