{
    "name": "9eaf6998",
    "x": 5.663790225982666,
    "y": 2.002595901489258,
    "loudness": 0.211039721966,
    "raspiness": 0.123153202236,
    "color": 254.681671143,
    "location": 2253.79174805,
    "stability": 0.43882098794,
    "tonality": 0.482084721327
}