{
    "name": "9eb77880",
    "x": 3.7093796730041504,
    "y": 9.951311111450195,
    "loudness": 0.9833791852,
    "raspiness": 0.0724249556661,
    "color": 8.96060562134,
    "location": 1648.46276855,
    "stability": 0.587047040462,
    "tonality": 0.460624217987
}