{
    "name": "9eb77880",
    "x": 7.443345069885254,
    "y": 27.131000518798828,
    "loudness": 0.9833791852,
    "raspiness": 0.0724249556661,
    "color": 8.96060562134,
    "location": 40.601265602810955,
    "stability": 0.587047040462,
    "tonality": 0.460624217987
}