{
    "name": "9ebb2c3f",
    "x": 4.3746562004089355,
    "y": 7.610872268676758,
    "loudness": 0.99068403244,
    "raspiness": 0.0935747176409,
    "color": 7.9950876236,
    "location": 2225.27587891,
    "stability": 0.485049217939,
    "tonality": 0.473663121462
}