{
    "name": "9ee5e052",
    "x": -50.34455490112305,
    "y": 6.835509300231934,
    "loudness": 0.955290317535,
    "raspiness": 0.0291541181505,
    "color": 13.7797994614,
    "location": 565.306884766,
    "stability": 0.566226899624,
    "tonality": 0.307578325272
}