{
    "name": "9ee6f88f",
    "x": -4.399860858917236,
    "y": 7.056822299957275,
    "loudness": 0.73221373558,
    "raspiness": 0.0289961826056,
    "color": 8.5759305954,
    "location": 679.29498291,
    "stability": 0.210200741887,
    "tonality": 0.295807778835
}