{
    "name": "9eea6c83",
    "x": -10.537559509277344,
    "y": 2.405649185180664,
    "loudness": 0.99068403244,
    "raspiness": 0.0475341789424,
    "color": 38.2994308472,
    "location": 1191.92541504,
    "stability": 0.284932792187,
    "tonality": 0.450107723475
}