{
    "name": "9eea6c83",
    "x": -10.315289497375488,
    "y": 0.4704887866973877,
    "loudness": 0.99068403244,
    "raspiness": 0.0475341789424,
    "color": 38.2994308472,
    "location": 34.52427283868554,
    "stability": 0.284932792187,
    "tonality": 0.450107723475
}