{
    "name": "9eeee74d",
    "x": 8.641887664794922,
    "y": 7.634191036224365,
    "loudness": 0.99068403244,
    "raspiness": 0.241859838367,
    "color": 6.82037258148,
    "location": 3482.03979492,
    "stability": 0.55711299181,
    "tonality": 0.486236423254
}