{
    "name": "9eef5102",
    "x": -10.552406311035156,
    "y": -13.026456832885742,
    "loudness": 0.722273826599,
    "raspiness": 0.0109014548361,
    "color": 12.9624052048,
    "location": 687.618896484,
    "stability": 0.161373466253,
    "tonality": 0.460991203785
}