{
    "name": "9ef88864",
    "x": 9.392427444458008,
    "y": -6.760355472564697,
    "loudness": 0.396775692701,
    "raspiness": 0.042366348207,
    "color": 6.46795892715,
    "location": 30.799015336581785,
    "stability": 0.731953263283,
    "tonality": 0.471692472696
}