{
    "name": "9f0a1a08",
    "x": -39.41005325317383,
    "y": 8.470726013183594,
    "loudness": 0.988062620163,
    "raspiness": 0.0204578172415,
    "color": 16.7561435699,
    "location": 455.838043213,
    "stability": 0.460563540459,
    "tonality": 0.359470158815
}