{
    "name": "9f0a1a08",
    "x": -31.962846755981445,
    "y": 12.487398147583008,
    "loudness": 0.988062620163,
    "raspiness": 0.0204578172415,
    "color": 16.7561435699,
    "location": 21.35036400656907,
    "stability": 0.460563540459,
    "tonality": 0.359470158815
}