{
    "name": "9f0d8ba2",
    "x": -33.8215217590332,
    "y": 1.8134105205535889,
    "loudness": 0.797181606293,
    "raspiness": 0.0135718937963,
    "color": 5.45491266251,
    "location": 347.183044434,
    "stability": 0.470599412918,
    "tonality": 0.353649646044
}