{
    "name": "9f0e3750",
    "x": 4.845231056213379,
    "y": 2.0188701152801514,
    "loudness": 0.118168279529,
    "raspiness": 0.0807199701667,
    "color": 16.9270057678,
    "location": 1641.51391602,
    "stability": 0.505806326866,
    "tonality": 0.448217064142
}