{
    "name": "9f2a9d7b",
    "x": 8.432694435119629,
    "y": -8.214280128479004,
    "loudness": 0.383857518435,
    "raspiness": 0.0695900842547,
    "color": 13.0763902664,
    "location": 1444.57543945,
    "stability": 0.589433848858,
    "tonality": 0.478595227003
}