{
    "name": "9f2c9979",
    "x": 20.45815658569336,
    "y": 10.964310646057129,
    "loudness": 0.916952133179,
    "raspiness": 0.12468765676,
    "color": 21.7048206329,
    "location": 2818.60620117,
    "stability": 0.503795564175,
    "tonality": 0.487859457731
}