{
    "name": "9f2c9979",
    "x": 6.15878963470459,
    "y": 7.689967632293701,
    "loudness": 0.916952133179,
    "raspiness": 0.12468765676,
    "color": 21.7048206329,
    "location": 2818.60620117,
    "stability": 0.503795564175,
    "tonality": 0.487859457731
}