{
    "name": "9f314faa",
    "x": 3.310112476348877,
    "y": 1.4393168687820435,
    "loudness": 0.150234058499,
    "raspiness": 0.0811270028353,
    "color": 12.0806827545,
    "location": 1058.8404541,
    "stability": 0.420288741589,
    "tonality": 0.388403832912
}