{
    "name": "9f333871",
    "x": 11.021904945373535,
    "y": 52.92122268676758,
    "loudness": 0.970798790455,
    "raspiness": 0.0583894886076,
    "color": 9.39153862,
    "location": 1303.40100098,
    "stability": 0.698578774929,
    "tonality": 0.474849164486
}