{
    "name": "9f33e1fe",
    "x": 1.0123507976531982,
    "y": 27.861398696899414,
    "loudness": 0.901294350624,
    "raspiness": 0.0747322365642,
    "color": 7.4180765152,
    "location": 1395.5246582,
    "stability": 0.529092133045,
    "tonality": 0.467098116875
}