{
    "name": "9f33e1fe",
    "x": 3.3051133155822754,
    "y": 21.111963272094727,
    "loudness": 0.901294350624,
    "raspiness": 0.0747322365642,
    "color": 7.4180765152,
    "location": 37.35672172715373,
    "stability": 0.529092133045,
    "tonality": 0.467098116875
}