{
    "name": "9f40b21d",
    "x": -3.4593989849090576,
    "y": 9.830289840698242,
    "loudness": 0.953854441643,
    "raspiness": 0.0163043476641,
    "color": 8.04559612274,
    "location": 325.383239746,
    "stability": 0.580440819263,
    "tonality": 0.333025634289
}