{
    "name": "9f429095",
    "x": 2.8885703086853027,
    "y": 15.25202751159668,
    "loudness": 0.99068403244,
    "raspiness": 0.0805835425854,
    "color": 24.1869773865,
    "location": 45.46969232268897,
    "stability": 0.486554443836,
    "tonality": 0.443632692099
}