{
    "name": "9f429095",
    "x": 3.7919278144836426,
    "y": 7.9616546630859375,
    "loudness": 0.99068403244,
    "raspiness": 0.0805835425854,
    "color": 24.1869773865,
    "location": 2067.49291992,
    "stability": 0.486554443836,
    "tonality": 0.443632692099
}