{
    "name": "9f42a285",
    "x": -34.07063674926758,
    "y": 13.316048622131348,
    "loudness": 0.953846216202,
    "raspiness": 0.0422590747476,
    "color": 16.2956867218,
    "location": 32.35167475386707,
    "stability": 0.486105203629,
    "tonality": 0.344815462828
}