{
    "name": "9f436c6d",
    "x": 17.085817337036133,
    "y": -6.745973587036133,
    "loudness": 0.335127830505,
    "raspiness": 0.0813550055027,
    "color": 14.5166301727,
    "location": 1921.45349121,
    "stability": 0.730752527714,
    "tonality": 0.488813728094
}