{
    "name": "9f522cda",
    "x": -20.663286209106445,
    "y": 14.492533683776855,
    "loudness": 0.952671468258,
    "raspiness": 0.0657573193312,
    "color": 20.5731239319,
    "location": 1441.14978027,
    "stability": 0.426349520683,
    "tonality": 0.400710374117
}