{
    "name": "9f534065",
    "x": -14.546955108642578,
    "y": -9.874284744262695,
    "loudness": 0.981903612614,
    "raspiness": 0.0111098345369,
    "color": 30.3469085693,
    "location": 778.794494629,
    "stability": 0.164605841041,
    "tonality": 0.454191893339
}