{
    "name": "9f534065",
    "x": -14.082223892211914,
    "y": -7.886118412017822,
    "loudness": 0.981903612614,
    "raspiness": 0.0111098345369,
    "color": 30.3469085693,
    "location": 27.906889734060297,
    "stability": 0.164605841041,
    "tonality": 0.454191893339
}