{
    "name": "9f534065",
    "x": 0.16084608435630798,
    "y": 4.965076923370361,
    "loudness": 0.981903612614,
    "raspiness": 0.0111098345369,
    "color": 30.3469085693,
    "location": 778.794494629,
    "stability": 0.164605841041,
    "tonality": 0.454191893339
}