{
    "name": "9f6070d8",
    "x": 2.4087259769439697,
    "y": 10.017254829406738,
    "loudness": 0.99068403244,
    "raspiness": 0.0560267865658,
    "color": 16.5845584869,
    "location": 1249.6361084,
    "stability": 0.594767987728,
    "tonality": 0.462182670832
}