{
    "name": "9f616549",
    "x": -41.04786682128906,
    "y": 7.787045001983643,
    "loudness": 0.99068403244,
    "raspiness": 0.0586795285344,
    "color": 10.1394996643,
    "location": 1042.88220215,
    "stability": 0.483471751213,
    "tonality": 0.330074816942
}