{
    "name": "9f616549",
    "x": -36.085609436035156,
    "y": 11.401321411132812,
    "loudness": 0.99068403244,
    "raspiness": 0.0586795285344,
    "color": 10.1394996643,
    "location": 32.2936867227946,
    "stability": 0.483471751213,
    "tonality": 0.330074816942
}