{
    "name": "9f66854d",
    "x": 9.668092727661133,
    "y": 7.745862007141113,
    "loudness": 0.99068403244,
    "raspiness": 0.276411563158,
    "color": 10.9195718765,
    "location": 3913.66992188,
    "stability": 0.635084688663,
    "tonality": 0.495328962803
}