{
    "name": "9f66c35f",
    "x": 11.408496856689453,
    "y": 24.39000129699707,
    "loudness": 0.980926096439,
    "raspiness": 0.0835061296821,
    "color": 10.1153383255,
    "location": 1983.30505371,
    "stability": 0.523116588593,
    "tonality": 0.483491152525
}