{
    "name": "9f68e972",
    "x": -3.6073601245880127,
    "y": 8.575439453125,
    "loudness": 0.929285764694,
    "raspiness": 0.0353779047728,
    "color": 7.55926418304,
    "location": 731.148742676,
    "stability": 0.448377400637,
    "tonality": 0.335010617971
}