{
    "name": "9f6c5bb1",
    "x": 17.86925506591797,
    "y": -13.549351692199707,
    "loudness": 0.00197012443095,
    "raspiness": 0.193410173059,
    "color": 26.2985706329,
    "location": 55.26380492483304,
    "stability": 0.409594625235,
    "tonality": 0.494818270206
}