{
    "name": "9f6c5bb1",
    "x": 21.339282989501953,
    "y": -27.32683563232422,
    "loudness": 0.00197012443095,
    "raspiness": 0.193410173059,
    "color": 26.2985706329,
    "location": 3054.08813477,
    "stability": 0.409594625235,
    "tonality": 0.494818270206
}