{
    "name": "9f6d8417",
    "x": -27.028026580810547,
    "y": 10.228067398071289,
    "loudness": 0.99068403244,
    "raspiness": 0.0709060952067,
    "color": 28.0288715363,
    "location": 26.9566109611724,
    "stability": 0.416579335928,
    "tonality": 0.366825550795
}