{
    "name": "9f6d8417",
    "x": -32.00758743286133,
    "y": 10.24850845336914,
    "loudness": 0.99068403244,
    "raspiness": 0.0709060952067,
    "color": 28.0288715363,
    "location": 726.658874512,
    "stability": 0.416579335928,
    "tonality": 0.366825550795
}