{
    "name": "9f6eac9c",
    "x": -27.30902099609375,
    "y": 9.338556289672852,
    "loudness": 0.927444338799,
    "raspiness": 0.0401178188622,
    "color": 18.1615753174,
    "location": 33.459362376769825,
    "stability": 0.419279187918,
    "tonality": 0.368478059769
}