{
    "name": "9f6f7210",
    "x": 43.4021110534668,
    "y": 22.029661178588867,
    "loudness": 0.99068403244,
    "raspiness": 0.155206859112,
    "color": 2.837464571,
    "location": 2955.9753418,
    "stability": 0.711313247681,
    "tonality": 0.489955037832
}