{
    "name": "9f6f7210",
    "x": 38.43856430053711,
    "y": 18.48893928527832,
    "loudness": 0.99068403244,
    "raspiness": 0.155206859112,
    "color": 2.837464571,
    "location": 54.368882109162406,
    "stability": 0.711313247681,
    "tonality": 0.489955037832
}