{
    "name": "9f76da16",
    "x": -18.020225524902344,
    "y": 20.457252502441406,
    "loudness": 0.984335541725,
    "raspiness": 0.044018086046,
    "color": 21.3960762024,
    "location": 32.35663428464092,
    "stability": 0.490950226784,
    "tonality": 0.411156535149
}