{
    "name": "9f76da16",
    "x": -24.558088302612305,
    "y": 22.76348876953125,
    "loudness": 0.984335541725,
    "raspiness": 0.044018086046,
    "color": 21.3960762024,
    "location": 1046.95178223,
    "stability": 0.490950226784,
    "tonality": 0.411156535149
}