{
    "name": "9f7b3540",
    "x": 26.59646224975586,
    "y": -13.732912063598633,
    "loudness": 0.0358328446746,
    "raspiness": 0.256394028664,
    "color": 260.361419678,
    "location": 57.42874108606247,
    "stability": 0.68296277523,
    "tonality": 0.491616785526
}