{
    "name": "9f84ea5a",
    "x": -30.786333084106445,
    "y": 12.693897247314453,
    "loudness": 0.99068403244,
    "raspiness": 0.104504093528,
    "color": 1.67815828323,
    "location": 36.356363352926266,
    "stability": 0.478472232819,
    "tonality": 0.331351786852
}