{
    "name": "9f84ea5a",
    "x": -34.79443359375,
    "y": 9.800395965576172,
    "loudness": 0.99068403244,
    "raspiness": 0.104504093528,
    "color": 1.67815828323,
    "location": 1321.78515625,
    "stability": 0.478472232819,
    "tonality": 0.331351786852
}