{
    "name": "9fafd09e",
    "x": 2.5828542709350586,
    "y": 11.090956687927246,
    "loudness": 0.95298063755,
    "raspiness": 0.0507587641478,
    "color": 17.2384815216,
    "location": 1137.81652832,
    "stability": 0.646925866604,
    "tonality": 0.462955772877
}