{
    "name": "9fbd7166",
    "x": -14.303507804870605,
    "y": -4.810369491577148,
    "loudness": 0.99068403244,
    "raspiness": 0.0198800228536,
    "color": 7.0536775589,
    "location": 565.647155762,
    "stability": 0.260376423597,
    "tonality": 0.472759604454
}