{
    "name": "9fbd7166",
    "x": -12.68820571899414,
    "y": -2.603511333465576,
    "loudness": 0.99068403244,
    "raspiness": 0.0198800228536,
    "color": 7.0536775589,
    "location": 23.783337775888395,
    "stability": 0.260376423597,
    "tonality": 0.472759604454
}