{
    "name": "9fbf994e",
    "x": 3.403994560241699,
    "y": 13.484820365905762,
    "loudness": 0.99068403244,
    "raspiness": 0.10410670191,
    "color": 11.3697443008,
    "location": 2232.15478516,
    "stability": 0.424008518457,
    "tonality": 0.444598942995
}