{
    "name": "9fbf994e",
    "x": 6.197617053985596,
    "y": 10.029157638549805,
    "loudness": 0.99068403244,
    "raspiness": 0.10410670191,
    "color": 11.3697443008,
    "location": 47.245685360252736,
    "stability": 0.424008518457,
    "tonality": 0.444598942995
}