{
    "name": "9fcbf5c6",
    "x": 1.258772611618042,
    "y": 10.996232032775879,
    "loudness": 0.728286087513,
    "raspiness": 0.0309193283319,
    "color": 5.31983947754,
    "location": 542.041015625,
    "stability": 0.64358818531,
    "tonality": 0.422552078962
}