{
    "name": "9fcbf5c6",
    "x": -11.30376148223877,
    "y": 34.5240592956543,
    "loudness": 0.728286087513,
    "raspiness": 0.0309193283319,
    "color": 5.31983947754,
    "location": 542.041015625,
    "stability": 0.64358818531,
    "tonality": 0.422552078962
}