{
    "name": "9fce0a97",
    "x": 10.381551742553711,
    "y": 7.284534454345703,
    "loudness": 0.99068403244,
    "raspiness": 0.361259251833,
    "color": 65.2962265015,
    "location": 4439.01660156,
    "stability": 0.592287778854,
    "tonality": 0.493660360575
}