{
    "name": "9fdb5346",
    "x": -5.405764102935791,
    "y": 1.3689155578613281,
    "loudness": 0.99068403244,
    "raspiness": 0.020236544311,
    "color": 11.4681863785,
    "location": 39.450522810223944,
    "stability": 0.295873314142,
    "tonality": 0.481004297733
}