{
    "name": "9fdb5346",
    "x": -5.381486892700195,
    "y": 1.4775763750076294,
    "loudness": 0.99068403244,
    "raspiness": 0.020236544311,
    "color": 11.4681863785,
    "location": 1556.34375,
    "stability": 0.295873314142,
    "tonality": 0.481004297733
}