{
    "name": "9fdecb3f",
    "x": 25.97840690612793,
    "y": -14.661255836486816,
    "loudness": 0.021626509726,
    "raspiness": 0.262400895357,
    "color": 290.497772217,
    "location": 54.910376196671606,
    "stability": 0.7141533494,
    "tonality": 0.488234847784
}