{
    "name": "9fdecb3f",
    "x": 7.174006938934326,
    "y": 2.920654535293579,
    "loudness": 0.021626509726,
    "raspiness": 0.262400895357,
    "color": 290.497772217,
    "location": 3015.14941406,
    "stability": 0.7141533494,
    "tonality": 0.488234847784
}