{
    "name": "9fe17d08",
    "x": 22.44862937927246,
    "y": 50.2243766784668,
    "loudness": 0.921741724014,
    "raspiness": 0.0637151151896,
    "color": 14.437297821,
    "location": 1712.68432617,
    "stability": 0.768867790699,
    "tonality": 0.481529712677
}