{
    "name": "9fe971be",
    "x": -1.7752270698547363,
    "y": 9.357538223266602,
    "loudness": 0.708546102047,
    "raspiness": 0.047535020858,
    "color": 84.2425384521,
    "location": 1003.07879639,
    "stability": 0.459001094103,
    "tonality": 0.465942531824
}