{
    "name": "9ff36461",
    "x": 2.241138219833374,
    "y": 10.146248817443848,
    "loudness": 0.928149938583,
    "raspiness": 0.0449465215206,
    "color": 8.20809268951,
    "location": 1052.35437012,
    "stability": 0.584366977215,
    "tonality": 0.472918331623
}