{
    "name": "9ffef792",
    "x": -3.0962207317352295,
    "y": -3.471774101257324,
    "loudness": 0.99068403244,
    "raspiness": 0.0702874585986,
    "color": 8.98646736145,
    "location": 44.26429577955579,
    "stability": 0.204256415367,
    "tonality": 0.478180557489
}