{
    "name": "9ffef792",
    "x": -1.4267539978027344,
    "y": -2.7287166118621826,
    "loudness": 0.99068403244,
    "raspiness": 0.0702874585986,
    "color": 8.98646736145,
    "location": 1959.32788086,
    "stability": 0.204256415367,
    "tonality": 0.478180557489
}